dataset,method,seed,beta,role,cache_key,original_trace_key,original_seconds,original_source,canonical_seconds,canonical_source,final_metric_dicts_identical,checkpoint_identity,requested_epochs,early_stopping
MNIST,B1_full_mse,42,1.0,anchor,vae|MNIST|m64|s42|e300|es1|b1,vae|m64|e300|es1,68.16339802742004,"stage4_methods.json: (MNIST,B1_full_mse,42,1).trace[11]",66.05860233306885,results/make49/stage4_cache/MNIST.json:vae|MNIST|m64|s42|e300|es1|b1,,not available,300,True
MNIST,B1_full_mse,42,1.0,final,vae|MNIST|m8|s42|e300|es1|b1,vae|m8|e300|es1,58.79733061790466,"stage4_methods.json: (MNIST,B1_full_mse,42,1).trace[3]",57.360193967819214,results/make49/stage4_cache/MNIST.json:vae|MNIST|m8|s42|e300|es1|b1,True,not available,300,True
MNIST,B1_full_mse,123,1.0,anchor,vae|MNIST|m64|s123|e300|es1|b1,vae|m64|e300|es1,50.964011669158936,"stage4_methods.json: (MNIST,B1_full_mse,123,1).trace[11]",45.33538007736206,results/make49/stage4_cache/MNIST.json:vae|MNIST|m64|s123|e300|es1|b1,,not available,300,True
MNIST,B1_full_mse,123,1.0,final,vae|MNIST|m24|s123|e300|es1|b1,vae|m24|e300|es1,63.30890440940857,"stage4_methods.json: (MNIST,B1_full_mse,123,1).trace[8]",56.936975717544556,results/make49/stage4_cache/MNIST.json:vae|MNIST|m24|s123|e300|es1|b1,True,not available,300,True
MNIST,B1_full_mse,777,1.0,anchor,vae|MNIST|m64|s777|e300|es1|b1,vae|m64|e300|es1,74.62458491325378,"stage4_methods.json: (MNIST,B1_full_mse,777,1).trace[11]",66.14485359191895,results/make49/stage4_cache/MNIST.json:vae|MNIST|m64|s777|e300|es1|b1,,not available,300,True
MNIST,B1_full_mse,777,1.0,final,vae|MNIST|m12|s777|e300|es1|b1,vae|m12|e300|es1,59.6968674659729,"stage4_methods.json: (MNIST,B1_full_mse,777,1).trace[5]",52.41909122467041,results/make49/stage4_cache/MNIST.json:vae|MNIST|m12|s777|e300|es1|b1,True,not available,300,True
MNIST,B1_full_mse,2024,1.0,anchor,vae|MNIST|m64|s2024|e300|es1|b1,vae|m64|e300|es1,71.89669346809387,"stage4_methods.json: (MNIST,B1_full_mse,2024,1).trace[11]",62.86958146095276,results/make49/stage4_cache/MNIST.json:vae|MNIST|m64|s2024|e300|es1|b1,,not available,300,True
MNIST,B1_full_mse,2024,1.0,final,vae|MNIST|m10|s2024|e300|es1|b1,vae|m10|e300|es1,51.95336580276489,"stage4_methods.json: (MNIST,B1_full_mse,2024,1).trace[4]",45.62505125999451,results/make49/stage4_cache/MNIST.json:vae|MNIST|m10|s2024|e300|es1|b1,True,not available,300,True
MNIST,B1_full_mse,31337,1.0,anchor,vae|MNIST|m64|s31337|e300|es1|b1,vae|m64|e300|es1,80.74756026268005,"stage4_methods.json: (MNIST,B1_full_mse,31337,1).trace[11]",72.526198387146,results/make49/stage4_cache/MNIST.json:vae|MNIST|m64|s31337|e300|es1|b1,,not available,300,True
MNIST,B1_full_mse,31337,1.0,final,vae|MNIST|m10|s31337|e300|es1|b1,vae|m10|e300|es1,47.49093961715698,"stage4_methods.json: (MNIST,B1_full_mse,31337,1).trace[4]",42.29352569580078,results/make49/stage4_cache/MNIST.json:vae|MNIST|m10|s31337|e300|es1|b1,True,not available,300,True
MNIST,B2_full_elbo,42,1.0,anchor,vae|MNIST|m64|s42|e300|es1|b1,vae|m64|e300|es1,68.16339802742004,"stage4_methods.json: (MNIST,B2_full_elbo,42,1).trace[11]",66.05860233306885,results/make49/stage4_cache/MNIST.json:vae|MNIST|m64|s42|e300|es1|b1,,not available,300,True
MNIST,B2_full_elbo,42,1.0,final,vae|MNIST|m8|s42|e300|es1|b1,vae|m8|e300|es1,58.79733061790466,"stage4_methods.json: (MNIST,B2_full_elbo,42,1).trace[3]",57.360193967819214,results/make49/stage4_cache/MNIST.json:vae|MNIST|m8|s42|e300|es1|b1,True,not available,300,True
MNIST,B2_full_elbo,123,1.0,anchor,vae|MNIST|m64|s123|e300|es1|b1,vae|m64|e300|es1,50.964011669158936,"stage4_methods.json: (MNIST,B2_full_elbo,123,1).trace[11]",45.33538007736206,results/make49/stage4_cache/MNIST.json:vae|MNIST|m64|s123|e300|es1|b1,,not available,300,True
MNIST,B2_full_elbo,123,1.0,final,vae|MNIST|m8|s123|e300|es1|b1,vae|m8|e300|es1,44.407644510269165,"stage4_methods.json: (MNIST,B2_full_elbo,123,1).trace[3]",29.87391448020935,results/make49/stage4_cache/MNIST.json:vae|MNIST|m8|s123|e300|es1|b1,True,not available,300,True
MNIST,B2_full_elbo,777,1.0,anchor,vae|MNIST|m64|s777|e300|es1|b1,vae|m64|e300|es1,74.62458491325378,"stage4_methods.json: (MNIST,B2_full_elbo,777,1).trace[11]",66.14485359191895,results/make49/stage4_cache/MNIST.json:vae|MNIST|m64|s777|e300|es1|b1,,not available,300,True
MNIST,B2_full_elbo,777,1.0,final,vae|MNIST|m12|s777|e300|es1|b1,vae|m12|e300|es1,59.6968674659729,"stage4_methods.json: (MNIST,B2_full_elbo,777,1).trace[5]",52.41909122467041,results/make49/stage4_cache/MNIST.json:vae|MNIST|m12|s777|e300|es1|b1,True,not available,300,True
MNIST,B2_full_elbo,2024,1.0,anchor,vae|MNIST|m64|s2024|e300|es1|b1,vae|m64|e300|es1,71.89669346809387,"stage4_methods.json: (MNIST,B2_full_elbo,2024,1).trace[11]",62.86958146095276,results/make49/stage4_cache/MNIST.json:vae|MNIST|m64|s2024|e300|es1|b1,,not available,300,True
MNIST,B2_full_elbo,2024,1.0,final,vae|MNIST|m12|s2024|e300|es1|b1,vae|m12|e300|es1,49.19885873794556,"stage4_methods.json: (MNIST,B2_full_elbo,2024,1).trace[5]",44.522544384002686,results/make49/stage4_cache/MNIST.json:vae|MNIST|m12|s2024|e300|es1|b1,True,not available,300,True
MNIST,B2_full_elbo,31337,1.0,anchor,vae|MNIST|m64|s31337|e300|es1|b1,vae|m64|e300|es1,80.74756026268005,"stage4_methods.json: (MNIST,B2_full_elbo,31337,1).trace[11]",72.526198387146,results/make49/stage4_cache/MNIST.json:vae|MNIST|m64|s31337|e300|es1|b1,,not available,300,True
MNIST,B2_full_elbo,31337,1.0,final,vae|MNIST|m10|s31337|e300|es1|b1,vae|m10|e300|es1,47.49093961715698,"stage4_methods.json: (MNIST,B2_full_elbo,31337,1).trace[4]",42.29352569580078,results/make49/stage4_cache/MNIST.json:vae|MNIST|m10|s31337|e300|es1|b1,True,not available,300,True
MNIST,B3_full_downstream,42,1.0,anchor,vae|MNIST|m64|s42|e300|es1|b1,vae|m64|e300|es1,68.16339802742004,"stage4_methods.json: (MNIST,B3_full_downstream,42,1).trace[11]",66.05860233306885,results/make49/stage4_cache/MNIST.json:vae|MNIST|m64|s42|e300|es1|b1,,not available,300,True
MNIST,B3_full_downstream,42,1.0,final,vae|MNIST|m64|s42|e300|es1|b1,vae|m64|e300|es1,68.16339802742004,"stage4_methods.json: (MNIST,B3_full_downstream,42,1).trace[11]",66.05860233306885,results/make49/stage4_cache/MNIST.json:vae|MNIST|m64|s42|e300|es1|b1,True,not available,300,True
MNIST,B3_full_downstream,123,1.0,anchor,vae|MNIST|m64|s123|e300|es1|b1,vae|m64|e300|es1,50.964011669158936,"stage4_methods.json: (MNIST,B3_full_downstream,123,1).trace[11]",45.33538007736206,results/make49/stage4_cache/MNIST.json:vae|MNIST|m64|s123|e300|es1|b1,,not available,300,True
MNIST,B3_full_downstream,123,1.0,final,vae|MNIST|m64|s123|e300|es1|b1,vae|m64|e300|es1,50.964011669158936,"stage4_methods.json: (MNIST,B3_full_downstream,123,1).trace[11]",45.33538007736206,results/make49/stage4_cache/MNIST.json:vae|MNIST|m64|s123|e300|es1|b1,True,not available,300,True
MNIST,B3_full_downstream,777,1.0,anchor,vae|MNIST|m64|s777|e300|es1|b1,vae|m64|e300|es1,74.62458491325378,"stage4_methods.json: (MNIST,B3_full_downstream,777,1).trace[11]",66.14485359191895,results/make49/stage4_cache/MNIST.json:vae|MNIST|m64|s777|e300|es1|b1,,not available,300,True
MNIST,B3_full_downstream,777,1.0,final,vae|MNIST|m32|s777|e300|es1|b1,vae|m32|e300|es1,52.999956369400024,"stage4_methods.json: (MNIST,B3_full_downstream,777,1).trace[9]",47.35809826850891,results/make49/stage4_cache/MNIST.json:vae|MNIST|m32|s777|e300|es1|b1,True,not available,300,True
MNIST,B3_full_downstream,2024,1.0,anchor,vae|MNIST|m64|s2024|e300|es1|b1,vae|m64|e300|es1,71.89669346809387,"stage4_methods.json: (MNIST,B3_full_downstream,2024,1).trace[11]",62.86958146095276,results/make49/stage4_cache/MNIST.json:vae|MNIST|m64|s2024|e300|es1|b1,,not available,300,True
MNIST,B3_full_downstream,2024,1.0,final,vae|MNIST|m48|s2024|e300|es1|b1,vae|m48|e300|es1,72.68418407440186,"stage4_methods.json: (MNIST,B3_full_downstream,2024,1).trace[10]",66.2766706943512,results/make49/stage4_cache/MNIST.json:vae|MNIST|m48|s2024|e300|es1|b1,True,not available,300,True
MNIST,B3_full_downstream,31337,1.0,anchor,vae|MNIST|m64|s31337|e300|es1|b1,vae|m64|e300|es1,80.74756026268005,"stage4_methods.json: (MNIST,B3_full_downstream,31337,1).trace[11]",72.526198387146,results/make49/stage4_cache/MNIST.json:vae|MNIST|m64|s31337|e300|es1|b1,,not available,300,True
MNIST,B3_full_downstream,31337,1.0,final,vae|MNIST|m48|s31337|e300|es1|b1,vae|m48|e300|es1,60.88978981971741,"stage4_methods.json: (MNIST,B3_full_downstream,31337,1).trace[10]",55.79539775848389,results/make49/stage4_cache/MNIST.json:vae|MNIST|m48|s31337|e300|es1|b1,True,not available,300,True
MNIST,B4_coarse,42,1.0,anchor,vae|MNIST|m64|s42|e300|es1|b1,vae|m64|e300|es1,68.16339802742004,"stage4_methods.json: (MNIST,B4_coarse,42,1).trace[3]",66.05860233306885,results/make49/stage4_cache/MNIST.json:vae|MNIST|m64|s42|e300|es1|b1,,not available,300,True
MNIST,B4_coarse,42,1.0,final,vae|MNIST|m10|s42|e300|es1|b1,vae|m10|e300|es1,58.37271595001221,"stage4_methods.json: (MNIST,B4_coarse,42,1).trace[2]",57.076122522354126,results/make49/stage4_cache/MNIST.json:vae|MNIST|m10|s42|e300|es1|b1,True,not available,300,True
MNIST,B4_coarse,123,1.0,anchor,vae|MNIST|m64|s123|e300|es1|b1,vae|m64|e300|es1,50.964011669158936,"stage4_methods.json: (MNIST,B4_coarse,123,1).trace[3]",45.33538007736206,results/make49/stage4_cache/MNIST.json:vae|MNIST|m64|s123|e300|es1|b1,,not available,300,True
MNIST,B4_coarse,123,1.0,final,vae|MNIST|m10|s123|e300|es1|b1,vae|m10|e300|es1,45.887362241744995,"stage4_methods.json: (MNIST,B4_coarse,123,1).trace[2]",40.4986572265625,results/make49/stage4_cache/MNIST.json:vae|MNIST|m10|s123|e300|es1|b1,True,not available,300,True
MNIST,B4_coarse,777,1.0,anchor,vae|MNIST|m64|s777|e300|es1|b1,vae|m64|e300|es1,74.62458491325378,"stage4_methods.json: (MNIST,B4_coarse,777,1).trace[3]",66.14485359191895,results/make49/stage4_cache/MNIST.json:vae|MNIST|m64|s777|e300|es1|b1,,not available,300,True
MNIST,B4_coarse,777,1.0,final,vae|MNIST|m10|s777|e300|es1|b1,vae|m10|e300|es1,36.526057958602905,"stage4_methods.json: (MNIST,B4_coarse,777,1).trace[2]",34.143558740615845,results/make49/stage4_cache/MNIST.json:vae|MNIST|m10|s777|e300|es1|b1,True,not available,300,True
MNIST,B4_coarse,2024,1.0,anchor,vae|MNIST|m64|s2024|e300|es1|b1,vae|m64|e300|es1,71.89669346809387,"stage4_methods.json: (MNIST,B4_coarse,2024,1).trace[3]",62.86958146095276,results/make49/stage4_cache/MNIST.json:vae|MNIST|m64|s2024|e300|es1|b1,,not available,300,True
MNIST,B4_coarse,2024,1.0,final,vae|MNIST|m10|s2024|e300|es1|b1,vae|m10|e300|es1,51.95336580276489,"stage4_methods.json: (MNIST,B4_coarse,2024,1).trace[2]",45.62505125999451,results/make49/stage4_cache/MNIST.json:vae|MNIST|m10|s2024|e300|es1|b1,True,not available,300,True
MNIST,B4_coarse,31337,1.0,anchor,vae|MNIST|m64|s31337|e300|es1|b1,vae|m64|e300|es1,80.74756026268005,"stage4_methods.json: (MNIST,B4_coarse,31337,1).trace[3]",72.526198387146,results/make49/stage4_cache/MNIST.json:vae|MNIST|m64|s31337|e300|es1|b1,,not available,300,True
MNIST,B4_coarse,31337,1.0,final,vae|MNIST|m10|s31337|e300|es1|b1,vae|m10|e300|es1,47.49093961715698,"stage4_methods.json: (MNIST,B4_coarse,31337,1).trace[2]",42.29352569580078,results/make49/stage4_cache/MNIST.json:vae|MNIST|m10|s31337|e300|es1|b1,True,not available,300,True
MNIST,B5_fixed32,42,1.0,anchor,vae|MNIST|m64|s42|e300|es1|b1,not in trace,,not charged in original ledger; MAKE50 used current snapshot,66.05860233306885,results/make49/stage4_cache/MNIST.json:vae|MNIST|m64|s42|e300|es1|b1,,not available,300,True
MNIST,B5_fixed32,42,1.0,final,vae|MNIST|m32|s42|e300|es1|b1,vae|m32|e300|es1,68.3561692237854,"stage4_methods.json: (MNIST,B5_fixed32,42,1).trace[0]",66.70013570785522,results/make49/stage4_cache/MNIST.json:vae|MNIST|m32|s42|e300|es1|b1,True,not available,300,True
MNIST,B5_fixed32,123,1.0,anchor,vae|MNIST|m64|s123|e300|es1|b1,not in trace,,not charged in original ledger; MAKE50 used current snapshot,45.33538007736206,results/make49/stage4_cache/MNIST.json:vae|MNIST|m64|s123|e300|es1|b1,,not available,300,True
MNIST,B5_fixed32,123,1.0,final,vae|MNIST|m32|s123|e300|es1|b1,vae|m32|e300|es1,53.129618883132935,"stage4_methods.json: (MNIST,B5_fixed32,123,1).trace[0]",46.21408271789551,results/make49/stage4_cache/MNIST.json:vae|MNIST|m32|s123|e300|es1|b1,True,not available,300,True
MNIST,B5_fixed32,777,1.0,anchor,vae|MNIST|m64|s777|e300|es1|b1,not in trace,,not charged in original ledger; MAKE50 used current snapshot,66.14485359191895,results/make49/stage4_cache/MNIST.json:vae|MNIST|m64|s777|e300|es1|b1,,not available,300,True
MNIST,B5_fixed32,777,1.0,final,vae|MNIST|m32|s777|e300|es1|b1,vae|m32|e300|es1,52.999956369400024,"stage4_methods.json: (MNIST,B5_fixed32,777,1).trace[0]",47.35809826850891,results/make49/stage4_cache/MNIST.json:vae|MNIST|m32|s777|e300|es1|b1,True,not available,300,True
MNIST,B5_fixed32,2024,1.0,anchor,vae|MNIST|m64|s2024|e300|es1|b1,not in trace,,not charged in original ledger; MAKE50 used current snapshot,62.86958146095276,results/make49/stage4_cache/MNIST.json:vae|MNIST|m64|s2024|e300|es1|b1,,not available,300,True
MNIST,B5_fixed32,2024,1.0,final,vae|MNIST|m32|s2024|e300|es1|b1,vae|m32|e300|es1,46.923726320266724,"stage4_methods.json: (MNIST,B5_fixed32,2024,1).trace[0]",42.06105947494507,results/make49/stage4_cache/MNIST.json:vae|MNIST|m32|s2024|e300|es1|b1,True,not available,300,True
MNIST,B5_fixed32,31337,1.0,anchor,vae|MNIST|m64|s31337|e300|es1|b1,not in trace,,not charged in original ledger; MAKE50 used current snapshot,72.526198387146,results/make49/stage4_cache/MNIST.json:vae|MNIST|m64|s31337|e300|es1|b1,,not available,300,True
MNIST,B5_fixed32,31337,1.0,final,vae|MNIST|m32|s31337|e300|es1|b1,vae|m32|e300|es1,56.77252721786499,"stage4_methods.json: (MNIST,B5_fixed32,31337,1).trace[0]",52.161421060562134,results/make49/stage4_cache/MNIST.json:vae|MNIST|m32|s31337|e300|es1|b1,True,not available,300,True
MNIST,B6a_fondue,42,1.0,anchor,vae|MNIST|m64|s42|e300|es1|b1,not in trace,,not charged in original ledger; MAKE50 used current snapshot,66.05860233306885,results/make49/stage4_cache/MNIST.json:vae|MNIST|m64|s42|e300|es1|b1,,not available,300,True
MNIST,B6a_fondue,42,1.0,final,vae|MNIST|m7|s42|e300|es1|b1,vae|m7|e300|es1,37.534544229507446,"stage4_methods.json: (MNIST,B6a_fondue,42,1).trace[4]",,results/make49/stage4_cache/MNIST.json:vae|MNIST|m7|s42|e300|es1|b1,,not available,300,True
MNIST,B6a_fondue,123,1.0,anchor,vae|MNIST|m64|s123|e300|es1|b1,not in trace,,not charged in original ledger; MAKE50 used current snapshot,45.33538007736206,results/make49/stage4_cache/MNIST.json:vae|MNIST|m64|s123|e300|es1|b1,,not available,300,True
MNIST,B6a_fondue,123,1.0,final,vae|MNIST|m7|s123|e300|es1|b1,vae|m7|e300|es1,43.68390226364136,"stage4_methods.json: (MNIST,B6a_fondue,123,1).trace[4]",,results/make49/stage4_cache/MNIST.json:vae|MNIST|m7|s123|e300|es1|b1,,not available,300,True
MNIST,B6a_fondue,777,1.0,anchor,vae|MNIST|m64|s777|e300|es1|b1,not in trace,,not charged in original ledger; MAKE50 used current snapshot,66.14485359191895,results/make49/stage4_cache/MNIST.json:vae|MNIST|m64|s777|e300|es1|b1,,not available,300,True
MNIST,B6a_fondue,777,1.0,final,vae|MNIST|m7|s777|e300|es1|b1,vae|m7|e300|es1,39.190181732177734,"stage4_methods.json: (MNIST,B6a_fondue,777,1).trace[4]",,results/make49/stage4_cache/MNIST.json:vae|MNIST|m7|s777|e300|es1|b1,,not available,300,True
MNIST,B6a_fondue,2024,1.0,anchor,vae|MNIST|m64|s2024|e300|es1|b1,not in trace,,not charged in original ledger; MAKE50 used current snapshot,62.86958146095276,results/make49/stage4_cache/MNIST.json:vae|MNIST|m64|s2024|e300|es1|b1,,not available,300,True
MNIST,B6a_fondue,2024,1.0,final,vae|MNIST|m7|s2024|e300|es1|b1,vae|m7|e300|es1,41.33726119995117,"stage4_methods.json: (MNIST,B6a_fondue,2024,1).trace[4]",,results/make49/stage4_cache/MNIST.json:vae|MNIST|m7|s2024|e300|es1|b1,,not available,300,True
MNIST,B6a_fondue,31337,1.0,anchor,vae|MNIST|m64|s31337|e300|es1|b1,not in trace,,not charged in original ledger; MAKE50 used current snapshot,72.526198387146,results/make49/stage4_cache/MNIST.json:vae|MNIST|m64|s31337|e300|es1|b1,,not available,300,True
MNIST,B6a_fondue,31337,1.0,final,vae|MNIST|m7|s31337|e300|es1|b1,vae|m7|e300|es1,37.9139130115509,"stage4_methods.json: (MNIST,B6a_fondue,31337,1).trace[4]",,results/make49/stage4_cache/MNIST.json:vae|MNIST|m7|s31337|e300|es1|b1,,not available,300,True
MNIST,B6b_fondue_var,42,1.0,anchor,vae|MNIST|m64|s42|e300|es1|b1,not in trace,,not charged in original ledger; MAKE50 used current snapshot,66.05860233306885,results/make49/stage4_cache/MNIST.json:vae|MNIST|m64|s42|e300|es1|b1,,not available,300,True
MNIST,B6b_fondue_var,42,1.0,final,vae|MNIST|m25|s42|e300|es1|b1,vae|m25|e300|es1,76.49692463874817,"stage4_methods.json: (MNIST,B6b_fondue_var,42,1).trace[1]",,results/make49/stage4_cache/MNIST.json:vae|MNIST|m25|s42|e300|es1|b1,,not available,300,True
MNIST,B6b_fondue_var,123,1.0,anchor,vae|MNIST|m64|s123|e300|es1|b1,not in trace,,not charged in original ledger; MAKE50 used current snapshot,45.33538007736206,results/make49/stage4_cache/MNIST.json:vae|MNIST|m64|s123|e300|es1|b1,,not available,300,True
MNIST,B6b_fondue_var,123,1.0,final,vae|MNIST|m6|s123|e300|es1|b1,vae|m6|e300|es1,36.370163679122925,"stage4_methods.json: (MNIST,B6b_fondue_var,123,1).trace[1]",36.609304428100586,results/make49/stage4_cache/MNIST.json:vae|MNIST|m6|s123|e300|es1|b1,True,not available,300,True
MNIST,B6b_fondue_var,777,1.0,anchor,vae|MNIST|m64|s777|e300|es1|b1,not in trace,,not charged in original ledger; MAKE50 used current snapshot,66.14485359191895,results/make49/stage4_cache/MNIST.json:vae|MNIST|m64|s777|e300|es1|b1,,not available,300,True
MNIST,B6b_fondue_var,777,1.0,final,vae|MNIST|m5|s777|e300|es1|b1,vae|m5|e300|es1,56.531330823898315,"stage4_methods.json: (MNIST,B6b_fondue_var,777,1).trace[1]",,results/make49/stage4_cache/MNIST.json:vae|MNIST|m5|s777|e300|es1|b1,,not available,300,True
MNIST,B6b_fondue_var,2024,1.0,anchor,vae|MNIST|m64|s2024|e300|es1|b1,not in trace,,not charged in original ledger; MAKE50 used current snapshot,62.86958146095276,results/make49/stage4_cache/MNIST.json:vae|MNIST|m64|s2024|e300|es1|b1,,not available,300,True
MNIST,B6b_fondue_var,2024,1.0,final,vae|MNIST|m6|s2024|e300|es1|b1,vae|m6|e300|es1,42.657224893569946,"stage4_methods.json: (MNIST,B6b_fondue_var,2024,1).trace[1]",38.03678321838379,results/make49/stage4_cache/MNIST.json:vae|MNIST|m6|s2024|e300|es1|b1,True,not available,300,True
MNIST,B6b_fondue_var,31337,1.0,anchor,vae|MNIST|m64|s31337|e300|es1|b1,not in trace,,not charged in original ledger; MAKE50 used current snapshot,72.526198387146,results/make49/stage4_cache/MNIST.json:vae|MNIST|m64|s31337|e300|es1|b1,,not available,300,True
MNIST,B6b_fondue_var,31337,1.0,final,vae|MNIST|m7|s31337|e300|es1|b1,vae|m7|e300|es1,37.9139130115509,"stage4_methods.json: (MNIST,B6b_fondue_var,31337,1).trace[1]",,results/make49/stage4_cache/MNIST.json:vae|MNIST|m7|s31337|e300|es1|b1,,not available,300,True
MNIST,B6b_fondue_var_keepmixed_false,42,1.0,anchor,vae|MNIST|m64|s42|e300|es1|b1,not in trace,,not charged in original ledger; MAKE50 used current snapshot,66.05860233306885,results/make49/stage4_cache/MNIST.json:vae|MNIST|m64|s42|e300|es1|b1,,not available,300,True
MNIST,B6b_fondue_var_keepmixed_false,123,1.0,anchor,vae|MNIST|m64|s123|e300|es1|b1,not in trace,,not charged in original ledger; MAKE50 used current snapshot,45.33538007736206,results/make49/stage4_cache/MNIST.json:vae|MNIST|m64|s123|e300|es1|b1,,not available,300,True
MNIST,B6b_fondue_var_keepmixed_false,777,1.0,anchor,vae|MNIST|m64|s777|e300|es1|b1,not in trace,,not charged in original ledger; MAKE50 used current snapshot,66.14485359191895,results/make49/stage4_cache/MNIST.json:vae|MNIST|m64|s777|e300|es1|b1,,not available,300,True
MNIST,B6b_fondue_var_keepmixed_false,2024,1.0,anchor,vae|MNIST|m64|s2024|e300|es1|b1,not in trace,,not charged in original ledger; MAKE50 used current snapshot,62.86958146095276,results/make49/stage4_cache/MNIST.json:vae|MNIST|m64|s2024|e300|es1|b1,,not available,300,True
MNIST,B6b_fondue_var_keepmixed_false,31337,1.0,anchor,vae|MNIST|m64|s31337|e300|es1|b1,not in trace,,not charged in original ledger; MAKE50 used current snapshot,72.526198387146,results/make49/stage4_cache/MNIST.json:vae|MNIST|m64|s31337|e300|es1|b1,,not available,300,True
MNIST,proposed,42,1.0,anchor,vae|MNIST|m64|s42|e300|es1|b1,vae|m64|e300|es1,68.16339802742004,"stage4_methods.json: (MNIST,proposed,42,1).trace[9]",66.05860233306885,results/make49/stage4_cache/MNIST.json:vae|MNIST|m64|s42|e300|es1|b1,,not available,300,True
MNIST,proposed,42,1.0,final,vae|MNIST|m6|s42|e300|es1|b1,vae|m6|e300|es1,34.88194274902344,"stage4_methods.json: (MNIST,proposed,42,1).trace[12]",35.225024700164795,results/make49/stage4_cache/MNIST.json:vae|MNIST|m6|s42|e300|es1|b1,True,not available,300,True
MNIST,proposed,123,1.0,anchor,vae|MNIST|m64|s123|e300|es1|b1,vae|m64|e300|es1,50.964011669158936,"stage4_methods.json: (MNIST,proposed,123,1).trace[9]",45.33538007736206,results/make49/stage4_cache/MNIST.json:vae|MNIST|m64|s123|e300|es1|b1,,not available,300,True
MNIST,proposed,123,1.0,final,vae|MNIST|m6|s123|e300|es1|b1,vae|m6|e300|es1,36.370163679122925,"stage4_methods.json: (MNIST,proposed,123,1).trace[12]",36.609304428100586,results/make49/stage4_cache/MNIST.json:vae|MNIST|m6|s123|e300|es1|b1,True,not available,300,True
MNIST,proposed,777,1.0,anchor,vae|MNIST|m64|s777|e300|es1|b1,vae|m64|e300|es1,74.62458491325378,"stage4_methods.json: (MNIST,proposed,777,1).trace[9]",66.14485359191895,results/make49/stage4_cache/MNIST.json:vae|MNIST|m64|s777|e300|es1|b1,,not available,300,True
MNIST,proposed,777,1.0,final,vae|MNIST|m6|s777|e300|es1|b1,vae|m6|e300|es1,40.47106862068176,"stage4_methods.json: (MNIST,proposed,777,1).trace[12]",37.029944896698,results/make49/stage4_cache/MNIST.json:vae|MNIST|m6|s777|e300|es1|b1,True,not available,300,True
MNIST,proposed,2024,1.0,anchor,vae|MNIST|m64|s2024|e300|es1|b1,vae|m64|e300|es1,71.89669346809387,"stage4_methods.json: (MNIST,proposed,2024,1).trace[9]",62.86958146095276,results/make49/stage4_cache/MNIST.json:vae|MNIST|m64|s2024|e300|es1|b1,,not available,300,True
MNIST,proposed,2024,1.0,final,vae|MNIST|m6|s2024|e300|es1|b1,vae|m6|e300|es1,42.657224893569946,"stage4_methods.json: (MNIST,proposed,2024,1).trace[12]",38.03678321838379,results/make49/stage4_cache/MNIST.json:vae|MNIST|m6|s2024|e300|es1|b1,True,not available,300,True
MNIST,proposed,31337,1.0,anchor,vae|MNIST|m64|s31337|e300|es1|b1,vae|m64|e300|es1,80.74756026268005,"stage4_methods.json: (MNIST,proposed,31337,1).trace[9]",72.526198387146,results/make49/stage4_cache/MNIST.json:vae|MNIST|m64|s31337|e300|es1|b1,,not available,300,True
MNIST,proposed,31337,1.0,final,vae|MNIST|m6|s31337|e300|es1|b1,vae|m6|e300|es1,45.27628445625305,"stage4_methods.json: (MNIST,proposed,31337,1).trace[12]",41.02596306800842,results/make49/stage4_cache/MNIST.json:vae|MNIST|m6|s31337|e300|es1|b1,True,not available,300,True
MNIST,proposed_minus_AU,42,1.0,anchor,vae|MNIST|m64|s42|e300|es1|b1,vae|m64|e300|es1,68.16339802742004,"stage4_methods.json: (MNIST,proposed_minus_AU,42,1).trace[9]",66.05860233306885,results/make49/stage4_cache/MNIST.json:vae|MNIST|m64|s42|e300|es1|b1,,not available,300,True
MNIST,proposed_minus_AU,42,1.0,final,vae|MNIST|m6|s42|e300|es1|b1,vae|m6|e300|es1,34.88194274902344,"stage4_methods.json: (MNIST,proposed_minus_AU,42,1).trace[12]",35.225024700164795,results/make49/stage4_cache/MNIST.json:vae|MNIST|m6|s42|e300|es1|b1,True,not available,300,True
MNIST,proposed_minus_AU,123,1.0,anchor,vae|MNIST|m64|s123|e300|es1|b1,vae|m64|e300|es1,50.964011669158936,"stage4_methods.json: (MNIST,proposed_minus_AU,123,1).trace[9]",45.33538007736206,results/make49/stage4_cache/MNIST.json:vae|MNIST|m64|s123|e300|es1|b1,,not available,300,True
MNIST,proposed_minus_AU,123,1.0,final,vae|MNIST|m6|s123|e300|es1|b1,vae|m6|e300|es1,36.370163679122925,"stage4_methods.json: (MNIST,proposed_minus_AU,123,1).trace[12]",36.609304428100586,results/make49/stage4_cache/MNIST.json:vae|MNIST|m6|s123|e300|es1|b1,True,not available,300,True
MNIST,proposed_minus_AU,777,1.0,anchor,vae|MNIST|m64|s777|e300|es1|b1,vae|m64|e300|es1,74.62458491325378,"stage4_methods.json: (MNIST,proposed_minus_AU,777,1).trace[9]",66.14485359191895,results/make49/stage4_cache/MNIST.json:vae|MNIST|m64|s777|e300|es1|b1,,not available,300,True
MNIST,proposed_minus_AU,777,1.0,final,vae|MNIST|m6|s777|e300|es1|b1,vae|m6|e300|es1,40.47106862068176,"stage4_methods.json: (MNIST,proposed_minus_AU,777,1).trace[12]",37.029944896698,results/make49/stage4_cache/MNIST.json:vae|MNIST|m6|s777|e300|es1|b1,True,not available,300,True
MNIST,proposed_minus_AU,2024,1.0,anchor,vae|MNIST|m64|s2024|e300|es1|b1,vae|m64|e300|es1,71.89669346809387,"stage4_methods.json: (MNIST,proposed_minus_AU,2024,1).trace[9]",62.86958146095276,results/make49/stage4_cache/MNIST.json:vae|MNIST|m64|s2024|e300|es1|b1,,not available,300,True
MNIST,proposed_minus_AU,2024,1.0,final,vae|MNIST|m6|s2024|e300|es1|b1,vae|m6|e300|es1,42.657224893569946,"stage4_methods.json: (MNIST,proposed_minus_AU,2024,1).trace[12]",38.03678321838379,results/make49/stage4_cache/MNIST.json:vae|MNIST|m6|s2024|e300|es1|b1,True,not available,300,True
MNIST,proposed_minus_AU,31337,1.0,anchor,vae|MNIST|m64|s31337|e300|es1|b1,vae|m64|e300|es1,80.74756026268005,"stage4_methods.json: (MNIST,proposed_minus_AU,31337,1).trace[9]",72.526198387146,results/make49/stage4_cache/MNIST.json:vae|MNIST|m64|s31337|e300|es1|b1,,not available,300,True
MNIST,proposed_minus_AU,31337,1.0,final,vae|MNIST|m6|s31337|e300|es1|b1,vae|m6|e300|es1,45.27628445625305,"stage4_methods.json: (MNIST,proposed_minus_AU,31337,1).trace[12]",41.02596306800842,results/make49/stage4_cache/MNIST.json:vae|MNIST|m6|s31337|e300|es1|b1,True,not available,300,True
MNIST,B4_plus_Q,42,1.0,anchor,vae|MNIST|m64|s42|e300|es1|b1,vae|m64|e300|es1,68.16339802742004,"stage4_methods.json: (MNIST,B4_plus_Q,42,1).trace[3]",66.05860233306885,results/make49/stage4_cache/MNIST.json:vae|MNIST|m64|s42|e300|es1|b1,,not available,300,True
MNIST,B4_plus_Q,42,1.0,final,vae|MNIST|m10|s42|e300|es1|b1,vae|m10|e300|es1,58.37271595001221,"stage4_methods.json: (MNIST,B4_plus_Q,42,1).trace[2]",57.076122522354126,results/make49/stage4_cache/MNIST.json:vae|MNIST|m10|s42|e300|es1|b1,True,not available,300,True
MNIST,B4_plus_Q,123,1.0,anchor,vae|MNIST|m64|s123|e300|es1|b1,vae|m64|e300|es1,50.964011669158936,"stage4_methods.json: (MNIST,B4_plus_Q,123,1).trace[3]",45.33538007736206,results/make49/stage4_cache/MNIST.json:vae|MNIST|m64|s123|e300|es1|b1,,not available,300,True
MNIST,B4_plus_Q,123,1.0,final,vae|MNIST|m10|s123|e300|es1|b1,vae|m10|e300|es1,45.887362241744995,"stage4_methods.json: (MNIST,B4_plus_Q,123,1).trace[2]",40.4986572265625,results/make49/stage4_cache/MNIST.json:vae|MNIST|m10|s123|e300|es1|b1,True,not available,300,True
MNIST,B4_plus_Q,777,1.0,anchor,vae|MNIST|m64|s777|e300|es1|b1,vae|m64|e300|es1,74.62458491325378,"stage4_methods.json: (MNIST,B4_plus_Q,777,1).trace[3]",66.14485359191895,results/make49/stage4_cache/MNIST.json:vae|MNIST|m64|s777|e300|es1|b1,,not available,300,True
MNIST,B4_plus_Q,777,1.0,final,vae|MNIST|m10|s777|e300|es1|b1,vae|m10|e300|es1,36.526057958602905,"stage4_methods.json: (MNIST,B4_plus_Q,777,1).trace[2]",34.143558740615845,results/make49/stage4_cache/MNIST.json:vae|MNIST|m10|s777|e300|es1|b1,True,not available,300,True
MNIST,B4_plus_Q,2024,1.0,anchor,vae|MNIST|m64|s2024|e300|es1|b1,vae|m64|e300|es1,71.89669346809387,"stage4_methods.json: (MNIST,B4_plus_Q,2024,1).trace[3]",62.86958146095276,results/make49/stage4_cache/MNIST.json:vae|MNIST|m64|s2024|e300|es1|b1,,not available,300,True
MNIST,B4_plus_Q,2024,1.0,final,vae|MNIST|m10|s2024|e300|es1|b1,vae|m10|e300|es1,51.95336580276489,"stage4_methods.json: (MNIST,B4_plus_Q,2024,1).trace[2]",45.62505125999451,results/make49/stage4_cache/MNIST.json:vae|MNIST|m10|s2024|e300|es1|b1,True,not available,300,True
MNIST,B4_plus_Q,31337,1.0,anchor,vae|MNIST|m64|s31337|e300|es1|b1,vae|m64|e300|es1,80.74756026268005,"stage4_methods.json: (MNIST,B4_plus_Q,31337,1).trace[3]",72.526198387146,results/make49/stage4_cache/MNIST.json:vae|MNIST|m64|s31337|e300|es1|b1,,not available,300,True
MNIST,B4_plus_Q,31337,1.0,final,vae|MNIST|m10|s31337|e300|es1|b1,vae|m10|e300|es1,47.49093961715698,"stage4_methods.json: (MNIST,B4_plus_Q,31337,1).trace[2]",42.29352569580078,results/make49/stage4_cache/MNIST.json:vae|MNIST|m10|s31337|e300|es1|b1,True,not available,300,True
MNIST,B6a_plus_Q,42,1.0,anchor,vae|MNIST|m64|s42|e300|es1|b1,vae|m64|e300|es1,68.16339802742004,"stage4_methods.json: (MNIST,B6a_plus_Q,42,1).trace[4]",66.05860233306885,results/make49/stage4_cache/MNIST.json:vae|MNIST|m64|s42|e300|es1|b1,,not available,300,True
MNIST,B6a_plus_Q,42,1.0,final,vae|MNIST|m8|s42|e300|es1|b1,vae|m8|e300|es1,58.79733061790466,"stage4_methods.json: (MNIST,B6a_plus_Q,42,1).trace[5]",57.360193967819214,results/make49/stage4_cache/MNIST.json:vae|MNIST|m8|s42|e300|es1|b1,True,not available,300,True
MNIST,B6a_plus_Q,123,1.0,anchor,vae|MNIST|m64|s123|e300|es1|b1,vae|m64|e300|es1,50.964011669158936,"stage4_methods.json: (MNIST,B6a_plus_Q,123,1).trace[4]",45.33538007736206,results/make49/stage4_cache/MNIST.json:vae|MNIST|m64|s123|e300|es1|b1,,not available,300,True
MNIST,B6a_plus_Q,123,1.0,final,vae|MNIST|m8|s123|e300|es1|b1,vae|m8|e300|es1,44.407644510269165,"stage4_methods.json: (MNIST,B6a_plus_Q,123,1).trace[5]",29.87391448020935,results/make49/stage4_cache/MNIST.json:vae|MNIST|m8|s123|e300|es1|b1,True,not available,300,True
MNIST,B6a_plus_Q,777,1.0,anchor,vae|MNIST|m64|s777|e300|es1|b1,vae|m64|e300|es1,74.62458491325378,"stage4_methods.json: (MNIST,B6a_plus_Q,777,1).trace[4]",66.14485359191895,results/make49/stage4_cache/MNIST.json:vae|MNIST|m64|s777|e300|es1|b1,,not available,300,True
MNIST,B6a_plus_Q,777,1.0,final,vae|MNIST|m8|s777|e300|es1|b1,vae|m8|e300|es1,71.78652834892273,"stage4_methods.json: (MNIST,B6a_plus_Q,777,1).trace[5]",65.73514723777771,results/make49/stage4_cache/MNIST.json:vae|MNIST|m8|s777|e300|es1|b1,True,not available,300,True
MNIST,B6a_plus_Q,2024,1.0,anchor,vae|MNIST|m64|s2024|e300|es1|b1,vae|m64|e300|es1,71.89669346809387,"stage4_methods.json: (MNIST,B6a_plus_Q,2024,1).trace[4]",62.86958146095276,results/make49/stage4_cache/MNIST.json:vae|MNIST|m64|s2024|e300|es1|b1,,not available,300,True
MNIST,B6a_plus_Q,2024,1.0,final,vae|MNIST|m8|s2024|e300|es1|b1,vae|m8|e300|es1,45.70771384239197,"stage4_methods.json: (MNIST,B6a_plus_Q,2024,1).trace[5]",40.64214015007019,results/make49/stage4_cache/MNIST.json:vae|MNIST|m8|s2024|e300|es1|b1,True,not available,300,True
MNIST,B6a_plus_Q,31337,1.0,anchor,vae|MNIST|m64|s31337|e300|es1|b1,vae|m64|e300|es1,80.74756026268005,"stage4_methods.json: (MNIST,B6a_plus_Q,31337,1).trace[4]",72.526198387146,results/make49/stage4_cache/MNIST.json:vae|MNIST|m64|s31337|e300|es1|b1,,not available,300,True
MNIST,B6a_plus_Q,31337,1.0,final,vae|MNIST|m8|s31337|e300|es1|b1,vae|m8|e300|es1,55.57537603378296,"stage4_methods.json: (MNIST,B6a_plus_Q,31337,1).trace[5]",51.109251260757446,results/make49/stage4_cache/MNIST.json:vae|MNIST|m8|s31337|e300|es1|b1,True,not available,300,True
MNIST,B6b_plus_Q,42,1.0,anchor,vae|MNIST|m64|s42|e300|es1|b1,vae|m64|e300|es1,68.16339802742004,"stage4_methods.json: (MNIST,B6b_plus_Q,42,1).trace[1]",66.05860233306885,results/make49/stage4_cache/MNIST.json:vae|MNIST|m64|s42|e300|es1|b1,,not available,300,True
MNIST,B6b_plus_Q,42,1.0,final,vae|MNIST|m32|s42|e300|es1|b1,vae|m32|e300|es1,68.3561692237854,"stage4_methods.json: (MNIST,B6b_plus_Q,42,1).trace[2]",66.70013570785522,results/make49/stage4_cache/MNIST.json:vae|MNIST|m32|s42|e300|es1|b1,True,not available,300,True
MNIST,B6b_plus_Q,123,1.0,anchor,vae|MNIST|m64|s123|e300|es1|b1,vae|m64|e300|es1,50.964011669158936,"stage4_methods.json: (MNIST,B6b_plus_Q,123,1).trace[1]",45.33538007736206,results/make49/stage4_cache/MNIST.json:vae|MNIST|m64|s123|e300|es1|b1,,not available,300,True
MNIST,B6b_plus_Q,123,1.0,final,vae|MNIST|m6|s123|e300|es1|b1,vae|m6|e300|es1,36.370163679122925,"stage4_methods.json: (MNIST,B6b_plus_Q,123,1).trace[2]",36.609304428100586,results/make49/stage4_cache/MNIST.json:vae|MNIST|m6|s123|e300|es1|b1,True,not available,300,True
MNIST,B6b_plus_Q,777,1.0,anchor,vae|MNIST|m64|s777|e300|es1|b1,vae|m64|e300|es1,74.62458491325378,"stage4_methods.json: (MNIST,B6b_plus_Q,777,1).trace[1]",66.14485359191895,results/make49/stage4_cache/MNIST.json:vae|MNIST|m64|s777|e300|es1|b1,,not available,300,True
MNIST,B6b_plus_Q,777,1.0,final,vae|MNIST|m6|s777|e300|es1|b1,vae|m6|e300|es1,40.47106862068176,"stage4_methods.json: (MNIST,B6b_plus_Q,777,1).trace[2]",37.029944896698,results/make49/stage4_cache/MNIST.json:vae|MNIST|m6|s777|e300|es1|b1,True,not available,300,True
MNIST,B6b_plus_Q,2024,1.0,anchor,vae|MNIST|m64|s2024|e300|es1|b1,vae|m64|e300|es1,71.89669346809387,"stage4_methods.json: (MNIST,B6b_plus_Q,2024,1).trace[1]",62.86958146095276,results/make49/stage4_cache/MNIST.json:vae|MNIST|m64|s2024|e300|es1|b1,,not available,300,True
MNIST,B6b_plus_Q,2024,1.0,final,vae|MNIST|m6|s2024|e300|es1|b1,vae|m6|e300|es1,42.657224893569946,"stage4_methods.json: (MNIST,B6b_plus_Q,2024,1).trace[2]",38.03678321838379,results/make49/stage4_cache/MNIST.json:vae|MNIST|m6|s2024|e300|es1|b1,True,not available,300,True
MNIST,B6b_plus_Q,31337,1.0,anchor,vae|MNIST|m64|s31337|e300|es1|b1,vae|m64|e300|es1,80.74756026268005,"stage4_methods.json: (MNIST,B6b_plus_Q,31337,1).trace[1]",72.526198387146,results/make49/stage4_cache/MNIST.json:vae|MNIST|m64|s31337|e300|es1|b1,,not available,300,True
MNIST,B6b_plus_Q,31337,1.0,final,vae|MNIST|m8|s31337|e300|es1|b1,vae|m8|e300|es1,55.57537603378296,"stage4_methods.json: (MNIST,B6b_plus_Q,31337,1).trace[2]",51.109251260757446,results/make49/stage4_cache/MNIST.json:vae|MNIST|m8|s31337|e300|es1|b1,True,not available,300,True
dSprites,B1_full_mse,42,1.0,anchor,vae|dSprites|m64|s42|e300|es1|b1,vae|m64|e300|es1,253.17906951904297,"stage4_methods.json: (dSprites,B1_full_mse,42,1).trace[11]",253.12427306175232,results/make49/stage4_cache/dSprites.json:vae|dSprites|m64|s42|e300|es1|b1,,not available,300,True
dSprites,B1_full_mse,42,1.0,final,vae|dSprites|m64|s42|e300|es1|b1,vae|m64|e300|es1,253.17906951904297,"stage4_methods.json: (dSprites,B1_full_mse,42,1).trace[11]",253.12427306175232,results/make49/stage4_cache/dSprites.json:vae|dSprites|m64|s42|e300|es1|b1,True,not available,300,True
dSprites,B1_full_mse,123,1.0,anchor,vae|dSprites|m64|s123|e300|es1|b1,vae|m64|e300|es1,235.08916807174683,"stage4_methods.json: (dSprites,B1_full_mse,123,1).trace[11]",235.1435785293579,results/make49/stage4_cache/dSprites.json:vae|dSprites|m64|s123|e300|es1|b1,,not available,300,True
dSprites,B1_full_mse,123,1.0,final,vae|dSprites|m64|s123|e300|es1|b1,vae|m64|e300|es1,235.08916807174683,"stage4_methods.json: (dSprites,B1_full_mse,123,1).trace[11]",235.1435785293579,results/make49/stage4_cache/dSprites.json:vae|dSprites|m64|s123|e300|es1|b1,True,not available,300,True
dSprites,B1_full_mse,777,1.0,anchor,vae|dSprites|m64|s777|e300|es1|b1,vae|m64|e300|es1,237.57138800621033,"stage4_methods.json: (dSprites,B1_full_mse,777,1).trace[11]",237.41397619247437,results/make49/stage4_cache/dSprites.json:vae|dSprites|m64|s777|e300|es1|b1,,not available,300,True
dSprites,B1_full_mse,777,1.0,final,vae|dSprites|m32|s777|e300|es1|b1,vae|m32|e300|es1,219.167742729187,"stage4_methods.json: (dSprites,B1_full_mse,777,1).trace[9]",219.0472400188446,results/make49/stage4_cache/dSprites.json:vae|dSprites|m32|s777|e300|es1|b1,True,not available,300,True
dSprites,B1_full_mse,2024,1.0,anchor,vae|dSprites|m64|s2024|e300|es1|b1,vae|m64|e300|es1,238.6376657485962,"stage4_methods.json: (dSprites,B1_full_mse,2024,1).trace[11]",238.429931640625,results/make49/stage4_cache/dSprites.json:vae|dSprites|m64|s2024|e300|es1|b1,,not available,300,True
dSprites,B1_full_mse,2024,1.0,final,vae|dSprites|m64|s2024|e300|es1|b1,vae|m64|e300|es1,238.6376657485962,"stage4_methods.json: (dSprites,B1_full_mse,2024,1).trace[11]",238.429931640625,results/make49/stage4_cache/dSprites.json:vae|dSprites|m64|s2024|e300|es1|b1,True,not available,300,True
dSprites,B1_full_mse,31337,1.0,anchor,vae|dSprites|m64|s31337|e300|es1|b1,vae|m64|e300|es1,224.15701627731323,"stage4_methods.json: (dSprites,B1_full_mse,31337,1).trace[11]",223.92378115653992,results/make49/stage4_cache/dSprites.json:vae|dSprites|m64|s31337|e300|es1|b1,,not available,300,True
dSprites,B1_full_mse,31337,1.0,final,vae|dSprites|m64|s31337|e300|es1|b1,vae|m64|e300|es1,224.15701627731323,"stage4_methods.json: (dSprites,B1_full_mse,31337,1).trace[11]",223.92378115653992,results/make49/stage4_cache/dSprites.json:vae|dSprites|m64|s31337|e300|es1|b1,True,not available,300,True
dSprites,B2_full_elbo,42,1.0,anchor,vae|dSprites|m64|s42|e300|es1|b1,vae|m64|e300|es1,253.17906951904297,"stage4_methods.json: (dSprites,B2_full_elbo,42,1).trace[11]",253.12427306175232,results/make49/stage4_cache/dSprites.json:vae|dSprites|m64|s42|e300|es1|b1,,not available,300,True
dSprites,B2_full_elbo,42,1.0,final,vae|dSprites|m64|s42|e300|es1|b1,vae|m64|e300|es1,253.17906951904297,"stage4_methods.json: (dSprites,B2_full_elbo,42,1).trace[11]",253.12427306175232,results/make49/stage4_cache/dSprites.json:vae|dSprites|m64|s42|e300|es1|b1,True,not available,300,True
dSprites,B2_full_elbo,123,1.0,anchor,vae|dSprites|m64|s123|e300|es1|b1,vae|m64|e300|es1,235.08916807174683,"stage4_methods.json: (dSprites,B2_full_elbo,123,1).trace[11]",235.1435785293579,results/make49/stage4_cache/dSprites.json:vae|dSprites|m64|s123|e300|es1|b1,,not available,300,True
dSprites,B2_full_elbo,123,1.0,final,vae|dSprites|m64|s123|e300|es1|b1,vae|m64|e300|es1,235.08916807174683,"stage4_methods.json: (dSprites,B2_full_elbo,123,1).trace[11]",235.1435785293579,results/make49/stage4_cache/dSprites.json:vae|dSprites|m64|s123|e300|es1|b1,True,not available,300,True
dSprites,B2_full_elbo,777,1.0,anchor,vae|dSprites|m64|s777|e300|es1|b1,vae|m64|e300|es1,237.57138800621033,"stage4_methods.json: (dSprites,B2_full_elbo,777,1).trace[11]",237.41397619247437,results/make49/stage4_cache/dSprites.json:vae|dSprites|m64|s777|e300|es1|b1,,not available,300,True
dSprites,B2_full_elbo,777,1.0,final,vae|dSprites|m32|s777|e300|es1|b1,vae|m32|e300|es1,219.167742729187,"stage4_methods.json: (dSprites,B2_full_elbo,777,1).trace[9]",219.0472400188446,results/make49/stage4_cache/dSprites.json:vae|dSprites|m32|s777|e300|es1|b1,True,not available,300,True
dSprites,B2_full_elbo,2024,1.0,anchor,vae|dSprites|m64|s2024|e300|es1|b1,vae|m64|e300|es1,238.6376657485962,"stage4_methods.json: (dSprites,B2_full_elbo,2024,1).trace[11]",238.429931640625,results/make49/stage4_cache/dSprites.json:vae|dSprites|m64|s2024|e300|es1|b1,,not available,300,True
dSprites,B2_full_elbo,2024,1.0,final,vae|dSprites|m64|s2024|e300|es1|b1,vae|m64|e300|es1,238.6376657485962,"stage4_methods.json: (dSprites,B2_full_elbo,2024,1).trace[11]",238.429931640625,results/make49/stage4_cache/dSprites.json:vae|dSprites|m64|s2024|e300|es1|b1,True,not available,300,True
dSprites,B2_full_elbo,31337,1.0,anchor,vae|dSprites|m64|s31337|e300|es1|b1,vae|m64|e300|es1,224.15701627731323,"stage4_methods.json: (dSprites,B2_full_elbo,31337,1).trace[11]",223.92378115653992,results/make49/stage4_cache/dSprites.json:vae|dSprites|m64|s31337|e300|es1|b1,,not available,300,True
dSprites,B2_full_elbo,31337,1.0,final,vae|dSprites|m64|s31337|e300|es1|b1,vae|m64|e300|es1,224.15701627731323,"stage4_methods.json: (dSprites,B2_full_elbo,31337,1).trace[11]",223.92378115653992,results/make49/stage4_cache/dSprites.json:vae|dSprites|m64|s31337|e300|es1|b1,True,not available,300,True
dSprites,B3_full_downstream,42,1.0,anchor,vae|dSprites|m64|s42|e300|es1|b1,vae|m64|e300|es1,253.17906951904297,"stage4_methods.json: (dSprites,B3_full_downstream,42,1).trace[11]",253.12427306175232,results/make49/stage4_cache/dSprites.json:vae|dSprites|m64|s42|e300|es1|b1,,not available,300,True
dSprites,B3_full_downstream,42,1.0,final,vae|dSprites|m64|s42|e300|es1|b1,vae|m64|e300|es1,253.17906951904297,"stage4_methods.json: (dSprites,B3_full_downstream,42,1).trace[11]",253.12427306175232,results/make49/stage4_cache/dSprites.json:vae|dSprites|m64|s42|e300|es1|b1,True,not available,300,True
dSprites,B3_full_downstream,123,1.0,anchor,vae|dSprites|m64|s123|e300|es1|b1,vae|m64|e300|es1,235.08916807174683,"stage4_methods.json: (dSprites,B3_full_downstream,123,1).trace[11]",235.1435785293579,results/make49/stage4_cache/dSprites.json:vae|dSprites|m64|s123|e300|es1|b1,,not available,300,True
dSprites,B3_full_downstream,123,1.0,final,vae|dSprites|m64|s123|e300|es1|b1,vae|m64|e300|es1,235.08916807174683,"stage4_methods.json: (dSprites,B3_full_downstream,123,1).trace[11]",235.1435785293579,results/make49/stage4_cache/dSprites.json:vae|dSprites|m64|s123|e300|es1|b1,True,not available,300,True
dSprites,B3_full_downstream,777,1.0,anchor,vae|dSprites|m64|s777|e300|es1|b1,vae|m64|e300|es1,237.57138800621033,"stage4_methods.json: (dSprites,B3_full_downstream,777,1).trace[11]",237.41397619247437,results/make49/stage4_cache/dSprites.json:vae|dSprites|m64|s777|e300|es1|b1,,not available,300,True
dSprites,B3_full_downstream,777,1.0,final,vae|dSprites|m64|s777|e300|es1|b1,vae|m64|e300|es1,237.57138800621033,"stage4_methods.json: (dSprites,B3_full_downstream,777,1).trace[11]",237.41397619247437,results/make49/stage4_cache/dSprites.json:vae|dSprites|m64|s777|e300|es1|b1,True,not available,300,True
dSprites,B3_full_downstream,2024,1.0,anchor,vae|dSprites|m64|s2024|e300|es1|b1,vae|m64|e300|es1,238.6376657485962,"stage4_methods.json: (dSprites,B3_full_downstream,2024,1).trace[11]",238.429931640625,results/make49/stage4_cache/dSprites.json:vae|dSprites|m64|s2024|e300|es1|b1,,not available,300,True
dSprites,B3_full_downstream,2024,1.0,final,vae|dSprites|m64|s2024|e300|es1|b1,vae|m64|e300|es1,238.6376657485962,"stage4_methods.json: (dSprites,B3_full_downstream,2024,1).trace[11]",238.429931640625,results/make49/stage4_cache/dSprites.json:vae|dSprites|m64|s2024|e300|es1|b1,True,not available,300,True
dSprites,B3_full_downstream,31337,1.0,anchor,vae|dSprites|m64|s31337|e300|es1|b1,vae|m64|e300|es1,224.15701627731323,"stage4_methods.json: (dSprites,B3_full_downstream,31337,1).trace[11]",223.92378115653992,results/make49/stage4_cache/dSprites.json:vae|dSprites|m64|s31337|e300|es1|b1,,not available,300,True
dSprites,B3_full_downstream,31337,1.0,final,vae|dSprites|m64|s31337|e300|es1|b1,vae|m64|e300|es1,224.15701627731323,"stage4_methods.json: (dSprites,B3_full_downstream,31337,1).trace[11]",223.92378115653992,results/make49/stage4_cache/dSprites.json:vae|dSprites|m64|s31337|e300|es1|b1,True,not available,300,True
dSprites,B4_coarse,42,1.0,anchor,vae|dSprites|m64|s42|e300|es1|b1,vae|m64|e300|es1,253.17906951904297,"stage4_methods.json: (dSprites,B4_coarse,42,1).trace[3]",253.12427306175232,results/make49/stage4_cache/dSprites.json:vae|dSprites|m64|s42|e300|es1|b1,,not available,300,True
dSprites,B4_coarse,42,1.0,final,vae|dSprites|m64|s42|e300|es1|b1,vae|m64|e300|es1,253.17906951904297,"stage4_methods.json: (dSprites,B4_coarse,42,1).trace[3]",253.12427306175232,results/make49/stage4_cache/dSprites.json:vae|dSprites|m64|s42|e300|es1|b1,True,not available,300,True
dSprites,B4_coarse,123,1.0,anchor,vae|dSprites|m64|s123|e300|es1|b1,vae|m64|e300|es1,235.08916807174683,"stage4_methods.json: (dSprites,B4_coarse,123,1).trace[3]",235.1435785293579,results/make49/stage4_cache/dSprites.json:vae|dSprites|m64|s123|e300|es1|b1,,not available,300,True
dSprites,B4_coarse,123,1.0,final,vae|dSprites|m64|s123|e300|es1|b1,vae|m64|e300|es1,235.08916807174683,"stage4_methods.json: (dSprites,B4_coarse,123,1).trace[3]",235.1435785293579,results/make49/stage4_cache/dSprites.json:vae|dSprites|m64|s123|e300|es1|b1,True,not available,300,True
dSprites,B4_coarse,777,1.0,anchor,vae|dSprites|m64|s777|e300|es1|b1,vae|m64|e300|es1,237.57138800621033,"stage4_methods.json: (dSprites,B4_coarse,777,1).trace[3]",237.41397619247437,results/make49/stage4_cache/dSprites.json:vae|dSprites|m64|s777|e300|es1|b1,,not available,300,True
dSprites,B4_coarse,777,1.0,final,vae|dSprites|m64|s777|e300|es1|b1,vae|m64|e300|es1,237.57138800621033,"stage4_methods.json: (dSprites,B4_coarse,777,1).trace[3]",237.41397619247437,results/make49/stage4_cache/dSprites.json:vae|dSprites|m64|s777|e300|es1|b1,True,not available,300,True
dSprites,B4_coarse,2024,1.0,anchor,vae|dSprites|m64|s2024|e300|es1|b1,vae|m64|e300|es1,238.6376657485962,"stage4_methods.json: (dSprites,B4_coarse,2024,1).trace[3]",238.429931640625,results/make49/stage4_cache/dSprites.json:vae|dSprites|m64|s2024|e300|es1|b1,,not available,300,True
dSprites,B4_coarse,2024,1.0,final,vae|dSprites|m64|s2024|e300|es1|b1,vae|m64|e300|es1,238.6376657485962,"stage4_methods.json: (dSprites,B4_coarse,2024,1).trace[3]",238.429931640625,results/make49/stage4_cache/dSprites.json:vae|dSprites|m64|s2024|e300|es1|b1,True,not available,300,True
dSprites,B4_coarse,31337,1.0,anchor,vae|dSprites|m64|s31337|e300|es1|b1,vae|m64|e300|es1,224.15701627731323,"stage4_methods.json: (dSprites,B4_coarse,31337,1).trace[3]",223.92378115653992,results/make49/stage4_cache/dSprites.json:vae|dSprites|m64|s31337|e300|es1|b1,,not available,300,True
dSprites,B4_coarse,31337,1.0,final,vae|dSprites|m64|s31337|e300|es1|b1,vae|m64|e300|es1,224.15701627731323,"stage4_methods.json: (dSprites,B4_coarse,31337,1).trace[3]",223.92378115653992,results/make49/stage4_cache/dSprites.json:vae|dSprites|m64|s31337|e300|es1|b1,True,not available,300,True
dSprites,B5_fixed32,42,1.0,anchor,vae|dSprites|m64|s42|e300|es1|b1,not in trace,,not charged in original ledger; MAKE50 used current snapshot,253.12427306175232,results/make49/stage4_cache/dSprites.json:vae|dSprites|m64|s42|e300|es1|b1,,not available,300,True
dSprites,B5_fixed32,42,1.0,final,vae|dSprites|m32|s42|e300|es1|b1,vae|m32|e300|es1,300.85364055633545,"stage4_methods.json: (dSprites,B5_fixed32,42,1).trace[0]",300.7884657382965,results/make49/stage4_cache/dSprites.json:vae|dSprites|m32|s42|e300|es1|b1,True,not available,300,True
dSprites,B5_fixed32,123,1.0,anchor,vae|dSprites|m64|s123|e300|es1|b1,not in trace,,not charged in original ledger; MAKE50 used current snapshot,235.1435785293579,results/make49/stage4_cache/dSprites.json:vae|dSprites|m64|s123|e300|es1|b1,,not available,300,True
dSprites,B5_fixed32,123,1.0,final,vae|dSprites|m32|s123|e300|es1|b1,vae|m32|e300|es1,257.73280668258667,"stage4_methods.json: (dSprites,B5_fixed32,123,1).trace[0]",257.595285654068,results/make49/stage4_cache/dSprites.json:vae|dSprites|m32|s123|e300|es1|b1,True,not available,300,True
dSprites,B5_fixed32,777,1.0,anchor,vae|dSprites|m64|s777|e300|es1|b1,not in trace,,not charged in original ledger; MAKE50 used current snapshot,237.41397619247437,results/make49/stage4_cache/dSprites.json:vae|dSprites|m64|s777|e300|es1|b1,,not available,300,True
dSprites,B5_fixed32,777,1.0,final,vae|dSprites|m32|s777|e300|es1|b1,vae|m32|e300|es1,219.167742729187,"stage4_methods.json: (dSprites,B5_fixed32,777,1).trace[0]",219.0472400188446,results/make49/stage4_cache/dSprites.json:vae|dSprites|m32|s777|e300|es1|b1,True,not available,300,True
dSprites,B5_fixed32,2024,1.0,anchor,vae|dSprites|m64|s2024|e300|es1|b1,not in trace,,not charged in original ledger; MAKE50 used current snapshot,238.429931640625,results/make49/stage4_cache/dSprites.json:vae|dSprites|m64|s2024|e300|es1|b1,,not available,300,True
dSprites,B5_fixed32,2024,1.0,final,vae|dSprites|m32|s2024|e300|es1|b1,vae|m32|e300|es1,223.58219361305237,"stage4_methods.json: (dSprites,B5_fixed32,2024,1).trace[0]",223.3639075756073,results/make49/stage4_cache/dSprites.json:vae|dSprites|m32|s2024|e300|es1|b1,True,not available,300,True
dSprites,B5_fixed32,31337,1.0,anchor,vae|dSprites|m64|s31337|e300|es1|b1,not in trace,,not charged in original ledger; MAKE50 used current snapshot,223.92378115653992,results/make49/stage4_cache/dSprites.json:vae|dSprites|m64|s31337|e300|es1|b1,,not available,300,True
dSprites,B5_fixed32,31337,1.0,final,vae|dSprites|m32|s31337|e300|es1|b1,vae|m32|e300|es1,287.65005922317505,"stage4_methods.json: (dSprites,B5_fixed32,31337,1).trace[0]",287.5008261203766,results/make49/stage4_cache/dSprites.json:vae|dSprites|m32|s31337|e300|es1|b1,True,not available,300,True
dSprites,B6a_fondue,42,1.0,anchor,vae|dSprites|m64|s42|e300|es1|b1,not in trace,,not charged in original ledger; MAKE50 used current snapshot,253.12427306175232,results/make49/stage4_cache/dSprites.json:vae|dSprites|m64|s42|e300|es1|b1,,not available,300,True
dSprites,B6a_fondue,42,1.0,final,vae|dSprites|m5|s42|e300|es1|b1,vae|m5|e300|es1,163.28700017929077,"stage4_methods.json: (dSprites,B6a_fondue,42,1).trace[4]",,results/make49/stage4_cache/dSprites.json:vae|dSprites|m5|s42|e300|es1|b1,,not available,300,True
dSprites,B6a_fondue,123,1.0,anchor,vae|dSprites|m64|s123|e300|es1|b1,not in trace,,not charged in original ledger; MAKE50 used current snapshot,235.1435785293579,results/make49/stage4_cache/dSprites.json:vae|dSprites|m64|s123|e300|es1|b1,,not available,300,True
dSprites,B6a_fondue,123,1.0,final,vae|dSprites|m4|s123|e300|es1|b1,vae|m4|e300|es1,134.726158618927,"stage4_methods.json: (dSprites,B6a_fondue,123,1).trace[4]",134.63617420196533,results/make49/stage4_cache/dSprites.json:vae|dSprites|m4|s123|e300|es1|b1,True,not available,300,True
dSprites,B6a_fondue,777,1.0,anchor,vae|dSprites|m64|s777|e300|es1|b1,not in trace,,not charged in original ledger; MAKE50 used current snapshot,237.41397619247437,results/make49/stage4_cache/dSprites.json:vae|dSprites|m64|s777|e300|es1|b1,,not available,300,True
dSprites,B6a_fondue,777,1.0,final,vae|dSprites|m4|s777|e300|es1|b1,vae|m4|e300|es1,133.61468291282654,"stage4_methods.json: (dSprites,B6a_fondue,777,1).trace[4]",133.56058168411255,results/make49/stage4_cache/dSprites.json:vae|dSprites|m4|s777|e300|es1|b1,True,not available,300,True
dSprites,B6a_fondue,2024,1.0,anchor,vae|dSprites|m64|s2024|e300|es1|b1,not in trace,,not charged in original ledger; MAKE50 used current snapshot,238.429931640625,results/make49/stage4_cache/dSprites.json:vae|dSprites|m64|s2024|e300|es1|b1,,not available,300,True
dSprites,B6a_fondue,2024,1.0,final,vae|dSprites|m4|s2024|e300|es1|b1,vae|m4|e300|es1,109.47373843193054,"stage4_methods.json: (dSprites,B6a_fondue,2024,1).trace[4]",109.51894187927246,results/make49/stage4_cache/dSprites.json:vae|dSprites|m4|s2024|e300|es1|b1,True,not available,300,True
dSprites,B6a_fondue,31337,1.0,anchor,vae|dSprites|m64|s31337|e300|es1|b1,not in trace,,not charged in original ledger; MAKE50 used current snapshot,223.92378115653992,results/make49/stage4_cache/dSprites.json:vae|dSprites|m64|s31337|e300|es1|b1,,not available,300,True
dSprites,B6a_fondue,31337,1.0,final,vae|dSprites|m4|s31337|e300|es1|b1,vae|m4|e300|es1,140.6351945400238,"stage4_methods.json: (dSprites,B6a_fondue,31337,1).trace[4]",140.21030020713806,results/make49/stage4_cache/dSprites.json:vae|dSprites|m4|s31337|e300|es1|b1,True,not available,300,True
dSprites,B6b_fondue_var,42,1.0,anchor,vae|dSprites|m64|s42|e300|es1|b1,not in trace,,not charged in original ledger; MAKE50 used current snapshot,253.12427306175232,results/make49/stage4_cache/dSprites.json:vae|dSprites|m64|s42|e300|es1|b1,,not available,300,True
dSprites,B6b_fondue_var,123,1.0,anchor,vae|dSprites|m64|s123|e300|es1|b1,not in trace,,not charged in original ledger; MAKE50 used current snapshot,235.1435785293579,results/make49/stage4_cache/dSprites.json:vae|dSprites|m64|s123|e300|es1|b1,,not available,300,True
dSprites,B6b_fondue_var,123,1.0,final,vae|dSprites|m114|s123|e300|es1|b1,vae|m114|e300|es1,300.3812201023102,"stage4_methods.json: (dSprites,B6b_fondue_var,123,1).trace[4]",,results/make49/stage4_cache/dSprites.json:vae|dSprites|m114|s123|e300|es1|b1,,not available,300,True
dSprites,B6b_fondue_var,777,1.0,anchor,vae|dSprites|m64|s777|e300|es1|b1,not in trace,,not charged in original ledger; MAKE50 used current snapshot,237.41397619247437,results/make49/stage4_cache/dSprites.json:vae|dSprites|m64|s777|e300|es1|b1,,not available,300,True
dSprites,B6b_fondue_var,777,1.0,final,vae|dSprites|m1|s777|e300|es1|b1,vae|m1|e300|es1,169.30702900886536,"stage4_methods.json: (dSprites,B6b_fondue_var,777,1).trace[4]",,results/make49/stage4_cache/dSprites.json:vae|dSprites|m1|s777|e300|es1|b1,,not available,300,True
dSprites,B6b_fondue_var,2024,1.0,anchor,vae|dSprites|m64|s2024|e300|es1|b1,not in trace,,not charged in original ledger; MAKE50 used current snapshot,238.429931640625,results/make49/stage4_cache/dSprites.json:vae|dSprites|m64|s2024|e300|es1|b1,,not available,300,True
dSprites,B6b_fondue_var,2024,1.0,final,vae|dSprites|m14|s2024|e300|es1|b1,vae|m14|e300|es1,271.7053062915802,"stage4_methods.json: (dSprites,B6b_fondue_var,2024,1).trace[1]",,results/make49/stage4_cache/dSprites.json:vae|dSprites|m14|s2024|e300|es1|b1,,not available,300,True
dSprites,B6b_fondue_var,31337,1.0,anchor,vae|dSprites|m64|s31337|e300|es1|b1,not in trace,,not charged in original ledger; MAKE50 used current snapshot,223.92378115653992,results/make49/stage4_cache/dSprites.json:vae|dSprites|m64|s31337|e300|es1|b1,,not available,300,True
dSprites,B6b_fondue_var,31337,1.0,final,vae|dSprites|m1|s31337|e300|es1|b1,vae|m1|e300|es1,116.73653411865234,"stage4_methods.json: (dSprites,B6b_fondue_var,31337,1).trace[3]",,results/make49/stage4_cache/dSprites.json:vae|dSprites|m1|s31337|e300|es1|b1,,not available,300,True
dSprites,B6b_fondue_var_keepmixed_false,42,1.0,anchor,vae|dSprites|m64|s42|e300|es1|b1,not in trace,,not charged in original ledger; MAKE50 used current snapshot,253.12427306175232,results/make49/stage4_cache/dSprites.json:vae|dSprites|m64|s42|e300|es1|b1,,not available,300,True
dSprites,B6b_fondue_var_keepmixed_false,123,1.0,anchor,vae|dSprites|m64|s123|e300|es1|b1,not in trace,,not charged in original ledger; MAKE50 used current snapshot,235.1435785293579,results/make49/stage4_cache/dSprites.json:vae|dSprites|m64|s123|e300|es1|b1,,not available,300,True
dSprites,B6b_fondue_var_keepmixed_false,777,1.0,anchor,vae|dSprites|m64|s777|e300|es1|b1,not in trace,,not charged in original ledger; MAKE50 used current snapshot,237.41397619247437,results/make49/stage4_cache/dSprites.json:vae|dSprites|m64|s777|e300|es1|b1,,not available,300,True
dSprites,B6b_fondue_var_keepmixed_false,777,1.0,final,vae|dSprites|m3|s777|e300|es1|b1,vae|m3|e300|es1,108.40859842300415,"stage4_methods.json: (dSprites,B6b_fondue_var_keepmixed_false,777,1).trace[1]",,results/make49/stage4_cache/dSprites.json:vae|dSprites|m3|s777|e300|es1|b1,,not available,300,True
dSprites,B6b_fondue_var_keepmixed_false,2024,1.0,anchor,vae|dSprites|m64|s2024|e300|es1|b1,not in trace,,not charged in original ledger; MAKE50 used current snapshot,238.429931640625,results/make49/stage4_cache/dSprites.json:vae|dSprites|m64|s2024|e300|es1|b1,,not available,300,True
dSprites,B6b_fondue_var_keepmixed_false,31337,1.0,anchor,vae|dSprites|m64|s31337|e300|es1|b1,not in trace,,not charged in original ledger; MAKE50 used current snapshot,223.92378115653992,results/make49/stage4_cache/dSprites.json:vae|dSprites|m64|s31337|e300|es1|b1,,not available,300,True
dSprites,B6b_fondue_var_keepmixed_false,31337,1.0,final,vae|dSprites|m3|s31337|e300|es1|b1,vae|m3|e300|es1,88.29803943634033,"stage4_methods.json: (dSprites,B6b_fondue_var_keepmixed_false,31337,1).trace[1]",,results/make49/stage4_cache/dSprites.json:vae|dSprites|m3|s31337|e300|es1|b1,,not available,300,True
dSprites,proposed,42,1.0,anchor,vae|dSprites|m64|s42|e300|es1|b1,vae|m64|e300|es1,253.17906951904297,"stage4_methods.json: (dSprites,proposed,42,1).trace[12]",253.12427306175232,results/make49/stage4_cache/dSprites.json:vae|dSprites|m64|s42|e300|es1|b1,,not available,300,True
dSprites,proposed,42,1.0,final,vae|dSprites|m64|s42|e300|es1|b1,vae|m64|e300|es1,253.17906951904297,"stage4_methods.json: (dSprites,proposed,42,1).trace[12]",253.12427306175232,results/make49/stage4_cache/dSprites.json:vae|dSprites|m64|s42|e300|es1|b1,True,not available,300,True
dSprites,proposed,123,1.0,anchor,vae|dSprites|m64|s123|e300|es1|b1,vae|m64|e300|es1,235.08916807174683,"stage4_methods.json: (dSprites,proposed,123,1).trace[12]",235.1435785293579,results/make49/stage4_cache/dSprites.json:vae|dSprites|m64|s123|e300|es1|b1,,not available,300,True
dSprites,proposed,123,1.0,final,vae|dSprites|m64|s123|e300|es1|b1,vae|m64|e300|es1,235.08916807174683,"stage4_methods.json: (dSprites,proposed,123,1).trace[12]",235.1435785293579,results/make49/stage4_cache/dSprites.json:vae|dSprites|m64|s123|e300|es1|b1,True,not available,300,True
dSprites,proposed,777,1.0,anchor,vae|dSprites|m64|s777|e300|es1|b1,vae|m64|e300|es1,237.57138800621033,"stage4_methods.json: (dSprites,proposed,777,1).trace[12]",237.41397619247437,results/make49/stage4_cache/dSprites.json:vae|dSprites|m64|s777|e300|es1|b1,,not available,300,True
dSprites,proposed,777,1.0,final,vae|dSprites|m64|s777|e300|es1|b1,vae|m64|e300|es1,237.57138800621033,"stage4_methods.json: (dSprites,proposed,777,1).trace[12]",237.41397619247437,results/make49/stage4_cache/dSprites.json:vae|dSprites|m64|s777|e300|es1|b1,True,not available,300,True
dSprites,proposed,2024,1.0,anchor,vae|dSprites|m64|s2024|e300|es1|b1,vae|m64|e300|es1,238.6376657485962,"stage4_methods.json: (dSprites,proposed,2024,1).trace[12]",238.429931640625,results/make49/stage4_cache/dSprites.json:vae|dSprites|m64|s2024|e300|es1|b1,,not available,300,True
dSprites,proposed,2024,1.0,final,vae|dSprites|m64|s2024|e300|es1|b1,vae|m64|e300|es1,238.6376657485962,"stage4_methods.json: (dSprites,proposed,2024,1).trace[12]",238.429931640625,results/make49/stage4_cache/dSprites.json:vae|dSprites|m64|s2024|e300|es1|b1,True,not available,300,True
dSprites,proposed,31337,1.0,anchor,vae|dSprites|m64|s31337|e300|es1|b1,vae|m64|e300|es1,224.15701627731323,"stage4_methods.json: (dSprites,proposed,31337,1).trace[12]",223.92378115653992,results/make49/stage4_cache/dSprites.json:vae|dSprites|m64|s31337|e300|es1|b1,,not available,300,True
dSprites,proposed,31337,1.0,final,vae|dSprites|m64|s31337|e300|es1|b1,vae|m64|e300|es1,224.15701627731323,"stage4_methods.json: (dSprites,proposed,31337,1).trace[12]",223.92378115653992,results/make49/stage4_cache/dSprites.json:vae|dSprites|m64|s31337|e300|es1|b1,True,not available,300,True
dSprites,proposed_minus_AU,42,1.0,anchor,vae|dSprites|m64|s42|e300|es1|b1,vae|m64|e300|es1,253.17906951904297,"stage4_methods.json: (dSprites,proposed_minus_AU,42,1).trace[12]",253.12427306175232,results/make49/stage4_cache/dSprites.json:vae|dSprites|m64|s42|e300|es1|b1,,not available,300,True
dSprites,proposed_minus_AU,42,1.0,final,vae|dSprites|m64|s42|e300|es1|b1,vae|m64|e300|es1,253.17906951904297,"stage4_methods.json: (dSprites,proposed_minus_AU,42,1).trace[12]",253.12427306175232,results/make49/stage4_cache/dSprites.json:vae|dSprites|m64|s42|e300|es1|b1,True,not available,300,True
dSprites,proposed_minus_AU,123,1.0,anchor,vae|dSprites|m64|s123|e300|es1|b1,vae|m64|e300|es1,235.08916807174683,"stage4_methods.json: (dSprites,proposed_minus_AU,123,1).trace[12]",235.1435785293579,results/make49/stage4_cache/dSprites.json:vae|dSprites|m64|s123|e300|es1|b1,,not available,300,True
dSprites,proposed_minus_AU,123,1.0,final,vae|dSprites|m64|s123|e300|es1|b1,vae|m64|e300|es1,235.08916807174683,"stage4_methods.json: (dSprites,proposed_minus_AU,123,1).trace[12]",235.1435785293579,results/make49/stage4_cache/dSprites.json:vae|dSprites|m64|s123|e300|es1|b1,True,not available,300,True
dSprites,proposed_minus_AU,777,1.0,anchor,vae|dSprites|m64|s777|e300|es1|b1,vae|m64|e300|es1,237.57138800621033,"stage4_methods.json: (dSprites,proposed_minus_AU,777,1).trace[12]",237.41397619247437,results/make49/stage4_cache/dSprites.json:vae|dSprites|m64|s777|e300|es1|b1,,not available,300,True
dSprites,proposed_minus_AU,777,1.0,final,vae|dSprites|m64|s777|e300|es1|b1,vae|m64|e300|es1,237.57138800621033,"stage4_methods.json: (dSprites,proposed_minus_AU,777,1).trace[12]",237.41397619247437,results/make49/stage4_cache/dSprites.json:vae|dSprites|m64|s777|e300|es1|b1,True,not available,300,True
dSprites,proposed_minus_AU,2024,1.0,anchor,vae|dSprites|m64|s2024|e300|es1|b1,vae|m64|e300|es1,238.6376657485962,"stage4_methods.json: (dSprites,proposed_minus_AU,2024,1).trace[12]",238.429931640625,results/make49/stage4_cache/dSprites.json:vae|dSprites|m64|s2024|e300|es1|b1,,not available,300,True
dSprites,proposed_minus_AU,2024,1.0,final,vae|dSprites|m64|s2024|e300|es1|b1,vae|m64|e300|es1,238.6376657485962,"stage4_methods.json: (dSprites,proposed_minus_AU,2024,1).trace[12]",238.429931640625,results/make49/stage4_cache/dSprites.json:vae|dSprites|m64|s2024|e300|es1|b1,True,not available,300,True
dSprites,proposed_minus_AU,31337,1.0,anchor,vae|dSprites|m64|s31337|e300|es1|b1,vae|m64|e300|es1,224.15701627731323,"stage4_methods.json: (dSprites,proposed_minus_AU,31337,1).trace[12]",223.92378115653992,results/make49/stage4_cache/dSprites.json:vae|dSprites|m64|s31337|e300|es1|b1,,not available,300,True
dSprites,proposed_minus_AU,31337,1.0,final,vae|dSprites|m64|s31337|e300|es1|b1,vae|m64|e300|es1,224.15701627731323,"stage4_methods.json: (dSprites,proposed_minus_AU,31337,1).trace[12]",223.92378115653992,results/make49/stage4_cache/dSprites.json:vae|dSprites|m64|s31337|e300|es1|b1,True,not available,300,True
dSprites,B4_plus_Q,42,1.0,anchor,vae|dSprites|m64|s42|e300|es1|b1,vae|m64|e300|es1,253.17906951904297,"stage4_methods.json: (dSprites,B4_plus_Q,42,1).trace[3]",253.12427306175232,results/make49/stage4_cache/dSprites.json:vae|dSprites|m64|s42|e300|es1|b1,,not available,300,True
dSprites,B4_plus_Q,42,1.0,final,vae|dSprites|m64|s42|e300|es1|b1,vae|m64|e300|es1,253.17906951904297,"stage4_methods.json: (dSprites,B4_plus_Q,42,1).trace[3]",253.12427306175232,results/make49/stage4_cache/dSprites.json:vae|dSprites|m64|s42|e300|es1|b1,True,not available,300,True
dSprites,B4_plus_Q,123,1.0,anchor,vae|dSprites|m64|s123|e300|es1|b1,vae|m64|e300|es1,235.08916807174683,"stage4_methods.json: (dSprites,B4_plus_Q,123,1).trace[3]",235.1435785293579,results/make49/stage4_cache/dSprites.json:vae|dSprites|m64|s123|e300|es1|b1,,not available,300,True
dSprites,B4_plus_Q,123,1.0,final,vae|dSprites|m64|s123|e300|es1|b1,vae|m64|e300|es1,235.08916807174683,"stage4_methods.json: (dSprites,B4_plus_Q,123,1).trace[3]",235.1435785293579,results/make49/stage4_cache/dSprites.json:vae|dSprites|m64|s123|e300|es1|b1,True,not available,300,True
dSprites,B4_plus_Q,777,1.0,anchor,vae|dSprites|m64|s777|e300|es1|b1,vae|m64|e300|es1,237.57138800621033,"stage4_methods.json: (dSprites,B4_plus_Q,777,1).trace[3]",237.41397619247437,results/make49/stage4_cache/dSprites.json:vae|dSprites|m64|s777|e300|es1|b1,,not available,300,True
dSprites,B4_plus_Q,777,1.0,final,vae|dSprites|m64|s777|e300|es1|b1,vae|m64|e300|es1,237.57138800621033,"stage4_methods.json: (dSprites,B4_plus_Q,777,1).trace[3]",237.41397619247437,results/make49/stage4_cache/dSprites.json:vae|dSprites|m64|s777|e300|es1|b1,True,not available,300,True
dSprites,B4_plus_Q,2024,1.0,anchor,vae|dSprites|m64|s2024|e300|es1|b1,vae|m64|e300|es1,238.6376657485962,"stage4_methods.json: (dSprites,B4_plus_Q,2024,1).trace[3]",238.429931640625,results/make49/stage4_cache/dSprites.json:vae|dSprites|m64|s2024|e300|es1|b1,,not available,300,True
dSprites,B4_plus_Q,2024,1.0,final,vae|dSprites|m64|s2024|e300|es1|b1,vae|m64|e300|es1,238.6376657485962,"stage4_methods.json: (dSprites,B4_plus_Q,2024,1).trace[3]",238.429931640625,results/make49/stage4_cache/dSprites.json:vae|dSprites|m64|s2024|e300|es1|b1,True,not available,300,True
dSprites,B4_plus_Q,31337,1.0,anchor,vae|dSprites|m64|s31337|e300|es1|b1,vae|m64|e300|es1,224.15701627731323,"stage4_methods.json: (dSprites,B4_plus_Q,31337,1).trace[3]",223.92378115653992,results/make49/stage4_cache/dSprites.json:vae|dSprites|m64|s31337|e300|es1|b1,,not available,300,True
dSprites,B4_plus_Q,31337,1.0,final,vae|dSprites|m64|s31337|e300|es1|b1,vae|m64|e300|es1,224.15701627731323,"stage4_methods.json: (dSprites,B4_plus_Q,31337,1).trace[3]",223.92378115653992,results/make49/stage4_cache/dSprites.json:vae|dSprites|m64|s31337|e300|es1|b1,True,not available,300,True
dSprites,B6a_plus_Q,42,1.0,anchor,vae|dSprites|m64|s42|e300|es1|b1,vae|m64|e300|es1,253.17906951904297,"stage4_methods.json: (dSprites,B6a_plus_Q,42,1).trace[4]",253.12427306175232,results/make49/stage4_cache/dSprites.json:vae|dSprites|m64|s42|e300|es1|b1,,not available,300,True
dSprites,B6a_plus_Q,42,1.0,final,vae|dSprites|m24|s42|e300|es1|b1,vae|m24|e300|es1,231.71648359298706,"stage4_methods.json: (dSprites,B6a_plus_Q,42,1).trace[11]",231.73644995689392,results/make49/stage4_cache/dSprites.json:vae|dSprites|m24|s42|e300|es1|b1,True,not available,300,True
dSprites,B6a_plus_Q,123,1.0,anchor,vae|dSprites|m64|s123|e300|es1|b1,vae|m64|e300|es1,235.08916807174683,"stage4_methods.json: (dSprites,B6a_plus_Q,123,1).trace[4]",235.1435785293579,results/make49/stage4_cache/dSprites.json:vae|dSprites|m64|s123|e300|es1|b1,,not available,300,True
dSprites,B6a_plus_Q,123,1.0,final,vae|dSprites|m20|s123|e300|es1|b1,vae|m20|e300|es1,243.597012758255,"stage4_methods.json: (dSprites,B6a_plus_Q,123,1).trace[11]",243.50525379180908,results/make49/stage4_cache/dSprites.json:vae|dSprites|m20|s123|e300|es1|b1,True,not available,300,True
dSprites,B6a_plus_Q,777,1.0,anchor,vae|dSprites|m64|s777|e300|es1|b1,vae|m64|e300|es1,237.57138800621033,"stage4_methods.json: (dSprites,B6a_plus_Q,777,1).trace[4]",237.41397619247437,results/make49/stage4_cache/dSprites.json:vae|dSprites|m64|s777|e300|es1|b1,,not available,300,True
dSprites,B6a_plus_Q,777,1.0,final,vae|dSprites|m16|s777|e300|es1|b1,vae|m16|e300|es1,206.82736921310425,"stage4_methods.json: (dSprites,B6a_plus_Q,777,1).trace[10]",206.617249250412,results/make49/stage4_cache/dSprites.json:vae|dSprites|m16|s777|e300|es1|b1,True,not available,300,True
dSprites,B6a_plus_Q,2024,1.0,anchor,vae|dSprites|m64|s2024|e300|es1|b1,vae|m64|e300|es1,238.6376657485962,"stage4_methods.json: (dSprites,B6a_plus_Q,2024,1).trace[4]",238.429931640625,results/make49/stage4_cache/dSprites.json:vae|dSprites|m64|s2024|e300|es1|b1,,not available,300,True
dSprites,B6a_plus_Q,2024,1.0,final,vae|dSprites|m16|s2024|e300|es1|b1,vae|m16|e300|es1,257.5146095752716,"stage4_methods.json: (dSprites,B6a_plus_Q,2024,1).trace[10]",257.24544954299927,results/make49/stage4_cache/dSprites.json:vae|dSprites|m16|s2024|e300|es1|b1,True,not available,300,True
dSprites,B6a_plus_Q,31337,1.0,anchor,vae|dSprites|m64|s31337|e300|es1|b1,vae|m64|e300|es1,224.15701627731323,"stage4_methods.json: (dSprites,B6a_plus_Q,31337,1).trace[4]",223.92378115653992,results/make49/stage4_cache/dSprites.json:vae|dSprites|m64|s31337|e300|es1|b1,,not available,300,True
dSprites,B6a_plus_Q,31337,1.0,final,vae|dSprites|m24|s31337|e300|es1|b1,vae|m24|e300|es1,193.26868391036987,"stage4_methods.json: (dSprites,B6a_plus_Q,31337,1).trace[12]",193.03637742996216,results/make49/stage4_cache/dSprites.json:vae|dSprites|m24|s31337|e300|es1|b1,True,not available,300,True
dSprites,B6b_plus_Q,42,1.0,anchor,vae|dSprites|m64|s42|e300|es1|b1,vae|m64|e300|es1,253.17906951904297,"stage4_methods.json: (dSprites,B6b_plus_Q,42,1).trace[1]",253.12427306175232,results/make49/stage4_cache/dSprites.json:vae|dSprites|m64|s42|e300|es1|b1,,not available,300,True
dSprites,B6b_plus_Q,42,1.0,final,vae|dSprites|m24|s42|e300|es1|b1,vae|m24|e300|es1,231.71648359298706,"stage4_methods.json: (dSprites,B6b_plus_Q,42,1).trace[10]",231.73644995689392,results/make49/stage4_cache/dSprites.json:vae|dSprites|m24|s42|e300|es1|b1,True,not available,300,True
dSprites,B6b_plus_Q,123,1.0,anchor,vae|dSprites|m64|s123|e300|es1|b1,vae|m64|e300|es1,235.08916807174683,"stage4_methods.json: (dSprites,B6b_plus_Q,123,1).trace[4]",235.1435785293579,results/make49/stage4_cache/dSprites.json:vae|dSprites|m64|s123|e300|es1|b1,,not available,300,True
dSprites,B6b_plus_Q,123,1.0,final,vae|dSprites|m64|s123|e300|es1|b1,vae|m64|e300|es1,235.08916807174683,"stage4_methods.json: (dSprites,B6b_plus_Q,123,1).trace[4]",235.1435785293579,results/make49/stage4_cache/dSprites.json:vae|dSprites|m64|s123|e300|es1|b1,True,not available,300,True
dSprites,B6b_plus_Q,777,1.0,anchor,vae|dSprites|m64|s777|e300|es1|b1,vae|m64|e300|es1,237.57138800621033,"stage4_methods.json: (dSprites,B6b_plus_Q,777,1).trace[4]",237.41397619247437,results/make49/stage4_cache/dSprites.json:vae|dSprites|m64|s777|e300|es1|b1,,not available,300,True
dSprites,B6b_plus_Q,777,1.0,final,vae|dSprites|m16|s777|e300|es1|b1,vae|m16|e300|es1,206.82736921310425,"stage4_methods.json: (dSprites,B6b_plus_Q,777,1).trace[11]",206.617249250412,results/make49/stage4_cache/dSprites.json:vae|dSprites|m16|s777|e300|es1|b1,True,not available,300,True
dSprites,B6b_plus_Q,2024,1.0,anchor,vae|dSprites|m64|s2024|e300|es1|b1,vae|m64|e300|es1,238.6376657485962,"stage4_methods.json: (dSprites,B6b_plus_Q,2024,1).trace[1]",238.429931640625,results/make49/stage4_cache/dSprites.json:vae|dSprites|m64|s2024|e300|es1|b1,,not available,300,True
dSprites,B6b_plus_Q,2024,1.0,final,vae|dSprites|m16|s2024|e300|es1|b1,vae|m16|e300|es1,257.5146095752716,"stage4_methods.json: (dSprites,B6b_plus_Q,2024,1).trace[2]",257.24544954299927,results/make49/stage4_cache/dSprites.json:vae|dSprites|m16|s2024|e300|es1|b1,True,not available,300,True
dSprites,B6b_plus_Q,31337,1.0,anchor,vae|dSprites|m64|s31337|e300|es1|b1,vae|m64|e300|es1,224.15701627731323,"stage4_methods.json: (dSprites,B6b_plus_Q,31337,1).trace[3]",223.92378115653992,results/make49/stage4_cache/dSprites.json:vae|dSprites|m64|s31337|e300|es1|b1,,not available,300,True
dSprites,B6b_plus_Q,31337,1.0,final,vae|dSprites|m24|s31337|e300|es1|b1,vae|m24|e300|es1,193.26868391036987,"stage4_methods.json: (dSprites,B6b_plus_Q,31337,1).trace[12]",193.03637742996216,results/make49/stage4_cache/dSprites.json:vae|dSprites|m24|s31337|e300|es1|b1,True,not available,300,True
MNIST,ascending_scan_Q,42,1.0,anchor,vae|MNIST|m64|s42|e300|es1|b1,vae|m64|e300|es1,68.16339802742004,"stage4_methods.json: (MNIST,ascending_scan_Q,42,1).trace[0]",66.05860233306885,results/make49/stage4_cache/MNIST.json:vae|MNIST|m64|s42|e300|es1|b1,,not available,300,True
MNIST,ascending_scan_Q,42,1.0,final,vae|MNIST|m6|s42|e300|es1|b1,vae|m6|e300|es1,34.88194274902344,"stage4_methods.json: (MNIST,ascending_scan_Q,42,1).trace[3]",35.225024700164795,results/make49/stage4_cache/MNIST.json:vae|MNIST|m6|s42|e300|es1|b1,True,not available,300,True
MNIST,ascending_scan_Q,123,1.0,anchor,vae|MNIST|m64|s123|e300|es1|b1,vae|m64|e300|es1,50.964011669158936,"stage4_methods.json: (MNIST,ascending_scan_Q,123,1).trace[0]",45.33538007736206,results/make49/stage4_cache/MNIST.json:vae|MNIST|m64|s123|e300|es1|b1,,not available,300,True
MNIST,ascending_scan_Q,123,1.0,final,vae|MNIST|m6|s123|e300|es1|b1,vae|m6|e300|es1,36.370163679122925,"stage4_methods.json: (MNIST,ascending_scan_Q,123,1).trace[3]",36.609304428100586,results/make49/stage4_cache/MNIST.json:vae|MNIST|m6|s123|e300|es1|b1,True,not available,300,True
MNIST,ascending_scan_Q,777,1.0,anchor,vae|MNIST|m64|s777|e300|es1|b1,vae|m64|e300|es1,74.62458491325378,"stage4_methods.json: (MNIST,ascending_scan_Q,777,1).trace[0]",66.14485359191895,results/make49/stage4_cache/MNIST.json:vae|MNIST|m64|s777|e300|es1|b1,,not available,300,True
MNIST,ascending_scan_Q,777,1.0,final,vae|MNIST|m6|s777|e300|es1|b1,vae|m6|e300|es1,40.47106862068176,"stage4_methods.json: (MNIST,ascending_scan_Q,777,1).trace[3]",37.029944896698,results/make49/stage4_cache/MNIST.json:vae|MNIST|m6|s777|e300|es1|b1,True,not available,300,True
MNIST,ascending_scan_Q,2024,1.0,anchor,vae|MNIST|m64|s2024|e300|es1|b1,vae|m64|e300|es1,71.89669346809387,"stage4_methods.json: (MNIST,ascending_scan_Q,2024,1).trace[0]",62.86958146095276,results/make49/stage4_cache/MNIST.json:vae|MNIST|m64|s2024|e300|es1|b1,,not available,300,True
MNIST,ascending_scan_Q,2024,1.0,final,vae|MNIST|m6|s2024|e300|es1|b1,vae|m6|e300|es1,42.657224893569946,"stage4_methods.json: (MNIST,ascending_scan_Q,2024,1).trace[3]",38.03678321838379,results/make49/stage4_cache/MNIST.json:vae|MNIST|m6|s2024|e300|es1|b1,True,not available,300,True
MNIST,ascending_scan_Q,31337,1.0,anchor,vae|MNIST|m64|s31337|e300|es1|b1,vae|m64|e300|es1,80.74756026268005,"stage4_methods.json: (MNIST,ascending_scan_Q,31337,1).trace[0]",72.526198387146,results/make49/stage4_cache/MNIST.json:vae|MNIST|m64|s31337|e300|es1|b1,,not available,300,True
MNIST,ascending_scan_Q,31337,1.0,final,vae|MNIST|m6|s31337|e300|es1|b1,vae|m6|e300|es1,45.27628445625305,"stage4_methods.json: (MNIST,ascending_scan_Q,31337,1).trace[3]",41.02596306800842,results/make49/stage4_cache/MNIST.json:vae|MNIST|m6|s31337|e300|es1|b1,True,not available,300,True
dSprites,ascending_scan_Q,42,1.0,anchor,vae|dSprites|m64|s42|e300|es1|b1,vae|m64|e300|es1,253.17906951904297,"stage4_methods.json: (dSprites,ascending_scan_Q,42,1).trace[0]",253.12427306175232,results/make49/stage4_cache/dSprites.json:vae|dSprites|m64|s42|e300|es1|b1,,not available,300,True
dSprites,ascending_scan_Q,42,1.0,final,vae|dSprites|m24|s42|e300|es1|b1,vae|m24|e300|es1,231.71648359298706,"stage4_methods.json: (dSprites,ascending_scan_Q,42,1).trace[9]",231.73644995689392,results/make49/stage4_cache/dSprites.json:vae|dSprites|m24|s42|e300|es1|b1,True,not available,300,True
dSprites,ascending_scan_Q,123,1.0,anchor,vae|dSprites|m64|s123|e300|es1|b1,vae|m64|e300|es1,235.08916807174683,"stage4_methods.json: (dSprites,ascending_scan_Q,123,1).trace[0]",235.1435785293579,results/make49/stage4_cache/dSprites.json:vae|dSprites|m64|s123|e300|es1|b1,,not available,300,True
dSprites,ascending_scan_Q,123,1.0,final,vae|dSprites|m20|s123|e300|es1|b1,vae|m20|e300|es1,243.597012758255,"stage4_methods.json: (dSprites,ascending_scan_Q,123,1).trace[8]",243.50525379180908,results/make49/stage4_cache/dSprites.json:vae|dSprites|m20|s123|e300|es1|b1,True,not available,300,True
dSprites,ascending_scan_Q,777,1.0,anchor,vae|dSprites|m64|s777|e300|es1|b1,vae|m64|e300|es1,237.57138800621033,"stage4_methods.json: (dSprites,ascending_scan_Q,777,1).trace[0]",237.41397619247437,results/make49/stage4_cache/dSprites.json:vae|dSprites|m64|s777|e300|es1|b1,,not available,300,True
dSprites,ascending_scan_Q,777,1.0,final,vae|dSprites|m16|s777|e300|es1|b1,vae|m16|e300|es1,206.82736921310425,"stage4_methods.json: (dSprites,ascending_scan_Q,777,1).trace[7]",206.617249250412,results/make49/stage4_cache/dSprites.json:vae|dSprites|m16|s777|e300|es1|b1,True,not available,300,True
dSprites,ascending_scan_Q,2024,1.0,anchor,vae|dSprites|m64|s2024|e300|es1|b1,vae|m64|e300|es1,238.6376657485962,"stage4_methods.json: (dSprites,ascending_scan_Q,2024,1).trace[0]",238.429931640625,results/make49/stage4_cache/dSprites.json:vae|dSprites|m64|s2024|e300|es1|b1,,not available,300,True
dSprites,ascending_scan_Q,2024,1.0,final,vae|dSprites|m16|s2024|e300|es1|b1,vae|m16|e300|es1,257.5146095752716,"stage4_methods.json: (dSprites,ascending_scan_Q,2024,1).trace[7]",257.24544954299927,results/make49/stage4_cache/dSprites.json:vae|dSprites|m16|s2024|e300|es1|b1,True,not available,300,True
dSprites,ascending_scan_Q,31337,1.0,anchor,vae|dSprites|m64|s31337|e300|es1|b1,vae|m64|e300|es1,224.15701627731323,"stage4_methods.json: (dSprites,ascending_scan_Q,31337,1).trace[0]",223.92378115653992,results/make49/stage4_cache/dSprites.json:vae|dSprites|m64|s31337|e300|es1|b1,,not available,300,True
dSprites,ascending_scan_Q,31337,1.0,final,vae|dSprites|m24|s31337|e300|es1|b1,vae|m24|e300|es1,193.26868391036987,"stage4_methods.json: (dSprites,ascending_scan_Q,31337,1).trace[9]",193.03637742996216,results/make49/stage4_cache/dSprites.json:vae|dSprites|m24|s31337|e300|es1|b1,True,not available,300,True
CIFAR10,B1_full_mse,42,1.0,anchor,vae|CIFAR10|m256|s42|e300|es1|b1,vae|m256|e300|es1,52.41294550895691,"stage4_methods.json: (CIFAR10,B1_full_mse,42,1).trace[9]",52.41294550895691,results/make49/stage4_cache/CIFAR10.json:vae|CIFAR10|m256|s42|e300|es1|b1,,not available,300,True
CIFAR10,B1_full_mse,42,1.0,final,vae|CIFAR10|m192|s42|e300|es1|b1,vae|m192|e300|es1,53.54652643203735,"stage4_methods.json: (CIFAR10,B1_full_mse,42,1).trace[8]",53.54652643203735,results/make49/stage4_cache/CIFAR10.json:vae|CIFAR10|m192|s42|e300|es1|b1,True,not available,300,True
CIFAR10,B1_full_mse,123,1.0,anchor,vae|CIFAR10|m256|s123|e300|es1|b1,vae|m256|e300|es1,46.40355634689331,"stage4_methods.json: (CIFAR10,B1_full_mse,123,1).trace[9]",46.40355634689331,results/make49/stage4_cache/CIFAR10.json:vae|CIFAR10|m256|s123|e300|es1|b1,,not available,300,True
CIFAR10,B1_full_mse,123,1.0,final,vae|CIFAR10|m128|s123|e300|es1|b1,vae|m128|e300|es1,51.49451804161072,"stage4_methods.json: (CIFAR10,B1_full_mse,123,1).trace[7]",51.49451804161072,results/make49/stage4_cache/CIFAR10.json:vae|CIFAR10|m128|s123|e300|es1|b1,True,not available,300,True
CIFAR10,B1_full_mse,777,1.0,anchor,vae|CIFAR10|m256|s777|e300|es1|b1,vae|m256|e300|es1,42.488953590393066,"stage4_methods.json: (CIFAR10,B1_full_mse,777,1).trace[9]",42.488953590393066,results/make49/stage4_cache/CIFAR10.json:vae|CIFAR10|m256|s777|e300|es1|b1,,not available,300,True
CIFAR10,B1_full_mse,777,1.0,final,vae|CIFAR10|m128|s777|e300|es1|b1,vae|m128|e300|es1,52.598342180252075,"stage4_methods.json: (CIFAR10,B1_full_mse,777,1).trace[7]",52.598342180252075,results/make49/stage4_cache/CIFAR10.json:vae|CIFAR10|m128|s777|e300|es1|b1,True,not available,300,True
CIFAR10,B1_full_mse,2024,1.0,anchor,vae|CIFAR10|m256|s2024|e300|es1|b1,vae|m256|e300|es1,52.974677085876465,"stage4_methods.json: (CIFAR10,B1_full_mse,2024,1).trace[9]",52.974677085876465,results/make49/stage4_cache/CIFAR10.json:vae|CIFAR10|m256|s2024|e300|es1|b1,,not available,300,True
CIFAR10,B1_full_mse,2024,1.0,final,vae|CIFAR10|m192|s2024|e300|es1|b1,vae|m192|e300|es1,68.47880387306213,"stage4_methods.json: (CIFAR10,B1_full_mse,2024,1).trace[8]",68.47880387306213,results/make49/stage4_cache/CIFAR10.json:vae|CIFAR10|m192|s2024|e300|es1|b1,True,not available,300,True
CIFAR10,B1_full_mse,31337,1.0,anchor,vae|CIFAR10|m256|s31337|e300|es1|b1,vae|m256|e300|es1,67.78465390205383,"stage4_methods.json: (CIFAR10,B1_full_mse,31337,1).trace[9]",67.78465390205383,results/make49/stage4_cache/CIFAR10.json:vae|CIFAR10|m256|s31337|e300|es1|b1,,not available,300,True
CIFAR10,B1_full_mse,31337,1.0,final,vae|CIFAR10|m64|s31337|e300|es1|b1,vae|m64|e300|es1,51.42488217353821,"stage4_methods.json: (CIFAR10,B1_full_mse,31337,1).trace[5]",51.42488217353821,results/make49/stage4_cache/CIFAR10.json:vae|CIFAR10|m64|s31337|e300|es1|b1,True,not available,300,True
CIFAR10,B2_full_elbo,42,1.0,anchor,vae|CIFAR10|m256|s42|e300|es1|b1,vae|m256|e300|es1,52.41294550895691,"stage4_methods.json: (CIFAR10,B2_full_elbo,42,1).trace[9]",52.41294550895691,results/make49/stage4_cache/CIFAR10.json:vae|CIFAR10|m256|s42|e300|es1|b1,,not available,300,True
CIFAR10,B2_full_elbo,42,1.0,final,vae|CIFAR10|m192|s42|e300|es1|b1,vae|m192|e300|es1,53.54652643203735,"stage4_methods.json: (CIFAR10,B2_full_elbo,42,1).trace[8]",53.54652643203735,results/make49/stage4_cache/CIFAR10.json:vae|CIFAR10|m192|s42|e300|es1|b1,True,not available,300,True
CIFAR10,B2_full_elbo,123,1.0,anchor,vae|CIFAR10|m256|s123|e300|es1|b1,vae|m256|e300|es1,46.40355634689331,"stage4_methods.json: (CIFAR10,B2_full_elbo,123,1).trace[9]",46.40355634689331,results/make49/stage4_cache/CIFAR10.json:vae|CIFAR10|m256|s123|e300|es1|b1,,not available,300,True
CIFAR10,B2_full_elbo,123,1.0,final,vae|CIFAR10|m128|s123|e300|es1|b1,vae|m128|e300|es1,51.49451804161072,"stage4_methods.json: (CIFAR10,B2_full_elbo,123,1).trace[7]",51.49451804161072,results/make49/stage4_cache/CIFAR10.json:vae|CIFAR10|m128|s123|e300|es1|b1,True,not available,300,True
CIFAR10,B2_full_elbo,777,1.0,anchor,vae|CIFAR10|m256|s777|e300|es1|b1,vae|m256|e300|es1,42.488953590393066,"stage4_methods.json: (CIFAR10,B2_full_elbo,777,1).trace[9]",42.488953590393066,results/make49/stage4_cache/CIFAR10.json:vae|CIFAR10|m256|s777|e300|es1|b1,,not available,300,True
CIFAR10,B2_full_elbo,777,1.0,final,vae|CIFAR10|m192|s777|e300|es1|b1,vae|m192|e300|es1,55.222060441970825,"stage4_methods.json: (CIFAR10,B2_full_elbo,777,1).trace[8]",55.222060441970825,results/make49/stage4_cache/CIFAR10.json:vae|CIFAR10|m192|s777|e300|es1|b1,True,not available,300,True
CIFAR10,B2_full_elbo,2024,1.0,anchor,vae|CIFAR10|m256|s2024|e300|es1|b1,vae|m256|e300|es1,52.974677085876465,"stage4_methods.json: (CIFAR10,B2_full_elbo,2024,1).trace[9]",52.974677085876465,results/make49/stage4_cache/CIFAR10.json:vae|CIFAR10|m256|s2024|e300|es1|b1,,not available,300,True
CIFAR10,B2_full_elbo,2024,1.0,final,vae|CIFAR10|m192|s2024|e300|es1|b1,vae|m192|e300|es1,68.47880387306213,"stage4_methods.json: (CIFAR10,B2_full_elbo,2024,1).trace[8]",68.47880387306213,results/make49/stage4_cache/CIFAR10.json:vae|CIFAR10|m192|s2024|e300|es1|b1,True,not available,300,True
CIFAR10,B2_full_elbo,31337,1.0,anchor,vae|CIFAR10|m256|s31337|e300|es1|b1,vae|m256|e300|es1,67.78465390205383,"stage4_methods.json: (CIFAR10,B2_full_elbo,31337,1).trace[9]",67.78465390205383,results/make49/stage4_cache/CIFAR10.json:vae|CIFAR10|m256|s31337|e300|es1|b1,,not available,300,True
CIFAR10,B2_full_elbo,31337,1.0,final,vae|CIFAR10|m256|s31337|e300|es1|b1,vae|m256|e300|es1,67.78465390205383,"stage4_methods.json: (CIFAR10,B2_full_elbo,31337,1).trace[9]",67.78465390205383,results/make49/stage4_cache/CIFAR10.json:vae|CIFAR10|m256|s31337|e300|es1|b1,True,not available,300,True
CIFAR10,B3_full_downstream,42,1.0,anchor,vae|CIFAR10|m256|s42|e300|es1|b1,vae|m256|e300|es1,52.41294550895691,"stage4_methods.json: (CIFAR10,B3_full_downstream,42,1).trace[9]",52.41294550895691,results/make49/stage4_cache/CIFAR10.json:vae|CIFAR10|m256|s42|e300|es1|b1,,not available,300,True
CIFAR10,B3_full_downstream,42,1.0,final,vae|CIFAR10|m256|s42|e300|es1|b1,vae|m256|e300|es1,52.41294550895691,"stage4_methods.json: (CIFAR10,B3_full_downstream,42,1).trace[9]",52.41294550895691,results/make49/stage4_cache/CIFAR10.json:vae|CIFAR10|m256|s42|e300|es1|b1,True,not available,300,True
CIFAR10,B3_full_downstream,123,1.0,anchor,vae|CIFAR10|m256|s123|e300|es1|b1,vae|m256|e300|es1,46.40355634689331,"stage4_methods.json: (CIFAR10,B3_full_downstream,123,1).trace[9]",46.40355634689331,results/make49/stage4_cache/CIFAR10.json:vae|CIFAR10|m256|s123|e300|es1|b1,,not available,300,True
CIFAR10,B3_full_downstream,123,1.0,final,vae|CIFAR10|m256|s123|e300|es1|b1,vae|m256|e300|es1,46.40355634689331,"stage4_methods.json: (CIFAR10,B3_full_downstream,123,1).trace[9]",46.40355634689331,results/make49/stage4_cache/CIFAR10.json:vae|CIFAR10|m256|s123|e300|es1|b1,True,not available,300,True
CIFAR10,B3_full_downstream,777,1.0,anchor,vae|CIFAR10|m256|s777|e300|es1|b1,vae|m256|e300|es1,42.488953590393066,"stage4_methods.json: (CIFAR10,B3_full_downstream,777,1).trace[9]",42.488953590393066,results/make49/stage4_cache/CIFAR10.json:vae|CIFAR10|m256|s777|e300|es1|b1,,not available,300,True
CIFAR10,B3_full_downstream,777,1.0,final,vae|CIFAR10|m256|s777|e300|es1|b1,vae|m256|e300|es1,42.488953590393066,"stage4_methods.json: (CIFAR10,B3_full_downstream,777,1).trace[9]",42.488953590393066,results/make49/stage4_cache/CIFAR10.json:vae|CIFAR10|m256|s777|e300|es1|b1,True,not available,300,True
CIFAR10,B3_full_downstream,2024,1.0,anchor,vae|CIFAR10|m256|s2024|e300|es1|b1,vae|m256|e300|es1,52.974677085876465,"stage4_methods.json: (CIFAR10,B3_full_downstream,2024,1).trace[9]",52.974677085876465,results/make49/stage4_cache/CIFAR10.json:vae|CIFAR10|m256|s2024|e300|es1|b1,,not available,300,True
CIFAR10,B3_full_downstream,2024,1.0,final,vae|CIFAR10|m256|s2024|e300|es1|b1,vae|m256|e300|es1,52.974677085876465,"stage4_methods.json: (CIFAR10,B3_full_downstream,2024,1).trace[9]",52.974677085876465,results/make49/stage4_cache/CIFAR10.json:vae|CIFAR10|m256|s2024|e300|es1|b1,True,not available,300,True
CIFAR10,B3_full_downstream,31337,1.0,anchor,vae|CIFAR10|m256|s31337|e300|es1|b1,vae|m256|e300|es1,67.78465390205383,"stage4_methods.json: (CIFAR10,B3_full_downstream,31337,1).trace[9]",67.78465390205383,results/make49/stage4_cache/CIFAR10.json:vae|CIFAR10|m256|s31337|e300|es1|b1,,not available,300,True
CIFAR10,B3_full_downstream,31337,1.0,final,vae|CIFAR10|m256|s31337|e300|es1|b1,vae|m256|e300|es1,67.78465390205383,"stage4_methods.json: (CIFAR10,B3_full_downstream,31337,1).trace[9]",67.78465390205383,results/make49/stage4_cache/CIFAR10.json:vae|CIFAR10|m256|s31337|e300|es1|b1,True,not available,300,True
CIFAR10,B4_coarse,42,1.0,anchor,vae|CIFAR10|m256|s42|e300|es1|b1,vae|m256|e300|es1,52.41294550895691,"stage4_methods.json: (CIFAR10,B4_coarse,42,1).trace[3]",52.41294550895691,results/make49/stage4_cache/CIFAR10.json:vae|CIFAR10|m256|s42|e300|es1|b1,,not available,300,True
CIFAR10,B4_coarse,42,1.0,final,vae|CIFAR10|m48|s42|e300|es1|b1,vae|m48|e300|es1,36.872204065322876,"stage4_methods.json: (CIFAR10,B4_coarse,42,1).trace[2]",36.872204065322876,results/make49/stage4_cache/CIFAR10.json:vae|CIFAR10|m48|s42|e300|es1|b1,True,not available,300,True
CIFAR10,B4_coarse,123,1.0,anchor,vae|CIFAR10|m256|s123|e300|es1|b1,vae|m256|e300|es1,46.40355634689331,"stage4_methods.json: (CIFAR10,B4_coarse,123,1).trace[3]",46.40355634689331,results/make49/stage4_cache/CIFAR10.json:vae|CIFAR10|m256|s123|e300|es1|b1,,not available,300,True
CIFAR10,B4_coarse,123,1.0,final,vae|CIFAR10|m256|s123|e300|es1|b1,vae|m256|e300|es1,46.40355634689331,"stage4_methods.json: (CIFAR10,B4_coarse,123,1).trace[3]",46.40355634689331,results/make49/stage4_cache/CIFAR10.json:vae|CIFAR10|m256|s123|e300|es1|b1,True,not available,300,True
CIFAR10,B4_coarse,777,1.0,anchor,vae|CIFAR10|m256|s777|e300|es1|b1,vae|m256|e300|es1,42.488953590393066,"stage4_methods.json: (CIFAR10,B4_coarse,777,1).trace[3]",42.488953590393066,results/make49/stage4_cache/CIFAR10.json:vae|CIFAR10|m256|s777|e300|es1|b1,,not available,300,True
CIFAR10,B4_coarse,777,1.0,final,vae|CIFAR10|m48|s777|e300|es1|b1,vae|m48|e300|es1,40.8109130859375,"stage4_methods.json: (CIFAR10,B4_coarse,777,1).trace[2]",40.8109130859375,results/make49/stage4_cache/CIFAR10.json:vae|CIFAR10|m48|s777|e300|es1|b1,True,not available,300,True
CIFAR10,B4_coarse,2024,1.0,anchor,vae|CIFAR10|m256|s2024|e300|es1|b1,vae|m256|e300|es1,52.974677085876465,"stage4_methods.json: (CIFAR10,B4_coarse,2024,1).trace[3]",52.974677085876465,results/make49/stage4_cache/CIFAR10.json:vae|CIFAR10|m256|s2024|e300|es1|b1,,not available,300,True
CIFAR10,B4_coarse,2024,1.0,final,vae|CIFAR10|m256|s2024|e300|es1|b1,vae|m256|e300|es1,52.974677085876465,"stage4_methods.json: (CIFAR10,B4_coarse,2024,1).trace[3]",52.974677085876465,results/make49/stage4_cache/CIFAR10.json:vae|CIFAR10|m256|s2024|e300|es1|b1,True,not available,300,True
CIFAR10,B4_coarse,31337,1.0,anchor,vae|CIFAR10|m256|s31337|e300|es1|b1,vae|m256|e300|es1,67.78465390205383,"stage4_methods.json: (CIFAR10,B4_coarse,31337,1).trace[3]",67.78465390205383,results/make49/stage4_cache/CIFAR10.json:vae|CIFAR10|m256|s31337|e300|es1|b1,,not available,300,True
CIFAR10,B4_coarse,31337,1.0,final,vae|CIFAR10|m48|s31337|e300|es1|b1,vae|m48|e300|es1,51.59356212615967,"stage4_methods.json: (CIFAR10,B4_coarse,31337,1).trace[2]",51.59356212615967,results/make49/stage4_cache/CIFAR10.json:vae|CIFAR10|m48|s31337|e300|es1|b1,True,not available,300,True
CIFAR10,B5_fixed32,42,1.0,anchor,vae|CIFAR10|m256|s42|e300|es1|b1,not in trace,,not charged in original ledger; MAKE50 used current snapshot,52.41294550895691,results/make49/stage4_cache/CIFAR10.json:vae|CIFAR10|m256|s42|e300|es1|b1,,not available,300,True
CIFAR10,B5_fixed32,42,1.0,final,vae|CIFAR10|m32|s42|e300|es1|b1,vae|m32|e300|es1,43.172492027282715,"stage4_methods.json: (CIFAR10,B5_fixed32,42,1).trace[0]",43.172492027282715,results/make49/stage4_cache/CIFAR10.json:vae|CIFAR10|m32|s42|e300|es1|b1,True,not available,300,True
CIFAR10,B5_fixed32,123,1.0,anchor,vae|CIFAR10|m256|s123|e300|es1|b1,not in trace,,not charged in original ledger; MAKE50 used current snapshot,46.40355634689331,results/make49/stage4_cache/CIFAR10.json:vae|CIFAR10|m256|s123|e300|es1|b1,,not available,300,True
CIFAR10,B5_fixed32,123,1.0,final,vae|CIFAR10|m32|s123|e300|es1|b1,vae|m32|e300|es1,58.99045205116272,"stage4_methods.json: (CIFAR10,B5_fixed32,123,1).trace[0]",58.99045205116272,results/make49/stage4_cache/CIFAR10.json:vae|CIFAR10|m32|s123|e300|es1|b1,True,not available,300,True
CIFAR10,B5_fixed32,777,1.0,anchor,vae|CIFAR10|m256|s777|e300|es1|b1,not in trace,,not charged in original ledger; MAKE50 used current snapshot,42.488953590393066,results/make49/stage4_cache/CIFAR10.json:vae|CIFAR10|m256|s777|e300|es1|b1,,not available,300,True
CIFAR10,B5_fixed32,777,1.0,final,vae|CIFAR10|m32|s777|e300|es1|b1,vae|m32|e300|es1,34.96755576133728,"stage4_methods.json: (CIFAR10,B5_fixed32,777,1).trace[0]",34.96755576133728,results/make49/stage4_cache/CIFAR10.json:vae|CIFAR10|m32|s777|e300|es1|b1,True,not available,300,True
CIFAR10,B5_fixed32,2024,1.0,anchor,vae|CIFAR10|m256|s2024|e300|es1|b1,not in trace,,not charged in original ledger; MAKE50 used current snapshot,52.974677085876465,results/make49/stage4_cache/CIFAR10.json:vae|CIFAR10|m256|s2024|e300|es1|b1,,not available,300,True
CIFAR10,B5_fixed32,2024,1.0,final,vae|CIFAR10|m32|s2024|e300|es1|b1,vae|m32|e300|es1,45.255619764328,"stage4_methods.json: (CIFAR10,B5_fixed32,2024,1).trace[0]",45.255619764328,results/make49/stage4_cache/CIFAR10.json:vae|CIFAR10|m32|s2024|e300|es1|b1,True,not available,300,True
CIFAR10,B5_fixed32,31337,1.0,anchor,vae|CIFAR10|m256|s31337|e300|es1|b1,not in trace,,not charged in original ledger; MAKE50 used current snapshot,67.78465390205383,results/make49/stage4_cache/CIFAR10.json:vae|CIFAR10|m256|s31337|e300|es1|b1,,not available,300,True
CIFAR10,B5_fixed32,31337,1.0,final,vae|CIFAR10|m32|s31337|e300|es1|b1,vae|m32|e300|es1,45.28669619560242,"stage4_methods.json: (CIFAR10,B5_fixed32,31337,1).trace[0]",45.28669619560242,results/make49/stage4_cache/CIFAR10.json:vae|CIFAR10|m32|s31337|e300|es1|b1,True,not available,300,True
CIFAR10,B6a_fondue,42,1.0,anchor,vae|CIFAR10|m256|s42|e300|es1|b1,not in trace,,not charged in original ledger; MAKE50 used current snapshot,52.41294550895691,results/make49/stage4_cache/CIFAR10.json:vae|CIFAR10|m256|s42|e300|es1|b1,,not available,300,True
CIFAR10,B6a_fondue,42,1.0,final,vae|CIFAR10|m14|s42|e300|es1|b1,vae|m14|e300|es1,46.74029016494751,"stage4_methods.json: (CIFAR10,B6a_fondue,42,1).trace[6]",46.74029016494751,results/make49/stage4_cache/CIFAR10.json:vae|CIFAR10|m14|s42|e300|es1|b1,True,not available,300,True
CIFAR10,B6a_fondue,123,1.0,anchor,vae|CIFAR10|m256|s123|e300|es1|b1,not in trace,,not charged in original ledger; MAKE50 used current snapshot,46.40355634689331,results/make49/stage4_cache/CIFAR10.json:vae|CIFAR10|m256|s123|e300|es1|b1,,not available,300,True
CIFAR10,B6a_fondue,123,1.0,final,vae|CIFAR10|m14|s123|e300|es1|b1,vae|m14|e300|es1,53.07205414772034,"stage4_methods.json: (CIFAR10,B6a_fondue,123,1).trace[6]",53.07205414772034,results/make49/stage4_cache/CIFAR10.json:vae|CIFAR10|m14|s123|e300|es1|b1,True,not available,300,True
CIFAR10,B6a_fondue,777,1.0,anchor,vae|CIFAR10|m256|s777|e300|es1|b1,not in trace,,not charged in original ledger; MAKE50 used current snapshot,42.488953590393066,results/make49/stage4_cache/CIFAR10.json:vae|CIFAR10|m256|s777|e300|es1|b1,,not available,300,True
CIFAR10,B6a_fondue,777,1.0,final,vae|CIFAR10|m15|s777|e300|es1|b1,vae|m15|e300|es1,36.349729776382446,"stage4_methods.json: (CIFAR10,B6a_fondue,777,1).trace[5]",36.349729776382446,results/make49/stage4_cache/CIFAR10.json:vae|CIFAR10|m15|s777|e300|es1|b1,True,not available,300,True
CIFAR10,B6a_fondue,2024,1.0,anchor,vae|CIFAR10|m256|s2024|e300|es1|b1,not in trace,,not charged in original ledger; MAKE50 used current snapshot,52.974677085876465,results/make49/stage4_cache/CIFAR10.json:vae|CIFAR10|m256|s2024|e300|es1|b1,,not available,300,True
CIFAR10,B6a_fondue,2024,1.0,final,vae|CIFAR10|m14|s2024|e300|es1|b1,vae|m14|e300|es1,61.33884286880493,"stage4_methods.json: (CIFAR10,B6a_fondue,2024,1).trace[6]",61.33884286880493,results/make49/stage4_cache/CIFAR10.json:vae|CIFAR10|m14|s2024|e300|es1|b1,True,not available,300,True
CIFAR10,B6a_fondue,31337,1.0,anchor,vae|CIFAR10|m256|s31337|e300|es1|b1,not in trace,,not charged in original ledger; MAKE50 used current snapshot,67.78465390205383,results/make49/stage4_cache/CIFAR10.json:vae|CIFAR10|m256|s31337|e300|es1|b1,,not available,300,True
CIFAR10,B6a_fondue,31337,1.0,final,vae|CIFAR10|m15|s31337|e300|es1|b1,vae|m15|e300|es1,52.98042178153992,"stage4_methods.json: (CIFAR10,B6a_fondue,31337,1).trace[5]",52.98042178153992,results/make49/stage4_cache/CIFAR10.json:vae|CIFAR10|m15|s31337|e300|es1|b1,True,not available,300,True
CIFAR10,B6b_fondue_var,42,1.0,anchor,vae|CIFAR10|m256|s42|e300|es1|b1,not in trace,,not charged in original ledger; MAKE50 used current snapshot,52.41294550895691,results/make49/stage4_cache/CIFAR10.json:vae|CIFAR10|m256|s42|e300|es1|b1,,not available,300,True
CIFAR10,B6b_fondue_var,42,1.0,final,vae|CIFAR10|m33|s42|e300|es1|b1,vae|m33|e300|es1,41.753073930740356,"stage4_methods.json: (CIFAR10,B6b_fondue_var,42,1).trace[1]",41.753073930740356,results/make49/stage4_cache/CIFAR10.json:vae|CIFAR10|m33|s42|e300|es1|b1,True,not available,300,True
CIFAR10,B6b_fondue_var,123,1.0,anchor,vae|CIFAR10|m256|s123|e300|es1|b1,not in trace,,not charged in original ledger; MAKE50 used current snapshot,46.40355634689331,results/make49/stage4_cache/CIFAR10.json:vae|CIFAR10|m256|s123|e300|es1|b1,,not available,300,True
CIFAR10,B6b_fondue_var,123,1.0,final,vae|CIFAR10|m36|s123|e300|es1|b1,vae|m36|e300|es1,51.16913080215454,"stage4_methods.json: (CIFAR10,B6b_fondue_var,123,1).trace[1]",51.16913080215454,results/make49/stage4_cache/CIFAR10.json:vae|CIFAR10|m36|s123|e300|es1|b1,True,not available,300,True
CIFAR10,B6b_fondue_var,777,1.0,anchor,vae|CIFAR10|m256|s777|e300|es1|b1,not in trace,,not charged in original ledger; MAKE50 used current snapshot,42.488953590393066,results/make49/stage4_cache/CIFAR10.json:vae|CIFAR10|m256|s777|e300|es1|b1,,not available,300,True
CIFAR10,B6b_fondue_var,777,1.0,final,vae|CIFAR10|m33|s777|e300|es1|b1,vae|m33|e300|es1,49.36105418205261,"stage4_methods.json: (CIFAR10,B6b_fondue_var,777,1).trace[1]",49.36105418205261,results/make49/stage4_cache/CIFAR10.json:vae|CIFAR10|m33|s777|e300|es1|b1,True,not available,300,True
CIFAR10,B6b_fondue_var,2024,1.0,anchor,vae|CIFAR10|m256|s2024|e300|es1|b1,not in trace,,not charged in original ledger; MAKE50 used current snapshot,52.974677085876465,results/make49/stage4_cache/CIFAR10.json:vae|CIFAR10|m256|s2024|e300|es1|b1,,not available,300,True
CIFAR10,B6b_fondue_var,2024,1.0,final,vae|CIFAR10|m34|s2024|e300|es1|b1,vae|m34|e300|es1,48.8711998462677,"stage4_methods.json: (CIFAR10,B6b_fondue_var,2024,1).trace[1]",48.8711998462677,results/make49/stage4_cache/CIFAR10.json:vae|CIFAR10|m34|s2024|e300|es1|b1,True,not available,300,True
CIFAR10,B6b_fondue_var,31337,1.0,anchor,vae|CIFAR10|m256|s31337|e300|es1|b1,not in trace,,not charged in original ledger; MAKE50 used current snapshot,67.78465390205383,results/make49/stage4_cache/CIFAR10.json:vae|CIFAR10|m256|s31337|e300|es1|b1,,not available,300,True
CIFAR10,B6b_fondue_var,31337,1.0,final,vae|CIFAR10|m35|s31337|e300|es1|b1,vae|m35|e300|es1,55.34574294090271,"stage4_methods.json: (CIFAR10,B6b_fondue_var,31337,1).trace[1]",55.34574294090271,results/make49/stage4_cache/CIFAR10.json:vae|CIFAR10|m35|s31337|e300|es1|b1,True,not available,300,True
CIFAR10,B6b_fondue_var_keepmixed_false,42,1.0,anchor,vae|CIFAR10|m256|s42|e300|es1|b1,not in trace,,not charged in original ledger; MAKE50 used current snapshot,52.41294550895691,results/make49/stage4_cache/CIFAR10.json:vae|CIFAR10|m256|s42|e300|es1|b1,,not available,300,True
CIFAR10,B6b_fondue_var_keepmixed_false,42,1.0,final,vae|CIFAR10|m4|s42|e300|es1|b1,vae|m4|e300|es1,37.29042625427246,"stage4_methods.json: (CIFAR10,B6b_fondue_var_keepmixed_false,42,1).trace[1]",37.29042625427246,results/make49/stage4_cache/CIFAR10.json:vae|CIFAR10|m4|s42|e300|es1|b1,True,not available,300,True
CIFAR10,B6b_fondue_var_keepmixed_false,123,1.0,anchor,vae|CIFAR10|m256|s123|e300|es1|b1,not in trace,,not charged in original ledger; MAKE50 used current snapshot,46.40355634689331,results/make49/stage4_cache/CIFAR10.json:vae|CIFAR10|m256|s123|e300|es1|b1,,not available,300,True
CIFAR10,B6b_fondue_var_keepmixed_false,123,1.0,final,vae|CIFAR10|m2|s123|e300|es1|b1,vae|m2|e300|es1,40.38955783843994,"stage4_methods.json: (CIFAR10,B6b_fondue_var_keepmixed_false,123,1).trace[1]",40.38955783843994,results/make49/stage4_cache/CIFAR10.json:vae|CIFAR10|m2|s123|e300|es1|b1,True,not available,300,True
CIFAR10,B6b_fondue_var_keepmixed_false,777,1.0,anchor,vae|CIFAR10|m256|s777|e300|es1|b1,not in trace,,not charged in original ledger; MAKE50 used current snapshot,42.488953590393066,results/make49/stage4_cache/CIFAR10.json:vae|CIFAR10|m256|s777|e300|es1|b1,,not available,300,True
CIFAR10,B6b_fondue_var_keepmixed_false,777,1.0,final,vae|CIFAR10|m3|s777|e300|es1|b1,vae|m3|e300|es1,42.839876651763916,"stage4_methods.json: (CIFAR10,B6b_fondue_var_keepmixed_false,777,1).trace[1]",42.839876651763916,results/make49/stage4_cache/CIFAR10.json:vae|CIFAR10|m3|s777|e300|es1|b1,True,not available,300,True
CIFAR10,B6b_fondue_var_keepmixed_false,2024,1.0,anchor,vae|CIFAR10|m256|s2024|e300|es1|b1,not in trace,,not charged in original ledger; MAKE50 used current snapshot,52.974677085876465,results/make49/stage4_cache/CIFAR10.json:vae|CIFAR10|m256|s2024|e300|es1|b1,,not available,300,True
CIFAR10,B6b_fondue_var_keepmixed_false,2024,1.0,final,vae|CIFAR10|m3|s2024|e300|es1|b1,vae|m3|e300|es1,43.798500061035156,"stage4_methods.json: (CIFAR10,B6b_fondue_var_keepmixed_false,2024,1).trace[1]",43.798500061035156,results/make49/stage4_cache/CIFAR10.json:vae|CIFAR10|m3|s2024|e300|es1|b1,True,not available,300,True
CIFAR10,B6b_fondue_var_keepmixed_false,31337,1.0,anchor,vae|CIFAR10|m256|s31337|e300|es1|b1,not in trace,,not charged in original ledger; MAKE50 used current snapshot,67.78465390205383,results/make49/stage4_cache/CIFAR10.json:vae|CIFAR10|m256|s31337|e300|es1|b1,,not available,300,True
CIFAR10,B6b_fondue_var_keepmixed_false,31337,1.0,final,vae|CIFAR10|m4|s31337|e300|es1|b1,vae|m4|e300|es1,48.819737911224365,"stage4_methods.json: (CIFAR10,B6b_fondue_var_keepmixed_false,31337,1).trace[1]",48.819737911224365,results/make49/stage4_cache/CIFAR10.json:vae|CIFAR10|m4|s31337|e300|es1|b1,True,not available,300,True
CIFAR10,proposed,42,1.0,anchor,vae|CIFAR10|m256|s42|e300|es1|b1,vae|m256|e300|es1,52.41294550895691,"stage4_methods.json: (CIFAR10,proposed,42,1).trace[12]",52.41294550895691,results/make49/stage4_cache/CIFAR10.json:vae|CIFAR10|m256|s42|e300|es1|b1,,not available,300,True
CIFAR10,proposed,42,1.0,final,vae|CIFAR10|m48|s42|e300|es1|b1,vae|m48|e300|es1,36.872204065322876,"stage4_methods.json: (CIFAR10,proposed,42,1).trace[11]",36.872204065322876,results/make49/stage4_cache/CIFAR10.json:vae|CIFAR10|m48|s42|e300|es1|b1,True,not available,300,True
CIFAR10,proposed,123,1.0,anchor,vae|CIFAR10|m256|s123|e300|es1|b1,vae|m256|e300|es1,46.40355634689331,"stage4_methods.json: (CIFAR10,proposed,123,1).trace[12]",46.40355634689331,results/make49/stage4_cache/CIFAR10.json:vae|CIFAR10|m256|s123|e300|es1|b1,,not available,300,True
CIFAR10,proposed,123,1.0,final,vae|CIFAR10|m256|s123|e300|es1|b1,vae|m256|e300|es1,46.40355634689331,"stage4_methods.json: (CIFAR10,proposed,123,1).trace[12]",46.40355634689331,results/make49/stage4_cache/CIFAR10.json:vae|CIFAR10|m256|s123|e300|es1|b1,True,not available,300,True
CIFAR10,proposed,777,1.0,anchor,vae|CIFAR10|m256|s777|e300|es1|b1,vae|m256|e300|es1,42.488953590393066,"stage4_methods.json: (CIFAR10,proposed,777,1).trace[12]",42.488953590393066,results/make49/stage4_cache/CIFAR10.json:vae|CIFAR10|m256|s777|e300|es1|b1,,not available,300,True
CIFAR10,proposed,777,1.0,final,vae|CIFAR10|m48|s777|e300|es1|b1,vae|m48|e300|es1,40.8109130859375,"stage4_methods.json: (CIFAR10,proposed,777,1).trace[11]",40.8109130859375,results/make49/stage4_cache/CIFAR10.json:vae|CIFAR10|m48|s777|e300|es1|b1,True,not available,300,True
CIFAR10,proposed,2024,1.0,anchor,vae|CIFAR10|m256|s2024|e300|es1|b1,vae|m256|e300|es1,52.974677085876465,"stage4_methods.json: (CIFAR10,proposed,2024,1).trace[12]",52.974677085876465,results/make49/stage4_cache/CIFAR10.json:vae|CIFAR10|m256|s2024|e300|es1|b1,,not available,300,True
CIFAR10,proposed,2024,1.0,final,vae|CIFAR10|m256|s2024|e300|es1|b1,vae|m256|e300|es1,52.974677085876465,"stage4_methods.json: (CIFAR10,proposed,2024,1).trace[12]",52.974677085876465,results/make49/stage4_cache/CIFAR10.json:vae|CIFAR10|m256|s2024|e300|es1|b1,True,not available,300,True
CIFAR10,proposed,31337,1.0,anchor,vae|CIFAR10|m256|s31337|e300|es1|b1,vae|m256|e300|es1,67.78465390205383,"stage4_methods.json: (CIFAR10,proposed,31337,1).trace[12]",67.78465390205383,results/make49/stage4_cache/CIFAR10.json:vae|CIFAR10|m256|s31337|e300|es1|b1,,not available,300,True
CIFAR10,proposed,31337,1.0,final,vae|CIFAR10|m48|s31337|e300|es1|b1,vae|m48|e300|es1,51.59356212615967,"stage4_methods.json: (CIFAR10,proposed,31337,1).trace[11]",51.59356212615967,results/make49/stage4_cache/CIFAR10.json:vae|CIFAR10|m48|s31337|e300|es1|b1,True,not available,300,True
CIFAR10,proposed_minus_AU,42,1.0,anchor,vae|CIFAR10|m256|s42|e300|es1|b1,vae|m256|e300|es1,52.41294550895691,"stage4_methods.json: (CIFAR10,proposed_minus_AU,42,1).trace[12]",52.41294550895691,results/make49/stage4_cache/CIFAR10.json:vae|CIFAR10|m256|s42|e300|es1|b1,,not available,300,True
CIFAR10,proposed_minus_AU,42,1.0,final,vae|CIFAR10|m48|s42|e300|es1|b1,vae|m48|e300|es1,36.872204065322876,"stage4_methods.json: (CIFAR10,proposed_minus_AU,42,1).trace[11]",36.872204065322876,results/make49/stage4_cache/CIFAR10.json:vae|CIFAR10|m48|s42|e300|es1|b1,True,not available,300,True
CIFAR10,proposed_minus_AU,123,1.0,anchor,vae|CIFAR10|m256|s123|e300|es1|b1,vae|m256|e300|es1,46.40355634689331,"stage4_methods.json: (CIFAR10,proposed_minus_AU,123,1).trace[12]",46.40355634689331,results/make49/stage4_cache/CIFAR10.json:vae|CIFAR10|m256|s123|e300|es1|b1,,not available,300,True
CIFAR10,proposed_minus_AU,123,1.0,final,vae|CIFAR10|m256|s123|e300|es1|b1,vae|m256|e300|es1,46.40355634689331,"stage4_methods.json: (CIFAR10,proposed_minus_AU,123,1).trace[12]",46.40355634689331,results/make49/stage4_cache/CIFAR10.json:vae|CIFAR10|m256|s123|e300|es1|b1,True,not available,300,True
CIFAR10,proposed_minus_AU,777,1.0,anchor,vae|CIFAR10|m256|s777|e300|es1|b1,vae|m256|e300|es1,42.488953590393066,"stage4_methods.json: (CIFAR10,proposed_minus_AU,777,1).trace[12]",42.488953590393066,results/make49/stage4_cache/CIFAR10.json:vae|CIFAR10|m256|s777|e300|es1|b1,,not available,300,True
CIFAR10,proposed_minus_AU,777,1.0,final,vae|CIFAR10|m48|s777|e300|es1|b1,vae|m48|e300|es1,40.8109130859375,"stage4_methods.json: (CIFAR10,proposed_minus_AU,777,1).trace[11]",40.8109130859375,results/make49/stage4_cache/CIFAR10.json:vae|CIFAR10|m48|s777|e300|es1|b1,True,not available,300,True
CIFAR10,proposed_minus_AU,2024,1.0,anchor,vae|CIFAR10|m256|s2024|e300|es1|b1,vae|m256|e300|es1,52.974677085876465,"stage4_methods.json: (CIFAR10,proposed_minus_AU,2024,1).trace[12]",52.974677085876465,results/make49/stage4_cache/CIFAR10.json:vae|CIFAR10|m256|s2024|e300|es1|b1,,not available,300,True
CIFAR10,proposed_minus_AU,2024,1.0,final,vae|CIFAR10|m256|s2024|e300|es1|b1,vae|m256|e300|es1,52.974677085876465,"stage4_methods.json: (CIFAR10,proposed_minus_AU,2024,1).trace[12]",52.974677085876465,results/make49/stage4_cache/CIFAR10.json:vae|CIFAR10|m256|s2024|e300|es1|b1,True,not available,300,True
CIFAR10,proposed_minus_AU,31337,1.0,anchor,vae|CIFAR10|m256|s31337|e300|es1|b1,vae|m256|e300|es1,67.78465390205383,"stage4_methods.json: (CIFAR10,proposed_minus_AU,31337,1).trace[12]",67.78465390205383,results/make49/stage4_cache/CIFAR10.json:vae|CIFAR10|m256|s31337|e300|es1|b1,,not available,300,True
CIFAR10,proposed_minus_AU,31337,1.0,final,vae|CIFAR10|m48|s31337|e300|es1|b1,vae|m48|e300|es1,51.59356212615967,"stage4_methods.json: (CIFAR10,proposed_minus_AU,31337,1).trace[11]",51.59356212615967,results/make49/stage4_cache/CIFAR10.json:vae|CIFAR10|m48|s31337|e300|es1|b1,True,not available,300,True
CIFAR10,B4_plus_Q,42,1.0,anchor,vae|CIFAR10|m256|s42|e300|es1|b1,vae|m256|e300|es1,52.41294550895691,"stage4_methods.json: (CIFAR10,B4_plus_Q,42,1).trace[3]",52.41294550895691,results/make49/stage4_cache/CIFAR10.json:vae|CIFAR10|m256|s42|e300|es1|b1,,not available,300,True
CIFAR10,B4_plus_Q,42,1.0,final,vae|CIFAR10|m48|s42|e300|es1|b1,vae|m48|e300|es1,36.872204065322876,"stage4_methods.json: (CIFAR10,B4_plus_Q,42,1).trace[2]",36.872204065322876,results/make49/stage4_cache/CIFAR10.json:vae|CIFAR10|m48|s42|e300|es1|b1,True,not available,300,True
CIFAR10,B4_plus_Q,123,1.0,anchor,vae|CIFAR10|m256|s123|e300|es1|b1,vae|m256|e300|es1,46.40355634689331,"stage4_methods.json: (CIFAR10,B4_plus_Q,123,1).trace[3]",46.40355634689331,results/make49/stage4_cache/CIFAR10.json:vae|CIFAR10|m256|s123|e300|es1|b1,,not available,300,True
CIFAR10,B4_plus_Q,123,1.0,final,vae|CIFAR10|m256|s123|e300|es1|b1,vae|m256|e300|es1,46.40355634689331,"stage4_methods.json: (CIFAR10,B4_plus_Q,123,1).trace[3]",46.40355634689331,results/make49/stage4_cache/CIFAR10.json:vae|CIFAR10|m256|s123|e300|es1|b1,True,not available,300,True
CIFAR10,B4_plus_Q,777,1.0,anchor,vae|CIFAR10|m256|s777|e300|es1|b1,vae|m256|e300|es1,42.488953590393066,"stage4_methods.json: (CIFAR10,B4_plus_Q,777,1).trace[3]",42.488953590393066,results/make49/stage4_cache/CIFAR10.json:vae|CIFAR10|m256|s777|e300|es1|b1,,not available,300,True
CIFAR10,B4_plus_Q,777,1.0,final,vae|CIFAR10|m48|s777|e300|es1|b1,vae|m48|e300|es1,40.8109130859375,"stage4_methods.json: (CIFAR10,B4_plus_Q,777,1).trace[2]",40.8109130859375,results/make49/stage4_cache/CIFAR10.json:vae|CIFAR10|m48|s777|e300|es1|b1,True,not available,300,True
CIFAR10,B4_plus_Q,2024,1.0,anchor,vae|CIFAR10|m256|s2024|e300|es1|b1,vae|m256|e300|es1,52.974677085876465,"stage4_methods.json: (CIFAR10,B4_plus_Q,2024,1).trace[3]",52.974677085876465,results/make49/stage4_cache/CIFAR10.json:vae|CIFAR10|m256|s2024|e300|es1|b1,,not available,300,True
CIFAR10,B4_plus_Q,2024,1.0,final,vae|CIFAR10|m256|s2024|e300|es1|b1,vae|m256|e300|es1,52.974677085876465,"stage4_methods.json: (CIFAR10,B4_plus_Q,2024,1).trace[3]",52.974677085876465,results/make49/stage4_cache/CIFAR10.json:vae|CIFAR10|m256|s2024|e300|es1|b1,True,not available,300,True
CIFAR10,B4_plus_Q,31337,1.0,anchor,vae|CIFAR10|m256|s31337|e300|es1|b1,vae|m256|e300|es1,67.78465390205383,"stage4_methods.json: (CIFAR10,B4_plus_Q,31337,1).trace[3]",67.78465390205383,results/make49/stage4_cache/CIFAR10.json:vae|CIFAR10|m256|s31337|e300|es1|b1,,not available,300,True
CIFAR10,B4_plus_Q,31337,1.0,final,vae|CIFAR10|m48|s31337|e300|es1|b1,vae|m48|e300|es1,51.59356212615967,"stage4_methods.json: (CIFAR10,B4_plus_Q,31337,1).trace[2]",51.59356212615967,results/make49/stage4_cache/CIFAR10.json:vae|CIFAR10|m48|s31337|e300|es1|b1,True,not available,300,True
CIFAR10,B6a_plus_Q,42,1.0,anchor,vae|CIFAR10|m256|s42|e300|es1|b1,vae|m256|e300|es1,52.41294550895691,"stage4_methods.json: (CIFAR10,B6a_plus_Q,42,1).trace[6]",52.41294550895691,results/make49/stage4_cache/CIFAR10.json:vae|CIFAR10|m256|s42|e300|es1|b1,,not available,300,True
CIFAR10,B6a_plus_Q,42,1.0,final,vae|CIFAR10|m24|s42|e300|es1|b1,vae|m24|e300|es1,36.33623933792114,"stage4_methods.json: (CIFAR10,B6a_plus_Q,42,1).trace[8]",36.33623933792114,results/make49/stage4_cache/CIFAR10.json:vae|CIFAR10|m24|s42|e300|es1|b1,True,not available,300,True
CIFAR10,B6a_plus_Q,123,1.0,anchor,vae|CIFAR10|m256|s123|e300|es1|b1,vae|m256|e300|es1,46.40355634689331,"stage4_methods.json: (CIFAR10,B6a_plus_Q,123,1).trace[6]",46.40355634689331,results/make49/stage4_cache/CIFAR10.json:vae|CIFAR10|m256|s123|e300|es1|b1,,not available,300,True
CIFAR10,B6a_plus_Q,123,1.0,final,vae|CIFAR10|m24|s123|e300|es1|b1,vae|m24|e300|es1,43.15222907066345,"stage4_methods.json: (CIFAR10,B6a_plus_Q,123,1).trace[8]",43.15222907066345,results/make49/stage4_cache/CIFAR10.json:vae|CIFAR10|m24|s123|e300|es1|b1,True,not available,300,True
CIFAR10,B6a_plus_Q,777,1.0,anchor,vae|CIFAR10|m256|s777|e300|es1|b1,vae|m256|e300|es1,42.488953590393066,"stage4_methods.json: (CIFAR10,B6a_plus_Q,777,1).trace[5]",42.488953590393066,results/make49/stage4_cache/CIFAR10.json:vae|CIFAR10|m256|s777|e300|es1|b1,,not available,300,True
CIFAR10,B6a_plus_Q,777,1.0,final,vae|CIFAR10|m24|s777|e300|es1|b1,vae|m24|e300|es1,27.76387047767639,"stage4_methods.json: (CIFAR10,B6a_plus_Q,777,1).trace[7]",27.76387047767639,results/make49/stage4_cache/CIFAR10.json:vae|CIFAR10|m24|s777|e300|es1|b1,True,not available,300,True
CIFAR10,B6a_plus_Q,2024,1.0,anchor,vae|CIFAR10|m256|s2024|e300|es1|b1,vae|m256|e300|es1,52.974677085876465,"stage4_methods.json: (CIFAR10,B6a_plus_Q,2024,1).trace[6]",52.974677085876465,results/make49/stage4_cache/CIFAR10.json:vae|CIFAR10|m256|s2024|e300|es1|b1,,not available,300,True
CIFAR10,B6a_plus_Q,2024,1.0,final,vae|CIFAR10|m24|s2024|e300|es1|b1,vae|m24|e300|es1,46.45950961112976,"stage4_methods.json: (CIFAR10,B6a_plus_Q,2024,1).trace[8]",46.45950961112976,results/make49/stage4_cache/CIFAR10.json:vae|CIFAR10|m24|s2024|e300|es1|b1,True,not available,300,True
CIFAR10,B6a_plus_Q,31337,1.0,anchor,vae|CIFAR10|m256|s31337|e300|es1|b1,vae|m256|e300|es1,67.78465390205383,"stage4_methods.json: (CIFAR10,B6a_plus_Q,31337,1).trace[5]",67.78465390205383,results/make49/stage4_cache/CIFAR10.json:vae|CIFAR10|m256|s31337|e300|es1|b1,,not available,300,True
CIFAR10,B6a_plus_Q,31337,1.0,final,vae|CIFAR10|m24|s31337|e300|es1|b1,vae|m24|e300|es1,43.97810459136963,"stage4_methods.json: (CIFAR10,B6a_plus_Q,31337,1).trace[7]",43.97810459136963,results/make49/stage4_cache/CIFAR10.json:vae|CIFAR10|m24|s31337|e300|es1|b1,True,not available,300,True
CIFAR10,B6b_plus_Q,42,1.0,anchor,vae|CIFAR10|m256|s42|e300|es1|b1,vae|m256|e300|es1,52.41294550895691,"stage4_methods.json: (CIFAR10,B6b_plus_Q,42,1).trace[1]",52.41294550895691,results/make49/stage4_cache/CIFAR10.json:vae|CIFAR10|m256|s42|e300|es1|b1,,not available,300,True
CIFAR10,B6b_plus_Q,42,1.0,final,vae|CIFAR10|m48|s42|e300|es1|b1,vae|m48|e300|es1,36.872204065322876,"stage4_methods.json: (CIFAR10,B6b_plus_Q,42,1).trace[2]",36.872204065322876,results/make49/stage4_cache/CIFAR10.json:vae|CIFAR10|m48|s42|e300|es1|b1,True,not available,300,True
CIFAR10,B6b_plus_Q,123,1.0,anchor,vae|CIFAR10|m256|s123|e300|es1|b1,vae|m256|e300|es1,46.40355634689331,"stage4_methods.json: (CIFAR10,B6b_plus_Q,123,1).trace[1]",46.40355634689331,results/make49/stage4_cache/CIFAR10.json:vae|CIFAR10|m256|s123|e300|es1|b1,,not available,300,True
CIFAR10,B6b_plus_Q,123,1.0,final,vae|CIFAR10|m48|s123|e300|es1|b1,vae|m48|e300|es1,36.26486039161682,"stage4_methods.json: (CIFAR10,B6b_plus_Q,123,1).trace[2]",36.26486039161682,results/make49/stage4_cache/CIFAR10.json:vae|CIFAR10|m48|s123|e300|es1|b1,True,not available,300,True
CIFAR10,B6b_plus_Q,777,1.0,anchor,vae|CIFAR10|m256|s777|e300|es1|b1,vae|m256|e300|es1,42.488953590393066,"stage4_methods.json: (CIFAR10,B6b_plus_Q,777,1).trace[1]",42.488953590393066,results/make49/stage4_cache/CIFAR10.json:vae|CIFAR10|m256|s777|e300|es1|b1,,not available,300,True
CIFAR10,B6b_plus_Q,777,1.0,final,vae|CIFAR10|m48|s777|e300|es1|b1,vae|m48|e300|es1,40.8109130859375,"stage4_methods.json: (CIFAR10,B6b_plus_Q,777,1).trace[2]",40.8109130859375,results/make49/stage4_cache/CIFAR10.json:vae|CIFAR10|m48|s777|e300|es1|b1,True,not available,300,True
CIFAR10,B6b_plus_Q,2024,1.0,anchor,vae|CIFAR10|m256|s2024|e300|es1|b1,vae|m256|e300|es1,52.974677085876465,"stage4_methods.json: (CIFAR10,B6b_plus_Q,2024,1).trace[1]",52.974677085876465,results/make49/stage4_cache/CIFAR10.json:vae|CIFAR10|m256|s2024|e300|es1|b1,,not available,300,True
CIFAR10,B6b_plus_Q,2024,1.0,final,vae|CIFAR10|m48|s2024|e300|es1|b1,vae|m48|e300|es1,39.84215974807739,"stage4_methods.json: (CIFAR10,B6b_plus_Q,2024,1).trace[2]",39.84215974807739,results/make49/stage4_cache/CIFAR10.json:vae|CIFAR10|m48|s2024|e300|es1|b1,True,not available,300,True
CIFAR10,B6b_plus_Q,31337,1.0,anchor,vae|CIFAR10|m256|s31337|e300|es1|b1,vae|m256|e300|es1,67.78465390205383,"stage4_methods.json: (CIFAR10,B6b_plus_Q,31337,1).trace[1]",67.78465390205383,results/make49/stage4_cache/CIFAR10.json:vae|CIFAR10|m256|s31337|e300|es1|b1,,not available,300,True
CIFAR10,B6b_plus_Q,31337,1.0,final,vae|CIFAR10|m48|s31337|e300|es1|b1,vae|m48|e300|es1,51.59356212615967,"stage4_methods.json: (CIFAR10,B6b_plus_Q,31337,1).trace[2]",51.59356212615967,results/make49/stage4_cache/CIFAR10.json:vae|CIFAR10|m48|s31337|e300|es1|b1,True,not available,300,True
CIFAR10,ascending_scan_Q,42,1.0,anchor,vae|CIFAR10|m256|s42|e300|es1|b1,vae|m256|e300|es1,52.41294550895691,"stage4_methods.json: (CIFAR10,ascending_scan_Q,42,1).trace[0]",52.41294550895691,results/make49/stage4_cache/CIFAR10.json:vae|CIFAR10|m256|s42|e300|es1|b1,,not available,300,True
CIFAR10,ascending_scan_Q,42,1.0,final,vae|CIFAR10|m24|s42|e300|es1|b1,vae|m24|e300|es1,36.33623933792114,"stage4_methods.json: (CIFAR10,ascending_scan_Q,42,1).trace[3]",36.33623933792114,results/make49/stage4_cache/CIFAR10.json:vae|CIFAR10|m24|s42|e300|es1|b1,True,not available,300,True
CIFAR10,ascending_scan_Q,123,1.0,anchor,vae|CIFAR10|m256|s123|e300|es1|b1,vae|m256|e300|es1,46.40355634689331,"stage4_methods.json: (CIFAR10,ascending_scan_Q,123,1).trace[0]",46.40355634689331,results/make49/stage4_cache/CIFAR10.json:vae|CIFAR10|m256|s123|e300|es1|b1,,not available,300,True
CIFAR10,ascending_scan_Q,123,1.0,final,vae|CIFAR10|m24|s123|e300|es1|b1,vae|m24|e300|es1,43.15222907066345,"stage4_methods.json: (CIFAR10,ascending_scan_Q,123,1).trace[3]",43.15222907066345,results/make49/stage4_cache/CIFAR10.json:vae|CIFAR10|m24|s123|e300|es1|b1,True,not available,300,True
CIFAR10,ascending_scan_Q,777,1.0,anchor,vae|CIFAR10|m256|s777|e300|es1|b1,vae|m256|e300|es1,42.488953590393066,"stage4_methods.json: (CIFAR10,ascending_scan_Q,777,1).trace[0]",42.488953590393066,results/make49/stage4_cache/CIFAR10.json:vae|CIFAR10|m256|s777|e300|es1|b1,,not available,300,True
CIFAR10,ascending_scan_Q,777,1.0,final,vae|CIFAR10|m24|s777|e300|es1|b1,vae|m24|e300|es1,27.76387047767639,"stage4_methods.json: (CIFAR10,ascending_scan_Q,777,1).trace[3]",27.76387047767639,results/make49/stage4_cache/CIFAR10.json:vae|CIFAR10|m24|s777|e300|es1|b1,True,not available,300,True
CIFAR10,ascending_scan_Q,2024,1.0,anchor,vae|CIFAR10|m256|s2024|e300|es1|b1,vae|m256|e300|es1,52.974677085876465,"stage4_methods.json: (CIFAR10,ascending_scan_Q,2024,1).trace[0]",52.974677085876465,results/make49/stage4_cache/CIFAR10.json:vae|CIFAR10|m256|s2024|e300|es1|b1,,not available,300,True
CIFAR10,ascending_scan_Q,2024,1.0,final,vae|CIFAR10|m24|s2024|e300|es1|b1,vae|m24|e300|es1,46.45950961112976,"stage4_methods.json: (CIFAR10,ascending_scan_Q,2024,1).trace[3]",46.45950961112976,results/make49/stage4_cache/CIFAR10.json:vae|CIFAR10|m24|s2024|e300|es1|b1,True,not available,300,True
CIFAR10,ascending_scan_Q,31337,1.0,anchor,vae|CIFAR10|m256|s31337|e300|es1|b1,vae|m256|e300|es1,67.78465390205383,"stage4_methods.json: (CIFAR10,ascending_scan_Q,31337,1).trace[0]",67.78465390205383,results/make49/stage4_cache/CIFAR10.json:vae|CIFAR10|m256|s31337|e300|es1|b1,,not available,300,True
CIFAR10,ascending_scan_Q,31337,1.0,final,vae|CIFAR10|m24|s31337|e300|es1|b1,vae|m24|e300|es1,43.97810459136963,"stage4_methods.json: (CIFAR10,ascending_scan_Q,31337,1).trace[3]",43.97810459136963,results/make49/stage4_cache/CIFAR10.json:vae|CIFAR10|m24|s31337|e300|es1|b1,True,not available,300,True
MNIST,B1_full_mse,42,0.25,anchor,vae|MNIST|m64|s42|e300|es1|b0.25,vae|m64|e300|es1|b0.25,29.022923707962036,"stage4_methods.json: (MNIST,B1_full_mse,42,0.25).trace[11]",29.022923707962036,results/make49/stage4_cache/MNIST.json:vae|MNIST|m64|s42|e300|es1|b0.25,,not available,300,True
MNIST,B1_full_mse,42,0.25,final,vae|MNIST|m20|s42|e300|es1|b0.25,vae|m20|e300|es1|b0.25,43.68005394935608,"stage4_methods.json: (MNIST,B1_full_mse,42,0.25).trace[7]",43.68005394935608,results/make49/stage4_cache/MNIST.json:vae|MNIST|m20|s42|e300|es1|b0.25,True,not available,300,True
MNIST,B1_full_mse,123,0.25,anchor,vae|MNIST|m64|s123|e300|es1|b0.25,vae|m64|e300|es1|b0.25,41.33712840080261,"stage4_methods.json: (MNIST,B1_full_mse,123,0.25).trace[11]",41.33712840080261,results/make49/stage4_cache/MNIST.json:vae|MNIST|m64|s123|e300|es1|b0.25,,not available,300,True
MNIST,B1_full_mse,123,0.25,final,vae|MNIST|m32|s123|e300|es1|b0.25,vae|m32|e300|es1|b0.25,40.84537863731384,"stage4_methods.json: (MNIST,B1_full_mse,123,0.25).trace[9]",40.84537863731384,results/make49/stage4_cache/MNIST.json:vae|MNIST|m32|s123|e300|es1|b0.25,True,not available,300,True
MNIST,B1_full_mse,777,0.25,anchor,vae|MNIST|m64|s777|e300|es1|b0.25,vae|m64|e300|es1|b0.25,52.16759943962097,"stage4_methods.json: (MNIST,B1_full_mse,777,0.25).trace[11]",52.16759943962097,results/make49/stage4_cache/MNIST.json:vae|MNIST|m64|s777|e300|es1|b0.25,,not available,300,True
MNIST,B1_full_mse,777,0.25,final,vae|MNIST|m16|s777|e300|es1|b0.25,vae|m16|e300|es1|b0.25,44.377434492111206,"stage4_methods.json: (MNIST,B1_full_mse,777,0.25).trace[6]",44.377434492111206,results/make49/stage4_cache/MNIST.json:vae|MNIST|m16|s777|e300|es1|b0.25,True,not available,300,True
MNIST,B1_full_mse,2024,0.25,anchor,vae|MNIST|m64|s2024|e300|es1|b0.25,vae|m64|e300|es1|b0.25,33.468570709228516,"stage4_methods.json: (MNIST,B1_full_mse,2024,0.25).trace[11]",33.468570709228516,results/make49/stage4_cache/MNIST.json:vae|MNIST|m64|s2024|e300|es1|b0.25,,not available,300,True
MNIST,B1_full_mse,2024,0.25,final,vae|MNIST|m24|s2024|e300|es1|b0.25,vae|m24|e300|es1|b0.25,50.406492471694946,"stage4_methods.json: (MNIST,B1_full_mse,2024,0.25).trace[8]",50.406492471694946,results/make49/stage4_cache/MNIST.json:vae|MNIST|m24|s2024|e300|es1|b0.25,True,not available,300,True
MNIST,B1_full_mse,31337,0.25,anchor,vae|MNIST|m64|s31337|e300|es1|b0.25,vae|m64|e300|es1|b0.25,32.876134634017944,"stage4_methods.json: (MNIST,B1_full_mse,31337,0.25).trace[11]",32.876134634017944,results/make49/stage4_cache/MNIST.json:vae|MNIST|m64|s31337|e300|es1|b0.25,,not available,300,True
MNIST,B1_full_mse,31337,0.25,final,vae|MNIST|m20|s31337|e300|es1|b0.25,vae|m20|e300|es1|b0.25,37.40620017051697,"stage4_methods.json: (MNIST,B1_full_mse,31337,0.25).trace[7]",37.40620017051697,results/make49/stage4_cache/MNIST.json:vae|MNIST|m20|s31337|e300|es1|b0.25,True,not available,300,True
MNIST,B2_full_elbo,42,0.25,anchor,vae|MNIST|m64|s42|e300|es1|b0.25,vae|m64|e300|es1|b0.25,29.022923707962036,"stage4_methods.json: (MNIST,B2_full_elbo,42,0.25).trace[11]",29.022923707962036,results/make49/stage4_cache/MNIST.json:vae|MNIST|m64|s42|e300|es1|b0.25,,not available,300,True
MNIST,B2_full_elbo,42,0.25,final,vae|MNIST|m8|s42|e300|es1|b0.25,vae|m8|e300|es1|b0.25,41.07589840888977,"stage4_methods.json: (MNIST,B2_full_elbo,42,0.25).trace[3]",41.07589840888977,results/make49/stage4_cache/MNIST.json:vae|MNIST|m8|s42|e300|es1|b0.25,True,not available,300,True
MNIST,B2_full_elbo,123,0.25,anchor,vae|MNIST|m64|s123|e300|es1|b0.25,vae|m64|e300|es1|b0.25,41.33712840080261,"stage4_methods.json: (MNIST,B2_full_elbo,123,0.25).trace[11]",41.33712840080261,results/make49/stage4_cache/MNIST.json:vae|MNIST|m64|s123|e300|es1|b0.25,,not available,300,True
MNIST,B2_full_elbo,123,0.25,final,vae|MNIST|m6|s123|e300|es1|b0.25,vae|m6|e300|es1|b0.25,35.90526580810547,"stage4_methods.json: (MNIST,B2_full_elbo,123,0.25).trace[2]",35.90526580810547,results/make49/stage4_cache/MNIST.json:vae|MNIST|m6|s123|e300|es1|b0.25,True,not available,300,True
MNIST,B2_full_elbo,777,0.25,anchor,vae|MNIST|m64|s777|e300|es1|b0.25,vae|m64|e300|es1|b0.25,52.16759943962097,"stage4_methods.json: (MNIST,B2_full_elbo,777,0.25).trace[11]",52.16759943962097,results/make49/stage4_cache/MNIST.json:vae|MNIST|m64|s777|e300|es1|b0.25,,not available,300,True
MNIST,B2_full_elbo,777,0.25,final,vae|MNIST|m8|s777|e300|es1|b0.25,vae|m8|e300|es1|b0.25,29.67527723312378,"stage4_methods.json: (MNIST,B2_full_elbo,777,0.25).trace[3]",29.67527723312378,results/make49/stage4_cache/MNIST.json:vae|MNIST|m8|s777|e300|es1|b0.25,True,not available,300,True
MNIST,B2_full_elbo,2024,0.25,anchor,vae|MNIST|m64|s2024|e300|es1|b0.25,vae|m64|e300|es1|b0.25,33.468570709228516,"stage4_methods.json: (MNIST,B2_full_elbo,2024,0.25).trace[11]",33.468570709228516,results/make49/stage4_cache/MNIST.json:vae|MNIST|m64|s2024|e300|es1|b0.25,,not available,300,True
MNIST,B2_full_elbo,2024,0.25,final,vae|MNIST|m16|s2024|e300|es1|b0.25,vae|m16|e300|es1|b0.25,41.72425842285156,"stage4_methods.json: (MNIST,B2_full_elbo,2024,0.25).trace[6]",41.72425842285156,results/make49/stage4_cache/MNIST.json:vae|MNIST|m16|s2024|e300|es1|b0.25,True,not available,300,True
MNIST,B2_full_elbo,31337,0.25,anchor,vae|MNIST|m64|s31337|e300|es1|b0.25,vae|m64|e300|es1|b0.25,32.876134634017944,"stage4_methods.json: (MNIST,B2_full_elbo,31337,0.25).trace[11]",32.876134634017944,results/make49/stage4_cache/MNIST.json:vae|MNIST|m64|s31337|e300|es1|b0.25,,not available,300,True
MNIST,B2_full_elbo,31337,0.25,final,vae|MNIST|m6|s31337|e300|es1|b0.25,vae|m6|e300|es1|b0.25,28.227957010269165,"stage4_methods.json: (MNIST,B2_full_elbo,31337,0.25).trace[2]",28.227957010269165,results/make49/stage4_cache/MNIST.json:vae|MNIST|m6|s31337|e300|es1|b0.25,True,not available,300,True
MNIST,B3_full_downstream,42,0.25,anchor,vae|MNIST|m64|s42|e300|es1|b0.25,vae|m64|e300|es1|b0.25,29.022923707962036,"stage4_methods.json: (MNIST,B3_full_downstream,42,0.25).trace[11]",29.022923707962036,results/make49/stage4_cache/MNIST.json:vae|MNIST|m64|s42|e300|es1|b0.25,,not available,300,True
MNIST,B3_full_downstream,42,0.25,final,vae|MNIST|m48|s42|e300|es1|b0.25,vae|m48|e300|es1|b0.25,42.825565338134766,"stage4_methods.json: (MNIST,B3_full_downstream,42,0.25).trace[10]",42.825565338134766,results/make49/stage4_cache/MNIST.json:vae|MNIST|m48|s42|e300|es1|b0.25,True,not available,300,True
MNIST,B3_full_downstream,123,0.25,anchor,vae|MNIST|m64|s123|e300|es1|b0.25,vae|m64|e300|es1|b0.25,41.33712840080261,"stage4_methods.json: (MNIST,B3_full_downstream,123,0.25).trace[11]",41.33712840080261,results/make49/stage4_cache/MNIST.json:vae|MNIST|m64|s123|e300|es1|b0.25,,not available,300,True
MNIST,B3_full_downstream,123,0.25,final,vae|MNIST|m64|s123|e300|es1|b0.25,vae|m64|e300|es1|b0.25,41.33712840080261,"stage4_methods.json: (MNIST,B3_full_downstream,123,0.25).trace[11]",41.33712840080261,results/make49/stage4_cache/MNIST.json:vae|MNIST|m64|s123|e300|es1|b0.25,True,not available,300,True
MNIST,B3_full_downstream,777,0.25,anchor,vae|MNIST|m64|s777|e300|es1|b0.25,vae|m64|e300|es1|b0.25,52.16759943962097,"stage4_methods.json: (MNIST,B3_full_downstream,777,0.25).trace[11]",52.16759943962097,results/make49/stage4_cache/MNIST.json:vae|MNIST|m64|s777|e300|es1|b0.25,,not available,300,True
MNIST,B3_full_downstream,777,0.25,final,vae|MNIST|m64|s777|e300|es1|b0.25,vae|m64|e300|es1|b0.25,52.16759943962097,"stage4_methods.json: (MNIST,B3_full_downstream,777,0.25).trace[11]",52.16759943962097,results/make49/stage4_cache/MNIST.json:vae|MNIST|m64|s777|e300|es1|b0.25,True,not available,300,True
MNIST,B3_full_downstream,2024,0.25,anchor,vae|MNIST|m64|s2024|e300|es1|b0.25,vae|m64|e300|es1|b0.25,33.468570709228516,"stage4_methods.json: (MNIST,B3_full_downstream,2024,0.25).trace[11]",33.468570709228516,results/make49/stage4_cache/MNIST.json:vae|MNIST|m64|s2024|e300|es1|b0.25,,not available,300,True
MNIST,B3_full_downstream,2024,0.25,final,vae|MNIST|m48|s2024|e300|es1|b0.25,vae|m48|e300|es1|b0.25,44.5230495929718,"stage4_methods.json: (MNIST,B3_full_downstream,2024,0.25).trace[10]",44.5230495929718,results/make49/stage4_cache/MNIST.json:vae|MNIST|m48|s2024|e300|es1|b0.25,True,not available,300,True
MNIST,B3_full_downstream,31337,0.25,anchor,vae|MNIST|m64|s31337|e300|es1|b0.25,vae|m64|e300|es1|b0.25,32.876134634017944,"stage4_methods.json: (MNIST,B3_full_downstream,31337,0.25).trace[11]",32.876134634017944,results/make49/stage4_cache/MNIST.json:vae|MNIST|m64|s31337|e300|es1|b0.25,,not available,300,True
MNIST,B3_full_downstream,31337,0.25,final,vae|MNIST|m64|s31337|e300|es1|b0.25,vae|m64|e300|es1|b0.25,32.876134634017944,"stage4_methods.json: (MNIST,B3_full_downstream,31337,0.25).trace[11]",32.876134634017944,results/make49/stage4_cache/MNIST.json:vae|MNIST|m64|s31337|e300|es1|b0.25,True,not available,300,True
MNIST,B4_coarse,42,0.25,anchor,vae|MNIST|m64|s42|e300|es1|b0.25,vae|m64|e300|es1|b0.25,29.022923707962036,"stage4_methods.json: (MNIST,B4_coarse,42,0.25).trace[3]",29.022923707962036,results/make49/stage4_cache/MNIST.json:vae|MNIST|m64|s42|e300|es1|b0.25,,not available,300,True
MNIST,B4_coarse,42,0.25,final,vae|MNIST|m10|s42|e300|es1|b0.25,vae|m10|e300|es1|b0.25,26.676961421966553,"stage4_methods.json: (MNIST,B4_coarse,42,0.25).trace[2]",26.676961421966553,results/make49/stage4_cache/MNIST.json:vae|MNIST|m10|s42|e300|es1|b0.25,True,not available,300,True
MNIST,B4_coarse,123,0.25,anchor,vae|MNIST|m64|s123|e300|es1|b0.25,vae|m64|e300|es1|b0.25,41.33712840080261,"stage4_methods.json: (MNIST,B4_coarse,123,0.25).trace[3]",41.33712840080261,results/make49/stage4_cache/MNIST.json:vae|MNIST|m64|s123|e300|es1|b0.25,,not available,300,True
MNIST,B4_coarse,123,0.25,final,vae|MNIST|m64|s123|e300|es1|b0.25,vae|m64|e300|es1|b0.25,41.33712840080261,"stage4_methods.json: (MNIST,B4_coarse,123,0.25).trace[3]",41.33712840080261,results/make49/stage4_cache/MNIST.json:vae|MNIST|m64|s123|e300|es1|b0.25,True,not available,300,True
MNIST,B4_coarse,777,0.25,anchor,vae|MNIST|m64|s777|e300|es1|b0.25,vae|m64|e300|es1|b0.25,52.16759943962097,"stage4_methods.json: (MNIST,B4_coarse,777,0.25).trace[3]",52.16759943962097,results/make49/stage4_cache/MNIST.json:vae|MNIST|m64|s777|e300|es1|b0.25,,not available,300,True
MNIST,B4_coarse,777,0.25,final,vae|MNIST|m64|s777|e300|es1|b0.25,vae|m64|e300|es1|b0.25,52.16759943962097,"stage4_methods.json: (MNIST,B4_coarse,777,0.25).trace[3]",52.16759943962097,results/make49/stage4_cache/MNIST.json:vae|MNIST|m64|s777|e300|es1|b0.25,True,not available,300,True
MNIST,B4_coarse,2024,0.25,anchor,vae|MNIST|m64|s2024|e300|es1|b0.25,vae|m64|e300|es1|b0.25,33.468570709228516,"stage4_methods.json: (MNIST,B4_coarse,2024,0.25).trace[3]",33.468570709228516,results/make49/stage4_cache/MNIST.json:vae|MNIST|m64|s2024|e300|es1|b0.25,,not available,300,True
MNIST,B4_coarse,2024,0.25,final,vae|MNIST|m64|s2024|e300|es1|b0.25,vae|m64|e300|es1|b0.25,33.468570709228516,"stage4_methods.json: (MNIST,B4_coarse,2024,0.25).trace[3]",33.468570709228516,results/make49/stage4_cache/MNIST.json:vae|MNIST|m64|s2024|e300|es1|b0.25,True,not available,300,True
MNIST,B4_coarse,31337,0.25,anchor,vae|MNIST|m64|s31337|e300|es1|b0.25,vae|m64|e300|es1|b0.25,32.876134634017944,"stage4_methods.json: (MNIST,B4_coarse,31337,0.25).trace[3]",32.876134634017944,results/make49/stage4_cache/MNIST.json:vae|MNIST|m64|s31337|e300|es1|b0.25,,not available,300,True
MNIST,B4_coarse,31337,0.25,final,vae|MNIST|m10|s31337|e300|es1|b0.25,vae|m10|e300|es1|b0.25,46.78917074203491,"stage4_methods.json: (MNIST,B4_coarse,31337,0.25).trace[2]",46.78917074203491,results/make49/stage4_cache/MNIST.json:vae|MNIST|m10|s31337|e300|es1|b0.25,True,not available,300,True
MNIST,B5_fixed32,42,0.25,anchor,vae|MNIST|m64|s42|e300|es1|b0.25,not in trace,,not charged in original ledger; MAKE50 used current snapshot,29.022923707962036,results/make49/stage4_cache/MNIST.json:vae|MNIST|m64|s42|e300|es1|b0.25,,not available,300,True
MNIST,B5_fixed32,42,0.25,final,vae|MNIST|m32|s42|e300|es1|b0.25,vae|m32|e300|es1|b0.25,49.541162967681885,"stage4_methods.json: (MNIST,B5_fixed32,42,0.25).trace[0]",49.541162967681885,results/make49/stage4_cache/MNIST.json:vae|MNIST|m32|s42|e300|es1|b0.25,True,not available,300,True
MNIST,B5_fixed32,123,0.25,anchor,vae|MNIST|m64|s123|e300|es1|b0.25,not in trace,,not charged in original ledger; MAKE50 used current snapshot,41.33712840080261,results/make49/stage4_cache/MNIST.json:vae|MNIST|m64|s123|e300|es1|b0.25,,not available,300,True
MNIST,B5_fixed32,123,0.25,final,vae|MNIST|m32|s123|e300|es1|b0.25,vae|m32|e300|es1|b0.25,40.84537863731384,"stage4_methods.json: (MNIST,B5_fixed32,123,0.25).trace[0]",40.84537863731384,results/make49/stage4_cache/MNIST.json:vae|MNIST|m32|s123|e300|es1|b0.25,True,not available,300,True
MNIST,B5_fixed32,777,0.25,anchor,vae|MNIST|m64|s777|e300|es1|b0.25,not in trace,,not charged in original ledger; MAKE50 used current snapshot,52.16759943962097,results/make49/stage4_cache/MNIST.json:vae|MNIST|m64|s777|e300|es1|b0.25,,not available,300,True
MNIST,B5_fixed32,777,0.25,final,vae|MNIST|m32|s777|e300|es1|b0.25,vae|m32|e300|es1|b0.25,35.800352334976196,"stage4_methods.json: (MNIST,B5_fixed32,777,0.25).trace[0]",35.800352334976196,results/make49/stage4_cache/MNIST.json:vae|MNIST|m32|s777|e300|es1|b0.25,True,not available,300,True
MNIST,B5_fixed32,2024,0.25,anchor,vae|MNIST|m64|s2024|e300|es1|b0.25,not in trace,,not charged in original ledger; MAKE50 used current snapshot,33.468570709228516,results/make49/stage4_cache/MNIST.json:vae|MNIST|m64|s2024|e300|es1|b0.25,,not available,300,True
MNIST,B5_fixed32,2024,0.25,final,vae|MNIST|m32|s2024|e300|es1|b0.25,vae|m32|e300|es1|b0.25,52.67652869224548,"stage4_methods.json: (MNIST,B5_fixed32,2024,0.25).trace[0]",52.67652869224548,results/make49/stage4_cache/MNIST.json:vae|MNIST|m32|s2024|e300|es1|b0.25,True,not available,300,True
MNIST,B5_fixed32,31337,0.25,anchor,vae|MNIST|m64|s31337|e300|es1|b0.25,not in trace,,not charged in original ledger; MAKE50 used current snapshot,32.876134634017944,results/make49/stage4_cache/MNIST.json:vae|MNIST|m64|s31337|e300|es1|b0.25,,not available,300,True
MNIST,B5_fixed32,31337,0.25,final,vae|MNIST|m32|s31337|e300|es1|b0.25,vae|m32|e300|es1|b0.25,27.691466569900513,"stage4_methods.json: (MNIST,B5_fixed32,31337,0.25).trace[0]",27.691466569900513,results/make49/stage4_cache/MNIST.json:vae|MNIST|m32|s31337|e300|es1|b0.25,True,not available,300,True
MNIST,B6a_fondue,42,0.25,anchor,vae|MNIST|m64|s42|e300|es1|b0.25,not in trace,,not charged in original ledger; MAKE50 used current snapshot,29.022923707962036,results/make49/stage4_cache/MNIST.json:vae|MNIST|m64|s42|e300|es1|b0.25,,not available,300,True
MNIST,B6a_fondue,42,0.25,final,vae|MNIST|m11|s42|e300|es1|b0.25,vae|m11|e300|es1|b0.25,27.818145036697388,"stage4_methods.json: (MNIST,B6a_fondue,42,0.25).trace[5]",27.818145036697388,results/make49/stage4_cache/MNIST.json:vae|MNIST|m11|s42|e300|es1|b0.25,True,not available,300,True
MNIST,B6a_fondue,123,0.25,anchor,vae|MNIST|m64|s123|e300|es1|b0.25,not in trace,,not charged in original ledger; MAKE50 used current snapshot,41.33712840080261,results/make49/stage4_cache/MNIST.json:vae|MNIST|m64|s123|e300|es1|b0.25,,not available,300,True
MNIST,B6a_fondue,123,0.25,final,vae|MNIST|m10|s123|e300|es1|b0.25,vae|m10|e300|es1|b0.25,29.01570987701416,"stage4_methods.json: (MNIST,B6a_fondue,123,0.25).trace[5]",29.01570987701416,results/make49/stage4_cache/MNIST.json:vae|MNIST|m10|s123|e300|es1|b0.25,True,not available,300,True
MNIST,B6a_fondue,777,0.25,anchor,vae|MNIST|m64|s777|e300|es1|b0.25,not in trace,,not charged in original ledger; MAKE50 used current snapshot,52.16759943962097,results/make49/stage4_cache/MNIST.json:vae|MNIST|m64|s777|e300|es1|b0.25,,not available,300,True
MNIST,B6a_fondue,777,0.25,final,vae|MNIST|m11|s777|e300|es1|b0.25,vae|m11|e300|es1|b0.25,45.856462478637695,"stage4_methods.json: (MNIST,B6a_fondue,777,0.25).trace[5]",45.856462478637695,results/make49/stage4_cache/MNIST.json:vae|MNIST|m11|s777|e300|es1|b0.25,True,not available,300,True
MNIST,B6a_fondue,2024,0.25,anchor,vae|MNIST|m64|s2024|e300|es1|b0.25,not in trace,,not charged in original ledger; MAKE50 used current snapshot,33.468570709228516,results/make49/stage4_cache/MNIST.json:vae|MNIST|m64|s2024|e300|es1|b0.25,,not available,300,True
MNIST,B6a_fondue,2024,0.25,final,vae|MNIST|m11|s2024|e300|es1|b0.25,vae|m11|e300|es1|b0.25,30.181679248809814,"stage4_methods.json: (MNIST,B6a_fondue,2024,0.25).trace[5]",30.181679248809814,results/make49/stage4_cache/MNIST.json:vae|MNIST|m11|s2024|e300|es1|b0.25,True,not available,300,True
MNIST,B6a_fondue,31337,0.25,anchor,vae|MNIST|m64|s31337|e300|es1|b0.25,not in trace,,not charged in original ledger; MAKE50 used current snapshot,32.876134634017944,results/make49/stage4_cache/MNIST.json:vae|MNIST|m64|s31337|e300|es1|b0.25,,not available,300,True
MNIST,B6a_fondue,31337,0.25,final,vae|MNIST|m11|s31337|e300|es1|b0.25,vae|m11|e300|es1|b0.25,30.259105443954468,"stage4_methods.json: (MNIST,B6a_fondue,31337,0.25).trace[5]",30.259105443954468,results/make49/stage4_cache/MNIST.json:vae|MNIST|m11|s31337|e300|es1|b0.25,True,not available,300,True
MNIST,B6b_fondue_var,42,0.25,anchor,vae|MNIST|m64|s42|e300|es1|b0.25,not in trace,,not charged in original ledger; MAKE50 used current snapshot,29.022923707962036,results/make49/stage4_cache/MNIST.json:vae|MNIST|m64|s42|e300|es1|b0.25,,not available,300,True
MNIST,B6b_fondue_var,42,0.25,final,vae|MNIST|m52|s42|e300|es1|b0.25,vae|m52|e300|es1|b0.25,39.0120804309845,"stage4_methods.json: (MNIST,B6b_fondue_var,42,0.25).trace[2]",39.0120804309845,results/make49/stage4_cache/MNIST.json:vae|MNIST|m52|s42|e300|es1|b0.25,True,not available,300,True
MNIST,B6b_fondue_var,123,0.25,anchor,vae|MNIST|m64|s123|e300|es1|b0.25,not in trace,,not charged in original ledger; MAKE50 used current snapshot,41.33712840080261,results/make49/stage4_cache/MNIST.json:vae|MNIST|m64|s123|e300|es1|b0.25,,not available,300,True
MNIST,B6b_fondue_var,123,0.25,final,vae|MNIST|m50|s123|e300|es1|b0.25,vae|m50|e300|es1|b0.25,36.794920206069946,"stage4_methods.json: (MNIST,B6b_fondue_var,123,0.25).trace[2]",36.794920206069946,results/make49/stage4_cache/MNIST.json:vae|MNIST|m50|s123|e300|es1|b0.25,True,not available,300,True
MNIST,B6b_fondue_var,777,0.25,anchor,vae|MNIST|m64|s777|e300|es1|b0.25,not in trace,,not charged in original ledger; MAKE50 used current snapshot,52.16759943962097,results/make49/stage4_cache/MNIST.json:vae|MNIST|m64|s777|e300|es1|b0.25,,not available,300,True
MNIST,B6b_fondue_var,777,0.25,final,vae|MNIST|m48|s777|e300|es1|b0.25,vae|m48|e300|es1|b0.25,24.290589570999146,"stage4_methods.json: (MNIST,B6b_fondue_var,777,0.25).trace[2]",24.290589570999146,results/make49/stage4_cache/MNIST.json:vae|MNIST|m48|s777|e300|es1|b0.25,True,not available,300,True
MNIST,B6b_fondue_var,2024,0.25,anchor,vae|MNIST|m64|s2024|e300|es1|b0.25,not in trace,,not charged in original ledger; MAKE50 used current snapshot,33.468570709228516,results/make49/stage4_cache/MNIST.json:vae|MNIST|m64|s2024|e300|es1|b0.25,,not available,300,True
MNIST,B6b_fondue_var,2024,0.25,final,vae|MNIST|m53|s2024|e300|es1|b0.25,vae|m53|e300|es1|b0.25,44.42944097518921,"stage4_methods.json: (MNIST,B6b_fondue_var,2024,0.25).trace[2]",44.42944097518921,results/make49/stage4_cache/MNIST.json:vae|MNIST|m53|s2024|e300|es1|b0.25,True,not available,300,True
MNIST,B6b_fondue_var,31337,0.25,anchor,vae|MNIST|m64|s31337|e300|es1|b0.25,not in trace,,not charged in original ledger; MAKE50 used current snapshot,32.876134634017944,results/make49/stage4_cache/MNIST.json:vae|MNIST|m64|s31337|e300|es1|b0.25,,not available,300,True
MNIST,B6b_fondue_var,31337,0.25,final,vae|MNIST|m55|s31337|e300|es1|b0.25,vae|m55|e300|es1|b0.25,35.373839378356934,"stage4_methods.json: (MNIST,B6b_fondue_var,31337,0.25).trace[2]",35.373839378356934,results/make49/stage4_cache/MNIST.json:vae|MNIST|m55|s31337|e300|es1|b0.25,True,not available,300,True
MNIST,B6b_fondue_var_keepmixed_false,42,0.25,anchor,vae|MNIST|m64|s42|e300|es1|b0.25,not in trace,,not charged in original ledger; MAKE50 used current snapshot,29.022923707962036,results/make49/stage4_cache/MNIST.json:vae|MNIST|m64|s42|e300|es1|b0.25,,not available,300,True
MNIST,B6b_fondue_var_keepmixed_false,42,0.25,final,vae|MNIST|m4|s42|e300|es1|b0.25,vae|m4|e300|es1|b0.25,29.17738437652588,"stage4_methods.json: (MNIST,B6b_fondue_var_keepmixed_false,42,0.25).trace[1]",29.17738437652588,results/make49/stage4_cache/MNIST.json:vae|MNIST|m4|s42|e300|es1|b0.25,True,not available,300,True
MNIST,B6b_fondue_var_keepmixed_false,123,0.25,anchor,vae|MNIST|m64|s123|e300|es1|b0.25,not in trace,,not charged in original ledger; MAKE50 used current snapshot,41.33712840080261,results/make49/stage4_cache/MNIST.json:vae|MNIST|m64|s123|e300|es1|b0.25,,not available,300,True
MNIST,B6b_fondue_var_keepmixed_false,123,0.25,final,vae|MNIST|m4|s123|e300|es1|b0.25,vae|m4|e300|es1|b0.25,32.15377354621887,"stage4_methods.json: (MNIST,B6b_fondue_var_keepmixed_false,123,0.25).trace[1]",32.15377354621887,results/make49/stage4_cache/MNIST.json:vae|MNIST|m4|s123|e300|es1|b0.25,True,not available,300,True
MNIST,B6b_fondue_var_keepmixed_false,777,0.25,anchor,vae|MNIST|m64|s777|e300|es1|b0.25,not in trace,,not charged in original ledger; MAKE50 used current snapshot,52.16759943962097,results/make49/stage4_cache/MNIST.json:vae|MNIST|m64|s777|e300|es1|b0.25,,not available,300,True
MNIST,B6b_fondue_var_keepmixed_false,777,0.25,final,vae|MNIST|m4|s777|e300|es1|b0.25,vae|m4|e300|es1|b0.25,19.598060369491577,"stage4_methods.json: (MNIST,B6b_fondue_var_keepmixed_false,777,0.25).trace[1]",19.598060369491577,results/make49/stage4_cache/MNIST.json:vae|MNIST|m4|s777|e300|es1|b0.25,True,not available,300,True
MNIST,B6b_fondue_var_keepmixed_false,2024,0.25,anchor,vae|MNIST|m64|s2024|e300|es1|b0.25,not in trace,,not charged in original ledger; MAKE50 used current snapshot,33.468570709228516,results/make49/stage4_cache/MNIST.json:vae|MNIST|m64|s2024|e300|es1|b0.25,,not available,300,True
MNIST,B6b_fondue_var_keepmixed_false,2024,0.25,final,vae|MNIST|m5|s2024|e300|es1|b0.25,vae|m5|e300|es1|b0.25,30.463828563690186,"stage4_methods.json: (MNIST,B6b_fondue_var_keepmixed_false,2024,0.25).trace[1]",30.463828563690186,results/make49/stage4_cache/MNIST.json:vae|MNIST|m5|s2024|e300|es1|b0.25,True,not available,300,True
MNIST,B6b_fondue_var_keepmixed_false,31337,0.25,anchor,vae|MNIST|m64|s31337|e300|es1|b0.25,not in trace,,not charged in original ledger; MAKE50 used current snapshot,32.876134634017944,results/make49/stage4_cache/MNIST.json:vae|MNIST|m64|s31337|e300|es1|b0.25,,not available,300,True
MNIST,B6b_fondue_var_keepmixed_false,31337,0.25,final,vae|MNIST|m3|s31337|e300|es1|b0.25,vae|m3|e300|es1|b0.25,23.960655689239502,"stage4_methods.json: (MNIST,B6b_fondue_var_keepmixed_false,31337,0.25).trace[1]",23.960655689239502,results/make49/stage4_cache/MNIST.json:vae|MNIST|m3|s31337|e300|es1|b0.25,True,not available,300,True
MNIST,proposed,42,0.25,anchor,vae|MNIST|m64|s42|e300|es1|b0.25,vae|m64|e300|es1|b0.25,29.022923707962036,"stage4_methods.json: (MNIST,proposed,42,0.25).trace[9]",29.022923707962036,results/make49/stage4_cache/MNIST.json:vae|MNIST|m64|s42|e300|es1|b0.25,,not available,300,True
MNIST,proposed,42,0.25,final,vae|MNIST|m10|s42|e300|es1|b0.25,vae|m10|e300|es1|b0.25,26.676961421966553,"stage4_methods.json: (MNIST,proposed,42,0.25).trace[14]",26.676961421966553,results/make49/stage4_cache/MNIST.json:vae|MNIST|m10|s42|e300|es1|b0.25,True,not available,300,True
MNIST,proposed,123,0.25,anchor,vae|MNIST|m64|s123|e300|es1|b0.25,vae|m64|e300|es1|b0.25,41.33712840080261,"stage4_methods.json: (MNIST,proposed,123,0.25).trace[9]",41.33712840080261,results/make49/stage4_cache/MNIST.json:vae|MNIST|m64|s123|e300|es1|b0.25,,not available,300,True
MNIST,proposed,123,0.25,final,vae|MNIST|m10|s123|e300|es1|b0.25,vae|m10|e300|es1|b0.25,29.01570987701416,"stage4_methods.json: (MNIST,proposed,123,0.25).trace[14]",29.01570987701416,results/make49/stage4_cache/MNIST.json:vae|MNIST|m10|s123|e300|es1|b0.25,True,not available,300,True
MNIST,proposed,777,0.25,anchor,vae|MNIST|m64|s777|e300|es1|b0.25,vae|m64|e300|es1|b0.25,52.16759943962097,"stage4_methods.json: (MNIST,proposed,777,0.25).trace[9]",52.16759943962097,results/make49/stage4_cache/MNIST.json:vae|MNIST|m64|s777|e300|es1|b0.25,,not available,300,True
MNIST,proposed,777,0.25,final,vae|MNIST|m10|s777|e300|es1|b0.25,vae|m10|e300|es1|b0.25,39.30433416366577,"stage4_methods.json: (MNIST,proposed,777,0.25).trace[14]",39.30433416366577,results/make49/stage4_cache/MNIST.json:vae|MNIST|m10|s777|e300|es1|b0.25,True,not available,300,True
MNIST,proposed,2024,0.25,anchor,vae|MNIST|m64|s2024|e300|es1|b0.25,vae|m64|e300|es1|b0.25,33.468570709228516,"stage4_methods.json: (MNIST,proposed,2024,0.25).trace[9]",33.468570709228516,results/make49/stage4_cache/MNIST.json:vae|MNIST|m64|s2024|e300|es1|b0.25,,not available,300,True
MNIST,proposed,2024,0.25,final,vae|MNIST|m10|s2024|e300|es1|b0.25,vae|m10|e300|es1|b0.25,29.70371127128601,"stage4_methods.json: (MNIST,proposed,2024,0.25).trace[14]",29.70371127128601,results/make49/stage4_cache/MNIST.json:vae|MNIST|m10|s2024|e300|es1|b0.25,True,not available,300,True
MNIST,proposed,31337,0.25,anchor,vae|MNIST|m64|s31337|e300|es1|b0.25,vae|m64|e300|es1|b0.25,32.876134634017944,"stage4_methods.json: (MNIST,proposed,31337,0.25).trace[9]",32.876134634017944,results/make49/stage4_cache/MNIST.json:vae|MNIST|m64|s31337|e300|es1|b0.25,,not available,300,True
MNIST,proposed,31337,0.25,final,vae|MNIST|m8|s31337|e300|es1|b0.25,vae|m8|e300|es1|b0.25,40.86362171173096,"stage4_methods.json: (MNIST,proposed,31337,0.25).trace[13]",40.86362171173096,results/make49/stage4_cache/MNIST.json:vae|MNIST|m8|s31337|e300|es1|b0.25,True,not available,300,True
MNIST,proposed_minus_AU,42,0.25,anchor,vae|MNIST|m64|s42|e300|es1|b0.25,vae|m64|e300|es1|b0.25,29.022923707962036,"stage4_methods.json: (MNIST,proposed_minus_AU,42,0.25).trace[9]",29.022923707962036,results/make49/stage4_cache/MNIST.json:vae|MNIST|m64|s42|e300|es1|b0.25,,not available,300,True
MNIST,proposed_minus_AU,42,0.25,final,vae|MNIST|m10|s42|e300|es1|b0.25,vae|m10|e300|es1|b0.25,26.676961421966553,"stage4_methods.json: (MNIST,proposed_minus_AU,42,0.25).trace[14]",26.676961421966553,results/make49/stage4_cache/MNIST.json:vae|MNIST|m10|s42|e300|es1|b0.25,True,not available,300,True
MNIST,proposed_minus_AU,123,0.25,anchor,vae|MNIST|m64|s123|e300|es1|b0.25,vae|m64|e300|es1|b0.25,41.33712840080261,"stage4_methods.json: (MNIST,proposed_minus_AU,123,0.25).trace[9]",41.33712840080261,results/make49/stage4_cache/MNIST.json:vae|MNIST|m64|s123|e300|es1|b0.25,,not available,300,True
MNIST,proposed_minus_AU,123,0.25,final,vae|MNIST|m10|s123|e300|es1|b0.25,vae|m10|e300|es1|b0.25,29.01570987701416,"stage4_methods.json: (MNIST,proposed_minus_AU,123,0.25).trace[14]",29.01570987701416,results/make49/stage4_cache/MNIST.json:vae|MNIST|m10|s123|e300|es1|b0.25,True,not available,300,True
MNIST,proposed_minus_AU,777,0.25,anchor,vae|MNIST|m64|s777|e300|es1|b0.25,vae|m64|e300|es1|b0.25,52.16759943962097,"stage4_methods.json: (MNIST,proposed_minus_AU,777,0.25).trace[9]",52.16759943962097,results/make49/stage4_cache/MNIST.json:vae|MNIST|m64|s777|e300|es1|b0.25,,not available,300,True
MNIST,proposed_minus_AU,777,0.25,final,vae|MNIST|m10|s777|e300|es1|b0.25,vae|m10|e300|es1|b0.25,39.30433416366577,"stage4_methods.json: (MNIST,proposed_minus_AU,777,0.25).trace[14]",39.30433416366577,results/make49/stage4_cache/MNIST.json:vae|MNIST|m10|s777|e300|es1|b0.25,True,not available,300,True
MNIST,proposed_minus_AU,2024,0.25,anchor,vae|MNIST|m64|s2024|e300|es1|b0.25,vae|m64|e300|es1|b0.25,33.468570709228516,"stage4_methods.json: (MNIST,proposed_minus_AU,2024,0.25).trace[9]",33.468570709228516,results/make49/stage4_cache/MNIST.json:vae|MNIST|m64|s2024|e300|es1|b0.25,,not available,300,True
MNIST,proposed_minus_AU,2024,0.25,final,vae|MNIST|m10|s2024|e300|es1|b0.25,vae|m10|e300|es1|b0.25,29.70371127128601,"stage4_methods.json: (MNIST,proposed_minus_AU,2024,0.25).trace[14]",29.70371127128601,results/make49/stage4_cache/MNIST.json:vae|MNIST|m10|s2024|e300|es1|b0.25,True,not available,300,True
MNIST,proposed_minus_AU,31337,0.25,anchor,vae|MNIST|m64|s31337|e300|es1|b0.25,vae|m64|e300|es1|b0.25,32.876134634017944,"stage4_methods.json: (MNIST,proposed_minus_AU,31337,0.25).trace[9]",32.876134634017944,results/make49/stage4_cache/MNIST.json:vae|MNIST|m64|s31337|e300|es1|b0.25,,not available,300,True
MNIST,proposed_minus_AU,31337,0.25,final,vae|MNIST|m8|s31337|e300|es1|b0.25,vae|m8|e300|es1|b0.25,40.86362171173096,"stage4_methods.json: (MNIST,proposed_minus_AU,31337,0.25).trace[13]",40.86362171173096,results/make49/stage4_cache/MNIST.json:vae|MNIST|m8|s31337|e300|es1|b0.25,True,not available,300,True
MNIST,ascending_scan_Q,42,0.25,anchor,vae|MNIST|m64|s42|e300|es1|b0.25,vae|m64|e300|es1|b0.25,29.022923707962036,"stage4_methods.json: (MNIST,ascending_scan_Q,42,0.25).trace[0]",29.022923707962036,results/make49/stage4_cache/MNIST.json:vae|MNIST|m64|s42|e300|es1|b0.25,,not available,300,True
MNIST,ascending_scan_Q,42,0.25,final,vae|MNIST|m10|s42|e300|es1|b0.25,vae|m10|e300|es1|b0.25,26.676961421966553,"stage4_methods.json: (MNIST,ascending_scan_Q,42,0.25).trace[5]",26.676961421966553,results/make49/stage4_cache/MNIST.json:vae|MNIST|m10|s42|e300|es1|b0.25,True,not available,300,True
MNIST,ascending_scan_Q,123,0.25,anchor,vae|MNIST|m64|s123|e300|es1|b0.25,vae|m64|e300|es1|b0.25,41.33712840080261,"stage4_methods.json: (MNIST,ascending_scan_Q,123,0.25).trace[0]",41.33712840080261,results/make49/stage4_cache/MNIST.json:vae|MNIST|m64|s123|e300|es1|b0.25,,not available,300,True
MNIST,ascending_scan_Q,123,0.25,final,vae|MNIST|m10|s123|e300|es1|b0.25,vae|m10|e300|es1|b0.25,29.01570987701416,"stage4_methods.json: (MNIST,ascending_scan_Q,123,0.25).trace[5]",29.01570987701416,results/make49/stage4_cache/MNIST.json:vae|MNIST|m10|s123|e300|es1|b0.25,True,not available,300,True
MNIST,ascending_scan_Q,777,0.25,anchor,vae|MNIST|m64|s777|e300|es1|b0.25,vae|m64|e300|es1|b0.25,52.16759943962097,"stage4_methods.json: (MNIST,ascending_scan_Q,777,0.25).trace[0]",52.16759943962097,results/make49/stage4_cache/MNIST.json:vae|MNIST|m64|s777|e300|es1|b0.25,,not available,300,True
MNIST,ascending_scan_Q,777,0.25,final,vae|MNIST|m10|s777|e300|es1|b0.25,vae|m10|e300|es1|b0.25,39.30433416366577,"stage4_methods.json: (MNIST,ascending_scan_Q,777,0.25).trace[5]",39.30433416366577,results/make49/stage4_cache/MNIST.json:vae|MNIST|m10|s777|e300|es1|b0.25,True,not available,300,True
MNIST,ascending_scan_Q,2024,0.25,anchor,vae|MNIST|m64|s2024|e300|es1|b0.25,vae|m64|e300|es1|b0.25,33.468570709228516,"stage4_methods.json: (MNIST,ascending_scan_Q,2024,0.25).trace[0]",33.468570709228516,results/make49/stage4_cache/MNIST.json:vae|MNIST|m64|s2024|e300|es1|b0.25,,not available,300,True
MNIST,ascending_scan_Q,2024,0.25,final,vae|MNIST|m10|s2024|e300|es1|b0.25,vae|m10|e300|es1|b0.25,29.70371127128601,"stage4_methods.json: (MNIST,ascending_scan_Q,2024,0.25).trace[5]",29.70371127128601,results/make49/stage4_cache/MNIST.json:vae|MNIST|m10|s2024|e300|es1|b0.25,True,not available,300,True
MNIST,ascending_scan_Q,31337,0.25,anchor,vae|MNIST|m64|s31337|e300|es1|b0.25,vae|m64|e300|es1|b0.25,32.876134634017944,"stage4_methods.json: (MNIST,ascending_scan_Q,31337,0.25).trace[0]",32.876134634017944,results/make49/stage4_cache/MNIST.json:vae|MNIST|m64|s31337|e300|es1|b0.25,,not available,300,True
MNIST,ascending_scan_Q,31337,0.25,final,vae|MNIST|m8|s31337|e300|es1|b0.25,vae|m8|e300|es1|b0.25,40.86362171173096,"stage4_methods.json: (MNIST,ascending_scan_Q,31337,0.25).trace[4]",40.86362171173096,results/make49/stage4_cache/MNIST.json:vae|MNIST|m8|s31337|e300|es1|b0.25,True,not available,300,True
MNIST,B4_plus_Q,42,0.25,anchor,vae|MNIST|m64|s42|e300|es1|b0.25,vae|m64|e300|es1|b0.25,29.022923707962036,"stage4_methods.json: (MNIST,B4_plus_Q,42,0.25).trace[3]",29.022923707962036,results/make49/stage4_cache/MNIST.json:vae|MNIST|m64|s42|e300|es1|b0.25,,not available,300,True
MNIST,B4_plus_Q,42,0.25,final,vae|MNIST|m10|s42|e300|es1|b0.25,vae|m10|e300|es1|b0.25,26.676961421966553,"stage4_methods.json: (MNIST,B4_plus_Q,42,0.25).trace[2]",26.676961421966553,results/make49/stage4_cache/MNIST.json:vae|MNIST|m10|s42|e300|es1|b0.25,True,not available,300,True
MNIST,B4_plus_Q,123,0.25,anchor,vae|MNIST|m64|s123|e300|es1|b0.25,vae|m64|e300|es1|b0.25,41.33712840080261,"stage4_methods.json: (MNIST,B4_plus_Q,123,0.25).trace[3]",41.33712840080261,results/make49/stage4_cache/MNIST.json:vae|MNIST|m64|s123|e300|es1|b0.25,,not available,300,True
MNIST,B4_plus_Q,123,0.25,final,vae|MNIST|m64|s123|e300|es1|b0.25,vae|m64|e300|es1|b0.25,41.33712840080261,"stage4_methods.json: (MNIST,B4_plus_Q,123,0.25).trace[3]",41.33712840080261,results/make49/stage4_cache/MNIST.json:vae|MNIST|m64|s123|e300|es1|b0.25,True,not available,300,True
MNIST,B4_plus_Q,777,0.25,anchor,vae|MNIST|m64|s777|e300|es1|b0.25,vae|m64|e300|es1|b0.25,52.16759943962097,"stage4_methods.json: (MNIST,B4_plus_Q,777,0.25).trace[3]",52.16759943962097,results/make49/stage4_cache/MNIST.json:vae|MNIST|m64|s777|e300|es1|b0.25,,not available,300,True
MNIST,B4_plus_Q,777,0.25,final,vae|MNIST|m64|s777|e300|es1|b0.25,vae|m64|e300|es1|b0.25,52.16759943962097,"stage4_methods.json: (MNIST,B4_plus_Q,777,0.25).trace[3]",52.16759943962097,results/make49/stage4_cache/MNIST.json:vae|MNIST|m64|s777|e300|es1|b0.25,True,not available,300,True
MNIST,B4_plus_Q,2024,0.25,anchor,vae|MNIST|m64|s2024|e300|es1|b0.25,vae|m64|e300|es1|b0.25,33.468570709228516,"stage4_methods.json: (MNIST,B4_plus_Q,2024,0.25).trace[3]",33.468570709228516,results/make49/stage4_cache/MNIST.json:vae|MNIST|m64|s2024|e300|es1|b0.25,,not available,300,True
MNIST,B4_plus_Q,2024,0.25,final,vae|MNIST|m64|s2024|e300|es1|b0.25,vae|m64|e300|es1|b0.25,33.468570709228516,"stage4_methods.json: (MNIST,B4_plus_Q,2024,0.25).trace[3]",33.468570709228516,results/make49/stage4_cache/MNIST.json:vae|MNIST|m64|s2024|e300|es1|b0.25,True,not available,300,True
MNIST,B4_plus_Q,31337,0.25,anchor,vae|MNIST|m64|s31337|e300|es1|b0.25,vae|m64|e300|es1|b0.25,32.876134634017944,"stage4_methods.json: (MNIST,B4_plus_Q,31337,0.25).trace[3]",32.876134634017944,results/make49/stage4_cache/MNIST.json:vae|MNIST|m64|s31337|e300|es1|b0.25,,not available,300,True
MNIST,B4_plus_Q,31337,0.25,final,vae|MNIST|m10|s31337|e300|es1|b0.25,vae|m10|e300|es1|b0.25,46.78917074203491,"stage4_methods.json: (MNIST,B4_plus_Q,31337,0.25).trace[2]",46.78917074203491,results/make49/stage4_cache/MNIST.json:vae|MNIST|m10|s31337|e300|es1|b0.25,True,not available,300,True
MNIST,B6a_plus_Q,42,0.25,anchor,vae|MNIST|m64|s42|e300|es1|b0.25,vae|m64|e300|es1|b0.25,29.022923707962036,"stage4_methods.json: (MNIST,B6a_plus_Q,42,0.25).trace[5]",29.022923707962036,results/make49/stage4_cache/MNIST.json:vae|MNIST|m64|s42|e300|es1|b0.25,,not available,300,True
MNIST,B6a_plus_Q,42,0.25,final,vae|MNIST|m12|s42|e300|es1|b0.25,vae|m12|e300|es1|b0.25,29.844139337539673,"stage4_methods.json: (MNIST,B6a_plus_Q,42,0.25).trace[6]",29.844139337539673,results/make49/stage4_cache/MNIST.json:vae|MNIST|m12|s42|e300|es1|b0.25,True,not available,300,True
MNIST,B6a_plus_Q,123,0.25,anchor,vae|MNIST|m64|s123|e300|es1|b0.25,vae|m64|e300|es1|b0.25,41.33712840080261,"stage4_methods.json: (MNIST,B6a_plus_Q,123,0.25).trace[5]",41.33712840080261,results/make49/stage4_cache/MNIST.json:vae|MNIST|m64|s123|e300|es1|b0.25,,not available,300,True
MNIST,B6a_plus_Q,123,0.25,final,vae|MNIST|m10|s123|e300|es1|b0.25,vae|m10|e300|es1|b0.25,29.01570987701416,"stage4_methods.json: (MNIST,B6a_plus_Q,123,0.25).trace[6]",29.01570987701416,results/make49/stage4_cache/MNIST.json:vae|MNIST|m10|s123|e300|es1|b0.25,True,not available,300,True
MNIST,B6a_plus_Q,777,0.25,anchor,vae|MNIST|m64|s777|e300|es1|b0.25,vae|m64|e300|es1|b0.25,52.16759943962097,"stage4_methods.json: (MNIST,B6a_plus_Q,777,0.25).trace[5]",52.16759943962097,results/make49/stage4_cache/MNIST.json:vae|MNIST|m64|s777|e300|es1|b0.25,,not available,300,True
MNIST,B6a_plus_Q,777,0.25,final,vae|MNIST|m12|s777|e300|es1|b0.25,vae|m12|e300|es1|b0.25,33.71924877166748,"stage4_methods.json: (MNIST,B6a_plus_Q,777,0.25).trace[6]",33.71924877166748,results/make49/stage4_cache/MNIST.json:vae|MNIST|m12|s777|e300|es1|b0.25,True,not available,300,True
MNIST,B6a_plus_Q,2024,0.25,anchor,vae|MNIST|m64|s2024|e300|es1|b0.25,vae|m64|e300|es1|b0.25,33.468570709228516,"stage4_methods.json: (MNIST,B6a_plus_Q,2024,0.25).trace[5]",33.468570709228516,results/make49/stage4_cache/MNIST.json:vae|MNIST|m64|s2024|e300|es1|b0.25,,not available,300,True
MNIST,B6a_plus_Q,2024,0.25,final,vae|MNIST|m12|s2024|e300|es1|b0.25,vae|m12|e300|es1|b0.25,32.1791570186615,"stage4_methods.json: (MNIST,B6a_plus_Q,2024,0.25).trace[6]",32.1791570186615,results/make49/stage4_cache/MNIST.json:vae|MNIST|m12|s2024|e300|es1|b0.25,True,not available,300,True
MNIST,B6a_plus_Q,31337,0.25,anchor,vae|MNIST|m64|s31337|e300|es1|b0.25,vae|m64|e300|es1|b0.25,32.876134634017944,"stage4_methods.json: (MNIST,B6a_plus_Q,31337,0.25).trace[5]",32.876134634017944,results/make49/stage4_cache/MNIST.json:vae|MNIST|m64|s31337|e300|es1|b0.25,,not available,300,True
MNIST,B6a_plus_Q,31337,0.25,final,vae|MNIST|m12|s31337|e300|es1|b0.25,vae|m12|e300|es1|b0.25,43.08106207847595,"stage4_methods.json: (MNIST,B6a_plus_Q,31337,0.25).trace[6]",43.08106207847595,results/make49/stage4_cache/MNIST.json:vae|MNIST|m12|s31337|e300|es1|b0.25,True,not available,300,True
MNIST,B6b_plus_Q,42,0.25,anchor,vae|MNIST|m64|s42|e300|es1|b0.25,vae|m64|e300|es1|b0.25,29.022923707962036,"stage4_methods.json: (MNIST,B6b_plus_Q,42,0.25).trace[2]",29.022923707962036,results/make49/stage4_cache/MNIST.json:vae|MNIST|m64|s42|e300|es1|b0.25,,not available,300,True
MNIST,B6b_plus_Q,42,0.25,final,vae|MNIST|m64|s42|e300|es1|b0.25,vae|m64|e300|es1|b0.25,29.022923707962036,"stage4_methods.json: (MNIST,B6b_plus_Q,42,0.25).trace[2]",29.022923707962036,results/make49/stage4_cache/MNIST.json:vae|MNIST|m64|s42|e300|es1|b0.25,True,not available,300,True
MNIST,B6b_plus_Q,123,0.25,anchor,vae|MNIST|m64|s123|e300|es1|b0.25,vae|m64|e300|es1|b0.25,41.33712840080261,"stage4_methods.json: (MNIST,B6b_plus_Q,123,0.25).trace[2]",41.33712840080261,results/make49/stage4_cache/MNIST.json:vae|MNIST|m64|s123|e300|es1|b0.25,,not available,300,True
MNIST,B6b_plus_Q,123,0.25,final,vae|MNIST|m64|s123|e300|es1|b0.25,vae|m64|e300|es1|b0.25,41.33712840080261,"stage4_methods.json: (MNIST,B6b_plus_Q,123,0.25).trace[2]",41.33712840080261,results/make49/stage4_cache/MNIST.json:vae|MNIST|m64|s123|e300|es1|b0.25,True,not available,300,True
MNIST,B6b_plus_Q,777,0.25,anchor,vae|MNIST|m64|s777|e300|es1|b0.25,vae|m64|e300|es1|b0.25,52.16759943962097,"stage4_methods.json: (MNIST,B6b_plus_Q,777,0.25).trace[2]",52.16759943962097,results/make49/stage4_cache/MNIST.json:vae|MNIST|m64|s777|e300|es1|b0.25,,not available,300,True
MNIST,B6b_plus_Q,777,0.25,final,vae|MNIST|m48|s777|e300|es1|b0.25,vae|m48|e300|es1|b0.25,24.290589570999146,"stage4_methods.json: (MNIST,B6b_plus_Q,777,0.25).trace[3]",24.290589570999146,results/make49/stage4_cache/MNIST.json:vae|MNIST|m48|s777|e300|es1|b0.25,True,not available,300,True
MNIST,B6b_plus_Q,2024,0.25,anchor,vae|MNIST|m64|s2024|e300|es1|b0.25,vae|m64|e300|es1|b0.25,33.468570709228516,"stage4_methods.json: (MNIST,B6b_plus_Q,2024,0.25).trace[2]",33.468570709228516,results/make49/stage4_cache/MNIST.json:vae|MNIST|m64|s2024|e300|es1|b0.25,,not available,300,True
MNIST,B6b_plus_Q,2024,0.25,final,vae|MNIST|m64|s2024|e300|es1|b0.25,vae|m64|e300|es1|b0.25,33.468570709228516,"stage4_methods.json: (MNIST,B6b_plus_Q,2024,0.25).trace[2]",33.468570709228516,results/make49/stage4_cache/MNIST.json:vae|MNIST|m64|s2024|e300|es1|b0.25,True,not available,300,True
MNIST,B6b_plus_Q,31337,0.25,anchor,vae|MNIST|m64|s31337|e300|es1|b0.25,vae|m64|e300|es1|b0.25,32.876134634017944,"stage4_methods.json: (MNIST,B6b_plus_Q,31337,0.25).trace[2]",32.876134634017944,results/make49/stage4_cache/MNIST.json:vae|MNIST|m64|s31337|e300|es1|b0.25,,not available,300,True
MNIST,B6b_plus_Q,31337,0.25,final,vae|MNIST|m64|s31337|e300|es1|b0.25,vae|m64|e300|es1|b0.25,32.876134634017944,"stage4_methods.json: (MNIST,B6b_plus_Q,31337,0.25).trace[2]",32.876134634017944,results/make49/stage4_cache/MNIST.json:vae|MNIST|m64|s31337|e300|es1|b0.25,True,not available,300,True
dSprites,B1_full_mse,42,0.25,anchor,vae|dSprites|m64|s42|e300|es1|b0.25,vae|m64|e300|es1|b0.25,274.4781684875488,"stage4_methods.json: (dSprites,B1_full_mse,42,0.25).trace[11]",274.4781684875488,results/make49/stage4_cache/dSprites.json:vae|dSprites|m64|s42|e300|es1|b0.25,,not available,300,True
dSprites,B1_full_mse,42,0.25,final,vae|dSprites|m48|s42|e300|es1|b0.25,vae|m48|e300|es1|b0.25,255.5302653312683,"stage4_methods.json: (dSprites,B1_full_mse,42,0.25).trace[10]",255.5302653312683,results/make49/stage4_cache/dSprites.json:vae|dSprites|m48|s42|e300|es1|b0.25,True,not available,300,True
dSprites,B1_full_mse,123,0.25,anchor,vae|dSprites|m64|s123|e300|es1|b0.25,vae|m64|e300|es1|b0.25,236.22031927108765,"stage4_methods.json: (dSprites,B1_full_mse,123,0.25).trace[11]",236.22031927108765,results/make49/stage4_cache/dSprites.json:vae|dSprites|m64|s123|e300|es1|b0.25,,not available,300,True
dSprites,B1_full_mse,123,0.25,final,vae|dSprites|m64|s123|e300|es1|b0.25,vae|m64|e300|es1|b0.25,236.22031927108765,"stage4_methods.json: (dSprites,B1_full_mse,123,0.25).trace[11]",236.22031927108765,results/make49/stage4_cache/dSprites.json:vae|dSprites|m64|s123|e300|es1|b0.25,True,not available,300,True
dSprites,B1_full_mse,777,0.25,anchor,vae|dSprites|m64|s777|e300|es1|b0.25,vae|m64|e300|es1|b0.25,222.87895941734314,"stage4_methods.json: (dSprites,B1_full_mse,777,0.25).trace[11]",222.87895941734314,results/make49/stage4_cache/dSprites.json:vae|dSprites|m64|s777|e300|es1|b0.25,,not available,300,True
dSprites,B1_full_mse,777,0.25,final,vae|dSprites|m32|s777|e300|es1|b0.25,vae|m32|e300|es1|b0.25,188.80955052375793,"stage4_methods.json: (dSprites,B1_full_mse,777,0.25).trace[9]",188.80955052375793,results/make49/stage4_cache/dSprites.json:vae|dSprites|m32|s777|e300|es1|b0.25,True,not available,300,True
dSprites,B1_full_mse,2024,0.25,anchor,vae|dSprites|m64|s2024|e300|es1|b0.25,vae|m64|e300|es1|b0.25,174.7495255470276,"stage4_methods.json: (dSprites,B1_full_mse,2024,0.25).trace[11]",174.7495255470276,results/make49/stage4_cache/dSprites.json:vae|dSprites|m64|s2024|e300|es1|b0.25,,not available,300,True
dSprites,B1_full_mse,2024,0.25,final,vae|dSprites|m64|s2024|e300|es1|b0.25,vae|m64|e300|es1|b0.25,174.7495255470276,"stage4_methods.json: (dSprites,B1_full_mse,2024,0.25).trace[11]",174.7495255470276,results/make49/stage4_cache/dSprites.json:vae|dSprites|m64|s2024|e300|es1|b0.25,True,not available,300,True
dSprites,B1_full_mse,31337,0.25,anchor,vae|dSprites|m64|s31337|e300|es1|b0.25,vae|m64|e300|es1|b0.25,249.7917263507843,"stage4_methods.json: (dSprites,B1_full_mse,31337,0.25).trace[11]",249.7917263507843,results/make49/stage4_cache/dSprites.json:vae|dSprites|m64|s31337|e300|es1|b0.25,,not available,300,True
dSprites,B1_full_mse,31337,0.25,final,vae|dSprites|m64|s31337|e300|es1|b0.25,vae|m64|e300|es1|b0.25,249.7917263507843,"stage4_methods.json: (dSprites,B1_full_mse,31337,0.25).trace[11]",249.7917263507843,results/make49/stage4_cache/dSprites.json:vae|dSprites|m64|s31337|e300|es1|b0.25,True,not available,300,True
dSprites,B2_full_elbo,42,0.25,anchor,vae|dSprites|m64|s42|e300|es1|b0.25,vae|m64|e300|es1|b0.25,274.4781684875488,"stage4_methods.json: (dSprites,B2_full_elbo,42,0.25).trace[11]",274.4781684875488,results/make49/stage4_cache/dSprites.json:vae|dSprites|m64|s42|e300|es1|b0.25,,not available,300,True
dSprites,B2_full_elbo,42,0.25,final,vae|dSprites|m6|s42|e300|es1|b0.25,vae|m6|e300|es1|b0.25,232.86218643188477,"stage4_methods.json: (dSprites,B2_full_elbo,42,0.25).trace[2]",232.86218643188477,results/make49/stage4_cache/dSprites.json:vae|dSprites|m6|s42|e300|es1|b0.25,True,not available,300,True
dSprites,B2_full_elbo,123,0.25,anchor,vae|dSprites|m64|s123|e300|es1|b0.25,vae|m64|e300|es1|b0.25,236.22031927108765,"stage4_methods.json: (dSprites,B2_full_elbo,123,0.25).trace[11]",236.22031927108765,results/make49/stage4_cache/dSprites.json:vae|dSprites|m64|s123|e300|es1|b0.25,,not available,300,True
dSprites,B2_full_elbo,123,0.25,final,vae|dSprites|m10|s123|e300|es1|b0.25,vae|m10|e300|es1|b0.25,326.8946852684021,"stage4_methods.json: (dSprites,B2_full_elbo,123,0.25).trace[4]",326.8946852684021,results/make49/stage4_cache/dSprites.json:vae|dSprites|m10|s123|e300|es1|b0.25,True,not available,300,True
dSprites,B2_full_elbo,777,0.25,anchor,vae|dSprites|m64|s777|e300|es1|b0.25,vae|m64|e300|es1|b0.25,222.87895941734314,"stage4_methods.json: (dSprites,B2_full_elbo,777,0.25).trace[11]",222.87895941734314,results/make49/stage4_cache/dSprites.json:vae|dSprites|m64|s777|e300|es1|b0.25,,not available,300,True
dSprites,B2_full_elbo,777,0.25,final,vae|dSprites|m8|s777|e300|es1|b0.25,vae|m8|e300|es1|b0.25,226.8414282798767,"stage4_methods.json: (dSprites,B2_full_elbo,777,0.25).trace[3]",226.8414282798767,results/make49/stage4_cache/dSprites.json:vae|dSprites|m8|s777|e300|es1|b0.25,True,not available,300,True
dSprites,B2_full_elbo,2024,0.25,anchor,vae|dSprites|m64|s2024|e300|es1|b0.25,vae|m64|e300|es1|b0.25,174.7495255470276,"stage4_methods.json: (dSprites,B2_full_elbo,2024,0.25).trace[11]",174.7495255470276,results/make49/stage4_cache/dSprites.json:vae|dSprites|m64|s2024|e300|es1|b0.25,,not available,300,True
dSprites,B2_full_elbo,2024,0.25,final,vae|dSprites|m10|s2024|e300|es1|b0.25,vae|m10|e300|es1|b0.25,307.2828345298767,"stage4_methods.json: (dSprites,B2_full_elbo,2024,0.25).trace[4]",307.2828345298767,results/make49/stage4_cache/dSprites.json:vae|dSprites|m10|s2024|e300|es1|b0.25,True,not available,300,True
dSprites,B2_full_elbo,31337,0.25,anchor,vae|dSprites|m64|s31337|e300|es1|b0.25,vae|m64|e300|es1|b0.25,249.7917263507843,"stage4_methods.json: (dSprites,B2_full_elbo,31337,0.25).trace[11]",249.7917263507843,results/make49/stage4_cache/dSprites.json:vae|dSprites|m64|s31337|e300|es1|b0.25,,not available,300,True
dSprites,B2_full_elbo,31337,0.25,final,vae|dSprites|m8|s31337|e300|es1|b0.25,vae|m8|e300|es1|b0.25,302.0059971809387,"stage4_methods.json: (dSprites,B2_full_elbo,31337,0.25).trace[3]",302.0059971809387,results/make49/stage4_cache/dSprites.json:vae|dSprites|m8|s31337|e300|es1|b0.25,True,not available,300,True
dSprites,B3_full_downstream,42,0.25,anchor,vae|dSprites|m64|s42|e300|es1|b0.25,vae|m64|e300|es1|b0.25,274.4781684875488,"stage4_methods.json: (dSprites,B3_full_downstream,42,0.25).trace[11]",274.4781684875488,results/make49/stage4_cache/dSprites.json:vae|dSprites|m64|s42|e300|es1|b0.25,,not available,300,True
dSprites,B3_full_downstream,42,0.25,final,vae|dSprites|m64|s42|e300|es1|b0.25,vae|m64|e300|es1|b0.25,274.4781684875488,"stage4_methods.json: (dSprites,B3_full_downstream,42,0.25).trace[11]",274.4781684875488,results/make49/stage4_cache/dSprites.json:vae|dSprites|m64|s42|e300|es1|b0.25,True,not available,300,True
dSprites,B3_full_downstream,123,0.25,anchor,vae|dSprites|m64|s123|e300|es1|b0.25,vae|m64|e300|es1|b0.25,236.22031927108765,"stage4_methods.json: (dSprites,B3_full_downstream,123,0.25).trace[11]",236.22031927108765,results/make49/stage4_cache/dSprites.json:vae|dSprites|m64|s123|e300|es1|b0.25,,not available,300,True
dSprites,B3_full_downstream,123,0.25,final,vae|dSprites|m64|s123|e300|es1|b0.25,vae|m64|e300|es1|b0.25,236.22031927108765,"stage4_methods.json: (dSprites,B3_full_downstream,123,0.25).trace[11]",236.22031927108765,results/make49/stage4_cache/dSprites.json:vae|dSprites|m64|s123|e300|es1|b0.25,True,not available,300,True
dSprites,B3_full_downstream,777,0.25,anchor,vae|dSprites|m64|s777|e300|es1|b0.25,vae|m64|e300|es1|b0.25,222.87895941734314,"stage4_methods.json: (dSprites,B3_full_downstream,777,0.25).trace[11]",222.87895941734314,results/make49/stage4_cache/dSprites.json:vae|dSprites|m64|s777|e300|es1|b0.25,,not available,300,True
dSprites,B3_full_downstream,777,0.25,final,vae|dSprites|m64|s777|e300|es1|b0.25,vae|m64|e300|es1|b0.25,222.87895941734314,"stage4_methods.json: (dSprites,B3_full_downstream,777,0.25).trace[11]",222.87895941734314,results/make49/stage4_cache/dSprites.json:vae|dSprites|m64|s777|e300|es1|b0.25,True,not available,300,True
dSprites,B3_full_downstream,2024,0.25,anchor,vae|dSprites|m64|s2024|e300|es1|b0.25,vae|m64|e300|es1|b0.25,174.7495255470276,"stage4_methods.json: (dSprites,B3_full_downstream,2024,0.25).trace[11]",174.7495255470276,results/make49/stage4_cache/dSprites.json:vae|dSprites|m64|s2024|e300|es1|b0.25,,not available,300,True
dSprites,B3_full_downstream,2024,0.25,final,vae|dSprites|m64|s2024|e300|es1|b0.25,vae|m64|e300|es1|b0.25,174.7495255470276,"stage4_methods.json: (dSprites,B3_full_downstream,2024,0.25).trace[11]",174.7495255470276,results/make49/stage4_cache/dSprites.json:vae|dSprites|m64|s2024|e300|es1|b0.25,True,not available,300,True
dSprites,B3_full_downstream,31337,0.25,anchor,vae|dSprites|m64|s31337|e300|es1|b0.25,vae|m64|e300|es1|b0.25,249.7917263507843,"stage4_methods.json: (dSprites,B3_full_downstream,31337,0.25).trace[11]",249.7917263507843,results/make49/stage4_cache/dSprites.json:vae|dSprites|m64|s31337|e300|es1|b0.25,,not available,300,True
dSprites,B3_full_downstream,31337,0.25,final,vae|dSprites|m64|s31337|e300|es1|b0.25,vae|m64|e300|es1|b0.25,249.7917263507843,"stage4_methods.json: (dSprites,B3_full_downstream,31337,0.25).trace[11]",249.7917263507843,results/make49/stage4_cache/dSprites.json:vae|dSprites|m64|s31337|e300|es1|b0.25,True,not available,300,True
dSprites,B4_coarse,42,0.25,anchor,vae|dSprites|m64|s42|e300|es1|b0.25,vae|m64|e300|es1|b0.25,274.4781684875488,"stage4_methods.json: (dSprites,B4_coarse,42,0.25).trace[3]",274.4781684875488,results/make49/stage4_cache/dSprites.json:vae|dSprites|m64|s42|e300|es1|b0.25,,not available,300,True
dSprites,B4_coarse,42,0.25,final,vae|dSprites|m64|s42|e300|es1|b0.25,vae|m64|e300|es1|b0.25,274.4781684875488,"stage4_methods.json: (dSprites,B4_coarse,42,0.25).trace[3]",274.4781684875488,results/make49/stage4_cache/dSprites.json:vae|dSprites|m64|s42|e300|es1|b0.25,True,not available,300,True
dSprites,B4_coarse,123,0.25,anchor,vae|dSprites|m64|s123|e300|es1|b0.25,vae|m64|e300|es1|b0.25,236.22031927108765,"stage4_methods.json: (dSprites,B4_coarse,123,0.25).trace[3]",236.22031927108765,results/make49/stage4_cache/dSprites.json:vae|dSprites|m64|s123|e300|es1|b0.25,,not available,300,True
dSprites,B4_coarse,123,0.25,final,vae|dSprites|m64|s123|e300|es1|b0.25,vae|m64|e300|es1|b0.25,236.22031927108765,"stage4_methods.json: (dSprites,B4_coarse,123,0.25).trace[3]",236.22031927108765,results/make49/stage4_cache/dSprites.json:vae|dSprites|m64|s123|e300|es1|b0.25,True,not available,300,True
dSprites,B4_coarse,777,0.25,anchor,vae|dSprites|m64|s777|e300|es1|b0.25,vae|m64|e300|es1|b0.25,222.87895941734314,"stage4_methods.json: (dSprites,B4_coarse,777,0.25).trace[3]",222.87895941734314,results/make49/stage4_cache/dSprites.json:vae|dSprites|m64|s777|e300|es1|b0.25,,not available,300,True
dSprites,B4_coarse,777,0.25,final,vae|dSprites|m64|s777|e300|es1|b0.25,vae|m64|e300|es1|b0.25,222.87895941734314,"stage4_methods.json: (dSprites,B4_coarse,777,0.25).trace[3]",222.87895941734314,results/make49/stage4_cache/dSprites.json:vae|dSprites|m64|s777|e300|es1|b0.25,True,not available,300,True
dSprites,B4_coarse,2024,0.25,anchor,vae|dSprites|m64|s2024|e300|es1|b0.25,vae|m64|e300|es1|b0.25,174.7495255470276,"stage4_methods.json: (dSprites,B4_coarse,2024,0.25).trace[3]",174.7495255470276,results/make49/stage4_cache/dSprites.json:vae|dSprites|m64|s2024|e300|es1|b0.25,,not available,300,True
dSprites,B4_coarse,2024,0.25,final,vae|dSprites|m64|s2024|e300|es1|b0.25,vae|m64|e300|es1|b0.25,174.7495255470276,"stage4_methods.json: (dSprites,B4_coarse,2024,0.25).trace[3]",174.7495255470276,results/make49/stage4_cache/dSprites.json:vae|dSprites|m64|s2024|e300|es1|b0.25,True,not available,300,True
dSprites,B4_coarse,31337,0.25,anchor,vae|dSprites|m64|s31337|e300|es1|b0.25,vae|m64|e300|es1|b0.25,249.7917263507843,"stage4_methods.json: (dSprites,B4_coarse,31337,0.25).trace[3]",249.7917263507843,results/make49/stage4_cache/dSprites.json:vae|dSprites|m64|s31337|e300|es1|b0.25,,not available,300,True
dSprites,B4_coarse,31337,0.25,final,vae|dSprites|m64|s31337|e300|es1|b0.25,vae|m64|e300|es1|b0.25,249.7917263507843,"stage4_methods.json: (dSprites,B4_coarse,31337,0.25).trace[3]",249.7917263507843,results/make49/stage4_cache/dSprites.json:vae|dSprites|m64|s31337|e300|es1|b0.25,True,not available,300,True
dSprites,B5_fixed32,42,0.25,anchor,vae|dSprites|m64|s42|e300|es1|b0.25,not in trace,,not charged in original ledger; MAKE50 used current snapshot,274.4781684875488,results/make49/stage4_cache/dSprites.json:vae|dSprites|m64|s42|e300|es1|b0.25,,not available,300,True
dSprites,B5_fixed32,42,0.25,final,vae|dSprites|m32|s42|e300|es1|b0.25,vae|m32|e300|es1|b0.25,172.16626262664795,"stage4_methods.json: (dSprites,B5_fixed32,42,0.25).trace[0]",172.16626262664795,results/make49/stage4_cache/dSprites.json:vae|dSprites|m32|s42|e300|es1|b0.25,True,not available,300,True
dSprites,B5_fixed32,123,0.25,anchor,vae|dSprites|m64|s123|e300|es1|b0.25,not in trace,,not charged in original ledger; MAKE50 used current snapshot,236.22031927108765,results/make49/stage4_cache/dSprites.json:vae|dSprites|m64|s123|e300|es1|b0.25,,not available,300,True
dSprites,B5_fixed32,123,0.25,final,vae|dSprites|m32|s123|e300|es1|b0.25,vae|m32|e300|es1|b0.25,230.14260149002075,"stage4_methods.json: (dSprites,B5_fixed32,123,0.25).trace[0]",230.14260149002075,results/make49/stage4_cache/dSprites.json:vae|dSprites|m32|s123|e300|es1|b0.25,True,not available,300,True
dSprites,B5_fixed32,777,0.25,anchor,vae|dSprites|m64|s777|e300|es1|b0.25,not in trace,,not charged in original ledger; MAKE50 used current snapshot,222.87895941734314,results/make49/stage4_cache/dSprites.json:vae|dSprites|m64|s777|e300|es1|b0.25,,not available,300,True
dSprites,B5_fixed32,777,0.25,final,vae|dSprites|m32|s777|e300|es1|b0.25,vae|m32|e300|es1|b0.25,188.80955052375793,"stage4_methods.json: (dSprites,B5_fixed32,777,0.25).trace[0]",188.80955052375793,results/make49/stage4_cache/dSprites.json:vae|dSprites|m32|s777|e300|es1|b0.25,True,not available,300,True
dSprites,B5_fixed32,2024,0.25,anchor,vae|dSprites|m64|s2024|e300|es1|b0.25,not in trace,,not charged in original ledger; MAKE50 used current snapshot,174.7495255470276,results/make49/stage4_cache/dSprites.json:vae|dSprites|m64|s2024|e300|es1|b0.25,,not available,300,True
dSprites,B5_fixed32,2024,0.25,final,vae|dSprites|m32|s2024|e300|es1|b0.25,vae|m32|e300|es1|b0.25,169.04345512390137,"stage4_methods.json: (dSprites,B5_fixed32,2024,0.25).trace[0]",169.04345512390137,results/make49/stage4_cache/dSprites.json:vae|dSprites|m32|s2024|e300|es1|b0.25,True,not available,300,True
dSprites,B5_fixed32,31337,0.25,anchor,vae|dSprites|m64|s31337|e300|es1|b0.25,not in trace,,not charged in original ledger; MAKE50 used current snapshot,249.7917263507843,results/make49/stage4_cache/dSprites.json:vae|dSprites|m64|s31337|e300|es1|b0.25,,not available,300,True
dSprites,B5_fixed32,31337,0.25,final,vae|dSprites|m32|s31337|e300|es1|b0.25,vae|m32|e300|es1|b0.25,194.69902682304382,"stage4_methods.json: (dSprites,B5_fixed32,31337,0.25).trace[0]",194.69902682304382,results/make49/stage4_cache/dSprites.json:vae|dSprites|m32|s31337|e300|es1|b0.25,True,not available,300,True
dSprites,B6a_fondue,42,0.25,anchor,vae|dSprites|m64|s42|e300|es1|b0.25,not in trace,,not charged in original ledger; MAKE50 used current snapshot,274.4781684875488,results/make49/stage4_cache/dSprites.json:vae|dSprites|m64|s42|e300|es1|b0.25,,not available,300,True
dSprites,B6a_fondue,42,0.25,final,vae|dSprites|m4|s42|e300|es1|b0.25,vae|m4|e300|es1|b0.25,144.63131070137024,"stage4_methods.json: (dSprites,B6a_fondue,42,0.25).trace[4]",144.63131070137024,results/make49/stage4_cache/dSprites.json:vae|dSprites|m4|s42|e300|es1|b0.25,True,not available,300,True
dSprites,B6a_fondue,123,0.25,anchor,vae|dSprites|m64|s123|e300|es1|b0.25,not in trace,,not charged in original ledger; MAKE50 used current snapshot,236.22031927108765,results/make49/stage4_cache/dSprites.json:vae|dSprites|m64|s123|e300|es1|b0.25,,not available,300,True
dSprites,B6a_fondue,123,0.25,final,vae|dSprites|m4|s123|e300|es1|b0.25,vae|m4|e300|es1|b0.25,151.3679986000061,"stage4_methods.json: (dSprites,B6a_fondue,123,0.25).trace[4]",151.3679986000061,results/make49/stage4_cache/dSprites.json:vae|dSprites|m4|s123|e300|es1|b0.25,True,not available,300,True
dSprites,B6a_fondue,777,0.25,anchor,vae|dSprites|m64|s777|e300|es1|b0.25,not in trace,,not charged in original ledger; MAKE50 used current snapshot,222.87895941734314,results/make49/stage4_cache/dSprites.json:vae|dSprites|m64|s777|e300|es1|b0.25,,not available,300,True
dSprites,B6a_fondue,777,0.25,final,vae|dSprites|m4|s777|e300|es1|b0.25,vae|m4|e300|es1|b0.25,111.65640449523926,"stage4_methods.json: (dSprites,B6a_fondue,777,0.25).trace[4]",111.65640449523926,results/make49/stage4_cache/dSprites.json:vae|dSprites|m4|s777|e300|es1|b0.25,True,not available,300,True
dSprites,B6a_fondue,2024,0.25,anchor,vae|dSprites|m64|s2024|e300|es1|b0.25,not in trace,,not charged in original ledger; MAKE50 used current snapshot,174.7495255470276,results/make49/stage4_cache/dSprites.json:vae|dSprites|m64|s2024|e300|es1|b0.25,,not available,300,True
dSprites,B6a_fondue,2024,0.25,final,vae|dSprites|m6|s2024|e300|es1|b0.25,vae|m6|e300|es1|b0.25,363.9947521686554,"stage4_methods.json: (dSprites,B6a_fondue,2024,0.25).trace[4]",363.9947521686554,results/make49/stage4_cache/dSprites.json:vae|dSprites|m6|s2024|e300|es1|b0.25,True,not available,300,True
dSprites,B6a_fondue,31337,0.25,anchor,vae|dSprites|m64|s31337|e300|es1|b0.25,not in trace,,not charged in original ledger; MAKE50 used current snapshot,249.7917263507843,results/make49/stage4_cache/dSprites.json:vae|dSprites|m64|s31337|e300|es1|b0.25,,not available,300,True
dSprites,B6a_fondue,31337,0.25,final,vae|dSprites|m5|s31337|e300|es1|b0.25,vae|m5|e300|es1|b0.25,205.57471299171448,"stage4_methods.json: (dSprites,B6a_fondue,31337,0.25).trace[4]",205.57471299171448,results/make49/stage4_cache/dSprites.json:vae|dSprites|m5|s31337|e300|es1|b0.25,True,not available,300,True
dSprites,B6b_fondue_var,42,0.25,anchor,vae|dSprites|m64|s42|e300|es1|b0.25,not in trace,,not charged in original ledger; MAKE50 used current snapshot,274.4781684875488,results/make49/stage4_cache/dSprites.json:vae|dSprites|m64|s42|e300|es1|b0.25,,not available,300,True
dSprites,B6b_fondue_var,42,0.25,final,vae|dSprites|m239|s42|e300|es1|b0.25,vae|m239|e300|es1|b0.25,214.5457603931427,"stage4_methods.json: (dSprites,B6b_fondue_var,42,0.25).trace[5]",214.5457603931427,results/make49/stage4_cache/dSprites.json:vae|dSprites|m239|s42|e300|es1|b0.25,True,not available,300,True
dSprites,B6b_fondue_var,123,0.25,anchor,vae|dSprites|m64|s123|e300|es1|b0.25,not in trace,,not charged in original ledger; MAKE50 used current snapshot,236.22031927108765,results/make49/stage4_cache/dSprites.json:vae|dSprites|m64|s123|e300|es1|b0.25,,not available,300,True
dSprites,B6b_fondue_var,123,0.25,final,vae|dSprites|m50|s123|e300|es1|b0.25,vae|m50|e300|es1|b0.25,216.56105613708496,"stage4_methods.json: (dSprites,B6b_fondue_var,123,0.25).trace[3]",216.56105613708496,results/make49/stage4_cache/dSprites.json:vae|dSprites|m50|s123|e300|es1|b0.25,True,not available,300,True
dSprites,B6b_fondue_var,777,0.25,anchor,vae|dSprites|m64|s777|e300|es1|b0.25,not in trace,,not charged in original ledger; MAKE50 used current snapshot,222.87895941734314,results/make49/stage4_cache/dSprites.json:vae|dSprites|m64|s777|e300|es1|b0.25,,not available,300,True
dSprites,B6b_fondue_var,777,0.25,final,vae|dSprites|m6|s777|e300|es1|b0.25,vae|m6|e300|es1|b0.25,219.51582741737366,"stage4_methods.json: (dSprites,B6b_fondue_var,777,0.25).trace[3]",219.51582741737366,results/make49/stage4_cache/dSprites.json:vae|dSprites|m6|s777|e300|es1|b0.25,True,not available,300,True
dSprites,B6b_fondue_var,2024,0.25,anchor,vae|dSprites|m64|s2024|e300|es1|b0.25,not in trace,,not charged in original ledger; MAKE50 used current snapshot,174.7495255470276,results/make49/stage4_cache/dSprites.json:vae|dSprites|m64|s2024|e300|es1|b0.25,,not available,300,True
dSprites,B6b_fondue_var,2024,0.25,final,vae|dSprites|m237|s2024|e300|es1|b0.25,vae|m237|e300|es1|b0.25,344.0555958747864,"stage4_methods.json: (dSprites,B6b_fondue_var,2024,0.25).trace[5]",344.0555958747864,results/make49/stage4_cache/dSprites.json:vae|dSprites|m237|s2024|e300|es1|b0.25,True,not available,300,True
dSprites,B6b_fondue_var,31337,0.25,anchor,vae|dSprites|m64|s31337|e300|es1|b0.25,not in trace,,not charged in original ledger; MAKE50 used current snapshot,249.7917263507843,results/make49/stage4_cache/dSprites.json:vae|dSprites|m64|s31337|e300|es1|b0.25,,not available,300,True
dSprites,B6b_fondue_var,31337,0.25,final,vae|dSprites|m21|s31337|e300|es1|b0.25,vae|m21|e300|es1|b0.25,121.21956396102905,"stage4_methods.json: (dSprites,B6b_fondue_var,31337,0.25).trace[3]",121.21956396102905,results/make49/stage4_cache/dSprites.json:vae|dSprites|m21|s31337|e300|es1|b0.25,True,not available,300,True
dSprites,B6b_fondue_var_keepmixed_false,42,0.25,anchor,vae|dSprites|m64|s42|e300|es1|b0.25,not in trace,,not charged in original ledger; MAKE50 used current snapshot,274.4781684875488,results/make49/stage4_cache/dSprites.json:vae|dSprites|m64|s42|e300|es1|b0.25,,not available,300,True
dSprites,B6b_fondue_var_keepmixed_false,42,0.25,final,vae|dSprites|m11|s42|e300|es1|b0.25,vae|m11|e300|es1|b0.25,129.54480695724487,"stage4_methods.json: (dSprites,B6b_fondue_var_keepmixed_false,42,0.25).trace[1]",129.54480695724487,results/make49/stage4_cache/dSprites.json:vae|dSprites|m11|s42|e300|es1|b0.25,True,not available,300,True
dSprites,B6b_fondue_var_keepmixed_false,123,0.25,anchor,vae|dSprites|m64|s123|e300|es1|b0.25,not in trace,,not charged in original ledger; MAKE50 used current snapshot,236.22031927108765,results/make49/stage4_cache/dSprites.json:vae|dSprites|m64|s123|e300|es1|b0.25,,not available,300,True
dSprites,B6b_fondue_var_keepmixed_false,123,0.25,final,vae|dSprites|m12|s123|e300|es1|b0.25,vae|m12|e300|es1|b0.25,273.33429622650146,"stage4_methods.json: (dSprites,B6b_fondue_var_keepmixed_false,123,0.25).trace[1]",273.33429622650146,results/make49/stage4_cache/dSprites.json:vae|dSprites|m12|s123|e300|es1|b0.25,True,not available,300,True
dSprites,B6b_fondue_var_keepmixed_false,777,0.25,anchor,vae|dSprites|m64|s777|e300|es1|b0.25,not in trace,,not charged in original ledger; MAKE50 used current snapshot,222.87895941734314,results/make49/stage4_cache/dSprites.json:vae|dSprites|m64|s777|e300|es1|b0.25,,not available,300,True
dSprites,B6b_fondue_var_keepmixed_false,777,0.25,final,vae|dSprites|m12|s777|e300|es1|b0.25,vae|m12|e300|es1|b0.25,264.11890864372253,"stage4_methods.json: (dSprites,B6b_fondue_var_keepmixed_false,777,0.25).trace[1]",264.11890864372253,results/make49/stage4_cache/dSprites.json:vae|dSprites|m12|s777|e300|es1|b0.25,True,not available,300,True
dSprites,B6b_fondue_var_keepmixed_false,2024,0.25,anchor,vae|dSprites|m64|s2024|e300|es1|b0.25,not in trace,,not charged in original ledger; MAKE50 used current snapshot,174.7495255470276,results/make49/stage4_cache/dSprites.json:vae|dSprites|m64|s2024|e300|es1|b0.25,,not available,300,True
dSprites,B6b_fondue_var_keepmixed_false,2024,0.25,final,vae|dSprites|m7|s2024|e300|es1|b0.25,vae|m7|e300|es1|b0.25,166.80775046348572,"stage4_methods.json: (dSprites,B6b_fondue_var_keepmixed_false,2024,0.25).trace[1]",166.80775046348572,results/make49/stage4_cache/dSprites.json:vae|dSprites|m7|s2024|e300|es1|b0.25,True,not available,300,True
dSprites,B6b_fondue_var_keepmixed_false,31337,0.25,anchor,vae|dSprites|m64|s31337|e300|es1|b0.25,not in trace,,not charged in original ledger; MAKE50 used current snapshot,249.7917263507843,results/make49/stage4_cache/dSprites.json:vae|dSprites|m64|s31337|e300|es1|b0.25,,not available,300,True
dSprites,B6b_fondue_var_keepmixed_false,31337,0.25,final,vae|dSprites|m14|s31337|e300|es1|b0.25,vae|m14|e300|es1|b0.25,134.16984844207764,"stage4_methods.json: (dSprites,B6b_fondue_var_keepmixed_false,31337,0.25).trace[1]",134.16984844207764,results/make49/stage4_cache/dSprites.json:vae|dSprites|m14|s31337|e300|es1|b0.25,True,not available,300,True
dSprites,proposed,42,0.25,anchor,vae|dSprites|m64|s42|e300|es1|b0.25,vae|m64|e300|es1|b0.25,274.4781684875488,"stage4_methods.json: (dSprites,proposed,42,0.25).trace[12]",274.4781684875488,results/make49/stage4_cache/dSprites.json:vae|dSprites|m64|s42|e300|es1|b0.25,,not available,300,True
dSprites,proposed,42,0.25,final,vae|dSprites|m64|s42|e300|es1|b0.25,vae|m64|e300|es1|b0.25,274.4781684875488,"stage4_methods.json: (dSprites,proposed,42,0.25).trace[12]",274.4781684875488,results/make49/stage4_cache/dSprites.json:vae|dSprites|m64|s42|e300|es1|b0.25,True,not available,300,True
dSprites,proposed,123,0.25,anchor,vae|dSprites|m64|s123|e300|es1|b0.25,vae|m64|e300|es1|b0.25,236.22031927108765,"stage4_methods.json: (dSprites,proposed,123,0.25).trace[12]",236.22031927108765,results/make49/stage4_cache/dSprites.json:vae|dSprites|m64|s123|e300|es1|b0.25,,not available,300,True
dSprites,proposed,123,0.25,final,vae|dSprites|m64|s123|e300|es1|b0.25,vae|m64|e300|es1|b0.25,236.22031927108765,"stage4_methods.json: (dSprites,proposed,123,0.25).trace[12]",236.22031927108765,results/make49/stage4_cache/dSprites.json:vae|dSprites|m64|s123|e300|es1|b0.25,True,not available,300,True
dSprites,proposed,777,0.25,anchor,vae|dSprites|m64|s777|e300|es1|b0.25,vae|m64|e300|es1|b0.25,222.87895941734314,"stage4_methods.json: (dSprites,proposed,777,0.25).trace[12]",222.87895941734314,results/make49/stage4_cache/dSprites.json:vae|dSprites|m64|s777|e300|es1|b0.25,,not available,300,True
dSprites,proposed,777,0.25,final,vae|dSprites|m64|s777|e300|es1|b0.25,vae|m64|e300|es1|b0.25,222.87895941734314,"stage4_methods.json: (dSprites,proposed,777,0.25).trace[12]",222.87895941734314,results/make49/stage4_cache/dSprites.json:vae|dSprites|m64|s777|e300|es1|b0.25,True,not available,300,True
dSprites,proposed,2024,0.25,anchor,vae|dSprites|m64|s2024|e300|es1|b0.25,vae|m64|e300|es1|b0.25,174.7495255470276,"stage4_methods.json: (dSprites,proposed,2024,0.25).trace[12]",174.7495255470276,results/make49/stage4_cache/dSprites.json:vae|dSprites|m64|s2024|e300|es1|b0.25,,not available,300,True
dSprites,proposed,2024,0.25,final,vae|dSprites|m64|s2024|e300|es1|b0.25,vae|m64|e300|es1|b0.25,174.7495255470276,"stage4_methods.json: (dSprites,proposed,2024,0.25).trace[12]",174.7495255470276,results/make49/stage4_cache/dSprites.json:vae|dSprites|m64|s2024|e300|es1|b0.25,True,not available,300,True
dSprites,proposed,31337,0.25,anchor,vae|dSprites|m64|s31337|e300|es1|b0.25,vae|m64|e300|es1|b0.25,249.7917263507843,"stage4_methods.json: (dSprites,proposed,31337,0.25).trace[12]",249.7917263507843,results/make49/stage4_cache/dSprites.json:vae|dSprites|m64|s31337|e300|es1|b0.25,,not available,300,True
dSprites,proposed,31337,0.25,final,vae|dSprites|m64|s31337|e300|es1|b0.25,vae|m64|e300|es1|b0.25,249.7917263507843,"stage4_methods.json: (dSprites,proposed,31337,0.25).trace[12]",249.7917263507843,results/make49/stage4_cache/dSprites.json:vae|dSprites|m64|s31337|e300|es1|b0.25,True,not available,300,True
dSprites,proposed_minus_AU,42,0.25,anchor,vae|dSprites|m64|s42|e300|es1|b0.25,vae|m64|e300|es1|b0.25,274.4781684875488,"stage4_methods.json: (dSprites,proposed_minus_AU,42,0.25).trace[12]",274.4781684875488,results/make49/stage4_cache/dSprites.json:vae|dSprites|m64|s42|e300|es1|b0.25,,not available,300,True
dSprites,proposed_minus_AU,42,0.25,final,vae|dSprites|m64|s42|e300|es1|b0.25,vae|m64|e300|es1|b0.25,274.4781684875488,"stage4_methods.json: (dSprites,proposed_minus_AU,42,0.25).trace[12]",274.4781684875488,results/make49/stage4_cache/dSprites.json:vae|dSprites|m64|s42|e300|es1|b0.25,True,not available,300,True
dSprites,proposed_minus_AU,123,0.25,anchor,vae|dSprites|m64|s123|e300|es1|b0.25,vae|m64|e300|es1|b0.25,236.22031927108765,"stage4_methods.json: (dSprites,proposed_minus_AU,123,0.25).trace[12]",236.22031927108765,results/make49/stage4_cache/dSprites.json:vae|dSprites|m64|s123|e300|es1|b0.25,,not available,300,True
dSprites,proposed_minus_AU,123,0.25,final,vae|dSprites|m64|s123|e300|es1|b0.25,vae|m64|e300|es1|b0.25,236.22031927108765,"stage4_methods.json: (dSprites,proposed_minus_AU,123,0.25).trace[12]",236.22031927108765,results/make49/stage4_cache/dSprites.json:vae|dSprites|m64|s123|e300|es1|b0.25,True,not available,300,True
dSprites,proposed_minus_AU,777,0.25,anchor,vae|dSprites|m64|s777|e300|es1|b0.25,vae|m64|e300|es1|b0.25,222.87895941734314,"stage4_methods.json: (dSprites,proposed_minus_AU,777,0.25).trace[12]",222.87895941734314,results/make49/stage4_cache/dSprites.json:vae|dSprites|m64|s777|e300|es1|b0.25,,not available,300,True
dSprites,proposed_minus_AU,777,0.25,final,vae|dSprites|m64|s777|e300|es1|b0.25,vae|m64|e300|es1|b0.25,222.87895941734314,"stage4_methods.json: (dSprites,proposed_minus_AU,777,0.25).trace[12]",222.87895941734314,results/make49/stage4_cache/dSprites.json:vae|dSprites|m64|s777|e300|es1|b0.25,True,not available,300,True
dSprites,proposed_minus_AU,2024,0.25,anchor,vae|dSprites|m64|s2024|e300|es1|b0.25,vae|m64|e300|es1|b0.25,174.7495255470276,"stage4_methods.json: (dSprites,proposed_minus_AU,2024,0.25).trace[12]",174.7495255470276,results/make49/stage4_cache/dSprites.json:vae|dSprites|m64|s2024|e300|es1|b0.25,,not available,300,True
dSprites,proposed_minus_AU,2024,0.25,final,vae|dSprites|m64|s2024|e300|es1|b0.25,vae|m64|e300|es1|b0.25,174.7495255470276,"stage4_methods.json: (dSprites,proposed_minus_AU,2024,0.25).trace[12]",174.7495255470276,results/make49/stage4_cache/dSprites.json:vae|dSprites|m64|s2024|e300|es1|b0.25,True,not available,300,True
dSprites,proposed_minus_AU,31337,0.25,anchor,vae|dSprites|m64|s31337|e300|es1|b0.25,vae|m64|e300|es1|b0.25,249.7917263507843,"stage4_methods.json: (dSprites,proposed_minus_AU,31337,0.25).trace[12]",249.7917263507843,results/make49/stage4_cache/dSprites.json:vae|dSprites|m64|s31337|e300|es1|b0.25,,not available,300,True
dSprites,proposed_minus_AU,31337,0.25,final,vae|dSprites|m64|s31337|e300|es1|b0.25,vae|m64|e300|es1|b0.25,249.7917263507843,"stage4_methods.json: (dSprites,proposed_minus_AU,31337,0.25).trace[12]",249.7917263507843,results/make49/stage4_cache/dSprites.json:vae|dSprites|m64|s31337|e300|es1|b0.25,True,not available,300,True
dSprites,ascending_scan_Q,42,0.25,anchor,vae|dSprites|m64|s42|e300|es1|b0.25,vae|m64|e300|es1|b0.25,274.4781684875488,"stage4_methods.json: (dSprites,ascending_scan_Q,42,0.25).trace[0]",274.4781684875488,results/make49/stage4_cache/dSprites.json:vae|dSprites|m64|s42|e300|es1|b0.25,,not available,300,True
dSprites,ascending_scan_Q,42,0.25,final,vae|dSprites|m16|s42|e300|es1|b0.25,vae|m16|e300|es1|b0.25,332.8832902908325,"stage4_methods.json: (dSprites,ascending_scan_Q,42,0.25).trace[7]",332.8832902908325,results/make49/stage4_cache/dSprites.json:vae|dSprites|m16|s42|e300|es1|b0.25,True,not available,300,True
dSprites,ascending_scan_Q,123,0.25,anchor,vae|dSprites|m64|s123|e300|es1|b0.25,vae|m64|e300|es1|b0.25,236.22031927108765,"stage4_methods.json: (dSprites,ascending_scan_Q,123,0.25).trace[0]",236.22031927108765,results/make49/stage4_cache/dSprites.json:vae|dSprites|m64|s123|e300|es1|b0.25,,not available,300,True
dSprites,ascending_scan_Q,123,0.25,final,vae|dSprites|m20|s123|e300|es1|b0.25,vae|m20|e300|es1|b0.25,353.02545976638794,"stage4_methods.json: (dSprites,ascending_scan_Q,123,0.25).trace[8]",353.02545976638794,results/make49/stage4_cache/dSprites.json:vae|dSprites|m20|s123|e300|es1|b0.25,True,not available,300,True
dSprites,ascending_scan_Q,777,0.25,anchor,vae|dSprites|m64|s777|e300|es1|b0.25,vae|m64|e300|es1|b0.25,222.87895941734314,"stage4_methods.json: (dSprites,ascending_scan_Q,777,0.25).trace[0]",222.87895941734314,results/make49/stage4_cache/dSprites.json:vae|dSprites|m64|s777|e300|es1|b0.25,,not available,300,True
dSprites,ascending_scan_Q,777,0.25,final,vae|dSprites|m32|s777|e300|es1|b0.25,vae|m32|e300|es1|b0.25,188.80955052375793,"stage4_methods.json: (dSprites,ascending_scan_Q,777,0.25).trace[10]",188.80955052375793,results/make49/stage4_cache/dSprites.json:vae|dSprites|m32|s777|e300|es1|b0.25,True,not available,300,True
dSprites,ascending_scan_Q,2024,0.25,anchor,vae|dSprites|m64|s2024|e300|es1|b0.25,vae|m64|e300|es1|b0.25,174.7495255470276,"stage4_methods.json: (dSprites,ascending_scan_Q,2024,0.25).trace[0]",174.7495255470276,results/make49/stage4_cache/dSprites.json:vae|dSprites|m64|s2024|e300|es1|b0.25,,not available,300,True
dSprites,ascending_scan_Q,2024,0.25,final,vae|dSprites|m16|s2024|e300|es1|b0.25,vae|m16|e300|es1|b0.25,347.4735414981842,"stage4_methods.json: (dSprites,ascending_scan_Q,2024,0.25).trace[7]",347.4735414981842,results/make49/stage4_cache/dSprites.json:vae|dSprites|m16|s2024|e300|es1|b0.25,True,not available,300,True
dSprites,ascending_scan_Q,31337,0.25,anchor,vae|dSprites|m64|s31337|e300|es1|b0.25,vae|m64|e300|es1|b0.25,249.7917263507843,"stage4_methods.json: (dSprites,ascending_scan_Q,31337,0.25).trace[0]",249.7917263507843,results/make49/stage4_cache/dSprites.json:vae|dSprites|m64|s31337|e300|es1|b0.25,,not available,300,True
dSprites,ascending_scan_Q,31337,0.25,final,vae|dSprites|m24|s31337|e300|es1|b0.25,vae|m24|e300|es1|b0.25,310.9378683567047,"stage4_methods.json: (dSprites,ascending_scan_Q,31337,0.25).trace[9]",310.9378683567047,results/make49/stage4_cache/dSprites.json:vae|dSprites|m24|s31337|e300|es1|b0.25,True,not available,300,True
dSprites,B4_plus_Q,42,0.25,anchor,vae|dSprites|m64|s42|e300|es1|b0.25,vae|m64|e300|es1|b0.25,274.4781684875488,"stage4_methods.json: (dSprites,B4_plus_Q,42,0.25).trace[3]",274.4781684875488,results/make49/stage4_cache/dSprites.json:vae|dSprites|m64|s42|e300|es1|b0.25,,not available,300,True
dSprites,B4_plus_Q,42,0.25,final,vae|dSprites|m64|s42|e300|es1|b0.25,vae|m64|e300|es1|b0.25,274.4781684875488,"stage4_methods.json: (dSprites,B4_plus_Q,42,0.25).trace[3]",274.4781684875488,results/make49/stage4_cache/dSprites.json:vae|dSprites|m64|s42|e300|es1|b0.25,True,not available,300,True
dSprites,B4_plus_Q,123,0.25,anchor,vae|dSprites|m64|s123|e300|es1|b0.25,vae|m64|e300|es1|b0.25,236.22031927108765,"stage4_methods.json: (dSprites,B4_plus_Q,123,0.25).trace[3]",236.22031927108765,results/make49/stage4_cache/dSprites.json:vae|dSprites|m64|s123|e300|es1|b0.25,,not available,300,True
dSprites,B4_plus_Q,123,0.25,final,vae|dSprites|m64|s123|e300|es1|b0.25,vae|m64|e300|es1|b0.25,236.22031927108765,"stage4_methods.json: (dSprites,B4_plus_Q,123,0.25).trace[3]",236.22031927108765,results/make49/stage4_cache/dSprites.json:vae|dSprites|m64|s123|e300|es1|b0.25,True,not available,300,True
dSprites,B4_plus_Q,777,0.25,anchor,vae|dSprites|m64|s777|e300|es1|b0.25,vae|m64|e300|es1|b0.25,222.87895941734314,"stage4_methods.json: (dSprites,B4_plus_Q,777,0.25).trace[3]",222.87895941734314,results/make49/stage4_cache/dSprites.json:vae|dSprites|m64|s777|e300|es1|b0.25,,not available,300,True
dSprites,B4_plus_Q,777,0.25,final,vae|dSprites|m64|s777|e300|es1|b0.25,vae|m64|e300|es1|b0.25,222.87895941734314,"stage4_methods.json: (dSprites,B4_plus_Q,777,0.25).trace[3]",222.87895941734314,results/make49/stage4_cache/dSprites.json:vae|dSprites|m64|s777|e300|es1|b0.25,True,not available,300,True
dSprites,B4_plus_Q,2024,0.25,anchor,vae|dSprites|m64|s2024|e300|es1|b0.25,vae|m64|e300|es1|b0.25,174.7495255470276,"stage4_methods.json: (dSprites,B4_plus_Q,2024,0.25).trace[3]",174.7495255470276,results/make49/stage4_cache/dSprites.json:vae|dSprites|m64|s2024|e300|es1|b0.25,,not available,300,True
dSprites,B4_plus_Q,2024,0.25,final,vae|dSprites|m64|s2024|e300|es1|b0.25,vae|m64|e300|es1|b0.25,174.7495255470276,"stage4_methods.json: (dSprites,B4_plus_Q,2024,0.25).trace[3]",174.7495255470276,results/make49/stage4_cache/dSprites.json:vae|dSprites|m64|s2024|e300|es1|b0.25,True,not available,300,True
dSprites,B4_plus_Q,31337,0.25,anchor,vae|dSprites|m64|s31337|e300|es1|b0.25,vae|m64|e300|es1|b0.25,249.7917263507843,"stage4_methods.json: (dSprites,B4_plus_Q,31337,0.25).trace[3]",249.7917263507843,results/make49/stage4_cache/dSprites.json:vae|dSprites|m64|s31337|e300|es1|b0.25,,not available,300,True
dSprites,B4_plus_Q,31337,0.25,final,vae|dSprites|m64|s31337|e300|es1|b0.25,vae|m64|e300|es1|b0.25,249.7917263507843,"stage4_methods.json: (dSprites,B4_plus_Q,31337,0.25).trace[3]",249.7917263507843,results/make49/stage4_cache/dSprites.json:vae|dSprites|m64|s31337|e300|es1|b0.25,True,not available,300,True
dSprites,B6a_plus_Q,42,0.25,anchor,vae|dSprites|m64|s42|e300|es1|b0.25,vae|m64|e300|es1|b0.25,274.4781684875488,"stage4_methods.json: (dSprites,B6a_plus_Q,42,0.25).trace[4]",274.4781684875488,results/make49/stage4_cache/dSprites.json:vae|dSprites|m64|s42|e300|es1|b0.25,,not available,300,True
dSprites,B6a_plus_Q,42,0.25,final,vae|dSprites|m16|s42|e300|es1|b0.25,vae|m16|e300|es1|b0.25,332.8832902908325,"stage4_methods.json: (dSprites,B6a_plus_Q,42,0.25).trace[10]",332.8832902908325,results/make49/stage4_cache/dSprites.json:vae|dSprites|m16|s42|e300|es1|b0.25,True,not available,300,True
dSprites,B6a_plus_Q,123,0.25,anchor,vae|dSprites|m64|s123|e300|es1|b0.25,vae|m64|e300|es1|b0.25,236.22031927108765,"stage4_methods.json: (dSprites,B6a_plus_Q,123,0.25).trace[4]",236.22031927108765,results/make49/stage4_cache/dSprites.json:vae|dSprites|m64|s123|e300|es1|b0.25,,not available,300,True
dSprites,B6a_plus_Q,123,0.25,final,vae|dSprites|m20|s123|e300|es1|b0.25,vae|m20|e300|es1|b0.25,353.02545976638794,"stage4_methods.json: (dSprites,B6a_plus_Q,123,0.25).trace[11]",353.02545976638794,results/make49/stage4_cache/dSprites.json:vae|dSprites|m20|s123|e300|es1|b0.25,True,not available,300,True
dSprites,B6a_plus_Q,777,0.25,anchor,vae|dSprites|m64|s777|e300|es1|b0.25,vae|m64|e300|es1|b0.25,222.87895941734314,"stage4_methods.json: (dSprites,B6a_plus_Q,777,0.25).trace[4]",222.87895941734314,results/make49/stage4_cache/dSprites.json:vae|dSprites|m64|s777|e300|es1|b0.25,,not available,300,True
dSprites,B6a_plus_Q,777,0.25,final,vae|dSprites|m64|s777|e300|es1|b0.25,vae|m64|e300|es1|b0.25,222.87895941734314,"stage4_methods.json: (dSprites,B6a_plus_Q,777,0.25).trace[4]",222.87895941734314,results/make49/stage4_cache/dSprites.json:vae|dSprites|m64|s777|e300|es1|b0.25,True,not available,300,True
dSprites,B6a_plus_Q,2024,0.25,anchor,vae|dSprites|m64|s2024|e300|es1|b0.25,vae|m64|e300|es1|b0.25,174.7495255470276,"stage4_methods.json: (dSprites,B6a_plus_Q,2024,0.25).trace[4]",174.7495255470276,results/make49/stage4_cache/dSprites.json:vae|dSprites|m64|s2024|e300|es1|b0.25,,not available,300,True
dSprites,B6a_plus_Q,2024,0.25,final,vae|dSprites|m16|s2024|e300|es1|b0.25,vae|m16|e300|es1|b0.25,347.4735414981842,"stage4_methods.json: (dSprites,B6a_plus_Q,2024,0.25).trace[9]",347.4735414981842,results/make49/stage4_cache/dSprites.json:vae|dSprites|m16|s2024|e300|es1|b0.25,True,not available,300,True
dSprites,B6a_plus_Q,31337,0.25,anchor,vae|dSprites|m64|s31337|e300|es1|b0.25,vae|m64|e300|es1|b0.25,249.7917263507843,"stage4_methods.json: (dSprites,B6a_plus_Q,31337,0.25).trace[4]",249.7917263507843,results/make49/stage4_cache/dSprites.json:vae|dSprites|m64|s31337|e300|es1|b0.25,,not available,300,True
dSprites,B6a_plus_Q,31337,0.25,final,vae|dSprites|m24|s31337|e300|es1|b0.25,vae|m24|e300|es1|b0.25,310.9378683567047,"stage4_methods.json: (dSprites,B6a_plus_Q,31337,0.25).trace[11]",310.9378683567047,results/make49/stage4_cache/dSprites.json:vae|dSprites|m24|s31337|e300|es1|b0.25,True,not available,300,True
dSprites,B6b_plus_Q,42,0.25,anchor,vae|dSprites|m64|s42|e300|es1|b0.25,vae|m64|e300|es1|b0.25,274.4781684875488,"stage4_methods.json: (dSprites,B6b_plus_Q,42,0.25).trace[5]",274.4781684875488,results/make49/stage4_cache/dSprites.json:vae|dSprites|m64|s42|e300|es1|b0.25,,not available,300,True
dSprites,B6b_plus_Q,42,0.25,final,vae|dSprites|m64|s42|e300|es1|b0.25,vae|m64|e300|es1|b0.25,274.4781684875488,"stage4_methods.json: (dSprites,B6b_plus_Q,42,0.25).trace[5]",274.4781684875488,results/make49/stage4_cache/dSprites.json:vae|dSprites|m64|s42|e300|es1|b0.25,True,not available,300,True
dSprites,B6b_plus_Q,123,0.25,anchor,vae|dSprites|m64|s123|e300|es1|b0.25,vae|m64|e300|es1|b0.25,236.22031927108765,"stage4_methods.json: (dSprites,B6b_plus_Q,123,0.25).trace[3]",236.22031927108765,results/make49/stage4_cache/dSprites.json:vae|dSprites|m64|s123|e300|es1|b0.25,,not available,300,True
dSprites,B6b_plus_Q,123,0.25,final,vae|dSprites|m64|s123|e300|es1|b0.25,vae|m64|e300|es1|b0.25,236.22031927108765,"stage4_methods.json: (dSprites,B6b_plus_Q,123,0.25).trace[3]",236.22031927108765,results/make49/stage4_cache/dSprites.json:vae|dSprites|m64|s123|e300|es1|b0.25,True,not available,300,True
dSprites,B6b_plus_Q,777,0.25,anchor,vae|dSprites|m64|s777|e300|es1|b0.25,vae|m64|e300|es1|b0.25,222.87895941734314,"stage4_methods.json: (dSprites,B6b_plus_Q,777,0.25).trace[3]",222.87895941734314,results/make49/stage4_cache/dSprites.json:vae|dSprites|m64|s777|e300|es1|b0.25,,not available,300,True
dSprites,B6b_plus_Q,777,0.25,final,vae|dSprites|m32|s777|e300|es1|b0.25,vae|m32|e300|es1|b0.25,188.80955052375793,"stage4_methods.json: (dSprites,B6b_plus_Q,777,0.25).trace[11]",188.80955052375793,results/make49/stage4_cache/dSprites.json:vae|dSprites|m32|s777|e300|es1|b0.25,True,not available,300,True
dSprites,B6b_plus_Q,2024,0.25,anchor,vae|dSprites|m64|s2024|e300|es1|b0.25,vae|m64|e300|es1|b0.25,174.7495255470276,"stage4_methods.json: (dSprites,B6b_plus_Q,2024,0.25).trace[5]",174.7495255470276,results/make49/stage4_cache/dSprites.json:vae|dSprites|m64|s2024|e300|es1|b0.25,,not available,300,True
dSprites,B6b_plus_Q,2024,0.25,final,vae|dSprites|m64|s2024|e300|es1|b0.25,vae|m64|e300|es1|b0.25,174.7495255470276,"stage4_methods.json: (dSprites,B6b_plus_Q,2024,0.25).trace[5]",174.7495255470276,results/make49/stage4_cache/dSprites.json:vae|dSprites|m64|s2024|e300|es1|b0.25,True,not available,300,True
dSprites,B6b_plus_Q,31337,0.25,anchor,vae|dSprites|m64|s31337|e300|es1|b0.25,vae|m64|e300|es1|b0.25,249.7917263507843,"stage4_methods.json: (dSprites,B6b_plus_Q,31337,0.25).trace[3]",249.7917263507843,results/make49/stage4_cache/dSprites.json:vae|dSprites|m64|s31337|e300|es1|b0.25,,not available,300,True
dSprites,B6b_plus_Q,31337,0.25,final,vae|dSprites|m24|s31337|e300|es1|b0.25,vae|m24|e300|es1|b0.25,310.9378683567047,"stage4_methods.json: (dSprites,B6b_plus_Q,31337,0.25).trace[4]",310.9378683567047,results/make49/stage4_cache/dSprites.json:vae|dSprites|m24|s31337|e300|es1|b0.25,True,not available,300,True
MNIST,B1_full_mse,42,0.5,anchor,vae|MNIST|m64|s42|e300|es1|b0.5,vae|m64|e300|es1|b0.5,50.790653228759766,"stage4_methods.json: (MNIST,B1_full_mse,42,0.5).trace[11]",50.790653228759766,results/make49/stage4_cache/MNIST.json:vae|MNIST|m64|s42|e300|es1|b0.5,,not available,300,True
MNIST,B1_full_mse,42,0.5,final,vae|MNIST|m12|s42|e300|es1|b0.5,vae|m12|e300|es1|b0.5,40.60464954376221,"stage4_methods.json: (MNIST,B1_full_mse,42,0.5).trace[5]",40.60464954376221,results/make49/stage4_cache/MNIST.json:vae|MNIST|m12|s42|e300|es1|b0.5,True,not available,300,True
MNIST,B1_full_mse,123,0.5,anchor,vae|MNIST|m64|s123|e300|es1|b0.5,vae|m64|e300|es1|b0.5,37.346638917922974,"stage4_methods.json: (MNIST,B1_full_mse,123,0.5).trace[11]",37.346638917922974,results/make49/stage4_cache/MNIST.json:vae|MNIST|m64|s123|e300|es1|b0.5,,not available,300,True
MNIST,B1_full_mse,123,0.5,final,vae|MNIST|m12|s123|e300|es1|b0.5,vae|m12|e300|es1|b0.5,41.91633224487305,"stage4_methods.json: (MNIST,B1_full_mse,123,0.5).trace[5]",41.91633224487305,results/make49/stage4_cache/MNIST.json:vae|MNIST|m12|s123|e300|es1|b0.5,True,not available,300,True
MNIST,B1_full_mse,777,0.5,anchor,vae|MNIST|m64|s777|e300|es1|b0.5,vae|m64|e300|es1|b0.5,54.6531023979187,"stage4_methods.json: (MNIST,B1_full_mse,777,0.5).trace[11]",54.6531023979187,results/make49/stage4_cache/MNIST.json:vae|MNIST|m64|s777|e300|es1|b0.5,,not available,300,True
MNIST,B1_full_mse,777,0.5,final,vae|MNIST|m24|s777|e300|es1|b0.5,vae|m24|e300|es1|b0.5,40.9357008934021,"stage4_methods.json: (MNIST,B1_full_mse,777,0.5).trace[8]",40.9357008934021,results/make49/stage4_cache/MNIST.json:vae|MNIST|m24|s777|e300|es1|b0.5,True,not available,300,True
MNIST,B1_full_mse,2024,0.5,anchor,vae|MNIST|m64|s2024|e300|es1|b0.5,vae|m64|e300|es1|b0.5,53.15495705604553,"stage4_methods.json: (MNIST,B1_full_mse,2024,0.5).trace[11]",53.15495705604553,results/make49/stage4_cache/MNIST.json:vae|MNIST|m64|s2024|e300|es1|b0.5,,not available,300,True
MNIST,B1_full_mse,2024,0.5,final,vae|MNIST|m10|s2024|e300|es1|b0.5,vae|m10|e300|es1|b0.5,39.25349187850952,"stage4_methods.json: (MNIST,B1_full_mse,2024,0.5).trace[4]",39.25349187850952,results/make49/stage4_cache/MNIST.json:vae|MNIST|m10|s2024|e300|es1|b0.5,True,not available,300,True
MNIST,B1_full_mse,31337,0.5,anchor,vae|MNIST|m64|s31337|e300|es1|b0.5,vae|m64|e300|es1|b0.5,69.16624283790588,"stage4_methods.json: (MNIST,B1_full_mse,31337,0.5).trace[11]",69.16624283790588,results/make49/stage4_cache/MNIST.json:vae|MNIST|m64|s31337|e300|es1|b0.5,,not available,300,True
MNIST,B1_full_mse,31337,0.5,final,vae|MNIST|m12|s31337|e300|es1|b0.5,vae|m12|e300|es1|b0.5,36.810869216918945,"stage4_methods.json: (MNIST,B1_full_mse,31337,0.5).trace[5]",36.810869216918945,results/make49/stage4_cache/MNIST.json:vae|MNIST|m12|s31337|e300|es1|b0.5,True,not available,300,True
MNIST,B2_full_elbo,42,0.5,anchor,vae|MNIST|m64|s42|e300|es1|b0.5,vae|m64|e300|es1|b0.5,50.790653228759766,"stage4_methods.json: (MNIST,B2_full_elbo,42,0.5).trace[11]",50.790653228759766,results/make49/stage4_cache/MNIST.json:vae|MNIST|m64|s42|e300|es1|b0.5,,not available,300,True
MNIST,B2_full_elbo,42,0.5,final,vae|MNIST|m12|s42|e300|es1|b0.5,vae|m12|e300|es1|b0.5,40.60464954376221,"stage4_methods.json: (MNIST,B2_full_elbo,42,0.5).trace[5]",40.60464954376221,results/make49/stage4_cache/MNIST.json:vae|MNIST|m12|s42|e300|es1|b0.5,True,not available,300,True
MNIST,B2_full_elbo,123,0.5,anchor,vae|MNIST|m64|s123|e300|es1|b0.5,vae|m64|e300|es1|b0.5,37.346638917922974,"stage4_methods.json: (MNIST,B2_full_elbo,123,0.5).trace[11]",37.346638917922974,results/make49/stage4_cache/MNIST.json:vae|MNIST|m64|s123|e300|es1|b0.5,,not available,300,True
MNIST,B2_full_elbo,123,0.5,final,vae|MNIST|m12|s123|e300|es1|b0.5,vae|m12|e300|es1|b0.5,41.91633224487305,"stage4_methods.json: (MNIST,B2_full_elbo,123,0.5).trace[5]",41.91633224487305,results/make49/stage4_cache/MNIST.json:vae|MNIST|m12|s123|e300|es1|b0.5,True,not available,300,True
MNIST,B2_full_elbo,777,0.5,anchor,vae|MNIST|m64|s777|e300|es1|b0.5,vae|m64|e300|es1|b0.5,54.6531023979187,"stage4_methods.json: (MNIST,B2_full_elbo,777,0.5).trace[11]",54.6531023979187,results/make49/stage4_cache/MNIST.json:vae|MNIST|m64|s777|e300|es1|b0.5,,not available,300,True
MNIST,B2_full_elbo,777,0.5,final,vae|MNIST|m12|s777|e300|es1|b0.5,vae|m12|e300|es1|b0.5,30.152648210525513,"stage4_methods.json: (MNIST,B2_full_elbo,777,0.5).trace[5]",30.152648210525513,results/make49/stage4_cache/MNIST.json:vae|MNIST|m12|s777|e300|es1|b0.5,True,not available,300,True
MNIST,B2_full_elbo,2024,0.5,anchor,vae|MNIST|m64|s2024|e300|es1|b0.5,vae|m64|e300|es1|b0.5,53.15495705604553,"stage4_methods.json: (MNIST,B2_full_elbo,2024,0.5).trace[11]",53.15495705604553,results/make49/stage4_cache/MNIST.json:vae|MNIST|m64|s2024|e300|es1|b0.5,,not available,300,True
MNIST,B2_full_elbo,2024,0.5,final,vae|MNIST|m16|s2024|e300|es1|b0.5,vae|m16|e300|es1|b0.5,49.33989119529724,"stage4_methods.json: (MNIST,B2_full_elbo,2024,0.5).trace[6]",49.33989119529724,results/make49/stage4_cache/MNIST.json:vae|MNIST|m16|s2024|e300|es1|b0.5,True,not available,300,True
MNIST,B2_full_elbo,31337,0.5,anchor,vae|MNIST|m64|s31337|e300|es1|b0.5,vae|m64|e300|es1|b0.5,69.16624283790588,"stage4_methods.json: (MNIST,B2_full_elbo,31337,0.5).trace[11]",69.16624283790588,results/make49/stage4_cache/MNIST.json:vae|MNIST|m64|s31337|e300|es1|b0.5,,not available,300,True
MNIST,B2_full_elbo,31337,0.5,final,vae|MNIST|m10|s31337|e300|es1|b0.5,vae|m10|e300|es1|b0.5,36.53573656082153,"stage4_methods.json: (MNIST,B2_full_elbo,31337,0.5).trace[4]",36.53573656082153,results/make49/stage4_cache/MNIST.json:vae|MNIST|m10|s31337|e300|es1|b0.5,True,not available,300,True
MNIST,B3_full_downstream,42,0.5,anchor,vae|MNIST|m64|s42|e300|es1|b0.5,vae|m64|e300|es1|b0.5,50.790653228759766,"stage4_methods.json: (MNIST,B3_full_downstream,42,0.5).trace[11]",50.790653228759766,results/make49/stage4_cache/MNIST.json:vae|MNIST|m64|s42|e300|es1|b0.5,,not available,300,True
MNIST,B3_full_downstream,42,0.5,final,vae|MNIST|m64|s42|e300|es1|b0.5,vae|m64|e300|es1|b0.5,50.790653228759766,"stage4_methods.json: (MNIST,B3_full_downstream,42,0.5).trace[11]",50.790653228759766,results/make49/stage4_cache/MNIST.json:vae|MNIST|m64|s42|e300|es1|b0.5,True,not available,300,True
MNIST,B3_full_downstream,123,0.5,anchor,vae|MNIST|m64|s123|e300|es1|b0.5,vae|m64|e300|es1|b0.5,37.346638917922974,"stage4_methods.json: (MNIST,B3_full_downstream,123,0.5).trace[11]",37.346638917922974,results/make49/stage4_cache/MNIST.json:vae|MNIST|m64|s123|e300|es1|b0.5,,not available,300,True
MNIST,B3_full_downstream,123,0.5,final,vae|MNIST|m64|s123|e300|es1|b0.5,vae|m64|e300|es1|b0.5,37.346638917922974,"stage4_methods.json: (MNIST,B3_full_downstream,123,0.5).trace[11]",37.346638917922974,results/make49/stage4_cache/MNIST.json:vae|MNIST|m64|s123|e300|es1|b0.5,True,not available,300,True
MNIST,B3_full_downstream,777,0.5,anchor,vae|MNIST|m64|s777|e300|es1|b0.5,vae|m64|e300|es1|b0.5,54.6531023979187,"stage4_methods.json: (MNIST,B3_full_downstream,777,0.5).trace[11]",54.6531023979187,results/make49/stage4_cache/MNIST.json:vae|MNIST|m64|s777|e300|es1|b0.5,,not available,300,True
MNIST,B3_full_downstream,777,0.5,final,vae|MNIST|m64|s777|e300|es1|b0.5,vae|m64|e300|es1|b0.5,54.6531023979187,"stage4_methods.json: (MNIST,B3_full_downstream,777,0.5).trace[11]",54.6531023979187,results/make49/stage4_cache/MNIST.json:vae|MNIST|m64|s777|e300|es1|b0.5,True,not available,300,True
MNIST,B3_full_downstream,2024,0.5,anchor,vae|MNIST|m64|s2024|e300|es1|b0.5,vae|m64|e300|es1|b0.5,53.15495705604553,"stage4_methods.json: (MNIST,B3_full_downstream,2024,0.5).trace[11]",53.15495705604553,results/make49/stage4_cache/MNIST.json:vae|MNIST|m64|s2024|e300|es1|b0.5,,not available,300,True
MNIST,B3_full_downstream,2024,0.5,final,vae|MNIST|m64|s2024|e300|es1|b0.5,vae|m64|e300|es1|b0.5,53.15495705604553,"stage4_methods.json: (MNIST,B3_full_downstream,2024,0.5).trace[11]",53.15495705604553,results/make49/stage4_cache/MNIST.json:vae|MNIST|m64|s2024|e300|es1|b0.5,True,not available,300,True
MNIST,B3_full_downstream,31337,0.5,anchor,vae|MNIST|m64|s31337|e300|es1|b0.5,vae|m64|e300|es1|b0.5,69.16624283790588,"stage4_methods.json: (MNIST,B3_full_downstream,31337,0.5).trace[11]",69.16624283790588,results/make49/stage4_cache/MNIST.json:vae|MNIST|m64|s31337|e300|es1|b0.5,,not available,300,True
MNIST,B3_full_downstream,31337,0.5,final,vae|MNIST|m64|s31337|e300|es1|b0.5,vae|m64|e300|es1|b0.5,69.16624283790588,"stage4_methods.json: (MNIST,B3_full_downstream,31337,0.5).trace[11]",69.16624283790588,results/make49/stage4_cache/MNIST.json:vae|MNIST|m64|s31337|e300|es1|b0.5,True,not available,300,True
MNIST,B4_coarse,42,0.5,anchor,vae|MNIST|m64|s42|e300|es1|b0.5,vae|m64|e300|es1|b0.5,50.790653228759766,"stage4_methods.json: (MNIST,B4_coarse,42,0.5).trace[3]",50.790653228759766,results/make49/stage4_cache/MNIST.json:vae|MNIST|m64|s42|e300|es1|b0.5,,not available,300,True
MNIST,B4_coarse,42,0.5,final,vae|MNIST|m64|s42|e300|es1|b0.5,vae|m64|e300|es1|b0.5,50.790653228759766,"stage4_methods.json: (MNIST,B4_coarse,42,0.5).trace[3]",50.790653228759766,results/make49/stage4_cache/MNIST.json:vae|MNIST|m64|s42|e300|es1|b0.5,True,not available,300,True
MNIST,B4_coarse,123,0.5,anchor,vae|MNIST|m64|s123|e300|es1|b0.5,vae|m64|e300|es1|b0.5,37.346638917922974,"stage4_methods.json: (MNIST,B4_coarse,123,0.5).trace[3]",37.346638917922974,results/make49/stage4_cache/MNIST.json:vae|MNIST|m64|s123|e300|es1|b0.5,,not available,300,True
MNIST,B4_coarse,123,0.5,final,vae|MNIST|m10|s123|e300|es1|b0.5,vae|m10|e300|es1|b0.5,30.157569885253906,"stage4_methods.json: (MNIST,B4_coarse,123,0.5).trace[2]",30.157569885253906,results/make49/stage4_cache/MNIST.json:vae|MNIST|m10|s123|e300|es1|b0.5,True,not available,300,True
MNIST,B4_coarse,777,0.5,anchor,vae|MNIST|m64|s777|e300|es1|b0.5,vae|m64|e300|es1|b0.5,54.6531023979187,"stage4_methods.json: (MNIST,B4_coarse,777,0.5).trace[3]",54.6531023979187,results/make49/stage4_cache/MNIST.json:vae|MNIST|m64|s777|e300|es1|b0.5,,not available,300,True
MNIST,B4_coarse,777,0.5,final,vae|MNIST|m64|s777|e300|es1|b0.5,vae|m64|e300|es1|b0.5,54.6531023979187,"stage4_methods.json: (MNIST,B4_coarse,777,0.5).trace[3]",54.6531023979187,results/make49/stage4_cache/MNIST.json:vae|MNIST|m64|s777|e300|es1|b0.5,True,not available,300,True
MNIST,B4_coarse,2024,0.5,anchor,vae|MNIST|m64|s2024|e300|es1|b0.5,vae|m64|e300|es1|b0.5,53.15495705604553,"stage4_methods.json: (MNIST,B4_coarse,2024,0.5).trace[3]",53.15495705604553,results/make49/stage4_cache/MNIST.json:vae|MNIST|m64|s2024|e300|es1|b0.5,,not available,300,True
MNIST,B4_coarse,2024,0.5,final,vae|MNIST|m10|s2024|e300|es1|b0.5,vae|m10|e300|es1|b0.5,39.25349187850952,"stage4_methods.json: (MNIST,B4_coarse,2024,0.5).trace[2]",39.25349187850952,results/make49/stage4_cache/MNIST.json:vae|MNIST|m10|s2024|e300|es1|b0.5,True,not available,300,True
MNIST,B4_coarse,31337,0.5,anchor,vae|MNIST|m64|s31337|e300|es1|b0.5,vae|m64|e300|es1|b0.5,69.16624283790588,"stage4_methods.json: (MNIST,B4_coarse,31337,0.5).trace[3]",69.16624283790588,results/make49/stage4_cache/MNIST.json:vae|MNIST|m64|s31337|e300|es1|b0.5,,not available,300,True
MNIST,B4_coarse,31337,0.5,final,vae|MNIST|m10|s31337|e300|es1|b0.5,vae|m10|e300|es1|b0.5,36.53573656082153,"stage4_methods.json: (MNIST,B4_coarse,31337,0.5).trace[2]",36.53573656082153,results/make49/stage4_cache/MNIST.json:vae|MNIST|m10|s31337|e300|es1|b0.5,True,not available,300,True
MNIST,B5_fixed32,42,0.5,anchor,vae|MNIST|m64|s42|e300|es1|b0.5,not in trace,,not charged in original ledger; MAKE50 used current snapshot,50.790653228759766,results/make49/stage4_cache/MNIST.json:vae|MNIST|m64|s42|e300|es1|b0.5,,not available,300,True
MNIST,B5_fixed32,42,0.5,final,vae|MNIST|m32|s42|e300|es1|b0.5,vae|m32|e300|es1|b0.5,68.2384135723114,"stage4_methods.json: (MNIST,B5_fixed32,42,0.5).trace[0]",68.2384135723114,results/make49/stage4_cache/MNIST.json:vae|MNIST|m32|s42|e300|es1|b0.5,True,not available,300,True
MNIST,B5_fixed32,123,0.5,anchor,vae|MNIST|m64|s123|e300|es1|b0.5,not in trace,,not charged in original ledger; MAKE50 used current snapshot,37.346638917922974,results/make49/stage4_cache/MNIST.json:vae|MNIST|m64|s123|e300|es1|b0.5,,not available,300,True
MNIST,B5_fixed32,123,0.5,final,vae|MNIST|m32|s123|e300|es1|b0.5,vae|m32|e300|es1|b0.5,31.290186643600464,"stage4_methods.json: (MNIST,B5_fixed32,123,0.5).trace[0]",31.290186643600464,results/make49/stage4_cache/MNIST.json:vae|MNIST|m32|s123|e300|es1|b0.5,True,not available,300,True
MNIST,B5_fixed32,777,0.5,anchor,vae|MNIST|m64|s777|e300|es1|b0.5,not in trace,,not charged in original ledger; MAKE50 used current snapshot,54.6531023979187,results/make49/stage4_cache/MNIST.json:vae|MNIST|m64|s777|e300|es1|b0.5,,not available,300,True
MNIST,B5_fixed32,777,0.5,final,vae|MNIST|m32|s777|e300|es1|b0.5,vae|m32|e300|es1|b0.5,48.76847505569458,"stage4_methods.json: (MNIST,B5_fixed32,777,0.5).trace[0]",48.76847505569458,results/make49/stage4_cache/MNIST.json:vae|MNIST|m32|s777|e300|es1|b0.5,True,not available,300,True
MNIST,B5_fixed32,2024,0.5,anchor,vae|MNIST|m64|s2024|e300|es1|b0.5,not in trace,,not charged in original ledger; MAKE50 used current snapshot,53.15495705604553,results/make49/stage4_cache/MNIST.json:vae|MNIST|m64|s2024|e300|es1|b0.5,,not available,300,True
MNIST,B5_fixed32,2024,0.5,final,vae|MNIST|m32|s2024|e300|es1|b0.5,vae|m32|e300|es1|b0.5,45.44083881378174,"stage4_methods.json: (MNIST,B5_fixed32,2024,0.5).trace[0]",45.44083881378174,results/make49/stage4_cache/MNIST.json:vae|MNIST|m32|s2024|e300|es1|b0.5,True,not available,300,True
MNIST,B5_fixed32,31337,0.5,anchor,vae|MNIST|m64|s31337|e300|es1|b0.5,not in trace,,not charged in original ledger; MAKE50 used current snapshot,69.16624283790588,results/make49/stage4_cache/MNIST.json:vae|MNIST|m64|s31337|e300|es1|b0.5,,not available,300,True
MNIST,B5_fixed32,31337,0.5,final,vae|MNIST|m32|s31337|e300|es1|b0.5,vae|m32|e300|es1|b0.5,35.555760622024536,"stage4_methods.json: (MNIST,B5_fixed32,31337,0.5).trace[0]",35.555760622024536,results/make49/stage4_cache/MNIST.json:vae|MNIST|m32|s31337|e300|es1|b0.5,True,not available,300,True
MNIST,B6a_fondue,42,0.5,anchor,vae|MNIST|m64|s42|e300|es1|b0.5,not in trace,,not charged in original ledger; MAKE50 used current snapshot,50.790653228759766,results/make49/stage4_cache/MNIST.json:vae|MNIST|m64|s42|e300|es1|b0.5,,not available,300,True
MNIST,B6a_fondue,42,0.5,final,vae|MNIST|m9|s42|e300|es1|b0.5,vae|m9|e300|es1|b0.5,36.46943664550781,"stage4_methods.json: (MNIST,B6a_fondue,42,0.5).trace[5]",36.46943664550781,results/make49/stage4_cache/MNIST.json:vae|MNIST|m9|s42|e300|es1|b0.5,True,not available,300,True
MNIST,B6a_fondue,123,0.5,anchor,vae|MNIST|m64|s123|e300|es1|b0.5,not in trace,,not charged in original ledger; MAKE50 used current snapshot,37.346638917922974,results/make49/stage4_cache/MNIST.json:vae|MNIST|m64|s123|e300|es1|b0.5,,not available,300,True
MNIST,B6a_fondue,123,0.5,final,vae|MNIST|m9|s123|e300|es1|b0.5,vae|m9|e300|es1|b0.5,33.597607135772705,"stage4_methods.json: (MNIST,B6a_fondue,123,0.5).trace[5]",33.597607135772705,results/make49/stage4_cache/MNIST.json:vae|MNIST|m9|s123|e300|es1|b0.5,True,not available,300,True
MNIST,B6a_fondue,777,0.5,anchor,vae|MNIST|m64|s777|e300|es1|b0.5,not in trace,,not charged in original ledger; MAKE50 used current snapshot,54.6531023979187,results/make49/stage4_cache/MNIST.json:vae|MNIST|m64|s777|e300|es1|b0.5,,not available,300,True
MNIST,B6a_fondue,777,0.5,final,vae|MNIST|m9|s777|e300|es1|b0.5,vae|m9|e300|es1|b0.5,38.49057078361511,"stage4_methods.json: (MNIST,B6a_fondue,777,0.5).trace[5]",38.49057078361511,results/make49/stage4_cache/MNIST.json:vae|MNIST|m9|s777|e300|es1|b0.5,True,not available,300,True
MNIST,B6a_fondue,2024,0.5,anchor,vae|MNIST|m64|s2024|e300|es1|b0.5,not in trace,,not charged in original ledger; MAKE50 used current snapshot,53.15495705604553,results/make49/stage4_cache/MNIST.json:vae|MNIST|m64|s2024|e300|es1|b0.5,,not available,300,True
MNIST,B6a_fondue,2024,0.5,final,vae|MNIST|m9|s2024|e300|es1|b0.5,vae|m9|e300|es1|b0.5,52.303396224975586,"stage4_methods.json: (MNIST,B6a_fondue,2024,0.5).trace[5]",52.303396224975586,results/make49/stage4_cache/MNIST.json:vae|MNIST|m9|s2024|e300|es1|b0.5,True,not available,300,True
MNIST,B6a_fondue,31337,0.5,anchor,vae|MNIST|m64|s31337|e300|es1|b0.5,not in trace,,not charged in original ledger; MAKE50 used current snapshot,69.16624283790588,results/make49/stage4_cache/MNIST.json:vae|MNIST|m64|s31337|e300|es1|b0.5,,not available,300,True
MNIST,B6a_fondue,31337,0.5,final,vae|MNIST|m9|s31337|e300|es1|b0.5,vae|m9|e300|es1|b0.5,32.90726351737976,"stage4_methods.json: (MNIST,B6a_fondue,31337,0.5).trace[5]",32.90726351737976,results/make49/stage4_cache/MNIST.json:vae|MNIST|m9|s31337|e300|es1|b0.5,True,not available,300,True
MNIST,B6b_fondue_var,42,0.5,anchor,vae|MNIST|m64|s42|e300|es1|b0.5,not in trace,,not charged in original ledger; MAKE50 used current snapshot,50.790653228759766,results/make49/stage4_cache/MNIST.json:vae|MNIST|m64|s42|e300|es1|b0.5,,not available,300,True
MNIST,B6b_fondue_var,42,0.5,final,vae|MNIST|m26|s42|e300|es1|b0.5,vae|m26|e300|es1|b0.5,38.5550103187561,"stage4_methods.json: (MNIST,B6b_fondue_var,42,0.5).trace[1]",38.5550103187561,results/make49/stage4_cache/MNIST.json:vae|MNIST|m26|s42|e300|es1|b0.5,True,not available,300,True
MNIST,B6b_fondue_var,123,0.5,anchor,vae|MNIST|m64|s123|e300|es1|b0.5,not in trace,,not charged in original ledger; MAKE50 used current snapshot,37.346638917922974,results/make49/stage4_cache/MNIST.json:vae|MNIST|m64|s123|e300|es1|b0.5,,not available,300,True
MNIST,B6b_fondue_var,123,0.5,final,vae|MNIST|m40|s123|e300|es1|b0.5,vae|m40|e300|es1|b0.5,59.19363832473755,"stage4_methods.json: (MNIST,B6b_fondue_var,123,0.5).trace[2]",59.19363832473755,results/make49/stage4_cache/MNIST.json:vae|MNIST|m40|s123|e300|es1|b0.5,True,not available,300,True
MNIST,B6b_fondue_var,777,0.5,anchor,vae|MNIST|m64|s777|e300|es1|b0.5,not in trace,,not charged in original ledger; MAKE50 used current snapshot,54.6531023979187,results/make49/stage4_cache/MNIST.json:vae|MNIST|m64|s777|e300|es1|b0.5,,not available,300,True
MNIST,B6b_fondue_var,777,0.5,final,vae|MNIST|m27|s777|e300|es1|b0.5,vae|m27|e300|es1|b0.5,33.982362270355225,"stage4_methods.json: (MNIST,B6b_fondue_var,777,0.5).trace[1]",33.982362270355225,results/make49/stage4_cache/MNIST.json:vae|MNIST|m27|s777|e300|es1|b0.5,True,not available,300,True
MNIST,B6b_fondue_var,2024,0.5,anchor,vae|MNIST|m64|s2024|e300|es1|b0.5,not in trace,,not charged in original ledger; MAKE50 used current snapshot,53.15495705604553,results/make49/stage4_cache/MNIST.json:vae|MNIST|m64|s2024|e300|es1|b0.5,,not available,300,True
MNIST,B6b_fondue_var,2024,0.5,final,vae|MNIST|m25|s2024|e300|es1|b0.5,vae|m25|e300|es1|b0.5,26.554397106170654,"stage4_methods.json: (MNIST,B6b_fondue_var,2024,0.5).trace[1]",26.554397106170654,results/make49/stage4_cache/MNIST.json:vae|MNIST|m25|s2024|e300|es1|b0.5,True,not available,300,True
MNIST,B6b_fondue_var,31337,0.5,anchor,vae|MNIST|m64|s31337|e300|es1|b0.5,not in trace,,not charged in original ledger; MAKE50 used current snapshot,69.16624283790588,results/make49/stage4_cache/MNIST.json:vae|MNIST|m64|s31337|e300|es1|b0.5,,not available,300,True
MNIST,B6b_fondue_var,31337,0.5,final,vae|MNIST|m22|s31337|e300|es1|b0.5,vae|m22|e300|es1|b0.5,48.679752349853516,"stage4_methods.json: (MNIST,B6b_fondue_var,31337,0.5).trace[1]",48.679752349853516,results/make49/stage4_cache/MNIST.json:vae|MNIST|m22|s31337|e300|es1|b0.5,True,not available,300,True
MNIST,B6b_fondue_var_keepmixed_false,42,0.5,anchor,vae|MNIST|m64|s42|e300|es1|b0.5,not in trace,,not charged in original ledger; MAKE50 used current snapshot,50.790653228759766,results/make49/stage4_cache/MNIST.json:vae|MNIST|m64|s42|e300|es1|b0.5,,not available,300,True
MNIST,B6b_fondue_var_keepmixed_false,42,0.5,final,vae|MNIST|m2|s42|e300|es1|b0.5,vae|m2|e300|es1|b0.5,25.338802814483643,"stage4_methods.json: (MNIST,B6b_fondue_var_keepmixed_false,42,0.5).trace[1]",25.338802814483643,results/make49/stage4_cache/MNIST.json:vae|MNIST|m2|s42|e300|es1|b0.5,True,not available,300,True
MNIST,B6b_fondue_var_keepmixed_false,123,0.5,anchor,vae|MNIST|m64|s123|e300|es1|b0.5,not in trace,,not charged in original ledger; MAKE50 used current snapshot,37.346638917922974,results/make49/stage4_cache/MNIST.json:vae|MNIST|m64|s123|e300|es1|b0.5,,not available,300,True
MNIST,B6b_fondue_var_keepmixed_false,123,0.5,final,vae|MNIST|m2|s123|e300|es1|b0.5,vae|m2|e300|es1|b0.5,30.546380281448364,"stage4_methods.json: (MNIST,B6b_fondue_var_keepmixed_false,123,0.5).trace[1]",30.546380281448364,results/make49/stage4_cache/MNIST.json:vae|MNIST|m2|s123|e300|es1|b0.5,True,not available,300,True
MNIST,B6b_fondue_var_keepmixed_false,777,0.5,anchor,vae|MNIST|m64|s777|e300|es1|b0.5,not in trace,,not charged in original ledger; MAKE50 used current snapshot,54.6531023979187,results/make49/stage4_cache/MNIST.json:vae|MNIST|m64|s777|e300|es1|b0.5,,not available,300,True
MNIST,B6b_fondue_var_keepmixed_false,777,0.5,final,vae|MNIST|m2|s777|e300|es1|b0.5,vae|m2|e300|es1|b0.5,21.711798906326294,"stage4_methods.json: (MNIST,B6b_fondue_var_keepmixed_false,777,0.5).trace[1]",21.711798906326294,results/make49/stage4_cache/MNIST.json:vae|MNIST|m2|s777|e300|es1|b0.5,True,not available,300,True
MNIST,B6b_fondue_var_keepmixed_false,2024,0.5,anchor,vae|MNIST|m64|s2024|e300|es1|b0.5,not in trace,,not charged in original ledger; MAKE50 used current snapshot,53.15495705604553,results/make49/stage4_cache/MNIST.json:vae|MNIST|m64|s2024|e300|es1|b0.5,,not available,300,True
MNIST,B6b_fondue_var_keepmixed_false,2024,0.5,final,vae|MNIST|m2|s2024|e300|es1|b0.5,vae|m2|e300|es1|b0.5,36.05610704421997,"stage4_methods.json: (MNIST,B6b_fondue_var_keepmixed_false,2024,0.5).trace[1]",36.05610704421997,results/make49/stage4_cache/MNIST.json:vae|MNIST|m2|s2024|e300|es1|b0.5,True,not available,300,True
MNIST,B6b_fondue_var_keepmixed_false,31337,0.5,anchor,vae|MNIST|m64|s31337|e300|es1|b0.5,not in trace,,not charged in original ledger; MAKE50 used current snapshot,69.16624283790588,results/make49/stage4_cache/MNIST.json:vae|MNIST|m64|s31337|e300|es1|b0.5,,not available,300,True
MNIST,B6b_fondue_var_keepmixed_false,31337,0.5,final,vae|MNIST|m2|s31337|e300|es1|b0.5,vae|m2|e300|es1|b0.5,33.485774993896484,"stage4_methods.json: (MNIST,B6b_fondue_var_keepmixed_false,31337,0.5).trace[1]",33.485774993896484,results/make49/stage4_cache/MNIST.json:vae|MNIST|m2|s31337|e300|es1|b0.5,True,not available,300,True
MNIST,proposed,42,0.5,anchor,vae|MNIST|m64|s42|e300|es1|b0.5,vae|m64|e300|es1|b0.5,50.790653228759766,"stage4_methods.json: (MNIST,proposed,42,0.5).trace[9]",50.790653228759766,results/make49/stage4_cache/MNIST.json:vae|MNIST|m64|s42|e300|es1|b0.5,,not available,300,True
MNIST,proposed,42,0.5,final,vae|MNIST|m8|s42|e300|es1|b0.5,vae|m8|e300|es1|b0.5,38.088489055633545,"stage4_methods.json: (MNIST,proposed,42,0.5).trace[13]",38.088489055633545,results/make49/stage4_cache/MNIST.json:vae|MNIST|m8|s42|e300|es1|b0.5,True,not available,300,True
MNIST,proposed,123,0.5,anchor,vae|MNIST|m64|s123|e300|es1|b0.5,vae|m64|e300|es1|b0.5,37.346638917922974,"stage4_methods.json: (MNIST,proposed,123,0.5).trace[9]",37.346638917922974,results/make49/stage4_cache/MNIST.json:vae|MNIST|m64|s123|e300|es1|b0.5,,not available,300,True
MNIST,proposed,123,0.5,final,vae|MNIST|m8|s123|e300|es1|b0.5,vae|m8|e300|es1|b0.5,26.768174648284912,"stage4_methods.json: (MNIST,proposed,123,0.5).trace[13]",26.768174648284912,results/make49/stage4_cache/MNIST.json:vae|MNIST|m8|s123|e300|es1|b0.5,True,not available,300,True
MNIST,proposed,777,0.5,anchor,vae|MNIST|m64|s777|e300|es1|b0.5,vae|m64|e300|es1|b0.5,54.6531023979187,"stage4_methods.json: (MNIST,proposed,777,0.5).trace[9]",54.6531023979187,results/make49/stage4_cache/MNIST.json:vae|MNIST|m64|s777|e300|es1|b0.5,,not available,300,True
MNIST,proposed,777,0.5,final,vae|MNIST|m8|s777|e300|es1|b0.5,vae|m8|e300|es1|b0.5,38.521657943725586,"stage4_methods.json: (MNIST,proposed,777,0.5).trace[13]",38.521657943725586,results/make49/stage4_cache/MNIST.json:vae|MNIST|m8|s777|e300|es1|b0.5,True,not available,300,True
MNIST,proposed,2024,0.5,anchor,vae|MNIST|m64|s2024|e300|es1|b0.5,vae|m64|e300|es1|b0.5,53.15495705604553,"stage4_methods.json: (MNIST,proposed,2024,0.5).trace[9]",53.15495705604553,results/make49/stage4_cache/MNIST.json:vae|MNIST|m64|s2024|e300|es1|b0.5,,not available,300,True
MNIST,proposed,2024,0.5,final,vae|MNIST|m8|s2024|e300|es1|b0.5,vae|m8|e300|es1|b0.5,27.003715753555298,"stage4_methods.json: (MNIST,proposed,2024,0.5).trace[13]",27.003715753555298,results/make49/stage4_cache/MNIST.json:vae|MNIST|m8|s2024|e300|es1|b0.5,True,not available,300,True
MNIST,proposed,31337,0.5,anchor,vae|MNIST|m64|s31337|e300|es1|b0.5,vae|m64|e300|es1|b0.5,69.16624283790588,"stage4_methods.json: (MNIST,proposed,31337,0.5).trace[9]",69.16624283790588,results/make49/stage4_cache/MNIST.json:vae|MNIST|m64|s31337|e300|es1|b0.5,,not available,300,True
MNIST,proposed,31337,0.5,final,vae|MNIST|m8|s31337|e300|es1|b0.5,vae|m8|e300|es1|b0.5,30.277597904205322,"stage4_methods.json: (MNIST,proposed,31337,0.5).trace[13]",30.277597904205322,results/make49/stage4_cache/MNIST.json:vae|MNIST|m8|s31337|e300|es1|b0.5,True,not available,300,True
MNIST,proposed_minus_AU,42,0.5,anchor,vae|MNIST|m64|s42|e300|es1|b0.5,vae|m64|e300|es1|b0.5,50.790653228759766,"stage4_methods.json: (MNIST,proposed_minus_AU,42,0.5).trace[9]",50.790653228759766,results/make49/stage4_cache/MNIST.json:vae|MNIST|m64|s42|e300|es1|b0.5,,not available,300,True
MNIST,proposed_minus_AU,42,0.5,final,vae|MNIST|m8|s42|e300|es1|b0.5,vae|m8|e300|es1|b0.5,38.088489055633545,"stage4_methods.json: (MNIST,proposed_minus_AU,42,0.5).trace[13]",38.088489055633545,results/make49/stage4_cache/MNIST.json:vae|MNIST|m8|s42|e300|es1|b0.5,True,not available,300,True
MNIST,proposed_minus_AU,123,0.5,anchor,vae|MNIST|m64|s123|e300|es1|b0.5,vae|m64|e300|es1|b0.5,37.346638917922974,"stage4_methods.json: (MNIST,proposed_minus_AU,123,0.5).trace[9]",37.346638917922974,results/make49/stage4_cache/MNIST.json:vae|MNIST|m64|s123|e300|es1|b0.5,,not available,300,True
MNIST,proposed_minus_AU,123,0.5,final,vae|MNIST|m8|s123|e300|es1|b0.5,vae|m8|e300|es1|b0.5,26.768174648284912,"stage4_methods.json: (MNIST,proposed_minus_AU,123,0.5).trace[13]",26.768174648284912,results/make49/stage4_cache/MNIST.json:vae|MNIST|m8|s123|e300|es1|b0.5,True,not available,300,True
MNIST,proposed_minus_AU,777,0.5,anchor,vae|MNIST|m64|s777|e300|es1|b0.5,vae|m64|e300|es1|b0.5,54.6531023979187,"stage4_methods.json: (MNIST,proposed_minus_AU,777,0.5).trace[9]",54.6531023979187,results/make49/stage4_cache/MNIST.json:vae|MNIST|m64|s777|e300|es1|b0.5,,not available,300,True
MNIST,proposed_minus_AU,777,0.5,final,vae|MNIST|m8|s777|e300|es1|b0.5,vae|m8|e300|es1|b0.5,38.521657943725586,"stage4_methods.json: (MNIST,proposed_minus_AU,777,0.5).trace[13]",38.521657943725586,results/make49/stage4_cache/MNIST.json:vae|MNIST|m8|s777|e300|es1|b0.5,True,not available,300,True
MNIST,proposed_minus_AU,2024,0.5,anchor,vae|MNIST|m64|s2024|e300|es1|b0.5,vae|m64|e300|es1|b0.5,53.15495705604553,"stage4_methods.json: (MNIST,proposed_minus_AU,2024,0.5).trace[9]",53.15495705604553,results/make49/stage4_cache/MNIST.json:vae|MNIST|m64|s2024|e300|es1|b0.5,,not available,300,True
MNIST,proposed_minus_AU,2024,0.5,final,vae|MNIST|m8|s2024|e300|es1|b0.5,vae|m8|e300|es1|b0.5,27.003715753555298,"stage4_methods.json: (MNIST,proposed_minus_AU,2024,0.5).trace[13]",27.003715753555298,results/make49/stage4_cache/MNIST.json:vae|MNIST|m8|s2024|e300|es1|b0.5,True,not available,300,True
MNIST,proposed_minus_AU,31337,0.5,anchor,vae|MNIST|m64|s31337|e300|es1|b0.5,vae|m64|e300|es1|b0.5,69.16624283790588,"stage4_methods.json: (MNIST,proposed_minus_AU,31337,0.5).trace[9]",69.16624283790588,results/make49/stage4_cache/MNIST.json:vae|MNIST|m64|s31337|e300|es1|b0.5,,not available,300,True
MNIST,proposed_minus_AU,31337,0.5,final,vae|MNIST|m8|s31337|e300|es1|b0.5,vae|m8|e300|es1|b0.5,30.277597904205322,"stage4_methods.json: (MNIST,proposed_minus_AU,31337,0.5).trace[13]",30.277597904205322,results/make49/stage4_cache/MNIST.json:vae|MNIST|m8|s31337|e300|es1|b0.5,True,not available,300,True
MNIST,ascending_scan_Q,42,0.5,anchor,vae|MNIST|m64|s42|e300|es1|b0.5,vae|m64|e300|es1|b0.5,50.790653228759766,"stage4_methods.json: (MNIST,ascending_scan_Q,42,0.5).trace[0]",50.790653228759766,results/make49/stage4_cache/MNIST.json:vae|MNIST|m64|s42|e300|es1|b0.5,,not available,300,True
MNIST,ascending_scan_Q,42,0.5,final,vae|MNIST|m8|s42|e300|es1|b0.5,vae|m8|e300|es1|b0.5,38.088489055633545,"stage4_methods.json: (MNIST,ascending_scan_Q,42,0.5).trace[4]",38.088489055633545,results/make49/stage4_cache/MNIST.json:vae|MNIST|m8|s42|e300|es1|b0.5,True,not available,300,True
MNIST,ascending_scan_Q,123,0.5,anchor,vae|MNIST|m64|s123|e300|es1|b0.5,vae|m64|e300|es1|b0.5,37.346638917922974,"stage4_methods.json: (MNIST,ascending_scan_Q,123,0.5).trace[0]",37.346638917922974,results/make49/stage4_cache/MNIST.json:vae|MNIST|m64|s123|e300|es1|b0.5,,not available,300,True
MNIST,ascending_scan_Q,123,0.5,final,vae|MNIST|m8|s123|e300|es1|b0.5,vae|m8|e300|es1|b0.5,26.768174648284912,"stage4_methods.json: (MNIST,ascending_scan_Q,123,0.5).trace[4]",26.768174648284912,results/make49/stage4_cache/MNIST.json:vae|MNIST|m8|s123|e300|es1|b0.5,True,not available,300,True
MNIST,ascending_scan_Q,777,0.5,anchor,vae|MNIST|m64|s777|e300|es1|b0.5,vae|m64|e300|es1|b0.5,54.6531023979187,"stage4_methods.json: (MNIST,ascending_scan_Q,777,0.5).trace[0]",54.6531023979187,results/make49/stage4_cache/MNIST.json:vae|MNIST|m64|s777|e300|es1|b0.5,,not available,300,True
MNIST,ascending_scan_Q,777,0.5,final,vae|MNIST|m8|s777|e300|es1|b0.5,vae|m8|e300|es1|b0.5,38.521657943725586,"stage4_methods.json: (MNIST,ascending_scan_Q,777,0.5).trace[4]",38.521657943725586,results/make49/stage4_cache/MNIST.json:vae|MNIST|m8|s777|e300|es1|b0.5,True,not available,300,True
MNIST,ascending_scan_Q,2024,0.5,anchor,vae|MNIST|m64|s2024|e300|es1|b0.5,vae|m64|e300|es1|b0.5,53.15495705604553,"stage4_methods.json: (MNIST,ascending_scan_Q,2024,0.5).trace[0]",53.15495705604553,results/make49/stage4_cache/MNIST.json:vae|MNIST|m64|s2024|e300|es1|b0.5,,not available,300,True
MNIST,ascending_scan_Q,2024,0.5,final,vae|MNIST|m8|s2024|e300|es1|b0.5,vae|m8|e300|es1|b0.5,27.003715753555298,"stage4_methods.json: (MNIST,ascending_scan_Q,2024,0.5).trace[4]",27.003715753555298,results/make49/stage4_cache/MNIST.json:vae|MNIST|m8|s2024|e300|es1|b0.5,True,not available,300,True
MNIST,ascending_scan_Q,31337,0.5,anchor,vae|MNIST|m64|s31337|e300|es1|b0.5,vae|m64|e300|es1|b0.5,69.16624283790588,"stage4_methods.json: (MNIST,ascending_scan_Q,31337,0.5).trace[0]",69.16624283790588,results/make49/stage4_cache/MNIST.json:vae|MNIST|m64|s31337|e300|es1|b0.5,,not available,300,True
MNIST,ascending_scan_Q,31337,0.5,final,vae|MNIST|m8|s31337|e300|es1|b0.5,vae|m8|e300|es1|b0.5,30.277597904205322,"stage4_methods.json: (MNIST,ascending_scan_Q,31337,0.5).trace[4]",30.277597904205322,results/make49/stage4_cache/MNIST.json:vae|MNIST|m8|s31337|e300|es1|b0.5,True,not available,300,True
MNIST,B4_plus_Q,42,0.5,anchor,vae|MNIST|m64|s42|e300|es1|b0.5,vae|m64|e300|es1|b0.5,50.790653228759766,"stage4_methods.json: (MNIST,B4_plus_Q,42,0.5).trace[3]",50.790653228759766,results/make49/stage4_cache/MNIST.json:vae|MNIST|m64|s42|e300|es1|b0.5,,not available,300,True
MNIST,B4_plus_Q,42,0.5,final,vae|MNIST|m64|s42|e300|es1|b0.5,vae|m64|e300|es1|b0.5,50.790653228759766,"stage4_methods.json: (MNIST,B4_plus_Q,42,0.5).trace[3]",50.790653228759766,results/make49/stage4_cache/MNIST.json:vae|MNIST|m64|s42|e300|es1|b0.5,True,not available,300,True
MNIST,B4_plus_Q,123,0.5,anchor,vae|MNIST|m64|s123|e300|es1|b0.5,vae|m64|e300|es1|b0.5,37.346638917922974,"stage4_methods.json: (MNIST,B4_plus_Q,123,0.5).trace[3]",37.346638917922974,results/make49/stage4_cache/MNIST.json:vae|MNIST|m64|s123|e300|es1|b0.5,,not available,300,True
MNIST,B4_plus_Q,123,0.5,final,vae|MNIST|m10|s123|e300|es1|b0.5,vae|m10|e300|es1|b0.5,30.157569885253906,"stage4_methods.json: (MNIST,B4_plus_Q,123,0.5).trace[2]",30.157569885253906,results/make49/stage4_cache/MNIST.json:vae|MNIST|m10|s123|e300|es1|b0.5,True,not available,300,True
MNIST,B4_plus_Q,777,0.5,anchor,vae|MNIST|m64|s777|e300|es1|b0.5,vae|m64|e300|es1|b0.5,54.6531023979187,"stage4_methods.json: (MNIST,B4_plus_Q,777,0.5).trace[3]",54.6531023979187,results/make49/stage4_cache/MNIST.json:vae|MNIST|m64|s777|e300|es1|b0.5,,not available,300,True
MNIST,B4_plus_Q,777,0.5,final,vae|MNIST|m64|s777|e300|es1|b0.5,vae|m64|e300|es1|b0.5,54.6531023979187,"stage4_methods.json: (MNIST,B4_plus_Q,777,0.5).trace[3]",54.6531023979187,results/make49/stage4_cache/MNIST.json:vae|MNIST|m64|s777|e300|es1|b0.5,True,not available,300,True
MNIST,B4_plus_Q,2024,0.5,anchor,vae|MNIST|m64|s2024|e300|es1|b0.5,vae|m64|e300|es1|b0.5,53.15495705604553,"stage4_methods.json: (MNIST,B4_plus_Q,2024,0.5).trace[3]",53.15495705604553,results/make49/stage4_cache/MNIST.json:vae|MNIST|m64|s2024|e300|es1|b0.5,,not available,300,True
MNIST,B4_plus_Q,2024,0.5,final,vae|MNIST|m10|s2024|e300|es1|b0.5,vae|m10|e300|es1|b0.5,39.25349187850952,"stage4_methods.json: (MNIST,B4_plus_Q,2024,0.5).trace[2]",39.25349187850952,results/make49/stage4_cache/MNIST.json:vae|MNIST|m10|s2024|e300|es1|b0.5,True,not available,300,True
MNIST,B4_plus_Q,31337,0.5,anchor,vae|MNIST|m64|s31337|e300|es1|b0.5,vae|m64|e300|es1|b0.5,69.16624283790588,"stage4_methods.json: (MNIST,B4_plus_Q,31337,0.5).trace[3]",69.16624283790588,results/make49/stage4_cache/MNIST.json:vae|MNIST|m64|s31337|e300|es1|b0.5,,not available,300,True
MNIST,B4_plus_Q,31337,0.5,final,vae|MNIST|m10|s31337|e300|es1|b0.5,vae|m10|e300|es1|b0.5,36.53573656082153,"stage4_methods.json: (MNIST,B4_plus_Q,31337,0.5).trace[2]",36.53573656082153,results/make49/stage4_cache/MNIST.json:vae|MNIST|m10|s31337|e300|es1|b0.5,True,not available,300,True
MNIST,B6a_plus_Q,42,0.5,anchor,vae|MNIST|m64|s42|e300|es1|b0.5,vae|m64|e300|es1|b0.5,50.790653228759766,"stage4_methods.json: (MNIST,B6a_plus_Q,42,0.5).trace[5]",50.790653228759766,results/make49/stage4_cache/MNIST.json:vae|MNIST|m64|s42|e300|es1|b0.5,,not available,300,True
MNIST,B6a_plus_Q,42,0.5,final,vae|MNIST|m10|s42|e300|es1|b0.5,vae|m10|e300|es1|b0.5,45.57834577560425,"stage4_methods.json: (MNIST,B6a_plus_Q,42,0.5).trace[6]",45.57834577560425,results/make49/stage4_cache/MNIST.json:vae|MNIST|m10|s42|e300|es1|b0.5,True,not available,300,True
MNIST,B6a_plus_Q,123,0.5,anchor,vae|MNIST|m64|s123|e300|es1|b0.5,vae|m64|e300|es1|b0.5,37.346638917922974,"stage4_methods.json: (MNIST,B6a_plus_Q,123,0.5).trace[5]",37.346638917922974,results/make49/stage4_cache/MNIST.json:vae|MNIST|m64|s123|e300|es1|b0.5,,not available,300,True
MNIST,B6a_plus_Q,123,0.5,final,vae|MNIST|m10|s123|e300|es1|b0.5,vae|m10|e300|es1|b0.5,30.157569885253906,"stage4_methods.json: (MNIST,B6a_plus_Q,123,0.5).trace[6]",30.157569885253906,results/make49/stage4_cache/MNIST.json:vae|MNIST|m10|s123|e300|es1|b0.5,True,not available,300,True
MNIST,B6a_plus_Q,777,0.5,anchor,vae|MNIST|m64|s777|e300|es1|b0.5,vae|m64|e300|es1|b0.5,54.6531023979187,"stage4_methods.json: (MNIST,B6a_plus_Q,777,0.5).trace[5]",54.6531023979187,results/make49/stage4_cache/MNIST.json:vae|MNIST|m64|s777|e300|es1|b0.5,,not available,300,True
MNIST,B6a_plus_Q,777,0.5,final,vae|MNIST|m10|s777|e300|es1|b0.5,vae|m10|e300|es1|b0.5,20.382210969924927,"stage4_methods.json: (MNIST,B6a_plus_Q,777,0.5).trace[6]",20.382210969924927,results/make49/stage4_cache/MNIST.json:vae|MNIST|m10|s777|e300|es1|b0.5,True,not available,300,True
MNIST,B6a_plus_Q,2024,0.5,anchor,vae|MNIST|m64|s2024|e300|es1|b0.5,vae|m64|e300|es1|b0.5,53.15495705604553,"stage4_methods.json: (MNIST,B6a_plus_Q,2024,0.5).trace[5]",53.15495705604553,results/make49/stage4_cache/MNIST.json:vae|MNIST|m64|s2024|e300|es1|b0.5,,not available,300,True
MNIST,B6a_plus_Q,2024,0.5,final,vae|MNIST|m10|s2024|e300|es1|b0.5,vae|m10|e300|es1|b0.5,39.25349187850952,"stage4_methods.json: (MNIST,B6a_plus_Q,2024,0.5).trace[6]",39.25349187850952,results/make49/stage4_cache/MNIST.json:vae|MNIST|m10|s2024|e300|es1|b0.5,True,not available,300,True
MNIST,B6a_plus_Q,31337,0.5,anchor,vae|MNIST|m64|s31337|e300|es1|b0.5,vae|m64|e300|es1|b0.5,69.16624283790588,"stage4_methods.json: (MNIST,B6a_plus_Q,31337,0.5).trace[5]",69.16624283790588,results/make49/stage4_cache/MNIST.json:vae|MNIST|m64|s31337|e300|es1|b0.5,,not available,300,True
MNIST,B6a_plus_Q,31337,0.5,final,vae|MNIST|m10|s31337|e300|es1|b0.5,vae|m10|e300|es1|b0.5,36.53573656082153,"stage4_methods.json: (MNIST,B6a_plus_Q,31337,0.5).trace[6]",36.53573656082153,results/make49/stage4_cache/MNIST.json:vae|MNIST|m10|s31337|e300|es1|b0.5,True,not available,300,True
MNIST,B6b_plus_Q,42,0.5,anchor,vae|MNIST|m64|s42|e300|es1|b0.5,vae|m64|e300|es1|b0.5,50.790653228759766,"stage4_methods.json: (MNIST,B6b_plus_Q,42,0.5).trace[1]",50.790653228759766,results/make49/stage4_cache/MNIST.json:vae|MNIST|m64|s42|e300|es1|b0.5,,not available,300,True
MNIST,B6b_plus_Q,42,0.5,final,vae|MNIST|m32|s42|e300|es1|b0.5,vae|m32|e300|es1|b0.5,68.2384135723114,"stage4_methods.json: (MNIST,B6b_plus_Q,42,0.5).trace[2]",68.2384135723114,results/make49/stage4_cache/MNIST.json:vae|MNIST|m32|s42|e300|es1|b0.5,True,not available,300,True
MNIST,B6b_plus_Q,123,0.5,anchor,vae|MNIST|m64|s123|e300|es1|b0.5,vae|m64|e300|es1|b0.5,37.346638917922974,"stage4_methods.json: (MNIST,B6b_plus_Q,123,0.5).trace[2]",37.346638917922974,results/make49/stage4_cache/MNIST.json:vae|MNIST|m64|s123|e300|es1|b0.5,,not available,300,True
MNIST,B6b_plus_Q,123,0.5,final,vae|MNIST|m48|s123|e300|es1|b0.5,vae|m48|e300|es1|b0.5,44.859673738479614,"stage4_methods.json: (MNIST,B6b_plus_Q,123,0.5).trace[3]",44.859673738479614,results/make49/stage4_cache/MNIST.json:vae|MNIST|m48|s123|e300|es1|b0.5,True,not available,300,True
MNIST,B6b_plus_Q,777,0.5,anchor,vae|MNIST|m64|s777|e300|es1|b0.5,vae|m64|e300|es1|b0.5,54.6531023979187,"stage4_methods.json: (MNIST,B6b_plus_Q,777,0.5).trace[1]",54.6531023979187,results/make49/stage4_cache/MNIST.json:vae|MNIST|m64|s777|e300|es1|b0.5,,not available,300,True
MNIST,B6b_plus_Q,777,0.5,final,vae|MNIST|m32|s777|e300|es1|b0.5,vae|m32|e300|es1|b0.5,48.76847505569458,"stage4_methods.json: (MNIST,B6b_plus_Q,777,0.5).trace[2]",48.76847505569458,results/make49/stage4_cache/MNIST.json:vae|MNIST|m32|s777|e300|es1|b0.5,True,not available,300,True
MNIST,B6b_plus_Q,2024,0.5,anchor,vae|MNIST|m64|s2024|e300|es1|b0.5,vae|m64|e300|es1|b0.5,53.15495705604553,"stage4_methods.json: (MNIST,B6b_plus_Q,2024,0.5).trace[1]",53.15495705604553,results/make49/stage4_cache/MNIST.json:vae|MNIST|m64|s2024|e300|es1|b0.5,,not available,300,True
MNIST,B6b_plus_Q,2024,0.5,final,vae|MNIST|m32|s2024|e300|es1|b0.5,vae|m32|e300|es1|b0.5,45.44083881378174,"stage4_methods.json: (MNIST,B6b_plus_Q,2024,0.5).trace[2]",45.44083881378174,results/make49/stage4_cache/MNIST.json:vae|MNIST|m32|s2024|e300|es1|b0.5,True,not available,300,True
MNIST,B6b_plus_Q,31337,0.5,anchor,vae|MNIST|m64|s31337|e300|es1|b0.5,vae|m64|e300|es1|b0.5,69.16624283790588,"stage4_methods.json: (MNIST,B6b_plus_Q,31337,0.5).trace[1]",69.16624283790588,results/make49/stage4_cache/MNIST.json:vae|MNIST|m64|s31337|e300|es1|b0.5,,not available,300,True
MNIST,B6b_plus_Q,31337,0.5,final,vae|MNIST|m24|s31337|e300|es1|b0.5,vae|m24|e300|es1|b0.5,33.33760905265808,"stage4_methods.json: (MNIST,B6b_plus_Q,31337,0.5).trace[2]",33.33760905265808,results/make49/stage4_cache/MNIST.json:vae|MNIST|m24|s31337|e300|es1|b0.5,True,not available,300,True
dSprites,B1_full_mse,42,0.5,anchor,vae|dSprites|m64|s42|e300|es1|b0.5,vae|m64|e300|es1|b0.5,238.78831338882446,"stage4_methods.json: (dSprites,B1_full_mse,42,0.5).trace[11]",238.78831338882446,results/make49/stage4_cache/dSprites.json:vae|dSprites|m64|s42|e300|es1|b0.5,,not available,300,True
dSprites,B1_full_mse,42,0.5,final,vae|dSprites|m64|s42|e300|es1|b0.5,vae|m64|e300|es1|b0.5,238.78831338882446,"stage4_methods.json: (dSprites,B1_full_mse,42,0.5).trace[11]",238.78831338882446,results/make49/stage4_cache/dSprites.json:vae|dSprites|m64|s42|e300|es1|b0.5,True,not available,300,True
dSprites,B1_full_mse,123,0.5,anchor,vae|dSprites|m64|s123|e300|es1|b0.5,vae|m64|e300|es1|b0.5,262.2150764465332,"stage4_methods.json: (dSprites,B1_full_mse,123,0.5).trace[11]",262.2150764465332,results/make49/stage4_cache/dSprites.json:vae|dSprites|m64|s123|e300|es1|b0.5,,not available,300,True
dSprites,B1_full_mse,123,0.5,final,vae|dSprites|m64|s123|e300|es1|b0.5,vae|m64|e300|es1|b0.5,262.2150764465332,"stage4_methods.json: (dSprites,B1_full_mse,123,0.5).trace[11]",262.2150764465332,results/make49/stage4_cache/dSprites.json:vae|dSprites|m64|s123|e300|es1|b0.5,True,not available,300,True
dSprites,B1_full_mse,777,0.5,anchor,vae|dSprites|m64|s777|e300|es1|b0.5,vae|m64|e300|es1|b0.5,230.91503381729126,"stage4_methods.json: (dSprites,B1_full_mse,777,0.5).trace[11]",230.91503381729126,results/make49/stage4_cache/dSprites.json:vae|dSprites|m64|s777|e300|es1|b0.5,,not available,300,True
dSprites,B1_full_mse,777,0.5,final,vae|dSprites|m64|s777|e300|es1|b0.5,vae|m64|e300|es1|b0.5,230.91503381729126,"stage4_methods.json: (dSprites,B1_full_mse,777,0.5).trace[11]",230.91503381729126,results/make49/stage4_cache/dSprites.json:vae|dSprites|m64|s777|e300|es1|b0.5,True,not available,300,True
dSprites,B1_full_mse,2024,0.5,anchor,vae|dSprites|m64|s2024|e300|es1|b0.5,vae|m64|e300|es1|b0.5,246.53905868530273,"stage4_methods.json: (dSprites,B1_full_mse,2024,0.5).trace[11]",246.53905868530273,results/make49/stage4_cache/dSprites.json:vae|dSprites|m64|s2024|e300|es1|b0.5,,not available,300,True
dSprites,B1_full_mse,2024,0.5,final,vae|dSprites|m64|s2024|e300|es1|b0.5,vae|m64|e300|es1|b0.5,246.53905868530273,"stage4_methods.json: (dSprites,B1_full_mse,2024,0.5).trace[11]",246.53905868530273,results/make49/stage4_cache/dSprites.json:vae|dSprites|m64|s2024|e300|es1|b0.5,True,not available,300,True
dSprites,B1_full_mse,31337,0.5,anchor,vae|dSprites|m64|s31337|e300|es1|b0.5,vae|m64|e300|es1|b0.5,215.1226303577423,"stage4_methods.json: (dSprites,B1_full_mse,31337,0.5).trace[11]",215.1226303577423,results/make49/stage4_cache/dSprites.json:vae|dSprites|m64|s31337|e300|es1|b0.5,,not available,300,True
dSprites,B1_full_mse,31337,0.5,final,vae|dSprites|m64|s31337|e300|es1|b0.5,vae|m64|e300|es1|b0.5,215.1226303577423,"stage4_methods.json: (dSprites,B1_full_mse,31337,0.5).trace[11]",215.1226303577423,results/make49/stage4_cache/dSprites.json:vae|dSprites|m64|s31337|e300|es1|b0.5,True,not available,300,True
dSprites,B2_full_elbo,42,0.5,anchor,vae|dSprites|m64|s42|e300|es1|b0.5,vae|m64|e300|es1|b0.5,238.78831338882446,"stage4_methods.json: (dSprites,B2_full_elbo,42,0.5).trace[11]",238.78831338882446,results/make49/stage4_cache/dSprites.json:vae|dSprites|m64|s42|e300|es1|b0.5,,not available,300,True
dSprites,B2_full_elbo,42,0.5,final,vae|dSprites|m64|s42|e300|es1|b0.5,vae|m64|e300|es1|b0.5,238.78831338882446,"stage4_methods.json: (dSprites,B2_full_elbo,42,0.5).trace[11]",238.78831338882446,results/make49/stage4_cache/dSprites.json:vae|dSprites|m64|s42|e300|es1|b0.5,True,not available,300,True
dSprites,B2_full_elbo,123,0.5,anchor,vae|dSprites|m64|s123|e300|es1|b0.5,vae|m64|e300|es1|b0.5,262.2150764465332,"stage4_methods.json: (dSprites,B2_full_elbo,123,0.5).trace[11]",262.2150764465332,results/make49/stage4_cache/dSprites.json:vae|dSprites|m64|s123|e300|es1|b0.5,,not available,300,True
dSprites,B2_full_elbo,123,0.5,final,vae|dSprites|m32|s123|e300|es1|b0.5,vae|m32|e300|es1|b0.5,198.107408285141,"stage4_methods.json: (dSprites,B2_full_elbo,123,0.5).trace[9]",198.107408285141,results/make49/stage4_cache/dSprites.json:vae|dSprites|m32|s123|e300|es1|b0.5,True,not available,300,True
dSprites,B2_full_elbo,777,0.5,anchor,vae|dSprites|m64|s777|e300|es1|b0.5,vae|m64|e300|es1|b0.5,230.91503381729126,"stage4_methods.json: (dSprites,B2_full_elbo,777,0.5).trace[11]",230.91503381729126,results/make49/stage4_cache/dSprites.json:vae|dSprites|m64|s777|e300|es1|b0.5,,not available,300,True
dSprites,B2_full_elbo,777,0.5,final,vae|dSprites|m64|s777|e300|es1|b0.5,vae|m64|e300|es1|b0.5,230.91503381729126,"stage4_methods.json: (dSprites,B2_full_elbo,777,0.5).trace[11]",230.91503381729126,results/make49/stage4_cache/dSprites.json:vae|dSprites|m64|s777|e300|es1|b0.5,True,not available,300,True
dSprites,B2_full_elbo,2024,0.5,anchor,vae|dSprites|m64|s2024|e300|es1|b0.5,vae|m64|e300|es1|b0.5,246.53905868530273,"stage4_methods.json: (dSprites,B2_full_elbo,2024,0.5).trace[11]",246.53905868530273,results/make49/stage4_cache/dSprites.json:vae|dSprites|m64|s2024|e300|es1|b0.5,,not available,300,True
dSprites,B2_full_elbo,2024,0.5,final,vae|dSprites|m24|s2024|e300|es1|b0.5,vae|m24|e300|es1|b0.5,161.22705125808716,"stage4_methods.json: (dSprites,B2_full_elbo,2024,0.5).trace[8]",161.22705125808716,results/make49/stage4_cache/dSprites.json:vae|dSprites|m24|s2024|e300|es1|b0.5,True,not available,300,True
dSprites,B2_full_elbo,31337,0.5,anchor,vae|dSprites|m64|s31337|e300|es1|b0.5,vae|m64|e300|es1|b0.5,215.1226303577423,"stage4_methods.json: (dSprites,B2_full_elbo,31337,0.5).trace[11]",215.1226303577423,results/make49/stage4_cache/dSprites.json:vae|dSprites|m64|s31337|e300|es1|b0.5,,not available,300,True
dSprites,B2_full_elbo,31337,0.5,final,vae|dSprites|m64|s31337|e300|es1|b0.5,vae|m64|e300|es1|b0.5,215.1226303577423,"stage4_methods.json: (dSprites,B2_full_elbo,31337,0.5).trace[11]",215.1226303577423,results/make49/stage4_cache/dSprites.json:vae|dSprites|m64|s31337|e300|es1|b0.5,True,not available,300,True
dSprites,B3_full_downstream,42,0.5,anchor,vae|dSprites|m64|s42|e300|es1|b0.5,vae|m64|e300|es1|b0.5,238.78831338882446,"stage4_methods.json: (dSprites,B3_full_downstream,42,0.5).trace[11]",238.78831338882446,results/make49/stage4_cache/dSprites.json:vae|dSprites|m64|s42|e300|es1|b0.5,,not available,300,True
dSprites,B3_full_downstream,42,0.5,final,vae|dSprites|m64|s42|e300|es1|b0.5,vae|m64|e300|es1|b0.5,238.78831338882446,"stage4_methods.json: (dSprites,B3_full_downstream,42,0.5).trace[11]",238.78831338882446,results/make49/stage4_cache/dSprites.json:vae|dSprites|m64|s42|e300|es1|b0.5,True,not available,300,True
dSprites,B3_full_downstream,123,0.5,anchor,vae|dSprites|m64|s123|e300|es1|b0.5,vae|m64|e300|es1|b0.5,262.2150764465332,"stage4_methods.json: (dSprites,B3_full_downstream,123,0.5).trace[11]",262.2150764465332,results/make49/stage4_cache/dSprites.json:vae|dSprites|m64|s123|e300|es1|b0.5,,not available,300,True
dSprites,B3_full_downstream,123,0.5,final,vae|dSprites|m64|s123|e300|es1|b0.5,vae|m64|e300|es1|b0.5,262.2150764465332,"stage4_methods.json: (dSprites,B3_full_downstream,123,0.5).trace[11]",262.2150764465332,results/make49/stage4_cache/dSprites.json:vae|dSprites|m64|s123|e300|es1|b0.5,True,not available,300,True
dSprites,B3_full_downstream,777,0.5,anchor,vae|dSprites|m64|s777|e300|es1|b0.5,vae|m64|e300|es1|b0.5,230.91503381729126,"stage4_methods.json: (dSprites,B3_full_downstream,777,0.5).trace[11]",230.91503381729126,results/make49/stage4_cache/dSprites.json:vae|dSprites|m64|s777|e300|es1|b0.5,,not available,300,True
dSprites,B3_full_downstream,777,0.5,final,vae|dSprites|m48|s777|e300|es1|b0.5,vae|m48|e300|es1|b0.5,216.56662440299988,"stage4_methods.json: (dSprites,B3_full_downstream,777,0.5).trace[10]",216.56662440299988,results/make49/stage4_cache/dSprites.json:vae|dSprites|m48|s777|e300|es1|b0.5,True,not available,300,True
dSprites,B3_full_downstream,2024,0.5,anchor,vae|dSprites|m64|s2024|e300|es1|b0.5,vae|m64|e300|es1|b0.5,246.53905868530273,"stage4_methods.json: (dSprites,B3_full_downstream,2024,0.5).trace[11]",246.53905868530273,results/make49/stage4_cache/dSprites.json:vae|dSprites|m64|s2024|e300|es1|b0.5,,not available,300,True
dSprites,B3_full_downstream,2024,0.5,final,vae|dSprites|m64|s2024|e300|es1|b0.5,vae|m64|e300|es1|b0.5,246.53905868530273,"stage4_methods.json: (dSprites,B3_full_downstream,2024,0.5).trace[11]",246.53905868530273,results/make49/stage4_cache/dSprites.json:vae|dSprites|m64|s2024|e300|es1|b0.5,True,not available,300,True
dSprites,B3_full_downstream,31337,0.5,anchor,vae|dSprites|m64|s31337|e300|es1|b0.5,vae|m64|e300|es1|b0.5,215.1226303577423,"stage4_methods.json: (dSprites,B3_full_downstream,31337,0.5).trace[11]",215.1226303577423,results/make49/stage4_cache/dSprites.json:vae|dSprites|m64|s31337|e300|es1|b0.5,,not available,300,True
dSprites,B3_full_downstream,31337,0.5,final,vae|dSprites|m64|s31337|e300|es1|b0.5,vae|m64|e300|es1|b0.5,215.1226303577423,"stage4_methods.json: (dSprites,B3_full_downstream,31337,0.5).trace[11]",215.1226303577423,results/make49/stage4_cache/dSprites.json:vae|dSprites|m64|s31337|e300|es1|b0.5,True,not available,300,True
dSprites,B4_coarse,42,0.5,anchor,vae|dSprites|m64|s42|e300|es1|b0.5,vae|m64|e300|es1|b0.5,238.78831338882446,"stage4_methods.json: (dSprites,B4_coarse,42,0.5).trace[3]",238.78831338882446,results/make49/stage4_cache/dSprites.json:vae|dSprites|m64|s42|e300|es1|b0.5,,not available,300,True
dSprites,B4_coarse,42,0.5,final,vae|dSprites|m64|s42|e300|es1|b0.5,vae|m64|e300|es1|b0.5,238.78831338882446,"stage4_methods.json: (dSprites,B4_coarse,42,0.5).trace[3]",238.78831338882446,results/make49/stage4_cache/dSprites.json:vae|dSprites|m64|s42|e300|es1|b0.5,True,not available,300,True
dSprites,B4_coarse,123,0.5,anchor,vae|dSprites|m64|s123|e300|es1|b0.5,vae|m64|e300|es1|b0.5,262.2150764465332,"stage4_methods.json: (dSprites,B4_coarse,123,0.5).trace[3]",262.2150764465332,results/make49/stage4_cache/dSprites.json:vae|dSprites|m64|s123|e300|es1|b0.5,,not available,300,True
dSprites,B4_coarse,123,0.5,final,vae|dSprites|m64|s123|e300|es1|b0.5,vae|m64|e300|es1|b0.5,262.2150764465332,"stage4_methods.json: (dSprites,B4_coarse,123,0.5).trace[3]",262.2150764465332,results/make49/stage4_cache/dSprites.json:vae|dSprites|m64|s123|e300|es1|b0.5,True,not available,300,True
dSprites,B4_coarse,777,0.5,anchor,vae|dSprites|m64|s777|e300|es1|b0.5,vae|m64|e300|es1|b0.5,230.91503381729126,"stage4_methods.json: (dSprites,B4_coarse,777,0.5).trace[3]",230.91503381729126,results/make49/stage4_cache/dSprites.json:vae|dSprites|m64|s777|e300|es1|b0.5,,not available,300,True
dSprites,B4_coarse,777,0.5,final,vae|dSprites|m64|s777|e300|es1|b0.5,vae|m64|e300|es1|b0.5,230.91503381729126,"stage4_methods.json: (dSprites,B4_coarse,777,0.5).trace[3]",230.91503381729126,results/make49/stage4_cache/dSprites.json:vae|dSprites|m64|s777|e300|es1|b0.5,True,not available,300,True
dSprites,B4_coarse,2024,0.5,anchor,vae|dSprites|m64|s2024|e300|es1|b0.5,vae|m64|e300|es1|b0.5,246.53905868530273,"stage4_methods.json: (dSprites,B4_coarse,2024,0.5).trace[3]",246.53905868530273,results/make49/stage4_cache/dSprites.json:vae|dSprites|m64|s2024|e300|es1|b0.5,,not available,300,True
dSprites,B4_coarse,2024,0.5,final,vae|dSprites|m64|s2024|e300|es1|b0.5,vae|m64|e300|es1|b0.5,246.53905868530273,"stage4_methods.json: (dSprites,B4_coarse,2024,0.5).trace[3]",246.53905868530273,results/make49/stage4_cache/dSprites.json:vae|dSprites|m64|s2024|e300|es1|b0.5,True,not available,300,True
dSprites,B4_coarse,31337,0.5,anchor,vae|dSprites|m64|s31337|e300|es1|b0.5,vae|m64|e300|es1|b0.5,215.1226303577423,"stage4_methods.json: (dSprites,B4_coarse,31337,0.5).trace[3]",215.1226303577423,results/make49/stage4_cache/dSprites.json:vae|dSprites|m64|s31337|e300|es1|b0.5,,not available,300,True
dSprites,B4_coarse,31337,0.5,final,vae|dSprites|m64|s31337|e300|es1|b0.5,vae|m64|e300|es1|b0.5,215.1226303577423,"stage4_methods.json: (dSprites,B4_coarse,31337,0.5).trace[3]",215.1226303577423,results/make49/stage4_cache/dSprites.json:vae|dSprites|m64|s31337|e300|es1|b0.5,True,not available,300,True
dSprites,B5_fixed32,42,0.5,anchor,vae|dSprites|m64|s42|e300|es1|b0.5,not in trace,,not charged in original ledger; MAKE50 used current snapshot,238.78831338882446,results/make49/stage4_cache/dSprites.json:vae|dSprites|m64|s42|e300|es1|b0.5,,not available,300,True
dSprites,B5_fixed32,42,0.5,final,vae|dSprites|m32|s42|e300|es1|b0.5,vae|m32|e300|es1|b0.5,233.42977023124695,"stage4_methods.json: (dSprites,B5_fixed32,42,0.5).trace[0]",233.42977023124695,results/make49/stage4_cache/dSprites.json:vae|dSprites|m32|s42|e300|es1|b0.5,True,not available,300,True
dSprites,B5_fixed32,123,0.5,anchor,vae|dSprites|m64|s123|e300|es1|b0.5,not in trace,,not charged in original ledger; MAKE50 used current snapshot,262.2150764465332,results/make49/stage4_cache/dSprites.json:vae|dSprites|m64|s123|e300|es1|b0.5,,not available,300,True
dSprites,B5_fixed32,123,0.5,final,vae|dSprites|m32|s123|e300|es1|b0.5,vae|m32|e300|es1|b0.5,198.107408285141,"stage4_methods.json: (dSprites,B5_fixed32,123,0.5).trace[0]",198.107408285141,results/make49/stage4_cache/dSprites.json:vae|dSprites|m32|s123|e300|es1|b0.5,True,not available,300,True
dSprites,B5_fixed32,777,0.5,anchor,vae|dSprites|m64|s777|e300|es1|b0.5,not in trace,,not charged in original ledger; MAKE50 used current snapshot,230.91503381729126,results/make49/stage4_cache/dSprites.json:vae|dSprites|m64|s777|e300|es1|b0.5,,not available,300,True
dSprites,B5_fixed32,777,0.5,final,vae|dSprites|m32|s777|e300|es1|b0.5,vae|m32|e300|es1|b0.5,187.0798842906952,"stage4_methods.json: (dSprites,B5_fixed32,777,0.5).trace[0]",187.0798842906952,results/make49/stage4_cache/dSprites.json:vae|dSprites|m32|s777|e300|es1|b0.5,True,not available,300,True
dSprites,B5_fixed32,2024,0.5,anchor,vae|dSprites|m64|s2024|e300|es1|b0.5,not in trace,,not charged in original ledger; MAKE50 used current snapshot,246.53905868530273,results/make49/stage4_cache/dSprites.json:vae|dSprites|m64|s2024|e300|es1|b0.5,,not available,300,True
dSprites,B5_fixed32,2024,0.5,final,vae|dSprites|m32|s2024|e300|es1|b0.5,vae|m32|e300|es1|b0.5,184.88768005371094,"stage4_methods.json: (dSprites,B5_fixed32,2024,0.5).trace[0]",184.88768005371094,results/make49/stage4_cache/dSprites.json:vae|dSprites|m32|s2024|e300|es1|b0.5,True,not available,300,True
dSprites,B5_fixed32,31337,0.5,anchor,vae|dSprites|m64|s31337|e300|es1|b0.5,not in trace,,not charged in original ledger; MAKE50 used current snapshot,215.1226303577423,results/make49/stage4_cache/dSprites.json:vae|dSprites|m64|s31337|e300|es1|b0.5,,not available,300,True
dSprites,B5_fixed32,31337,0.5,final,vae|dSprites|m32|s31337|e300|es1|b0.5,vae|m32|e300|es1|b0.5,255.5464425086975,"stage4_methods.json: (dSprites,B5_fixed32,31337,0.5).trace[0]",255.5464425086975,results/make49/stage4_cache/dSprites.json:vae|dSprites|m32|s31337|e300|es1|b0.5,True,not available,300,True
dSprites,B6a_fondue,42,0.5,anchor,vae|dSprites|m64|s42|e300|es1|b0.5,not in trace,,not charged in original ledger; MAKE50 used current snapshot,238.78831338882446,results/make49/stage4_cache/dSprites.json:vae|dSprites|m64|s42|e300|es1|b0.5,,not available,300,True
dSprites,B6a_fondue,42,0.5,final,vae|dSprites|m4|s42|e300|es1|b0.5,vae|m4|e300|es1|b0.5,120.54564070701599,"stage4_methods.json: (dSprites,B6a_fondue,42,0.5).trace[4]",120.54564070701599,results/make49/stage4_cache/dSprites.json:vae|dSprites|m4|s42|e300|es1|b0.5,True,not available,300,True
dSprites,B6a_fondue,123,0.5,anchor,vae|dSprites|m64|s123|e300|es1|b0.5,not in trace,,not charged in original ledger; MAKE50 used current snapshot,262.2150764465332,results/make49/stage4_cache/dSprites.json:vae|dSprites|m64|s123|e300|es1|b0.5,,not available,300,True
dSprites,B6a_fondue,123,0.5,final,vae|dSprites|m4|s123|e300|es1|b0.5,vae|m4|e300|es1|b0.5,117.23484635353088,"stage4_methods.json: (dSprites,B6a_fondue,123,0.5).trace[4]",117.23484635353088,results/make49/stage4_cache/dSprites.json:vae|dSprites|m4|s123|e300|es1|b0.5,True,not available,300,True
dSprites,B6a_fondue,777,0.5,anchor,vae|dSprites|m64|s777|e300|es1|b0.5,not in trace,,not charged in original ledger; MAKE50 used current snapshot,230.91503381729126,results/make49/stage4_cache/dSprites.json:vae|dSprites|m64|s777|e300|es1|b0.5,,not available,300,True
dSprites,B6a_fondue,777,0.5,final,vae|dSprites|m5|s777|e300|es1|b0.5,vae|m5|e300|es1|b0.5,167.6635639667511,"stage4_methods.json: (dSprites,B6a_fondue,777,0.5).trace[4]",167.6635639667511,results/make49/stage4_cache/dSprites.json:vae|dSprites|m5|s777|e300|es1|b0.5,True,not available,300,True
dSprites,B6a_fondue,2024,0.5,anchor,vae|dSprites|m64|s2024|e300|es1|b0.5,not in trace,,not charged in original ledger; MAKE50 used current snapshot,246.53905868530273,results/make49/stage4_cache/dSprites.json:vae|dSprites|m64|s2024|e300|es1|b0.5,,not available,300,True
dSprites,B6a_fondue,2024,0.5,final,vae|dSprites|m4|s2024|e300|es1|b0.5,vae|m4|e300|es1|b0.5,110.69606065750122,"stage4_methods.json: (dSprites,B6a_fondue,2024,0.5).trace[4]",110.69606065750122,results/make49/stage4_cache/dSprites.json:vae|dSprites|m4|s2024|e300|es1|b0.5,True,not available,300,True
dSprites,B6a_fondue,31337,0.5,anchor,vae|dSprites|m64|s31337|e300|es1|b0.5,not in trace,,not charged in original ledger; MAKE50 used current snapshot,215.1226303577423,results/make49/stage4_cache/dSprites.json:vae|dSprites|m64|s31337|e300|es1|b0.5,,not available,300,True
dSprites,B6a_fondue,31337,0.5,final,vae|dSprites|m5|s31337|e300|es1|b0.5,vae|m5|e300|es1|b0.5,170.04393649101257,"stage4_methods.json: (dSprites,B6a_fondue,31337,0.5).trace[4]",170.04393649101257,results/make49/stage4_cache/dSprites.json:vae|dSprites|m5|s31337|e300|es1|b0.5,True,not available,300,True
dSprites,B6b_fondue_var,42,0.5,anchor,vae|dSprites|m64|s42|e300|es1|b0.5,not in trace,,not charged in original ledger; MAKE50 used current snapshot,238.78831338882446,results/make49/stage4_cache/dSprites.json:vae|dSprites|m64|s42|e300|es1|b0.5,,not available,300,True
dSprites,B6b_fondue_var,42,0.5,final,vae|dSprites|m119|s42|e300|es1|b0.5,vae|m119|e300|es1|b0.5,253.29115319252014,"stage4_methods.json: (dSprites,B6b_fondue_var,42,0.5).trace[4]",253.29115319252014,results/make49/stage4_cache/dSprites.json:vae|dSprites|m119|s42|e300|es1|b0.5,True,not available,300,True
dSprites,B6b_fondue_var,123,0.5,anchor,vae|dSprites|m64|s123|e300|es1|b0.5,not in trace,,not charged in original ledger; MAKE50 used current snapshot,262.2150764465332,results/make49/stage4_cache/dSprites.json:vae|dSprites|m64|s123|e300|es1|b0.5,,not available,300,True
dSprites,B6b_fondue_var,123,0.5,final,vae|dSprites|m232|s123|e300|es1|b0.5,vae|m232|e300|es1|b0.5,309.31162667274475,"stage4_methods.json: (dSprites,B6b_fondue_var,123,0.5).trace[5]",309.31162667274475,results/make49/stage4_cache/dSprites.json:vae|dSprites|m232|s123|e300|es1|b0.5,True,not available,300,True
dSprites,B6b_fondue_var,777,0.5,anchor,vae|dSprites|m64|s777|e300|es1|b0.5,not in trace,,not charged in original ledger; MAKE50 used current snapshot,230.91503381729126,results/make49/stage4_cache/dSprites.json:vae|dSprites|m64|s777|e300|es1|b0.5,,not available,300,True
dSprites,B6b_fondue_var,777,0.5,final,vae|dSprites|m119|s777|e300|es1|b0.5,vae|m119|e300|es1|b0.5,251.06249856948853,"stage4_methods.json: (dSprites,B6b_fondue_var,777,0.5).trace[4]",251.06249856948853,results/make49/stage4_cache/dSprites.json:vae|dSprites|m119|s777|e300|es1|b0.5,True,not available,300,True
dSprites,B6b_fondue_var,2024,0.5,anchor,vae|dSprites|m64|s2024|e300|es1|b0.5,not in trace,,not charged in original ledger; MAKE50 used current snapshot,246.53905868530273,results/make49/stage4_cache/dSprites.json:vae|dSprites|m64|s2024|e300|es1|b0.5,,not available,300,True
dSprites,B6b_fondue_var,2024,0.5,final,vae|dSprites|m118|s2024|e300|es1|b0.5,vae|m118|e300|es1|b0.5,270.23932361602783,"stage4_methods.json: (dSprites,B6b_fondue_var,2024,0.5).trace[4]",270.23932361602783,results/make49/stage4_cache/dSprites.json:vae|dSprites|m118|s2024|e300|es1|b0.5,True,not available,300,True
dSprites,B6b_fondue_var,31337,0.5,anchor,vae|dSprites|m64|s31337|e300|es1|b0.5,not in trace,,not charged in original ledger; MAKE50 used current snapshot,215.1226303577423,results/make49/stage4_cache/dSprites.json:vae|dSprites|m64|s31337|e300|es1|b0.5,,not available,300,True
dSprites,B6b_fondue_var,31337,0.5,final,vae|dSprites|m58|s31337|e300|es1|b0.5,vae|m58|e300|es1|b0.5,224.77920866012573,"stage4_methods.json: (dSprites,B6b_fondue_var,31337,0.5).trace[3]",224.77920866012573,results/make49/stage4_cache/dSprites.json:vae|dSprites|m58|s31337|e300|es1|b0.5,True,not available,300,True
dSprites,B6b_fondue_var_keepmixed_false,42,0.5,anchor,vae|dSprites|m64|s42|e300|es1|b0.5,not in trace,,not charged in original ledger; MAKE50 used current snapshot,238.78831338882446,results/make49/stage4_cache/dSprites.json:vae|dSprites|m64|s42|e300|es1|b0.5,,not available,300,True
dSprites,B6b_fondue_var_keepmixed_false,42,0.5,final,vae|dSprites|m10|s42|e300|es1|b0.5,vae|m10|e300|es1|b0.5,178.9582540988922,"stage4_methods.json: (dSprites,B6b_fondue_var_keepmixed_false,42,0.5).trace[1]",178.9582540988922,results/make49/stage4_cache/dSprites.json:vae|dSprites|m10|s42|e300|es1|b0.5,True,not available,300,True
dSprites,B6b_fondue_var_keepmixed_false,123,0.5,anchor,vae|dSprites|m64|s123|e300|es1|b0.5,not in trace,,not charged in original ledger; MAKE50 used current snapshot,262.2150764465332,results/make49/stage4_cache/dSprites.json:vae|dSprites|m64|s123|e300|es1|b0.5,,not available,300,True
dSprites,B6b_fondue_var_keepmixed_false,123,0.5,final,vae|dSprites|m8|s123|e300|es1|b0.5,vae|m8|e300|es1|b0.5,174.28521370887756,"stage4_methods.json: (dSprites,B6b_fondue_var_keepmixed_false,123,0.5).trace[1]",174.28521370887756,results/make49/stage4_cache/dSprites.json:vae|dSprites|m8|s123|e300|es1|b0.5,True,not available,300,True
dSprites,B6b_fondue_var_keepmixed_false,777,0.5,anchor,vae|dSprites|m64|s777|e300|es1|b0.5,not in trace,,not charged in original ledger; MAKE50 used current snapshot,230.91503381729126,results/make49/stage4_cache/dSprites.json:vae|dSprites|m64|s777|e300|es1|b0.5,,not available,300,True
dSprites,B6b_fondue_var_keepmixed_false,777,0.5,final,vae|dSprites|m7|s777|e300|es1|b0.5,vae|m7|e300|es1|b0.5,131.65597414970398,"stage4_methods.json: (dSprites,B6b_fondue_var_keepmixed_false,777,0.5).trace[1]",131.65597414970398,results/make49/stage4_cache/dSprites.json:vae|dSprites|m7|s777|e300|es1|b0.5,True,not available,300,True
dSprites,B6b_fondue_var_keepmixed_false,2024,0.5,anchor,vae|dSprites|m64|s2024|e300|es1|b0.5,not in trace,,not charged in original ledger; MAKE50 used current snapshot,246.53905868530273,results/make49/stage4_cache/dSprites.json:vae|dSprites|m64|s2024|e300|es1|b0.5,,not available,300,True
dSprites,B6b_fondue_var_keepmixed_false,2024,0.5,final,vae|dSprites|m12|s2024|e300|es1|b0.5,vae|m12|e300|es1|b0.5,159.41884970664978,"stage4_methods.json: (dSprites,B6b_fondue_var_keepmixed_false,2024,0.5).trace[1]",159.41884970664978,results/make49/stage4_cache/dSprites.json:vae|dSprites|m12|s2024|e300|es1|b0.5,True,not available,300,True
dSprites,B6b_fondue_var_keepmixed_false,31337,0.5,anchor,vae|dSprites|m64|s31337|e300|es1|b0.5,not in trace,,not charged in original ledger; MAKE50 used current snapshot,215.1226303577423,results/make49/stage4_cache/dSprites.json:vae|dSprites|m64|s31337|e300|es1|b0.5,,not available,300,True
dSprites,proposed,42,0.5,anchor,vae|dSprites|m64|s42|e300|es1|b0.5,vae|m64|e300|es1|b0.5,238.78831338882446,"stage4_methods.json: (dSprites,proposed,42,0.5).trace[12]",238.78831338882446,results/make49/stage4_cache/dSprites.json:vae|dSprites|m64|s42|e300|es1|b0.5,,not available,300,True
dSprites,proposed,42,0.5,final,vae|dSprites|m64|s42|e300|es1|b0.5,vae|m64|e300|es1|b0.5,238.78831338882446,"stage4_methods.json: (dSprites,proposed,42,0.5).trace[12]",238.78831338882446,results/make49/stage4_cache/dSprites.json:vae|dSprites|m64|s42|e300|es1|b0.5,True,not available,300,True
dSprites,proposed,123,0.5,anchor,vae|dSprites|m64|s123|e300|es1|b0.5,vae|m64|e300|es1|b0.5,262.2150764465332,"stage4_methods.json: (dSprites,proposed,123,0.5).trace[12]",262.2150764465332,results/make49/stage4_cache/dSprites.json:vae|dSprites|m64|s123|e300|es1|b0.5,,not available,300,True
dSprites,proposed,123,0.5,final,vae|dSprites|m64|s123|e300|es1|b0.5,vae|m64|e300|es1|b0.5,262.2150764465332,"stage4_methods.json: (dSprites,proposed,123,0.5).trace[12]",262.2150764465332,results/make49/stage4_cache/dSprites.json:vae|dSprites|m64|s123|e300|es1|b0.5,True,not available,300,True
dSprites,proposed,777,0.5,anchor,vae|dSprites|m64|s777|e300|es1|b0.5,vae|m64|e300|es1|b0.5,230.91503381729126,"stage4_methods.json: (dSprites,proposed,777,0.5).trace[12]",230.91503381729126,results/make49/stage4_cache/dSprites.json:vae|dSprites|m64|s777|e300|es1|b0.5,,not available,300,True
dSprites,proposed,777,0.5,final,vae|dSprites|m64|s777|e300|es1|b0.5,vae|m64|e300|es1|b0.5,230.91503381729126,"stage4_methods.json: (dSprites,proposed,777,0.5).trace[12]",230.91503381729126,results/make49/stage4_cache/dSprites.json:vae|dSprites|m64|s777|e300|es1|b0.5,True,not available,300,True
dSprites,proposed,2024,0.5,anchor,vae|dSprites|m64|s2024|e300|es1|b0.5,vae|m64|e300|es1|b0.5,246.53905868530273,"stage4_methods.json: (dSprites,proposed,2024,0.5).trace[12]",246.53905868530273,results/make49/stage4_cache/dSprites.json:vae|dSprites|m64|s2024|e300|es1|b0.5,,not available,300,True
dSprites,proposed,2024,0.5,final,vae|dSprites|m64|s2024|e300|es1|b0.5,vae|m64|e300|es1|b0.5,246.53905868530273,"stage4_methods.json: (dSprites,proposed,2024,0.5).trace[12]",246.53905868530273,results/make49/stage4_cache/dSprites.json:vae|dSprites|m64|s2024|e300|es1|b0.5,True,not available,300,True
dSprites,proposed,31337,0.5,anchor,vae|dSprites|m64|s31337|e300|es1|b0.5,vae|m64|e300|es1|b0.5,215.1226303577423,"stage4_methods.json: (dSprites,proposed,31337,0.5).trace[12]",215.1226303577423,results/make49/stage4_cache/dSprites.json:vae|dSprites|m64|s31337|e300|es1|b0.5,,not available,300,True
dSprites,proposed,31337,0.5,final,vae|dSprites|m64|s31337|e300|es1|b0.5,vae|m64|e300|es1|b0.5,215.1226303577423,"stage4_methods.json: (dSprites,proposed,31337,0.5).trace[12]",215.1226303577423,results/make49/stage4_cache/dSprites.json:vae|dSprites|m64|s31337|e300|es1|b0.5,True,not available,300,True
dSprites,proposed_minus_AU,42,0.5,anchor,vae|dSprites|m64|s42|e300|es1|b0.5,vae|m64|e300|es1|b0.5,238.78831338882446,"stage4_methods.json: (dSprites,proposed_minus_AU,42,0.5).trace[12]",238.78831338882446,results/make49/stage4_cache/dSprites.json:vae|dSprites|m64|s42|e300|es1|b0.5,,not available,300,True
dSprites,proposed_minus_AU,42,0.5,final,vae|dSprites|m64|s42|e300|es1|b0.5,vae|m64|e300|es1|b0.5,238.78831338882446,"stage4_methods.json: (dSprites,proposed_minus_AU,42,0.5).trace[12]",238.78831338882446,results/make49/stage4_cache/dSprites.json:vae|dSprites|m64|s42|e300|es1|b0.5,True,not available,300,True
dSprites,proposed_minus_AU,123,0.5,anchor,vae|dSprites|m64|s123|e300|es1|b0.5,vae|m64|e300|es1|b0.5,262.2150764465332,"stage4_methods.json: (dSprites,proposed_minus_AU,123,0.5).trace[12]",262.2150764465332,results/make49/stage4_cache/dSprites.json:vae|dSprites|m64|s123|e300|es1|b0.5,,not available,300,True
dSprites,proposed_minus_AU,123,0.5,final,vae|dSprites|m64|s123|e300|es1|b0.5,vae|m64|e300|es1|b0.5,262.2150764465332,"stage4_methods.json: (dSprites,proposed_minus_AU,123,0.5).trace[12]",262.2150764465332,results/make49/stage4_cache/dSprites.json:vae|dSprites|m64|s123|e300|es1|b0.5,True,not available,300,True
dSprites,proposed_minus_AU,777,0.5,anchor,vae|dSprites|m64|s777|e300|es1|b0.5,vae|m64|e300|es1|b0.5,230.91503381729126,"stage4_methods.json: (dSprites,proposed_minus_AU,777,0.5).trace[12]",230.91503381729126,results/make49/stage4_cache/dSprites.json:vae|dSprites|m64|s777|e300|es1|b0.5,,not available,300,True
dSprites,proposed_minus_AU,777,0.5,final,vae|dSprites|m64|s777|e300|es1|b0.5,vae|m64|e300|es1|b0.5,230.91503381729126,"stage4_methods.json: (dSprites,proposed_minus_AU,777,0.5).trace[12]",230.91503381729126,results/make49/stage4_cache/dSprites.json:vae|dSprites|m64|s777|e300|es1|b0.5,True,not available,300,True
dSprites,proposed_minus_AU,2024,0.5,anchor,vae|dSprites|m64|s2024|e300|es1|b0.5,vae|m64|e300|es1|b0.5,246.53905868530273,"stage4_methods.json: (dSprites,proposed_minus_AU,2024,0.5).trace[12]",246.53905868530273,results/make49/stage4_cache/dSprites.json:vae|dSprites|m64|s2024|e300|es1|b0.5,,not available,300,True
dSprites,proposed_minus_AU,2024,0.5,final,vae|dSprites|m64|s2024|e300|es1|b0.5,vae|m64|e300|es1|b0.5,246.53905868530273,"stage4_methods.json: (dSprites,proposed_minus_AU,2024,0.5).trace[12]",246.53905868530273,results/make49/stage4_cache/dSprites.json:vae|dSprites|m64|s2024|e300|es1|b0.5,True,not available,300,True
dSprites,proposed_minus_AU,31337,0.5,anchor,vae|dSprites|m64|s31337|e300|es1|b0.5,vae|m64|e300|es1|b0.5,215.1226303577423,"stage4_methods.json: (dSprites,proposed_minus_AU,31337,0.5).trace[12]",215.1226303577423,results/make49/stage4_cache/dSprites.json:vae|dSprites|m64|s31337|e300|es1|b0.5,,not available,300,True
dSprites,proposed_minus_AU,31337,0.5,final,vae|dSprites|m64|s31337|e300|es1|b0.5,vae|m64|e300|es1|b0.5,215.1226303577423,"stage4_methods.json: (dSprites,proposed_minus_AU,31337,0.5).trace[12]",215.1226303577423,results/make49/stage4_cache/dSprites.json:vae|dSprites|m64|s31337|e300|es1|b0.5,True,not available,300,True
dSprites,ascending_scan_Q,42,0.5,anchor,vae|dSprites|m64|s42|e300|es1|b0.5,vae|m64|e300|es1|b0.5,238.78831338882446,"stage4_methods.json: (dSprites,ascending_scan_Q,42,0.5).trace[0]",238.78831338882446,results/make49/stage4_cache/dSprites.json:vae|dSprites|m64|s42|e300|es1|b0.5,,not available,300,True
dSprites,ascending_scan_Q,42,0.5,final,vae|dSprites|m32|s42|e300|es1|b0.5,vae|m32|e300|es1|b0.5,233.42977023124695,"stage4_methods.json: (dSprites,ascending_scan_Q,42,0.5).trace[10]",233.42977023124695,results/make49/stage4_cache/dSprites.json:vae|dSprites|m32|s42|e300|es1|b0.5,True,not available,300,True
dSprites,ascending_scan_Q,123,0.5,anchor,vae|dSprites|m64|s123|e300|es1|b0.5,vae|m64|e300|es1|b0.5,262.2150764465332,"stage4_methods.json: (dSprites,ascending_scan_Q,123,0.5).trace[0]",262.2150764465332,results/make49/stage4_cache/dSprites.json:vae|dSprites|m64|s123|e300|es1|b0.5,,not available,300,True
dSprites,ascending_scan_Q,123,0.5,final,vae|dSprites|m32|s123|e300|es1|b0.5,vae|m32|e300|es1|b0.5,198.107408285141,"stage4_methods.json: (dSprites,ascending_scan_Q,123,0.5).trace[10]",198.107408285141,results/make49/stage4_cache/dSprites.json:vae|dSprites|m32|s123|e300|es1|b0.5,True,not available,300,True
dSprites,ascending_scan_Q,777,0.5,anchor,vae|dSprites|m64|s777|e300|es1|b0.5,vae|m64|e300|es1|b0.5,230.91503381729126,"stage4_methods.json: (dSprites,ascending_scan_Q,777,0.5).trace[0]",230.91503381729126,results/make49/stage4_cache/dSprites.json:vae|dSprites|m64|s777|e300|es1|b0.5,,not available,300,True
dSprites,ascending_scan_Q,777,0.5,final,vae|dSprites|m20|s777|e300|es1|b0.5,vae|m20|e300|es1|b0.5,192.87812638282776,"stage4_methods.json: (dSprites,ascending_scan_Q,777,0.5).trace[8]",192.87812638282776,results/make49/stage4_cache/dSprites.json:vae|dSprites|m20|s777|e300|es1|b0.5,True,not available,300,True
dSprites,ascending_scan_Q,2024,0.5,anchor,vae|dSprites|m64|s2024|e300|es1|b0.5,vae|m64|e300|es1|b0.5,246.53905868530273,"stage4_methods.json: (dSprites,ascending_scan_Q,2024,0.5).trace[0]",246.53905868530273,results/make49/stage4_cache/dSprites.json:vae|dSprites|m64|s2024|e300|es1|b0.5,,not available,300,True
dSprites,ascending_scan_Q,2024,0.5,final,vae|dSprites|m16|s2024|e300|es1|b0.5,vae|m16|e300|es1|b0.5,200.17009282112122,"stage4_methods.json: (dSprites,ascending_scan_Q,2024,0.5).trace[7]",200.17009282112122,results/make49/stage4_cache/dSprites.json:vae|dSprites|m16|s2024|e300|es1|b0.5,True,not available,300,True
dSprites,ascending_scan_Q,31337,0.5,anchor,vae|dSprites|m64|s31337|e300|es1|b0.5,vae|m64|e300|es1|b0.5,215.1226303577423,"stage4_methods.json: (dSprites,ascending_scan_Q,31337,0.5).trace[0]",215.1226303577423,results/make49/stage4_cache/dSprites.json:vae|dSprites|m64|s31337|e300|es1|b0.5,,not available,300,True
dSprites,ascending_scan_Q,31337,0.5,final,vae|dSprites|m24|s31337|e300|es1|b0.5,vae|m24|e300|es1|b0.5,201.02999424934387,"stage4_methods.json: (dSprites,ascending_scan_Q,31337,0.5).trace[9]",201.02999424934387,results/make49/stage4_cache/dSprites.json:vae|dSprites|m24|s31337|e300|es1|b0.5,True,not available,300,True
dSprites,B4_plus_Q,42,0.5,anchor,vae|dSprites|m64|s42|e300|es1|b0.5,vae|m64|e300|es1|b0.5,238.78831338882446,"stage4_methods.json: (dSprites,B4_plus_Q,42,0.5).trace[3]",238.78831338882446,results/make49/stage4_cache/dSprites.json:vae|dSprites|m64|s42|e300|es1|b0.5,,not available,300,True
dSprites,B4_plus_Q,42,0.5,final,vae|dSprites|m64|s42|e300|es1|b0.5,vae|m64|e300|es1|b0.5,238.78831338882446,"stage4_methods.json: (dSprites,B4_plus_Q,42,0.5).trace[3]",238.78831338882446,results/make49/stage4_cache/dSprites.json:vae|dSprites|m64|s42|e300|es1|b0.5,True,not available,300,True
dSprites,B4_plus_Q,123,0.5,anchor,vae|dSprites|m64|s123|e300|es1|b0.5,vae|m64|e300|es1|b0.5,262.2150764465332,"stage4_methods.json: (dSprites,B4_plus_Q,123,0.5).trace[3]",262.2150764465332,results/make49/stage4_cache/dSprites.json:vae|dSprites|m64|s123|e300|es1|b0.5,,not available,300,True
dSprites,B4_plus_Q,123,0.5,final,vae|dSprites|m64|s123|e300|es1|b0.5,vae|m64|e300|es1|b0.5,262.2150764465332,"stage4_methods.json: (dSprites,B4_plus_Q,123,0.5).trace[3]",262.2150764465332,results/make49/stage4_cache/dSprites.json:vae|dSprites|m64|s123|e300|es1|b0.5,True,not available,300,True
dSprites,B4_plus_Q,777,0.5,anchor,vae|dSprites|m64|s777|e300|es1|b0.5,vae|m64|e300|es1|b0.5,230.91503381729126,"stage4_methods.json: (dSprites,B4_plus_Q,777,0.5).trace[3]",230.91503381729126,results/make49/stage4_cache/dSprites.json:vae|dSprites|m64|s777|e300|es1|b0.5,,not available,300,True
dSprites,B4_plus_Q,777,0.5,final,vae|dSprites|m64|s777|e300|es1|b0.5,vae|m64|e300|es1|b0.5,230.91503381729126,"stage4_methods.json: (dSprites,B4_plus_Q,777,0.5).trace[3]",230.91503381729126,results/make49/stage4_cache/dSprites.json:vae|dSprites|m64|s777|e300|es1|b0.5,True,not available,300,True
dSprites,B4_plus_Q,2024,0.5,anchor,vae|dSprites|m64|s2024|e300|es1|b0.5,vae|m64|e300|es1|b0.5,246.53905868530273,"stage4_methods.json: (dSprites,B4_plus_Q,2024,0.5).trace[3]",246.53905868530273,results/make49/stage4_cache/dSprites.json:vae|dSprites|m64|s2024|e300|es1|b0.5,,not available,300,True
dSprites,B4_plus_Q,2024,0.5,final,vae|dSprites|m64|s2024|e300|es1|b0.5,vae|m64|e300|es1|b0.5,246.53905868530273,"stage4_methods.json: (dSprites,B4_plus_Q,2024,0.5).trace[3]",246.53905868530273,results/make49/stage4_cache/dSprites.json:vae|dSprites|m64|s2024|e300|es1|b0.5,True,not available,300,True
dSprites,B4_plus_Q,31337,0.5,anchor,vae|dSprites|m64|s31337|e300|es1|b0.5,vae|m64|e300|es1|b0.5,215.1226303577423,"stage4_methods.json: (dSprites,B4_plus_Q,31337,0.5).trace[3]",215.1226303577423,results/make49/stage4_cache/dSprites.json:vae|dSprites|m64|s31337|e300|es1|b0.5,,not available,300,True
dSprites,B4_plus_Q,31337,0.5,final,vae|dSprites|m64|s31337|e300|es1|b0.5,vae|m64|e300|es1|b0.5,215.1226303577423,"stage4_methods.json: (dSprites,B4_plus_Q,31337,0.5).trace[3]",215.1226303577423,results/make49/stage4_cache/dSprites.json:vae|dSprites|m64|s31337|e300|es1|b0.5,True,not available,300,True
dSprites,B6a_plus_Q,42,0.5,anchor,vae|dSprites|m64|s42|e300|es1|b0.5,vae|m64|e300|es1|b0.5,238.78831338882446,"stage4_methods.json: (dSprites,B6a_plus_Q,42,0.5).trace[4]",238.78831338882446,results/make49/stage4_cache/dSprites.json:vae|dSprites|m64|s42|e300|es1|b0.5,,not available,300,True
dSprites,B6a_plus_Q,42,0.5,final,vae|dSprites|m64|s42|e300|es1|b0.5,vae|m64|e300|es1|b0.5,238.78831338882446,"stage4_methods.json: (dSprites,B6a_plus_Q,42,0.5).trace[4]",238.78831338882446,results/make49/stage4_cache/dSprites.json:vae|dSprites|m64|s42|e300|es1|b0.5,True,not available,300,True
dSprites,B6a_plus_Q,123,0.5,anchor,vae|dSprites|m64|s123|e300|es1|b0.5,vae|m64|e300|es1|b0.5,262.2150764465332,"stage4_methods.json: (dSprites,B6a_plus_Q,123,0.5).trace[4]",262.2150764465332,results/make49/stage4_cache/dSprites.json:vae|dSprites|m64|s123|e300|es1|b0.5,,not available,300,True
dSprites,B6a_plus_Q,123,0.5,final,vae|dSprites|m64|s123|e300|es1|b0.5,vae|m64|e300|es1|b0.5,262.2150764465332,"stage4_methods.json: (dSprites,B6a_plus_Q,123,0.5).trace[4]",262.2150764465332,results/make49/stage4_cache/dSprites.json:vae|dSprites|m64|s123|e300|es1|b0.5,True,not available,300,True
dSprites,B6a_plus_Q,777,0.5,anchor,vae|dSprites|m64|s777|e300|es1|b0.5,vae|m64|e300|es1|b0.5,230.91503381729126,"stage4_methods.json: (dSprites,B6a_plus_Q,777,0.5).trace[4]",230.91503381729126,results/make49/stage4_cache/dSprites.json:vae|dSprites|m64|s777|e300|es1|b0.5,,not available,300,True
dSprites,B6a_plus_Q,777,0.5,final,vae|dSprites|m20|s777|e300|es1|b0.5,vae|m20|e300|es1|b0.5,192.87812638282776,"stage4_methods.json: (dSprites,B6a_plus_Q,777,0.5).trace[10]",192.87812638282776,results/make49/stage4_cache/dSprites.json:vae|dSprites|m20|s777|e300|es1|b0.5,True,not available,300,True
dSprites,B6a_plus_Q,2024,0.5,anchor,vae|dSprites|m64|s2024|e300|es1|b0.5,vae|m64|e300|es1|b0.5,246.53905868530273,"stage4_methods.json: (dSprites,B6a_plus_Q,2024,0.5).trace[4]",246.53905868530273,results/make49/stage4_cache/dSprites.json:vae|dSprites|m64|s2024|e300|es1|b0.5,,not available,300,True
dSprites,B6a_plus_Q,2024,0.5,final,vae|dSprites|m16|s2024|e300|es1|b0.5,vae|m16|e300|es1|b0.5,200.17009282112122,"stage4_methods.json: (dSprites,B6a_plus_Q,2024,0.5).trace[10]",200.17009282112122,results/make49/stage4_cache/dSprites.json:vae|dSprites|m16|s2024|e300|es1|b0.5,True,not available,300,True
dSprites,B6a_plus_Q,31337,0.5,anchor,vae|dSprites|m64|s31337|e300|es1|b0.5,vae|m64|e300|es1|b0.5,215.1226303577423,"stage4_methods.json: (dSprites,B6a_plus_Q,31337,0.5).trace[4]",215.1226303577423,results/make49/stage4_cache/dSprites.json:vae|dSprites|m64|s31337|e300|es1|b0.5,,not available,300,True
dSprites,B6a_plus_Q,31337,0.5,final,vae|dSprites|m24|s31337|e300|es1|b0.5,vae|m24|e300|es1|b0.5,201.02999424934387,"stage4_methods.json: (dSprites,B6a_plus_Q,31337,0.5).trace[11]",201.02999424934387,results/make49/stage4_cache/dSprites.json:vae|dSprites|m24|s31337|e300|es1|b0.5,True,not available,300,True
dSprites,B6b_plus_Q,42,0.5,anchor,vae|dSprites|m64|s42|e300|es1|b0.5,vae|m64|e300|es1|b0.5,238.78831338882446,"stage4_methods.json: (dSprites,B6b_plus_Q,42,0.5).trace[4]",238.78831338882446,results/make49/stage4_cache/dSprites.json:vae|dSprites|m64|s42|e300|es1|b0.5,,not available,300,True
dSprites,B6b_plus_Q,42,0.5,final,vae|dSprites|m64|s42|e300|es1|b0.5,vae|m64|e300|es1|b0.5,238.78831338882446,"stage4_methods.json: (dSprites,B6b_plus_Q,42,0.5).trace[4]",238.78831338882446,results/make49/stage4_cache/dSprites.json:vae|dSprites|m64|s42|e300|es1|b0.5,True,not available,300,True
dSprites,B6b_plus_Q,123,0.5,anchor,vae|dSprites|m64|s123|e300|es1|b0.5,vae|m64|e300|es1|b0.5,262.2150764465332,"stage4_methods.json: (dSprites,B6b_plus_Q,123,0.5).trace[5]",262.2150764465332,results/make49/stage4_cache/dSprites.json:vae|dSprites|m64|s123|e300|es1|b0.5,,not available,300,True
dSprites,B6b_plus_Q,123,0.5,final,vae|dSprites|m64|s123|e300|es1|b0.5,vae|m64|e300|es1|b0.5,262.2150764465332,"stage4_methods.json: (dSprites,B6b_plus_Q,123,0.5).trace[5]",262.2150764465332,results/make49/stage4_cache/dSprites.json:vae|dSprites|m64|s123|e300|es1|b0.5,True,not available,300,True
dSprites,B6b_plus_Q,777,0.5,anchor,vae|dSprites|m64|s777|e300|es1|b0.5,vae|m64|e300|es1|b0.5,230.91503381729126,"stage4_methods.json: (dSprites,B6b_plus_Q,777,0.5).trace[4]",230.91503381729126,results/make49/stage4_cache/dSprites.json:vae|dSprites|m64|s777|e300|es1|b0.5,,not available,300,True
dSprites,B6b_plus_Q,777,0.5,final,vae|dSprites|m64|s777|e300|es1|b0.5,vae|m64|e300|es1|b0.5,230.91503381729126,"stage4_methods.json: (dSprites,B6b_plus_Q,777,0.5).trace[4]",230.91503381729126,results/make49/stage4_cache/dSprites.json:vae|dSprites|m64|s777|e300|es1|b0.5,True,not available,300,True
dSprites,B6b_plus_Q,2024,0.5,anchor,vae|dSprites|m64|s2024|e300|es1|b0.5,vae|m64|e300|es1|b0.5,246.53905868530273,"stage4_methods.json: (dSprites,B6b_plus_Q,2024,0.5).trace[4]",246.53905868530273,results/make49/stage4_cache/dSprites.json:vae|dSprites|m64|s2024|e300|es1|b0.5,,not available,300,True
dSprites,B6b_plus_Q,2024,0.5,final,vae|dSprites|m64|s2024|e300|es1|b0.5,vae|m64|e300|es1|b0.5,246.53905868530273,"stage4_methods.json: (dSprites,B6b_plus_Q,2024,0.5).trace[4]",246.53905868530273,results/make49/stage4_cache/dSprites.json:vae|dSprites|m64|s2024|e300|es1|b0.5,True,not available,300,True
dSprites,B6b_plus_Q,31337,0.5,anchor,vae|dSprites|m64|s31337|e300|es1|b0.5,vae|m64|e300|es1|b0.5,215.1226303577423,"stage4_methods.json: (dSprites,B6b_plus_Q,31337,0.5).trace[3]",215.1226303577423,results/make49/stage4_cache/dSprites.json:vae|dSprites|m64|s31337|e300|es1|b0.5,,not available,300,True
dSprites,B6b_plus_Q,31337,0.5,final,vae|dSprites|m64|s31337|e300|es1|b0.5,vae|m64|e300|es1|b0.5,215.1226303577423,"stage4_methods.json: (dSprites,B6b_plus_Q,31337,0.5).trace[3]",215.1226303577423,results/make49/stage4_cache/dSprites.json:vae|dSprites|m64|s31337|e300|es1|b0.5,True,not available,300,True
MNIST,B1_full_mse,42,2.0,anchor,vae|MNIST|m64|s42|e300|es1|b2,vae|m64|e300|es1|b2,75.97730684280396,"stage4_methods.json: (MNIST,B1_full_mse,42,2).trace[11]",75.97730684280396,results/make49/stage4_cache/MNIST.json:vae|MNIST|m64|s42|e300|es1|b2,,not available,300,True
MNIST,B1_full_mse,42,2.0,final,vae|MNIST|m6|s42|e300|es1|b2,vae|m6|e300|es1|b2,78.80380773544312,"stage4_methods.json: (MNIST,B1_full_mse,42,2).trace[2]",78.80380773544312,results/make49/stage4_cache/MNIST.json:vae|MNIST|m6|s42|e300|es1|b2,True,not available,300,True
MNIST,B1_full_mse,123,2.0,anchor,vae|MNIST|m64|s123|e300|es1|b2,vae|m64|e300|es1|b2,86.2633683681488,"stage4_methods.json: (MNIST,B1_full_mse,123,2).trace[11]",86.2633683681488,results/make49/stage4_cache/MNIST.json:vae|MNIST|m64|s123|e300|es1|b2,,not available,300,True
MNIST,B1_full_mse,123,2.0,final,vae|MNIST|m8|s123|e300|es1|b2,vae|m8|e300|es1|b2,60.4727566242218,"stage4_methods.json: (MNIST,B1_full_mse,123,2).trace[3]",60.4727566242218,results/make49/stage4_cache/MNIST.json:vae|MNIST|m8|s123|e300|es1|b2,True,not available,300,True
MNIST,B1_full_mse,777,2.0,anchor,vae|MNIST|m64|s777|e300|es1|b2,vae|m64|e300|es1|b2,94.23901462554932,"stage4_methods.json: (MNIST,B1_full_mse,777,2).trace[11]",94.23901462554932,results/make49/stage4_cache/MNIST.json:vae|MNIST|m64|s777|e300|es1|b2,,not available,300,True
MNIST,B1_full_mse,777,2.0,final,vae|MNIST|m10|s777|e300|es1|b2,vae|m10|e300|es1|b2,62.90811204910278,"stage4_methods.json: (MNIST,B1_full_mse,777,2).trace[4]",62.90811204910278,results/make49/stage4_cache/MNIST.json:vae|MNIST|m10|s777|e300|es1|b2,True,not available,300,True
MNIST,B1_full_mse,2024,2.0,anchor,vae|MNIST|m64|s2024|e300|es1|b2,vae|m64|e300|es1|b2,53.768423080444336,"stage4_methods.json: (MNIST,B1_full_mse,2024,2).trace[11]",53.768423080444336,results/make49/stage4_cache/MNIST.json:vae|MNIST|m64|s2024|e300|es1|b2,,not available,300,True
MNIST,B1_full_mse,2024,2.0,final,vae|MNIST|m6|s2024|e300|es1|b2,vae|m6|e300|es1|b2,84.74501085281372,"stage4_methods.json: (MNIST,B1_full_mse,2024,2).trace[2]",84.74501085281372,results/make49/stage4_cache/MNIST.json:vae|MNIST|m6|s2024|e300|es1|b2,True,not available,300,True
MNIST,B1_full_mse,31337,2.0,anchor,vae|MNIST|m64|s31337|e300|es1|b2,vae|m64|e300|es1|b2,75.0671215057373,"stage4_methods.json: (MNIST,B1_full_mse,31337,2).trace[11]",75.0671215057373,results/make49/stage4_cache/MNIST.json:vae|MNIST|m64|s31337|e300|es1|b2,,not available,300,True
MNIST,B1_full_mse,31337,2.0,final,vae|MNIST|m8|s31337|e300|es1|b2,vae|m8|e300|es1|b2,65.58702659606934,"stage4_methods.json: (MNIST,B1_full_mse,31337,2).trace[3]",65.58702659606934,results/make49/stage4_cache/MNIST.json:vae|MNIST|m8|s31337|e300|es1|b2,True,not available,300,True
MNIST,B2_full_elbo,42,2.0,anchor,vae|MNIST|m64|s42|e300|es1|b2,vae|m64|e300|es1|b2,75.97730684280396,"stage4_methods.json: (MNIST,B2_full_elbo,42,2).trace[11]",75.97730684280396,results/make49/stage4_cache/MNIST.json:vae|MNIST|m64|s42|e300|es1|b2,,not available,300,True
MNIST,B2_full_elbo,42,2.0,final,vae|MNIST|m6|s42|e300|es1|b2,vae|m6|e300|es1|b2,78.80380773544312,"stage4_methods.json: (MNIST,B2_full_elbo,42,2).trace[2]",78.80380773544312,results/make49/stage4_cache/MNIST.json:vae|MNIST|m6|s42|e300|es1|b2,True,not available,300,True
MNIST,B2_full_elbo,123,2.0,anchor,vae|MNIST|m64|s123|e300|es1|b2,vae|m64|e300|es1|b2,86.2633683681488,"stage4_methods.json: (MNIST,B2_full_elbo,123,2).trace[11]",86.2633683681488,results/make49/stage4_cache/MNIST.json:vae|MNIST|m64|s123|e300|es1|b2,,not available,300,True
MNIST,B2_full_elbo,123,2.0,final,vae|MNIST|m8|s123|e300|es1|b2,vae|m8|e300|es1|b2,60.4727566242218,"stage4_methods.json: (MNIST,B2_full_elbo,123,2).trace[3]",60.4727566242218,results/make49/stage4_cache/MNIST.json:vae|MNIST|m8|s123|e300|es1|b2,True,not available,300,True
MNIST,B2_full_elbo,777,2.0,anchor,vae|MNIST|m64|s777|e300|es1|b2,vae|m64|e300|es1|b2,94.23901462554932,"stage4_methods.json: (MNIST,B2_full_elbo,777,2).trace[11]",94.23901462554932,results/make49/stage4_cache/MNIST.json:vae|MNIST|m64|s777|e300|es1|b2,,not available,300,True
MNIST,B2_full_elbo,777,2.0,final,vae|MNIST|m10|s777|e300|es1|b2,vae|m10|e300|es1|b2,62.90811204910278,"stage4_methods.json: (MNIST,B2_full_elbo,777,2).trace[4]",62.90811204910278,results/make49/stage4_cache/MNIST.json:vae|MNIST|m10|s777|e300|es1|b2,True,not available,300,True
MNIST,B2_full_elbo,2024,2.0,anchor,vae|MNIST|m64|s2024|e300|es1|b2,vae|m64|e300|es1|b2,53.768423080444336,"stage4_methods.json: (MNIST,B2_full_elbo,2024,2).trace[11]",53.768423080444336,results/make49/stage4_cache/MNIST.json:vae|MNIST|m64|s2024|e300|es1|b2,,not available,300,True
MNIST,B2_full_elbo,2024,2.0,final,vae|MNIST|m6|s2024|e300|es1|b2,vae|m6|e300|es1|b2,84.74501085281372,"stage4_methods.json: (MNIST,B2_full_elbo,2024,2).trace[2]",84.74501085281372,results/make49/stage4_cache/MNIST.json:vae|MNIST|m6|s2024|e300|es1|b2,True,not available,300,True
MNIST,B2_full_elbo,31337,2.0,anchor,vae|MNIST|m64|s31337|e300|es1|b2,vae|m64|e300|es1|b2,75.0671215057373,"stage4_methods.json: (MNIST,B2_full_elbo,31337,2).trace[11]",75.0671215057373,results/make49/stage4_cache/MNIST.json:vae|MNIST|m64|s31337|e300|es1|b2,,not available,300,True
MNIST,B2_full_elbo,31337,2.0,final,vae|MNIST|m8|s31337|e300|es1|b2,vae|m8|e300|es1|b2,65.58702659606934,"stage4_methods.json: (MNIST,B2_full_elbo,31337,2).trace[3]",65.58702659606934,results/make49/stage4_cache/MNIST.json:vae|MNIST|m8|s31337|e300|es1|b2,True,not available,300,True
MNIST,B3_full_downstream,42,2.0,anchor,vae|MNIST|m64|s42|e300|es1|b2,vae|m64|e300|es1|b2,75.97730684280396,"stage4_methods.json: (MNIST,B3_full_downstream,42,2).trace[11]",75.97730684280396,results/make49/stage4_cache/MNIST.json:vae|MNIST|m64|s42|e300|es1|b2,,not available,300,True
MNIST,B3_full_downstream,42,2.0,final,vae|MNIST|m48|s42|e300|es1|b2,vae|m48|e300|es1|b2,69.45345211029053,"stage4_methods.json: (MNIST,B3_full_downstream,42,2).trace[10]",69.45345211029053,results/make49/stage4_cache/MNIST.json:vae|MNIST|m48|s42|e300|es1|b2,True,not available,300,True
MNIST,B3_full_downstream,123,2.0,anchor,vae|MNIST|m64|s123|e300|es1|b2,vae|m64|e300|es1|b2,86.2633683681488,"stage4_methods.json: (MNIST,B3_full_downstream,123,2).trace[11]",86.2633683681488,results/make49/stage4_cache/MNIST.json:vae|MNIST|m64|s123|e300|es1|b2,,not available,300,True
MNIST,B3_full_downstream,123,2.0,final,vae|MNIST|m20|s123|e300|es1|b2,vae|m20|e300|es1|b2,80.1674702167511,"stage4_methods.json: (MNIST,B3_full_downstream,123,2).trace[7]",80.1674702167511,results/make49/stage4_cache/MNIST.json:vae|MNIST|m20|s123|e300|es1|b2,True,not available,300,True
MNIST,B3_full_downstream,777,2.0,anchor,vae|MNIST|m64|s777|e300|es1|b2,vae|m64|e300|es1|b2,94.23901462554932,"stage4_methods.json: (MNIST,B3_full_downstream,777,2).trace[11]",94.23901462554932,results/make49/stage4_cache/MNIST.json:vae|MNIST|m64|s777|e300|es1|b2,,not available,300,True
MNIST,B3_full_downstream,777,2.0,final,vae|MNIST|m48|s777|e300|es1|b2,vae|m48|e300|es1|b2,94.616131067276,"stage4_methods.json: (MNIST,B3_full_downstream,777,2).trace[10]",94.616131067276,results/make49/stage4_cache/MNIST.json:vae|MNIST|m48|s777|e300|es1|b2,True,not available,300,True
MNIST,B3_full_downstream,2024,2.0,anchor,vae|MNIST|m64|s2024|e300|es1|b2,vae|m64|e300|es1|b2,53.768423080444336,"stage4_methods.json: (MNIST,B3_full_downstream,2024,2).trace[11]",53.768423080444336,results/make49/stage4_cache/MNIST.json:vae|MNIST|m64|s2024|e300|es1|b2,,not available,300,True
MNIST,B3_full_downstream,2024,2.0,final,vae|MNIST|m32|s2024|e300|es1|b2,vae|m32|e300|es1|b2,79.04621505737305,"stage4_methods.json: (MNIST,B3_full_downstream,2024,2).trace[9]",79.04621505737305,results/make49/stage4_cache/MNIST.json:vae|MNIST|m32|s2024|e300|es1|b2,True,not available,300,True
MNIST,B3_full_downstream,31337,2.0,anchor,vae|MNIST|m64|s31337|e300|es1|b2,vae|m64|e300|es1|b2,75.0671215057373,"stage4_methods.json: (MNIST,B3_full_downstream,31337,2).trace[11]",75.0671215057373,results/make49/stage4_cache/MNIST.json:vae|MNIST|m64|s31337|e300|es1|b2,,not available,300,True
MNIST,B3_full_downstream,31337,2.0,final,vae|MNIST|m32|s31337|e300|es1|b2,vae|m32|e300|es1|b2,91.76755237579346,"stage4_methods.json: (MNIST,B3_full_downstream,31337,2).trace[9]",91.76755237579346,results/make49/stage4_cache/MNIST.json:vae|MNIST|m32|s31337|e300|es1|b2,True,not available,300,True
MNIST,B4_coarse,42,2.0,anchor,vae|MNIST|m64|s42|e300|es1|b2,vae|m64|e300|es1|b2,75.97730684280396,"stage4_methods.json: (MNIST,B4_coarse,42,2).trace[3]",75.97730684280396,results/make49/stage4_cache/MNIST.json:vae|MNIST|m64|s42|e300|es1|b2,,not available,300,True
MNIST,B4_coarse,42,2.0,final,vae|MNIST|m10|s42|e300|es1|b2,vae|m10|e300|es1|b2,89.03444266319275,"stage4_methods.json: (MNIST,B4_coarse,42,2).trace[2]",89.03444266319275,results/make49/stage4_cache/MNIST.json:vae|MNIST|m10|s42|e300|es1|b2,True,not available,300,True
MNIST,B4_coarse,123,2.0,anchor,vae|MNIST|m64|s123|e300|es1|b2,vae|m64|e300|es1|b2,86.2633683681488,"stage4_methods.json: (MNIST,B4_coarse,123,2).trace[3]",86.2633683681488,results/make49/stage4_cache/MNIST.json:vae|MNIST|m64|s123|e300|es1|b2,,not available,300,True
MNIST,B4_coarse,123,2.0,final,vae|MNIST|m10|s123|e300|es1|b2,vae|m10|e300|es1|b2,40.289801597595215,"stage4_methods.json: (MNIST,B4_coarse,123,2).trace[2]",40.289801597595215,results/make49/stage4_cache/MNIST.json:vae|MNIST|m10|s123|e300|es1|b2,True,not available,300,True
MNIST,B4_coarse,777,2.0,anchor,vae|MNIST|m64|s777|e300|es1|b2,vae|m64|e300|es1|b2,94.23901462554932,"stage4_methods.json: (MNIST,B4_coarse,777,2).trace[3]",94.23901462554932,results/make49/stage4_cache/MNIST.json:vae|MNIST|m64|s777|e300|es1|b2,,not available,300,True
MNIST,B4_coarse,777,2.0,final,vae|MNIST|m10|s777|e300|es1|b2,vae|m10|e300|es1|b2,62.90811204910278,"stage4_methods.json: (MNIST,B4_coarse,777,2).trace[2]",62.90811204910278,results/make49/stage4_cache/MNIST.json:vae|MNIST|m10|s777|e300|es1|b2,True,not available,300,True
MNIST,B4_coarse,2024,2.0,anchor,vae|MNIST|m64|s2024|e300|es1|b2,vae|m64|e300|es1|b2,53.768423080444336,"stage4_methods.json: (MNIST,B4_coarse,2024,2).trace[3]",53.768423080444336,results/make49/stage4_cache/MNIST.json:vae|MNIST|m64|s2024|e300|es1|b2,,not available,300,True
MNIST,B4_coarse,2024,2.0,final,vae|MNIST|m10|s2024|e300|es1|b2,vae|m10|e300|es1|b2,40.55775713920593,"stage4_methods.json: (MNIST,B4_coarse,2024,2).trace[2]",40.55775713920593,results/make49/stage4_cache/MNIST.json:vae|MNIST|m10|s2024|e300|es1|b2,True,not available,300,True
MNIST,B4_coarse,31337,2.0,anchor,vae|MNIST|m64|s31337|e300|es1|b2,vae|m64|e300|es1|b2,75.0671215057373,"stage4_methods.json: (MNIST,B4_coarse,31337,2).trace[3]",75.0671215057373,results/make49/stage4_cache/MNIST.json:vae|MNIST|m64|s31337|e300|es1|b2,,not available,300,True
MNIST,B4_coarse,31337,2.0,final,vae|MNIST|m10|s31337|e300|es1|b2,vae|m10|e300|es1|b2,93.00214409828186,"stage4_methods.json: (MNIST,B4_coarse,31337,2).trace[2]",93.00214409828186,results/make49/stage4_cache/MNIST.json:vae|MNIST|m10|s31337|e300|es1|b2,True,not available,300,True
MNIST,B5_fixed32,42,2.0,anchor,vae|MNIST|m64|s42|e300|es1|b2,not in trace,,not charged in original ledger; MAKE50 used current snapshot,75.97730684280396,results/make49/stage4_cache/MNIST.json:vae|MNIST|m64|s42|e300|es1|b2,,not available,300,True
MNIST,B5_fixed32,42,2.0,final,vae|MNIST|m32|s42|e300|es1|b2,vae|m32|e300|es1|b2,62.80134201049805,"stage4_methods.json: (MNIST,B5_fixed32,42,2).trace[0]",62.80134201049805,results/make49/stage4_cache/MNIST.json:vae|MNIST|m32|s42|e300|es1|b2,True,not available,300,True
MNIST,B5_fixed32,123,2.0,anchor,vae|MNIST|m64|s123|e300|es1|b2,not in trace,,not charged in original ledger; MAKE50 used current snapshot,86.2633683681488,results/make49/stage4_cache/MNIST.json:vae|MNIST|m64|s123|e300|es1|b2,,not available,300,True
MNIST,B5_fixed32,123,2.0,final,vae|MNIST|m32|s123|e300|es1|b2,vae|m32|e300|es1|b2,70.5560929775238,"stage4_methods.json: (MNIST,B5_fixed32,123,2).trace[0]",70.5560929775238,results/make49/stage4_cache/MNIST.json:vae|MNIST|m32|s123|e300|es1|b2,True,not available,300,True
MNIST,B5_fixed32,777,2.0,anchor,vae|MNIST|m64|s777|e300|es1|b2,not in trace,,not charged in original ledger; MAKE50 used current snapshot,94.23901462554932,results/make49/stage4_cache/MNIST.json:vae|MNIST|m64|s777|e300|es1|b2,,not available,300,True
MNIST,B5_fixed32,777,2.0,final,vae|MNIST|m32|s777|e300|es1|b2,vae|m32|e300|es1|b2,71.99219560623169,"stage4_methods.json: (MNIST,B5_fixed32,777,2).trace[0]",71.99219560623169,results/make49/stage4_cache/MNIST.json:vae|MNIST|m32|s777|e300|es1|b2,True,not available,300,True
MNIST,B5_fixed32,2024,2.0,anchor,vae|MNIST|m64|s2024|e300|es1|b2,not in trace,,not charged in original ledger; MAKE50 used current snapshot,53.768423080444336,results/make49/stage4_cache/MNIST.json:vae|MNIST|m64|s2024|e300|es1|b2,,not available,300,True
MNIST,B5_fixed32,2024,2.0,final,vae|MNIST|m32|s2024|e300|es1|b2,vae|m32|e300|es1|b2,79.04621505737305,"stage4_methods.json: (MNIST,B5_fixed32,2024,2).trace[0]",79.04621505737305,results/make49/stage4_cache/MNIST.json:vae|MNIST|m32|s2024|e300|es1|b2,True,not available,300,True
MNIST,B5_fixed32,31337,2.0,anchor,vae|MNIST|m64|s31337|e300|es1|b2,not in trace,,not charged in original ledger; MAKE50 used current snapshot,75.0671215057373,results/make49/stage4_cache/MNIST.json:vae|MNIST|m64|s31337|e300|es1|b2,,not available,300,True
MNIST,B5_fixed32,31337,2.0,final,vae|MNIST|m32|s31337|e300|es1|b2,vae|m32|e300|es1|b2,91.76755237579346,"stage4_methods.json: (MNIST,B5_fixed32,31337,2).trace[0]",91.76755237579346,results/make49/stage4_cache/MNIST.json:vae|MNIST|m32|s31337|e300|es1|b2,True,not available,300,True
MNIST,B6a_fondue,42,2.0,anchor,vae|MNIST|m64|s42|e300|es1|b2,not in trace,,not charged in original ledger; MAKE50 used current snapshot,75.97730684280396,results/make49/stage4_cache/MNIST.json:vae|MNIST|m64|s42|e300|es1|b2,,not available,300,True
MNIST,B6a_fondue,42,2.0,final,vae|MNIST|m7|s42|e300|es1|b2,vae|m7|e300|es1|b2,71.94869422912598,"stage4_methods.json: (MNIST,B6a_fondue,42,2).trace[4]",71.94869422912598,results/make49/stage4_cache/MNIST.json:vae|MNIST|m7|s42|e300|es1|b2,True,not available,300,True
MNIST,B6a_fondue,123,2.0,anchor,vae|MNIST|m64|s123|e300|es1|b2,not in trace,,not charged in original ledger; MAKE50 used current snapshot,86.2633683681488,results/make49/stage4_cache/MNIST.json:vae|MNIST|m64|s123|e300|es1|b2,,not available,300,True
MNIST,B6a_fondue,123,2.0,final,vae|MNIST|m7|s123|e300|es1|b2,vae|m7|e300|es1|b2,71.35989713668823,"stage4_methods.json: (MNIST,B6a_fondue,123,2).trace[4]",71.35989713668823,results/make49/stage4_cache/MNIST.json:vae|MNIST|m7|s123|e300|es1|b2,True,not available,300,True
MNIST,B6a_fondue,777,2.0,anchor,vae|MNIST|m64|s777|e300|es1|b2,not in trace,,not charged in original ledger; MAKE50 used current snapshot,94.23901462554932,results/make49/stage4_cache/MNIST.json:vae|MNIST|m64|s777|e300|es1|b2,,not available,300,True
MNIST,B6a_fondue,777,2.0,final,vae|MNIST|m7|s777|e300|es1|b2,vae|m7|e300|es1|b2,69.63034582138062,"stage4_methods.json: (MNIST,B6a_fondue,777,2).trace[4]",69.63034582138062,results/make49/stage4_cache/MNIST.json:vae|MNIST|m7|s777|e300|es1|b2,True,not available,300,True
MNIST,B6a_fondue,2024,2.0,anchor,vae|MNIST|m64|s2024|e300|es1|b2,not in trace,,not charged in original ledger; MAKE50 used current snapshot,53.768423080444336,results/make49/stage4_cache/MNIST.json:vae|MNIST|m64|s2024|e300|es1|b2,,not available,300,True
MNIST,B6a_fondue,2024,2.0,final,vae|MNIST|m7|s2024|e300|es1|b2,vae|m7|e300|es1|b2,53.403892040252686,"stage4_methods.json: (MNIST,B6a_fondue,2024,2).trace[4]",53.403892040252686,results/make49/stage4_cache/MNIST.json:vae|MNIST|m7|s2024|e300|es1|b2,True,not available,300,True
MNIST,B6a_fondue,31337,2.0,anchor,vae|MNIST|m64|s31337|e300|es1|b2,not in trace,,not charged in original ledger; MAKE50 used current snapshot,75.0671215057373,results/make49/stage4_cache/MNIST.json:vae|MNIST|m64|s31337|e300|es1|b2,,not available,300,True
MNIST,B6a_fondue,31337,2.0,final,vae|MNIST|m7|s31337|e300|es1|b2,vae|m7|e300|es1|b2,61.81469106674194,"stage4_methods.json: (MNIST,B6a_fondue,31337,2).trace[4]",61.81469106674194,results/make49/stage4_cache/MNIST.json:vae|MNIST|m7|s31337|e300|es1|b2,True,not available,300,True
MNIST,B6b_fondue_var,42,2.0,anchor,vae|MNIST|m64|s42|e300|es1|b2,not in trace,,not charged in original ledger; MAKE50 used current snapshot,75.97730684280396,results/make49/stage4_cache/MNIST.json:vae|MNIST|m64|s42|e300|es1|b2,,not available,300,True
MNIST,B6b_fondue_var,42,2.0,final,vae|MNIST|m4|s42|e300|es1|b2,vae|m4|e300|es1|b2,62.891505002975464,"stage4_methods.json: (MNIST,B6b_fondue_var,42,2).trace[1]",62.891505002975464,results/make49/stage4_cache/MNIST.json:vae|MNIST|m4|s42|e300|es1|b2,True,not available,300,True
MNIST,B6b_fondue_var,123,2.0,anchor,vae|MNIST|m64|s123|e300|es1|b2,not in trace,,not charged in original ledger; MAKE50 used current snapshot,86.2633683681488,results/make49/stage4_cache/MNIST.json:vae|MNIST|m64|s123|e300|es1|b2,,not available,300,True
MNIST,B6b_fondue_var,123,2.0,final,vae|MNIST|m3|s123|e300|es1|b2,vae|m3|e300|es1|b2,65.04935026168823,"stage4_methods.json: (MNIST,B6b_fondue_var,123,2).trace[1]",65.04935026168823,results/make49/stage4_cache/MNIST.json:vae|MNIST|m3|s123|e300|es1|b2,True,not available,300,True
MNIST,B6b_fondue_var,777,2.0,anchor,vae|MNIST|m64|s777|e300|es1|b2,not in trace,,not charged in original ledger; MAKE50 used current snapshot,94.23901462554932,results/make49/stage4_cache/MNIST.json:vae|MNIST|m64|s777|e300|es1|b2,,not available,300,True
MNIST,B6b_fondue_var,777,2.0,final,vae|MNIST|m7|s777|e300|es1|b2,vae|m7|e300|es1|b2,69.63034582138062,"stage4_methods.json: (MNIST,B6b_fondue_var,777,2).trace[1]",69.63034582138062,results/make49/stage4_cache/MNIST.json:vae|MNIST|m7|s777|e300|es1|b2,True,not available,300,True
MNIST,B6b_fondue_var,2024,2.0,anchor,vae|MNIST|m64|s2024|e300|es1|b2,not in trace,,not charged in original ledger; MAKE50 used current snapshot,53.768423080444336,results/make49/stage4_cache/MNIST.json:vae|MNIST|m64|s2024|e300|es1|b2,,not available,300,True
MNIST,B6b_fondue_var,2024,2.0,final,vae|MNIST|m2|s2024|e300|es1|b2,vae|m2|e300|es1|b2,39.031166076660156,"stage4_methods.json: (MNIST,B6b_fondue_var,2024,2).trace[1]",39.031166076660156,results/make49/stage4_cache/MNIST.json:vae|MNIST|m2|s2024|e300|es1|b2,True,not available,300,True
MNIST,B6b_fondue_var,31337,2.0,anchor,vae|MNIST|m64|s31337|e300|es1|b2,not in trace,,not charged in original ledger; MAKE50 used current snapshot,75.0671215057373,results/make49/stage4_cache/MNIST.json:vae|MNIST|m64|s31337|e300|es1|b2,,not available,300,True
MNIST,B6b_fondue_var,31337,2.0,final,vae|MNIST|m4|s31337|e300|es1|b2,vae|m4|e300|es1|b2,55.16367197036743,"stage4_methods.json: (MNIST,B6b_fondue_var,31337,2).trace[1]",55.16367197036743,results/make49/stage4_cache/MNIST.json:vae|MNIST|m4|s31337|e300|es1|b2,True,not available,300,True
MNIST,B6b_fondue_var_keepmixed_false,42,2.0,anchor,vae|MNIST|m64|s42|e300|es1|b2,not in trace,,not charged in original ledger; MAKE50 used current snapshot,75.97730684280396,results/make49/stage4_cache/MNIST.json:vae|MNIST|m64|s42|e300|es1|b2,,not available,300,True
MNIST,B6b_fondue_var_keepmixed_false,123,2.0,anchor,vae|MNIST|m64|s123|e300|es1|b2,not in trace,,not charged in original ledger; MAKE50 used current snapshot,86.2633683681488,results/make49/stage4_cache/MNIST.json:vae|MNIST|m64|s123|e300|es1|b2,,not available,300,True
MNIST,B6b_fondue_var_keepmixed_false,777,2.0,anchor,vae|MNIST|m64|s777|e300|es1|b2,not in trace,,not charged in original ledger; MAKE50 used current snapshot,94.23901462554932,results/make49/stage4_cache/MNIST.json:vae|MNIST|m64|s777|e300|es1|b2,,not available,300,True
MNIST,B6b_fondue_var_keepmixed_false,2024,2.0,anchor,vae|MNIST|m64|s2024|e300|es1|b2,not in trace,,not charged in original ledger; MAKE50 used current snapshot,53.768423080444336,results/make49/stage4_cache/MNIST.json:vae|MNIST|m64|s2024|e300|es1|b2,,not available,300,True
MNIST,B6b_fondue_var_keepmixed_false,31337,2.0,anchor,vae|MNIST|m64|s31337|e300|es1|b2,not in trace,,not charged in original ledger; MAKE50 used current snapshot,75.0671215057373,results/make49/stage4_cache/MNIST.json:vae|MNIST|m64|s31337|e300|es1|b2,,not available,300,True
MNIST,proposed,42,2.0,anchor,vae|MNIST|m64|s42|e300|es1|b2,vae|m64|e300|es1|b2,75.97730684280396,"stage4_methods.json: (MNIST,proposed,42,2).trace[9]",75.97730684280396,results/make49/stage4_cache/MNIST.json:vae|MNIST|m64|s42|e300|es1|b2,,not available,300,True
MNIST,proposed,42,2.0,final,vae|MNIST|m4|s42|e300|es1|b2,vae|m4|e300|es1|b2,62.891505002975464,"stage4_methods.json: (MNIST,proposed,42,2).trace[11]",62.891505002975464,results/make49/stage4_cache/MNIST.json:vae|MNIST|m4|s42|e300|es1|b2,True,not available,300,True
MNIST,proposed,123,2.0,anchor,vae|MNIST|m64|s123|e300|es1|b2,vae|m64|e300|es1|b2,86.2633683681488,"stage4_methods.json: (MNIST,proposed,123,2).trace[9]",86.2633683681488,results/make49/stage4_cache/MNIST.json:vae|MNIST|m64|s123|e300|es1|b2,,not available,300,True
MNIST,proposed,123,2.0,final,vae|MNIST|m4|s123|e300|es1|b2,vae|m4|e300|es1|b2,33.35966181755066,"stage4_methods.json: (MNIST,proposed,123,2).trace[11]",33.35966181755066,results/make49/stage4_cache/MNIST.json:vae|MNIST|m4|s123|e300|es1|b2,True,not available,300,True
MNIST,proposed,777,2.0,anchor,vae|MNIST|m64|s777|e300|es1|b2,vae|m64|e300|es1|b2,94.23901462554932,"stage4_methods.json: (MNIST,proposed,777,2).trace[9]",94.23901462554932,results/make49/stage4_cache/MNIST.json:vae|MNIST|m64|s777|e300|es1|b2,,not available,300,True
MNIST,proposed,777,2.0,final,vae|MNIST|m4|s777|e300|es1|b2,vae|m4|e300|es1|b2,60.10661864280701,"stage4_methods.json: (MNIST,proposed,777,2).trace[11]",60.10661864280701,results/make49/stage4_cache/MNIST.json:vae|MNIST|m4|s777|e300|es1|b2,True,not available,300,True
MNIST,proposed,2024,2.0,anchor,vae|MNIST|m64|s2024|e300|es1|b2,vae|m64|e300|es1|b2,53.768423080444336,"stage4_methods.json: (MNIST,proposed,2024,2).trace[9]",53.768423080444336,results/make49/stage4_cache/MNIST.json:vae|MNIST|m64|s2024|e300|es1|b2,,not available,300,True
MNIST,proposed,2024,2.0,final,vae|MNIST|m4|s2024|e300|es1|b2,vae|m4|e300|es1|b2,67.15273833274841,"stage4_methods.json: (MNIST,proposed,2024,2).trace[11]",67.15273833274841,results/make49/stage4_cache/MNIST.json:vae|MNIST|m4|s2024|e300|es1|b2,True,not available,300,True
MNIST,proposed,31337,2.0,anchor,vae|MNIST|m64|s31337|e300|es1|b2,vae|m64|e300|es1|b2,75.0671215057373,"stage4_methods.json: (MNIST,proposed,31337,2).trace[9]",75.0671215057373,results/make49/stage4_cache/MNIST.json:vae|MNIST|m64|s31337|e300|es1|b2,,not available,300,True
MNIST,proposed,31337,2.0,final,vae|MNIST|m4|s31337|e300|es1|b2,vae|m4|e300|es1|b2,55.16367197036743,"stage4_methods.json: (MNIST,proposed,31337,2).trace[11]",55.16367197036743,results/make49/stage4_cache/MNIST.json:vae|MNIST|m4|s31337|e300|es1|b2,True,not available,300,True
MNIST,proposed_minus_AU,42,2.0,anchor,vae|MNIST|m64|s42|e300|es1|b2,vae|m64|e300|es1|b2,75.97730684280396,"stage4_methods.json: (MNIST,proposed_minus_AU,42,2).trace[9]",75.97730684280396,results/make49/stage4_cache/MNIST.json:vae|MNIST|m64|s42|e300|es1|b2,,not available,300,True
MNIST,proposed_minus_AU,42,2.0,final,vae|MNIST|m4|s42|e300|es1|b2,vae|m4|e300|es1|b2,62.891505002975464,"stage4_methods.json: (MNIST,proposed_minus_AU,42,2).trace[11]",62.891505002975464,results/make49/stage4_cache/MNIST.json:vae|MNIST|m4|s42|e300|es1|b2,True,not available,300,True
MNIST,proposed_minus_AU,123,2.0,anchor,vae|MNIST|m64|s123|e300|es1|b2,vae|m64|e300|es1|b2,86.2633683681488,"stage4_methods.json: (MNIST,proposed_minus_AU,123,2).trace[9]",86.2633683681488,results/make49/stage4_cache/MNIST.json:vae|MNIST|m64|s123|e300|es1|b2,,not available,300,True
MNIST,proposed_minus_AU,123,2.0,final,vae|MNIST|m4|s123|e300|es1|b2,vae|m4|e300|es1|b2,33.35966181755066,"stage4_methods.json: (MNIST,proposed_minus_AU,123,2).trace[11]",33.35966181755066,results/make49/stage4_cache/MNIST.json:vae|MNIST|m4|s123|e300|es1|b2,True,not available,300,True
MNIST,proposed_minus_AU,777,2.0,anchor,vae|MNIST|m64|s777|e300|es1|b2,vae|m64|e300|es1|b2,94.23901462554932,"stage4_methods.json: (MNIST,proposed_minus_AU,777,2).trace[9]",94.23901462554932,results/make49/stage4_cache/MNIST.json:vae|MNIST|m64|s777|e300|es1|b2,,not available,300,True
MNIST,proposed_minus_AU,777,2.0,final,vae|MNIST|m4|s777|e300|es1|b2,vae|m4|e300|es1|b2,60.10661864280701,"stage4_methods.json: (MNIST,proposed_minus_AU,777,2).trace[11]",60.10661864280701,results/make49/stage4_cache/MNIST.json:vae|MNIST|m4|s777|e300|es1|b2,True,not available,300,True
MNIST,proposed_minus_AU,2024,2.0,anchor,vae|MNIST|m64|s2024|e300|es1|b2,vae|m64|e300|es1|b2,53.768423080444336,"stage4_methods.json: (MNIST,proposed_minus_AU,2024,2).trace[9]",53.768423080444336,results/make49/stage4_cache/MNIST.json:vae|MNIST|m64|s2024|e300|es1|b2,,not available,300,True
MNIST,proposed_minus_AU,2024,2.0,final,vae|MNIST|m4|s2024|e300|es1|b2,vae|m4|e300|es1|b2,67.15273833274841,"stage4_methods.json: (MNIST,proposed_minus_AU,2024,2).trace[11]",67.15273833274841,results/make49/stage4_cache/MNIST.json:vae|MNIST|m4|s2024|e300|es1|b2,True,not available,300,True
MNIST,proposed_minus_AU,31337,2.0,anchor,vae|MNIST|m64|s31337|e300|es1|b2,vae|m64|e300|es1|b2,75.0671215057373,"stage4_methods.json: (MNIST,proposed_minus_AU,31337,2).trace[9]",75.0671215057373,results/make49/stage4_cache/MNIST.json:vae|MNIST|m64|s31337|e300|es1|b2,,not available,300,True
MNIST,proposed_minus_AU,31337,2.0,final,vae|MNIST|m4|s31337|e300|es1|b2,vae|m4|e300|es1|b2,55.16367197036743,"stage4_methods.json: (MNIST,proposed_minus_AU,31337,2).trace[11]",55.16367197036743,results/make49/stage4_cache/MNIST.json:vae|MNIST|m4|s31337|e300|es1|b2,True,not available,300,True
MNIST,ascending_scan_Q,42,2.0,anchor,vae|MNIST|m64|s42|e300|es1|b2,vae|m64|e300|es1|b2,75.97730684280396,"stage4_methods.json: (MNIST,ascending_scan_Q,42,2).trace[0]",75.97730684280396,results/make49/stage4_cache/MNIST.json:vae|MNIST|m64|s42|e300|es1|b2,,not available,300,True
MNIST,ascending_scan_Q,42,2.0,final,vae|MNIST|m4|s42|e300|es1|b2,vae|m4|e300|es1|b2,62.891505002975464,"stage4_methods.json: (MNIST,ascending_scan_Q,42,2).trace[2]",62.891505002975464,results/make49/stage4_cache/MNIST.json:vae|MNIST|m4|s42|e300|es1|b2,True,not available,300,True
MNIST,ascending_scan_Q,123,2.0,anchor,vae|MNIST|m64|s123|e300|es1|b2,vae|m64|e300|es1|b2,86.2633683681488,"stage4_methods.json: (MNIST,ascending_scan_Q,123,2).trace[0]",86.2633683681488,results/make49/stage4_cache/MNIST.json:vae|MNIST|m64|s123|e300|es1|b2,,not available,300,True
MNIST,ascending_scan_Q,123,2.0,final,vae|MNIST|m4|s123|e300|es1|b2,vae|m4|e300|es1|b2,33.35966181755066,"stage4_methods.json: (MNIST,ascending_scan_Q,123,2).trace[2]",33.35966181755066,results/make49/stage4_cache/MNIST.json:vae|MNIST|m4|s123|e300|es1|b2,True,not available,300,True
MNIST,ascending_scan_Q,777,2.0,anchor,vae|MNIST|m64|s777|e300|es1|b2,vae|m64|e300|es1|b2,94.23901462554932,"stage4_methods.json: (MNIST,ascending_scan_Q,777,2).trace[0]",94.23901462554932,results/make49/stage4_cache/MNIST.json:vae|MNIST|m64|s777|e300|es1|b2,,not available,300,True
MNIST,ascending_scan_Q,777,2.0,final,vae|MNIST|m4|s777|e300|es1|b2,vae|m4|e300|es1|b2,60.10661864280701,"stage4_methods.json: (MNIST,ascending_scan_Q,777,2).trace[2]",60.10661864280701,results/make49/stage4_cache/MNIST.json:vae|MNIST|m4|s777|e300|es1|b2,True,not available,300,True
MNIST,ascending_scan_Q,2024,2.0,anchor,vae|MNIST|m64|s2024|e300|es1|b2,vae|m64|e300|es1|b2,53.768423080444336,"stage4_methods.json: (MNIST,ascending_scan_Q,2024,2).trace[0]",53.768423080444336,results/make49/stage4_cache/MNIST.json:vae|MNIST|m64|s2024|e300|es1|b2,,not available,300,True
MNIST,ascending_scan_Q,2024,2.0,final,vae|MNIST|m4|s2024|e300|es1|b2,vae|m4|e300|es1|b2,67.15273833274841,"stage4_methods.json: (MNIST,ascending_scan_Q,2024,2).trace[2]",67.15273833274841,results/make49/stage4_cache/MNIST.json:vae|MNIST|m4|s2024|e300|es1|b2,True,not available,300,True
MNIST,ascending_scan_Q,31337,2.0,anchor,vae|MNIST|m64|s31337|e300|es1|b2,vae|m64|e300|es1|b2,75.0671215057373,"stage4_methods.json: (MNIST,ascending_scan_Q,31337,2).trace[0]",75.0671215057373,results/make49/stage4_cache/MNIST.json:vae|MNIST|m64|s31337|e300|es1|b2,,not available,300,True
MNIST,ascending_scan_Q,31337,2.0,final,vae|MNIST|m4|s31337|e300|es1|b2,vae|m4|e300|es1|b2,55.16367197036743,"stage4_methods.json: (MNIST,ascending_scan_Q,31337,2).trace[2]",55.16367197036743,results/make49/stage4_cache/MNIST.json:vae|MNIST|m4|s31337|e300|es1|b2,True,not available,300,True
MNIST,B4_plus_Q,42,2.0,anchor,vae|MNIST|m64|s42|e300|es1|b2,vae|m64|e300|es1|b2,75.97730684280396,"stage4_methods.json: (MNIST,B4_plus_Q,42,2).trace[3]",75.97730684280396,results/make49/stage4_cache/MNIST.json:vae|MNIST|m64|s42|e300|es1|b2,,not available,300,True
MNIST,B4_plus_Q,42,2.0,final,vae|MNIST|m10|s42|e300|es1|b2,vae|m10|e300|es1|b2,89.03444266319275,"stage4_methods.json: (MNIST,B4_plus_Q,42,2).trace[2]",89.03444266319275,results/make49/stage4_cache/MNIST.json:vae|MNIST|m10|s42|e300|es1|b2,True,not available,300,True
MNIST,B4_plus_Q,123,2.0,anchor,vae|MNIST|m64|s123|e300|es1|b2,vae|m64|e300|es1|b2,86.2633683681488,"stage4_methods.json: (MNIST,B4_plus_Q,123,2).trace[3]",86.2633683681488,results/make49/stage4_cache/MNIST.json:vae|MNIST|m64|s123|e300|es1|b2,,not available,300,True
MNIST,B4_plus_Q,123,2.0,final,vae|MNIST|m10|s123|e300|es1|b2,vae|m10|e300|es1|b2,40.289801597595215,"stage4_methods.json: (MNIST,B4_plus_Q,123,2).trace[2]",40.289801597595215,results/make49/stage4_cache/MNIST.json:vae|MNIST|m10|s123|e300|es1|b2,True,not available,300,True
MNIST,B4_plus_Q,777,2.0,anchor,vae|MNIST|m64|s777|e300|es1|b2,vae|m64|e300|es1|b2,94.23901462554932,"stage4_methods.json: (MNIST,B4_plus_Q,777,2).trace[3]",94.23901462554932,results/make49/stage4_cache/MNIST.json:vae|MNIST|m64|s777|e300|es1|b2,,not available,300,True
MNIST,B4_plus_Q,777,2.0,final,vae|MNIST|m10|s777|e300|es1|b2,vae|m10|e300|es1|b2,62.90811204910278,"stage4_methods.json: (MNIST,B4_plus_Q,777,2).trace[2]",62.90811204910278,results/make49/stage4_cache/MNIST.json:vae|MNIST|m10|s777|e300|es1|b2,True,not available,300,True
MNIST,B4_plus_Q,2024,2.0,anchor,vae|MNIST|m64|s2024|e300|es1|b2,vae|m64|e300|es1|b2,53.768423080444336,"stage4_methods.json: (MNIST,B4_plus_Q,2024,2).trace[3]",53.768423080444336,results/make49/stage4_cache/MNIST.json:vae|MNIST|m64|s2024|e300|es1|b2,,not available,300,True
MNIST,B4_plus_Q,2024,2.0,final,vae|MNIST|m10|s2024|e300|es1|b2,vae|m10|e300|es1|b2,40.55775713920593,"stage4_methods.json: (MNIST,B4_plus_Q,2024,2).trace[2]",40.55775713920593,results/make49/stage4_cache/MNIST.json:vae|MNIST|m10|s2024|e300|es1|b2,True,not available,300,True
MNIST,B4_plus_Q,31337,2.0,anchor,vae|MNIST|m64|s31337|e300|es1|b2,vae|m64|e300|es1|b2,75.0671215057373,"stage4_methods.json: (MNIST,B4_plus_Q,31337,2).trace[3]",75.0671215057373,results/make49/stage4_cache/MNIST.json:vae|MNIST|m64|s31337|e300|es1|b2,,not available,300,True
MNIST,B4_plus_Q,31337,2.0,final,vae|MNIST|m10|s31337|e300|es1|b2,vae|m10|e300|es1|b2,93.00214409828186,"stage4_methods.json: (MNIST,B4_plus_Q,31337,2).trace[2]",93.00214409828186,results/make49/stage4_cache/MNIST.json:vae|MNIST|m10|s31337|e300|es1|b2,True,not available,300,True
MNIST,B6a_plus_Q,42,2.0,anchor,vae|MNIST|m64|s42|e300|es1|b2,vae|m64|e300|es1|b2,75.97730684280396,"stage4_methods.json: (MNIST,B6a_plus_Q,42,2).trace[4]",75.97730684280396,results/make49/stage4_cache/MNIST.json:vae|MNIST|m64|s42|e300|es1|b2,,not available,300,True
MNIST,B6a_plus_Q,42,2.0,final,vae|MNIST|m8|s42|e300|es1|b2,vae|m8|e300|es1|b2,55.63705849647522,"stage4_methods.json: (MNIST,B6a_plus_Q,42,2).trace[5]",55.63705849647522,results/make49/stage4_cache/MNIST.json:vae|MNIST|m8|s42|e300|es1|b2,True,not available,300,True
MNIST,B6a_plus_Q,123,2.0,anchor,vae|MNIST|m64|s123|e300|es1|b2,vae|m64|e300|es1|b2,86.2633683681488,"stage4_methods.json: (MNIST,B6a_plus_Q,123,2).trace[4]",86.2633683681488,results/make49/stage4_cache/MNIST.json:vae|MNIST|m64|s123|e300|es1|b2,,not available,300,True
MNIST,B6a_plus_Q,123,2.0,final,vae|MNIST|m8|s123|e300|es1|b2,vae|m8|e300|es1|b2,60.4727566242218,"stage4_methods.json: (MNIST,B6a_plus_Q,123,2).trace[5]",60.4727566242218,results/make49/stage4_cache/MNIST.json:vae|MNIST|m8|s123|e300|es1|b2,True,not available,300,True
MNIST,B6a_plus_Q,777,2.0,anchor,vae|MNIST|m64|s777|e300|es1|b2,vae|m64|e300|es1|b2,94.23901462554932,"stage4_methods.json: (MNIST,B6a_plus_Q,777,2).trace[4]",94.23901462554932,results/make49/stage4_cache/MNIST.json:vae|MNIST|m64|s777|e300|es1|b2,,not available,300,True
MNIST,B6a_plus_Q,777,2.0,final,vae|MNIST|m8|s777|e300|es1|b2,vae|m8|e300|es1|b2,53.66490340232849,"stage4_methods.json: (MNIST,B6a_plus_Q,777,2).trace[5]",53.66490340232849,results/make49/stage4_cache/MNIST.json:vae|MNIST|m8|s777|e300|es1|b2,True,not available,300,True
MNIST,B6a_plus_Q,2024,2.0,anchor,vae|MNIST|m64|s2024|e300|es1|b2,vae|m64|e300|es1|b2,53.768423080444336,"stage4_methods.json: (MNIST,B6a_plus_Q,2024,2).trace[4]",53.768423080444336,results/make49/stage4_cache/MNIST.json:vae|MNIST|m64|s2024|e300|es1|b2,,not available,300,True
MNIST,B6a_plus_Q,2024,2.0,final,vae|MNIST|m8|s2024|e300|es1|b2,vae|m8|e300|es1|b2,37.3449764251709,"stage4_methods.json: (MNIST,B6a_plus_Q,2024,2).trace[5]",37.3449764251709,results/make49/stage4_cache/MNIST.json:vae|MNIST|m8|s2024|e300|es1|b2,True,not available,300,True
MNIST,B6a_plus_Q,31337,2.0,anchor,vae|MNIST|m64|s31337|e300|es1|b2,vae|m64|e300|es1|b2,75.0671215057373,"stage4_methods.json: (MNIST,B6a_plus_Q,31337,2).trace[4]",75.0671215057373,results/make49/stage4_cache/MNIST.json:vae|MNIST|m64|s31337|e300|es1|b2,,not available,300,True
MNIST,B6a_plus_Q,31337,2.0,final,vae|MNIST|m8|s31337|e300|es1|b2,vae|m8|e300|es1|b2,65.58702659606934,"stage4_methods.json: (MNIST,B6a_plus_Q,31337,2).trace[5]",65.58702659606934,results/make49/stage4_cache/MNIST.json:vae|MNIST|m8|s31337|e300|es1|b2,True,not available,300,True
MNIST,B6b_plus_Q,42,2.0,anchor,vae|MNIST|m64|s42|e300|es1|b2,vae|m64|e300|es1|b2,75.97730684280396,"stage4_methods.json: (MNIST,B6b_plus_Q,42,2).trace[1]",75.97730684280396,results/make49/stage4_cache/MNIST.json:vae|MNIST|m64|s42|e300|es1|b2,,not available,300,True
MNIST,B6b_plus_Q,42,2.0,final,vae|MNIST|m4|s42|e300|es1|b2,vae|m4|e300|es1|b2,62.891505002975464,"stage4_methods.json: (MNIST,B6b_plus_Q,42,2).trace[2]",62.891505002975464,results/make49/stage4_cache/MNIST.json:vae|MNIST|m4|s42|e300|es1|b2,True,not available,300,True
MNIST,B6b_plus_Q,123,2.0,anchor,vae|MNIST|m64|s123|e300|es1|b2,vae|m64|e300|es1|b2,86.2633683681488,"stage4_methods.json: (MNIST,B6b_plus_Q,123,2).trace[1]",86.2633683681488,results/make49/stage4_cache/MNIST.json:vae|MNIST|m64|s123|e300|es1|b2,,not available,300,True
MNIST,B6b_plus_Q,123,2.0,final,vae|MNIST|m4|s123|e300|es1|b2,vae|m4|e300|es1|b2,33.35966181755066,"stage4_methods.json: (MNIST,B6b_plus_Q,123,2).trace[2]",33.35966181755066,results/make49/stage4_cache/MNIST.json:vae|MNIST|m4|s123|e300|es1|b2,True,not available,300,True
MNIST,B6b_plus_Q,777,2.0,anchor,vae|MNIST|m64|s777|e300|es1|b2,vae|m64|e300|es1|b2,94.23901462554932,"stage4_methods.json: (MNIST,B6b_plus_Q,777,2).trace[1]",94.23901462554932,results/make49/stage4_cache/MNIST.json:vae|MNIST|m64|s777|e300|es1|b2,,not available,300,True
MNIST,B6b_plus_Q,777,2.0,final,vae|MNIST|m8|s777|e300|es1|b2,vae|m8|e300|es1|b2,53.66490340232849,"stage4_methods.json: (MNIST,B6b_plus_Q,777,2).trace[2]",53.66490340232849,results/make49/stage4_cache/MNIST.json:vae|MNIST|m8|s777|e300|es1|b2,True,not available,300,True
MNIST,B6b_plus_Q,2024,2.0,anchor,vae|MNIST|m64|s2024|e300|es1|b2,vae|m64|e300|es1|b2,53.768423080444336,"stage4_methods.json: (MNIST,B6b_plus_Q,2024,2).trace[1]",53.768423080444336,results/make49/stage4_cache/MNIST.json:vae|MNIST|m64|s2024|e300|es1|b2,,not available,300,True
MNIST,B6b_plus_Q,2024,2.0,final,vae|MNIST|m4|s2024|e300|es1|b2,vae|m4|e300|es1|b2,67.15273833274841,"stage4_methods.json: (MNIST,B6b_plus_Q,2024,2).trace[3]",67.15273833274841,results/make49/stage4_cache/MNIST.json:vae|MNIST|m4|s2024|e300|es1|b2,True,not available,300,True
MNIST,B6b_plus_Q,31337,2.0,anchor,vae|MNIST|m64|s31337|e300|es1|b2,vae|m64|e300|es1|b2,75.0671215057373,"stage4_methods.json: (MNIST,B6b_plus_Q,31337,2).trace[1]",75.0671215057373,results/make49/stage4_cache/MNIST.json:vae|MNIST|m64|s31337|e300|es1|b2,,not available,300,True
MNIST,B6b_plus_Q,31337,2.0,final,vae|MNIST|m4|s31337|e300|es1|b2,vae|m4|e300|es1|b2,55.16367197036743,"stage4_methods.json: (MNIST,B6b_plus_Q,31337,2).trace[2]",55.16367197036743,results/make49/stage4_cache/MNIST.json:vae|MNIST|m4|s31337|e300|es1|b2,True,not available,300,True
dSprites,B1_full_mse,42,2.0,anchor,vae|dSprites|m64|s42|e300|es1|b2,vae|m64|e300|es1|b2,336.23955154418945,"stage4_methods.json: (dSprites,B1_full_mse,42,2).trace[11]",336.23955154418945,results/make49/stage4_cache/dSprites.json:vae|dSprites|m64|s42|e300|es1|b2,,not available,300,True
dSprites,B1_full_mse,42,2.0,final,vae|dSprites|m48|s42|e300|es1|b2,vae|m48|e300|es1|b2,296.86923360824585,"stage4_methods.json: (dSprites,B1_full_mse,42,2).trace[10]",296.86923360824585,results/make49/stage4_cache/dSprites.json:vae|dSprites|m48|s42|e300|es1|b2,True,not available,300,True
dSprites,B1_full_mse,123,2.0,anchor,vae|dSprites|m64|s123|e300|es1|b2,vae|m64|e300|es1|b2,300.3118562698364,"stage4_methods.json: (dSprites,B1_full_mse,123,2).trace[11]",300.3118562698364,results/make49/stage4_cache/dSprites.json:vae|dSprites|m64|s123|e300|es1|b2,,not available,300,True
dSprites,B1_full_mse,123,2.0,final,vae|dSprites|m20|s123|e300|es1|b2,vae|m20|e300|es1|b2,330.6390371322632,"stage4_methods.json: (dSprites,B1_full_mse,123,2).trace[7]",330.6390371322632,results/make49/stage4_cache/dSprites.json:vae|dSprites|m20|s123|e300|es1|b2,True,not available,300,True
dSprites,B1_full_mse,777,2.0,anchor,vae|dSprites|m64|s777|e300|es1|b2,vae|m64|e300|es1|b2,276.85637617111206,"stage4_methods.json: (dSprites,B1_full_mse,777,2).trace[11]",276.85637617111206,results/make49/stage4_cache/dSprites.json:vae|dSprites|m64|s777|e300|es1|b2,,not available,300,True
dSprites,B1_full_mse,777,2.0,final,vae|dSprites|m32|s777|e300|es1|b2,vae|m32|e300|es1|b2,213.6560833454132,"stage4_methods.json: (dSprites,B1_full_mse,777,2).trace[9]",213.6560833454132,results/make49/stage4_cache/dSprites.json:vae|dSprites|m32|s777|e300|es1|b2,True,not available,300,True
dSprites,B1_full_mse,2024,2.0,anchor,vae|dSprites|m64|s2024|e300|es1|b2,vae|m64|e300|es1|b2,336.11714148521423,"stage4_methods.json: (dSprites,B1_full_mse,2024,2).trace[11]",336.11714148521423,results/make49/stage4_cache/dSprites.json:vae|dSprites|m64|s2024|e300|es1|b2,,not available,300,True
dSprites,B1_full_mse,2024,2.0,final,vae|dSprites|m32|s2024|e300|es1|b2,vae|m32|e300|es1|b2,272.2555687427521,"stage4_methods.json: (dSprites,B1_full_mse,2024,2).trace[9]",272.2555687427521,results/make49/stage4_cache/dSprites.json:vae|dSprites|m32|s2024|e300|es1|b2,True,not available,300,True
dSprites,B1_full_mse,31337,2.0,anchor,vae|dSprites|m64|s31337|e300|es1|b2,vae|m64|e300|es1|b2,336.18436646461487,"stage4_methods.json: (dSprites,B1_full_mse,31337,2).trace[11]",336.18436646461487,results/make49/stage4_cache/dSprites.json:vae|dSprites|m64|s31337|e300|es1|b2,,not available,300,True
dSprites,B1_full_mse,31337,2.0,final,vae|dSprites|m64|s31337|e300|es1|b2,vae|m64|e300|es1|b2,336.18436646461487,"stage4_methods.json: (dSprites,B1_full_mse,31337,2).trace[11]",336.18436646461487,results/make49/stage4_cache/dSprites.json:vae|dSprites|m64|s31337|e300|es1|b2,True,not available,300,True
dSprites,B2_full_elbo,42,2.0,anchor,vae|dSprites|m64|s42|e300|es1|b2,vae|m64|e300|es1|b2,336.23955154418945,"stage4_methods.json: (dSprites,B2_full_elbo,42,2).trace[11]",336.23955154418945,results/make49/stage4_cache/dSprites.json:vae|dSprites|m64|s42|e300|es1|b2,,not available,300,True
dSprites,B2_full_elbo,42,2.0,final,vae|dSprites|m64|s42|e300|es1|b2,vae|m64|e300|es1|b2,336.23955154418945,"stage4_methods.json: (dSprites,B2_full_elbo,42,2).trace[11]",336.23955154418945,results/make49/stage4_cache/dSprites.json:vae|dSprites|m64|s42|e300|es1|b2,True,not available,300,True
dSprites,B2_full_elbo,123,2.0,anchor,vae|dSprites|m64|s123|e300|es1|b2,vae|m64|e300|es1|b2,300.3118562698364,"stage4_methods.json: (dSprites,B2_full_elbo,123,2).trace[11]",300.3118562698364,results/make49/stage4_cache/dSprites.json:vae|dSprites|m64|s123|e300|es1|b2,,not available,300,True
dSprites,B2_full_elbo,123,2.0,final,vae|dSprites|m32|s123|e300|es1|b2,vae|m32|e300|es1|b2,331.91681265830994,"stage4_methods.json: (dSprites,B2_full_elbo,123,2).trace[9]",331.91681265830994,results/make49/stage4_cache/dSprites.json:vae|dSprites|m32|s123|e300|es1|b2,True,not available,300,True
dSprites,B2_full_elbo,777,2.0,anchor,vae|dSprites|m64|s777|e300|es1|b2,vae|m64|e300|es1|b2,276.85637617111206,"stage4_methods.json: (dSprites,B2_full_elbo,777,2).trace[11]",276.85637617111206,results/make49/stage4_cache/dSprites.json:vae|dSprites|m64|s777|e300|es1|b2,,not available,300,True
dSprites,B2_full_elbo,777,2.0,final,vae|dSprites|m64|s777|e300|es1|b2,vae|m64|e300|es1|b2,276.85637617111206,"stage4_methods.json: (dSprites,B2_full_elbo,777,2).trace[11]",276.85637617111206,results/make49/stage4_cache/dSprites.json:vae|dSprites|m64|s777|e300|es1|b2,True,not available,300,True
dSprites,B2_full_elbo,2024,2.0,anchor,vae|dSprites|m64|s2024|e300|es1|b2,vae|m64|e300|es1|b2,336.11714148521423,"stage4_methods.json: (dSprites,B2_full_elbo,2024,2).trace[11]",336.11714148521423,results/make49/stage4_cache/dSprites.json:vae|dSprites|m64|s2024|e300|es1|b2,,not available,300,True
dSprites,B2_full_elbo,2024,2.0,final,vae|dSprites|m64|s2024|e300|es1|b2,vae|m64|e300|es1|b2,336.11714148521423,"stage4_methods.json: (dSprites,B2_full_elbo,2024,2).trace[11]",336.11714148521423,results/make49/stage4_cache/dSprites.json:vae|dSprites|m64|s2024|e300|es1|b2,True,not available,300,True
dSprites,B2_full_elbo,31337,2.0,anchor,vae|dSprites|m64|s31337|e300|es1|b2,vae|m64|e300|es1|b2,336.18436646461487,"stage4_methods.json: (dSprites,B2_full_elbo,31337,2).trace[11]",336.18436646461487,results/make49/stage4_cache/dSprites.json:vae|dSprites|m64|s31337|e300|es1|b2,,not available,300,True
dSprites,B2_full_elbo,31337,2.0,final,vae|dSprites|m64|s31337|e300|es1|b2,vae|m64|e300|es1|b2,336.18436646461487,"stage4_methods.json: (dSprites,B2_full_elbo,31337,2).trace[11]",336.18436646461487,results/make49/stage4_cache/dSprites.json:vae|dSprites|m64|s31337|e300|es1|b2,True,not available,300,True
dSprites,B3_full_downstream,42,2.0,anchor,vae|dSprites|m64|s42|e300|es1|b2,vae|m64|e300|es1|b2,336.23955154418945,"stage4_methods.json: (dSprites,B3_full_downstream,42,2).trace[11]",336.23955154418945,results/make49/stage4_cache/dSprites.json:vae|dSprites|m64|s42|e300|es1|b2,,not available,300,True
dSprites,B3_full_downstream,42,2.0,final,vae|dSprites|m64|s42|e300|es1|b2,vae|m64|e300|es1|b2,336.23955154418945,"stage4_methods.json: (dSprites,B3_full_downstream,42,2).trace[11]",336.23955154418945,results/make49/stage4_cache/dSprites.json:vae|dSprites|m64|s42|e300|es1|b2,True,not available,300,True
dSprites,B3_full_downstream,123,2.0,anchor,vae|dSprites|m64|s123|e300|es1|b2,vae|m64|e300|es1|b2,300.3118562698364,"stage4_methods.json: (dSprites,B3_full_downstream,123,2).trace[11]",300.3118562698364,results/make49/stage4_cache/dSprites.json:vae|dSprites|m64|s123|e300|es1|b2,,not available,300,True
dSprites,B3_full_downstream,123,2.0,final,vae|dSprites|m64|s123|e300|es1|b2,vae|m64|e300|es1|b2,300.3118562698364,"stage4_methods.json: (dSprites,B3_full_downstream,123,2).trace[11]",300.3118562698364,results/make49/stage4_cache/dSprites.json:vae|dSprites|m64|s123|e300|es1|b2,True,not available,300,True
dSprites,B3_full_downstream,777,2.0,anchor,vae|dSprites|m64|s777|e300|es1|b2,vae|m64|e300|es1|b2,276.85637617111206,"stage4_methods.json: (dSprites,B3_full_downstream,777,2).trace[11]",276.85637617111206,results/make49/stage4_cache/dSprites.json:vae|dSprites|m64|s777|e300|es1|b2,,not available,300,True
dSprites,B3_full_downstream,777,2.0,final,vae|dSprites|m64|s777|e300|es1|b2,vae|m64|e300|es1|b2,276.85637617111206,"stage4_methods.json: (dSprites,B3_full_downstream,777,2).trace[11]",276.85637617111206,results/make49/stage4_cache/dSprites.json:vae|dSprites|m64|s777|e300|es1|b2,True,not available,300,True
dSprites,B3_full_downstream,2024,2.0,anchor,vae|dSprites|m64|s2024|e300|es1|b2,vae|m64|e300|es1|b2,336.11714148521423,"stage4_methods.json: (dSprites,B3_full_downstream,2024,2).trace[11]",336.11714148521423,results/make49/stage4_cache/dSprites.json:vae|dSprites|m64|s2024|e300|es1|b2,,not available,300,True
dSprites,B3_full_downstream,2024,2.0,final,vae|dSprites|m64|s2024|e300|es1|b2,vae|m64|e300|es1|b2,336.11714148521423,"stage4_methods.json: (dSprites,B3_full_downstream,2024,2).trace[11]",336.11714148521423,results/make49/stage4_cache/dSprites.json:vae|dSprites|m64|s2024|e300|es1|b2,True,not available,300,True
dSprites,B3_full_downstream,31337,2.0,anchor,vae|dSprites|m64|s31337|e300|es1|b2,vae|m64|e300|es1|b2,336.18436646461487,"stage4_methods.json: (dSprites,B3_full_downstream,31337,2).trace[11]",336.18436646461487,results/make49/stage4_cache/dSprites.json:vae|dSprites|m64|s31337|e300|es1|b2,,not available,300,True
dSprites,B3_full_downstream,31337,2.0,final,vae|dSprites|m64|s31337|e300|es1|b2,vae|m64|e300|es1|b2,336.18436646461487,"stage4_methods.json: (dSprites,B3_full_downstream,31337,2).trace[11]",336.18436646461487,results/make49/stage4_cache/dSprites.json:vae|dSprites|m64|s31337|e300|es1|b2,True,not available,300,True
dSprites,B4_coarse,42,2.0,anchor,vae|dSprites|m64|s42|e300|es1|b2,vae|m64|e300|es1|b2,336.23955154418945,"stage4_methods.json: (dSprites,B4_coarse,42,2).trace[3]",336.23955154418945,results/make49/stage4_cache/dSprites.json:vae|dSprites|m64|s42|e300|es1|b2,,not available,300,True
dSprites,B4_coarse,42,2.0,final,vae|dSprites|m64|s42|e300|es1|b2,vae|m64|e300|es1|b2,336.23955154418945,"stage4_methods.json: (dSprites,B4_coarse,42,2).trace[3]",336.23955154418945,results/make49/stage4_cache/dSprites.json:vae|dSprites|m64|s42|e300|es1|b2,True,not available,300,True
dSprites,B4_coarse,123,2.0,anchor,vae|dSprites|m64|s123|e300|es1|b2,vae|m64|e300|es1|b2,300.3118562698364,"stage4_methods.json: (dSprites,B4_coarse,123,2).trace[3]",300.3118562698364,results/make49/stage4_cache/dSprites.json:vae|dSprites|m64|s123|e300|es1|b2,,not available,300,True
dSprites,B4_coarse,123,2.0,final,vae|dSprites|m64|s123|e300|es1|b2,vae|m64|e300|es1|b2,300.3118562698364,"stage4_methods.json: (dSprites,B4_coarse,123,2).trace[3]",300.3118562698364,results/make49/stage4_cache/dSprites.json:vae|dSprites|m64|s123|e300|es1|b2,True,not available,300,True
dSprites,B4_coarse,777,2.0,anchor,vae|dSprites|m64|s777|e300|es1|b2,vae|m64|e300|es1|b2,276.85637617111206,"stage4_methods.json: (dSprites,B4_coarse,777,2).trace[3]",276.85637617111206,results/make49/stage4_cache/dSprites.json:vae|dSprites|m64|s777|e300|es1|b2,,not available,300,True
dSprites,B4_coarse,777,2.0,final,vae|dSprites|m64|s777|e300|es1|b2,vae|m64|e300|es1|b2,276.85637617111206,"stage4_methods.json: (dSprites,B4_coarse,777,2).trace[3]",276.85637617111206,results/make49/stage4_cache/dSprites.json:vae|dSprites|m64|s777|e300|es1|b2,True,not available,300,True
dSprites,B4_coarse,2024,2.0,anchor,vae|dSprites|m64|s2024|e300|es1|b2,vae|m64|e300|es1|b2,336.11714148521423,"stage4_methods.json: (dSprites,B4_coarse,2024,2).trace[3]",336.11714148521423,results/make49/stage4_cache/dSprites.json:vae|dSprites|m64|s2024|e300|es1|b2,,not available,300,True
dSprites,B4_coarse,2024,2.0,final,vae|dSprites|m64|s2024|e300|es1|b2,vae|m64|e300|es1|b2,336.11714148521423,"stage4_methods.json: (dSprites,B4_coarse,2024,2).trace[3]",336.11714148521423,results/make49/stage4_cache/dSprites.json:vae|dSprites|m64|s2024|e300|es1|b2,True,not available,300,True
dSprites,B4_coarse,31337,2.0,anchor,vae|dSprites|m64|s31337|e300|es1|b2,vae|m64|e300|es1|b2,336.18436646461487,"stage4_methods.json: (dSprites,B4_coarse,31337,2).trace[3]",336.18436646461487,results/make49/stage4_cache/dSprites.json:vae|dSprites|m64|s31337|e300|es1|b2,,not available,300,True
dSprites,B4_coarse,31337,2.0,final,vae|dSprites|m64|s31337|e300|es1|b2,vae|m64|e300|es1|b2,336.18436646461487,"stage4_methods.json: (dSprites,B4_coarse,31337,2).trace[3]",336.18436646461487,results/make49/stage4_cache/dSprites.json:vae|dSprites|m64|s31337|e300|es1|b2,True,not available,300,True
dSprites,B5_fixed32,42,2.0,anchor,vae|dSprites|m64|s42|e300|es1|b2,not in trace,,not charged in original ledger; MAKE50 used current snapshot,336.23955154418945,results/make49/stage4_cache/dSprites.json:vae|dSprites|m64|s42|e300|es1|b2,,not available,300,True
dSprites,B5_fixed32,42,2.0,final,vae|dSprites|m32|s42|e300|es1|b2,vae|m32|e300|es1|b2,331.8372337818146,"stage4_methods.json: (dSprites,B5_fixed32,42,2).trace[0]",331.8372337818146,results/make49/stage4_cache/dSprites.json:vae|dSprites|m32|s42|e300|es1|b2,True,not available,300,True
dSprites,B5_fixed32,123,2.0,anchor,vae|dSprites|m64|s123|e300|es1|b2,not in trace,,not charged in original ledger; MAKE50 used current snapshot,300.3118562698364,results/make49/stage4_cache/dSprites.json:vae|dSprites|m64|s123|e300|es1|b2,,not available,300,True
dSprites,B5_fixed32,123,2.0,final,vae|dSprites|m32|s123|e300|es1|b2,vae|m32|e300|es1|b2,331.91681265830994,"stage4_methods.json: (dSprites,B5_fixed32,123,2).trace[0]",331.91681265830994,results/make49/stage4_cache/dSprites.json:vae|dSprites|m32|s123|e300|es1|b2,True,not available,300,True
dSprites,B5_fixed32,777,2.0,anchor,vae|dSprites|m64|s777|e300|es1|b2,not in trace,,not charged in original ledger; MAKE50 used current snapshot,276.85637617111206,results/make49/stage4_cache/dSprites.json:vae|dSprites|m64|s777|e300|es1|b2,,not available,300,True
dSprites,B5_fixed32,777,2.0,final,vae|dSprites|m32|s777|e300|es1|b2,vae|m32|e300|es1|b2,213.6560833454132,"stage4_methods.json: (dSprites,B5_fixed32,777,2).trace[0]",213.6560833454132,results/make49/stage4_cache/dSprites.json:vae|dSprites|m32|s777|e300|es1|b2,True,not available,300,True
dSprites,B5_fixed32,2024,2.0,anchor,vae|dSprites|m64|s2024|e300|es1|b2,not in trace,,not charged in original ledger; MAKE50 used current snapshot,336.11714148521423,results/make49/stage4_cache/dSprites.json:vae|dSprites|m64|s2024|e300|es1|b2,,not available,300,True
dSprites,B5_fixed32,2024,2.0,final,vae|dSprites|m32|s2024|e300|es1|b2,vae|m32|e300|es1|b2,272.2555687427521,"stage4_methods.json: (dSprites,B5_fixed32,2024,2).trace[0]",272.2555687427521,results/make49/stage4_cache/dSprites.json:vae|dSprites|m32|s2024|e300|es1|b2,True,not available,300,True
dSprites,B5_fixed32,31337,2.0,anchor,vae|dSprites|m64|s31337|e300|es1|b2,not in trace,,not charged in original ledger; MAKE50 used current snapshot,336.18436646461487,results/make49/stage4_cache/dSprites.json:vae|dSprites|m64|s31337|e300|es1|b2,,not available,300,True
dSprites,B5_fixed32,31337,2.0,final,vae|dSprites|m32|s31337|e300|es1|b2,vae|m32|e300|es1|b2,278.8896186351776,"stage4_methods.json: (dSprites,B5_fixed32,31337,2).trace[0]",278.8896186351776,results/make49/stage4_cache/dSprites.json:vae|dSprites|m32|s31337|e300|es1|b2,True,not available,300,True
dSprites,B6a_fondue,42,2.0,anchor,vae|dSprites|m64|s42|e300|es1|b2,not in trace,,not charged in original ledger; MAKE50 used current snapshot,336.23955154418945,results/make49/stage4_cache/dSprites.json:vae|dSprites|m64|s42|e300|es1|b2,,not available,300,True
dSprites,B6a_fondue,42,2.0,final,vae|dSprites|m4|s42|e300|es1|b2,vae|m4|e300|es1|b2,162.0847191810608,"stage4_methods.json: (dSprites,B6a_fondue,42,2).trace[4]",162.0847191810608,results/make49/stage4_cache/dSprites.json:vae|dSprites|m4|s42|e300|es1|b2,True,not available,300,True
dSprites,B6a_fondue,123,2.0,anchor,vae|dSprites|m64|s123|e300|es1|b2,not in trace,,not charged in original ledger; MAKE50 used current snapshot,300.3118562698364,results/make49/stage4_cache/dSprites.json:vae|dSprites|m64|s123|e300|es1|b2,,not available,300,True
dSprites,B6a_fondue,123,2.0,final,vae|dSprites|m4|s123|e300|es1|b2,vae|m4|e300|es1|b2,172.01609706878662,"stage4_methods.json: (dSprites,B6a_fondue,123,2).trace[4]",172.01609706878662,results/make49/stage4_cache/dSprites.json:vae|dSprites|m4|s123|e300|es1|b2,True,not available,300,True
dSprites,B6a_fondue,777,2.0,anchor,vae|dSprites|m64|s777|e300|es1|b2,not in trace,,not charged in original ledger; MAKE50 used current snapshot,276.85637617111206,results/make49/stage4_cache/dSprites.json:vae|dSprites|m64|s777|e300|es1|b2,,not available,300,True
dSprites,B6a_fondue,777,2.0,final,vae|dSprites|m8|s777|e300|es1|b2,vae|m8|e300|es1|b2,246.83458876609802,"stage4_methods.json: (dSprites,B6a_fondue,777,2).trace[5]",246.83458876609802,results/make49/stage4_cache/dSprites.json:vae|dSprites|m8|s777|e300|es1|b2,True,not available,300,True
dSprites,B6a_fondue,2024,2.0,anchor,vae|dSprites|m64|s2024|e300|es1|b2,not in trace,,not charged in original ledger; MAKE50 used current snapshot,336.11714148521423,results/make49/stage4_cache/dSprites.json:vae|dSprites|m64|s2024|e300|es1|b2,,not available,300,True
dSprites,B6a_fondue,2024,2.0,final,vae|dSprites|m4|s2024|e300|es1|b2,vae|m4|e300|es1|b2,161.16555738449097,"stage4_methods.json: (dSprites,B6a_fondue,2024,2).trace[4]",161.16555738449097,results/make49/stage4_cache/dSprites.json:vae|dSprites|m4|s2024|e300|es1|b2,True,not available,300,True
dSprites,B6a_fondue,31337,2.0,anchor,vae|dSprites|m64|s31337|e300|es1|b2,not in trace,,not charged in original ledger; MAKE50 used current snapshot,336.18436646461487,results/make49/stage4_cache/dSprites.json:vae|dSprites|m64|s31337|e300|es1|b2,,not available,300,True
dSprites,B6a_fondue,31337,2.0,final,vae|dSprites|m4|s31337|e300|es1|b2,vae|m4|e300|es1|b2,140.30701637268066,"stage4_methods.json: (dSprites,B6a_fondue,31337,2).trace[4]",140.30701637268066,results/make49/stage4_cache/dSprites.json:vae|dSprites|m4|s31337|e300|es1|b2,True,not available,300,True
dSprites,B6b_fondue_var,42,2.0,anchor,vae|dSprites|m64|s42|e300|es1|b2,not in trace,,not charged in original ledger; MAKE50 used current snapshot,336.23955154418945,results/make49/stage4_cache/dSprites.json:vae|dSprites|m64|s42|e300|es1|b2,,not available,300,True
dSprites,B6b_fondue_var,123,2.0,anchor,vae|dSprites|m64|s123|e300|es1|b2,not in trace,,not charged in original ledger; MAKE50 used current snapshot,300.3118562698364,results/make49/stage4_cache/dSprites.json:vae|dSprites|m64|s123|e300|es1|b2,,not available,300,True
dSprites,B6b_fondue_var,123,2.0,final,vae|dSprites|m58|s123|e300|es1|b2,vae|m58|e300|es1|b2,335.3316831588745,"stage4_methods.json: (dSprites,B6b_fondue_var,123,2).trace[3]",335.3316831588745,results/make49/stage4_cache/dSprites.json:vae|dSprites|m58|s123|e300|es1|b2,True,not available,300,True
dSprites,B6b_fondue_var,777,2.0,anchor,vae|dSprites|m64|s777|e300|es1|b2,not in trace,,not charged in original ledger; MAKE50 used current snapshot,276.85637617111206,results/make49/stage4_cache/dSprites.json:vae|dSprites|m64|s777|e300|es1|b2,,not available,300,True
dSprites,B6b_fondue_var,777,2.0,final,vae|dSprites|m59|s777|e300|es1|b2,vae|m59|e300|es1|b2,286.4865975379944,"stage4_methods.json: (dSprites,B6b_fondue_var,777,2).trace[3]",286.4865975379944,results/make49/stage4_cache/dSprites.json:vae|dSprites|m59|s777|e300|es1|b2,True,not available,300,True
dSprites,B6b_fondue_var,2024,2.0,anchor,vae|dSprites|m64|s2024|e300|es1|b2,not in trace,,not charged in original ledger; MAKE50 used current snapshot,336.11714148521423,results/make49/stage4_cache/dSprites.json:vae|dSprites|m64|s2024|e300|es1|b2,,not available,300,True
dSprites,B6b_fondue_var,31337,2.0,anchor,vae|dSprites|m64|s31337|e300|es1|b2,not in trace,,not charged in original ledger; MAKE50 used current snapshot,336.18436646461487,results/make49/stage4_cache/dSprites.json:vae|dSprites|m64|s31337|e300|es1|b2,,not available,300,True
dSprites,B6b_fondue_var,31337,2.0,final,vae|dSprites|m29|s31337|e300|es1|b2,vae|m29|e300|es1|b2,331.3919105529785,"stage4_methods.json: (dSprites,B6b_fondue_var,31337,2).trace[2]",331.3919105529785,results/make49/stage4_cache/dSprites.json:vae|dSprites|m29|s31337|e300|es1|b2,True,not available,300,True
dSprites,B6b_fondue_var_keepmixed_false,42,2.0,anchor,vae|dSprites|m64|s42|e300|es1|b2,not in trace,,not charged in original ledger; MAKE50 used current snapshot,336.23955154418945,results/make49/stage4_cache/dSprites.json:vae|dSprites|m64|s42|e300|es1|b2,,not available,300,True
dSprites,B6b_fondue_var_keepmixed_false,123,2.0,anchor,vae|dSprites|m64|s123|e300|es1|b2,not in trace,,not charged in original ledger; MAKE50 used current snapshot,300.3118562698364,results/make49/stage4_cache/dSprites.json:vae|dSprites|m64|s123|e300|es1|b2,,not available,300,True
dSprites,B6b_fondue_var_keepmixed_false,123,2.0,final,vae|dSprites|m3|s123|e300|es1|b2,vae|m3|e300|es1|b2,111.85630583763123,"stage4_methods.json: (dSprites,B6b_fondue_var_keepmixed_false,123,2).trace[1]",111.85630583763123,results/make49/stage4_cache/dSprites.json:vae|dSprites|m3|s123|e300|es1|b2,True,not available,300,True
dSprites,B6b_fondue_var_keepmixed_false,777,2.0,anchor,vae|dSprites|m64|s777|e300|es1|b2,not in trace,,not charged in original ledger; MAKE50 used current snapshot,276.85637617111206,results/make49/stage4_cache/dSprites.json:vae|dSprites|m64|s777|e300|es1|b2,,not available,300,True
dSprites,B6b_fondue_var_keepmixed_false,777,2.0,final,vae|dSprites|m1|s777|e300|es1|b2,vae|m1|e300|es1|b2,272.82809615135193,"stage4_methods.json: (dSprites,B6b_fondue_var_keepmixed_false,777,2).trace[1]",272.82809615135193,results/make49/stage4_cache/dSprites.json:vae|dSprites|m1|s777|e300|es1|b2,True,not available,300,True
dSprites,B6b_fondue_var_keepmixed_false,2024,2.0,anchor,vae|dSprites|m64|s2024|e300|es1|b2,not in trace,,not charged in original ledger; MAKE50 used current snapshot,336.11714148521423,results/make49/stage4_cache/dSprites.json:vae|dSprites|m64|s2024|e300|es1|b2,,not available,300,True
dSprites,B6b_fondue_var_keepmixed_false,31337,2.0,anchor,vae|dSprites|m64|s31337|e300|es1|b2,not in trace,,not charged in original ledger; MAKE50 used current snapshot,336.18436646461487,results/make49/stage4_cache/dSprites.json:vae|dSprites|m64|s31337|e300|es1|b2,,not available,300,True
dSprites,proposed,42,2.0,anchor,vae|dSprites|m64|s42|e300|es1|b2,vae|m64|e300|es1|b2,336.23955154418945,"stage4_methods.json: (dSprites,proposed,42,2).trace[12]",336.23955154418945,results/make49/stage4_cache/dSprites.json:vae|dSprites|m64|s42|e300|es1|b2,,not available,300,True
dSprites,proposed,42,2.0,final,vae|dSprites|m64|s42|e300|es1|b2,vae|m64|e300|es1|b2,336.23955154418945,"stage4_methods.json: (dSprites,proposed,42,2).trace[12]",336.23955154418945,results/make49/stage4_cache/dSprites.json:vae|dSprites|m64|s42|e300|es1|b2,True,not available,300,True
dSprites,proposed,123,2.0,anchor,vae|dSprites|m64|s123|e300|es1|b2,vae|m64|e300|es1|b2,300.3118562698364,"stage4_methods.json: (dSprites,proposed,123,2).trace[12]",300.3118562698364,results/make49/stage4_cache/dSprites.json:vae|dSprites|m64|s123|e300|es1|b2,,not available,300,True
dSprites,proposed,123,2.0,final,vae|dSprites|m64|s123|e300|es1|b2,vae|m64|e300|es1|b2,300.3118562698364,"stage4_methods.json: (dSprites,proposed,123,2).trace[12]",300.3118562698364,results/make49/stage4_cache/dSprites.json:vae|dSprites|m64|s123|e300|es1|b2,True,not available,300,True
dSprites,proposed,777,2.0,anchor,vae|dSprites|m64|s777|e300|es1|b2,vae|m64|e300|es1|b2,276.85637617111206,"stage4_methods.json: (dSprites,proposed,777,2).trace[12]",276.85637617111206,results/make49/stage4_cache/dSprites.json:vae|dSprites|m64|s777|e300|es1|b2,,not available,300,True
dSprites,proposed,777,2.0,final,vae|dSprites|m64|s777|e300|es1|b2,vae|m64|e300|es1|b2,276.85637617111206,"stage4_methods.json: (dSprites,proposed,777,2).trace[12]",276.85637617111206,results/make49/stage4_cache/dSprites.json:vae|dSprites|m64|s777|e300|es1|b2,True,not available,300,True
dSprites,proposed,2024,2.0,anchor,vae|dSprites|m64|s2024|e300|es1|b2,vae|m64|e300|es1|b2,336.11714148521423,"stage4_methods.json: (dSprites,proposed,2024,2).trace[12]",336.11714148521423,results/make49/stage4_cache/dSprites.json:vae|dSprites|m64|s2024|e300|es1|b2,,not available,300,True
dSprites,proposed,2024,2.0,final,vae|dSprites|m64|s2024|e300|es1|b2,vae|m64|e300|es1|b2,336.11714148521423,"stage4_methods.json: (dSprites,proposed,2024,2).trace[12]",336.11714148521423,results/make49/stage4_cache/dSprites.json:vae|dSprites|m64|s2024|e300|es1|b2,True,not available,300,True
dSprites,proposed,31337,2.0,anchor,vae|dSprites|m64|s31337|e300|es1|b2,vae|m64|e300|es1|b2,336.18436646461487,"stage4_methods.json: (dSprites,proposed,31337,2).trace[12]",336.18436646461487,results/make49/stage4_cache/dSprites.json:vae|dSprites|m64|s31337|e300|es1|b2,,not available,300,True
dSprites,proposed,31337,2.0,final,vae|dSprites|m64|s31337|e300|es1|b2,vae|m64|e300|es1|b2,336.18436646461487,"stage4_methods.json: (dSprites,proposed,31337,2).trace[12]",336.18436646461487,results/make49/stage4_cache/dSprites.json:vae|dSprites|m64|s31337|e300|es1|b2,True,not available,300,True
dSprites,proposed_minus_AU,42,2.0,anchor,vae|dSprites|m64|s42|e300|es1|b2,vae|m64|e300|es1|b2,336.23955154418945,"stage4_methods.json: (dSprites,proposed_minus_AU,42,2).trace[12]",336.23955154418945,results/make49/stage4_cache/dSprites.json:vae|dSprites|m64|s42|e300|es1|b2,,not available,300,True
dSprites,proposed_minus_AU,42,2.0,final,vae|dSprites|m64|s42|e300|es1|b2,vae|m64|e300|es1|b2,336.23955154418945,"stage4_methods.json: (dSprites,proposed_minus_AU,42,2).trace[12]",336.23955154418945,results/make49/stage4_cache/dSprites.json:vae|dSprites|m64|s42|e300|es1|b2,True,not available,300,True
dSprites,proposed_minus_AU,123,2.0,anchor,vae|dSprites|m64|s123|e300|es1|b2,vae|m64|e300|es1|b2,300.3118562698364,"stage4_methods.json: (dSprites,proposed_minus_AU,123,2).trace[12]",300.3118562698364,results/make49/stage4_cache/dSprites.json:vae|dSprites|m64|s123|e300|es1|b2,,not available,300,True
dSprites,proposed_minus_AU,123,2.0,final,vae|dSprites|m64|s123|e300|es1|b2,vae|m64|e300|es1|b2,300.3118562698364,"stage4_methods.json: (dSprites,proposed_minus_AU,123,2).trace[12]",300.3118562698364,results/make49/stage4_cache/dSprites.json:vae|dSprites|m64|s123|e300|es1|b2,True,not available,300,True
dSprites,proposed_minus_AU,777,2.0,anchor,vae|dSprites|m64|s777|e300|es1|b2,vae|m64|e300|es1|b2,276.85637617111206,"stage4_methods.json: (dSprites,proposed_minus_AU,777,2).trace[12]",276.85637617111206,results/make49/stage4_cache/dSprites.json:vae|dSprites|m64|s777|e300|es1|b2,,not available,300,True
dSprites,proposed_minus_AU,777,2.0,final,vae|dSprites|m64|s777|e300|es1|b2,vae|m64|e300|es1|b2,276.85637617111206,"stage4_methods.json: (dSprites,proposed_minus_AU,777,2).trace[12]",276.85637617111206,results/make49/stage4_cache/dSprites.json:vae|dSprites|m64|s777|e300|es1|b2,True,not available,300,True
dSprites,proposed_minus_AU,2024,2.0,anchor,vae|dSprites|m64|s2024|e300|es1|b2,vae|m64|e300|es1|b2,336.11714148521423,"stage4_methods.json: (dSprites,proposed_minus_AU,2024,2).trace[12]",336.11714148521423,results/make49/stage4_cache/dSprites.json:vae|dSprites|m64|s2024|e300|es1|b2,,not available,300,True
dSprites,proposed_minus_AU,2024,2.0,final,vae|dSprites|m64|s2024|e300|es1|b2,vae|m64|e300|es1|b2,336.11714148521423,"stage4_methods.json: (dSprites,proposed_minus_AU,2024,2).trace[12]",336.11714148521423,results/make49/stage4_cache/dSprites.json:vae|dSprites|m64|s2024|e300|es1|b2,True,not available,300,True
dSprites,proposed_minus_AU,31337,2.0,anchor,vae|dSprites|m64|s31337|e300|es1|b2,vae|m64|e300|es1|b2,336.18436646461487,"stage4_methods.json: (dSprites,proposed_minus_AU,31337,2).trace[12]",336.18436646461487,results/make49/stage4_cache/dSprites.json:vae|dSprites|m64|s31337|e300|es1|b2,,not available,300,True
dSprites,proposed_minus_AU,31337,2.0,final,vae|dSprites|m64|s31337|e300|es1|b2,vae|m64|e300|es1|b2,336.18436646461487,"stage4_methods.json: (dSprites,proposed_minus_AU,31337,2).trace[12]",336.18436646461487,results/make49/stage4_cache/dSprites.json:vae|dSprites|m64|s31337|e300|es1|b2,True,not available,300,True
dSprites,ascending_scan_Q,42,2.0,anchor,vae|dSprites|m64|s42|e300|es1|b2,vae|m64|e300|es1|b2,336.23955154418945,"stage4_methods.json: (dSprites,ascending_scan_Q,42,2).trace[0]",336.23955154418945,results/make49/stage4_cache/dSprites.json:vae|dSprites|m64|s42|e300|es1|b2,,not available,300,True
dSprites,ascending_scan_Q,42,2.0,final,vae|dSprites|m20|s42|e300|es1|b2,vae|m20|e300|es1|b2,302.2871494293213,"stage4_methods.json: (dSprites,ascending_scan_Q,42,2).trace[8]",302.2871494293213,results/make49/stage4_cache/dSprites.json:vae|dSprites|m20|s42|e300|es1|b2,True,not available,300,True
dSprites,ascending_scan_Q,123,2.0,anchor,vae|dSprites|m64|s123|e300|es1|b2,vae|m64|e300|es1|b2,300.3118562698364,"stage4_methods.json: (dSprites,ascending_scan_Q,123,2).trace[0]",300.3118562698364,results/make49/stage4_cache/dSprites.json:vae|dSprites|m64|s123|e300|es1|b2,,not available,300,True
dSprites,ascending_scan_Q,123,2.0,final,vae|dSprites|m10|s123|e300|es1|b2,vae|m10|e300|es1|b2,234.0861086845398,"stage4_methods.json: (dSprites,ascending_scan_Q,123,2).trace[5]",234.0861086845398,results/make49/stage4_cache/dSprites.json:vae|dSprites|m10|s123|e300|es1|b2,True,not available,300,True
dSprites,ascending_scan_Q,777,2.0,anchor,vae|dSprites|m64|s777|e300|es1|b2,vae|m64|e300|es1|b2,276.85637617111206,"stage4_methods.json: (dSprites,ascending_scan_Q,777,2).trace[0]",276.85637617111206,results/make49/stage4_cache/dSprites.json:vae|dSprites|m64|s777|e300|es1|b2,,not available,300,True
dSprites,ascending_scan_Q,777,2.0,final,vae|dSprites|m12|s777|e300|es1|b2,vae|m12|e300|es1|b2,330.0246572494507,"stage4_methods.json: (dSprites,ascending_scan_Q,777,2).trace[6]",330.0246572494507,results/make49/stage4_cache/dSprites.json:vae|dSprites|m12|s777|e300|es1|b2,True,not available,300,True
dSprites,ascending_scan_Q,2024,2.0,anchor,vae|dSprites|m64|s2024|e300|es1|b2,vae|m64|e300|es1|b2,336.11714148521423,"stage4_methods.json: (dSprites,ascending_scan_Q,2024,2).trace[0]",336.11714148521423,results/make49/stage4_cache/dSprites.json:vae|dSprites|m64|s2024|e300|es1|b2,,not available,300,True
dSprites,ascending_scan_Q,2024,2.0,final,vae|dSprites|m12|s2024|e300|es1|b2,vae|m12|e300|es1|b2,292.6491198539734,"stage4_methods.json: (dSprites,ascending_scan_Q,2024,2).trace[6]",292.6491198539734,results/make49/stage4_cache/dSprites.json:vae|dSprites|m12|s2024|e300|es1|b2,True,not available,300,True
dSprites,ascending_scan_Q,31337,2.0,anchor,vae|dSprites|m64|s31337|e300|es1|b2,vae|m64|e300|es1|b2,336.18436646461487,"stage4_methods.json: (dSprites,ascending_scan_Q,31337,2).trace[0]",336.18436646461487,results/make49/stage4_cache/dSprites.json:vae|dSprites|m64|s31337|e300|es1|b2,,not available,300,True
dSprites,ascending_scan_Q,31337,2.0,final,vae|dSprites|m20|s31337|e300|es1|b2,vae|m20|e300|es1|b2,321.896399974823,"stage4_methods.json: (dSprites,ascending_scan_Q,31337,2).trace[8]",321.896399974823,results/make49/stage4_cache/dSprites.json:vae|dSprites|m20|s31337|e300|es1|b2,True,not available,300,True
dSprites,B4_plus_Q,42,2.0,anchor,vae|dSprites|m64|s42|e300|es1|b2,vae|m64|e300|es1|b2,336.23955154418945,"stage4_methods.json: (dSprites,B4_plus_Q,42,2).trace[3]",336.23955154418945,results/make49/stage4_cache/dSprites.json:vae|dSprites|m64|s42|e300|es1|b2,,not available,300,True
dSprites,B4_plus_Q,42,2.0,final,vae|dSprites|m64|s42|e300|es1|b2,vae|m64|e300|es1|b2,336.23955154418945,"stage4_methods.json: (dSprites,B4_plus_Q,42,2).trace[3]",336.23955154418945,results/make49/stage4_cache/dSprites.json:vae|dSprites|m64|s42|e300|es1|b2,True,not available,300,True
dSprites,B4_plus_Q,123,2.0,anchor,vae|dSprites|m64|s123|e300|es1|b2,vae|m64|e300|es1|b2,300.3118562698364,"stage4_methods.json: (dSprites,B4_plus_Q,123,2).trace[3]",300.3118562698364,results/make49/stage4_cache/dSprites.json:vae|dSprites|m64|s123|e300|es1|b2,,not available,300,True
dSprites,B4_plus_Q,123,2.0,final,vae|dSprites|m64|s123|e300|es1|b2,vae|m64|e300|es1|b2,300.3118562698364,"stage4_methods.json: (dSprites,B4_plus_Q,123,2).trace[3]",300.3118562698364,results/make49/stage4_cache/dSprites.json:vae|dSprites|m64|s123|e300|es1|b2,True,not available,300,True
dSprites,B4_plus_Q,777,2.0,anchor,vae|dSprites|m64|s777|e300|es1|b2,vae|m64|e300|es1|b2,276.85637617111206,"stage4_methods.json: (dSprites,B4_plus_Q,777,2).trace[3]",276.85637617111206,results/make49/stage4_cache/dSprites.json:vae|dSprites|m64|s777|e300|es1|b2,,not available,300,True
dSprites,B4_plus_Q,777,2.0,final,vae|dSprites|m64|s777|e300|es1|b2,vae|m64|e300|es1|b2,276.85637617111206,"stage4_methods.json: (dSprites,B4_plus_Q,777,2).trace[3]",276.85637617111206,results/make49/stage4_cache/dSprites.json:vae|dSprites|m64|s777|e300|es1|b2,True,not available,300,True
dSprites,B4_plus_Q,2024,2.0,anchor,vae|dSprites|m64|s2024|e300|es1|b2,vae|m64|e300|es1|b2,336.11714148521423,"stage4_methods.json: (dSprites,B4_plus_Q,2024,2).trace[3]",336.11714148521423,results/make49/stage4_cache/dSprites.json:vae|dSprites|m64|s2024|e300|es1|b2,,not available,300,True
dSprites,B4_plus_Q,2024,2.0,final,vae|dSprites|m64|s2024|e300|es1|b2,vae|m64|e300|es1|b2,336.11714148521423,"stage4_methods.json: (dSprites,B4_plus_Q,2024,2).trace[3]",336.11714148521423,results/make49/stage4_cache/dSprites.json:vae|dSprites|m64|s2024|e300|es1|b2,True,not available,300,True
dSprites,B4_plus_Q,31337,2.0,anchor,vae|dSprites|m64|s31337|e300|es1|b2,vae|m64|e300|es1|b2,336.18436646461487,"stage4_methods.json: (dSprites,B4_plus_Q,31337,2).trace[3]",336.18436646461487,results/make49/stage4_cache/dSprites.json:vae|dSprites|m64|s31337|e300|es1|b2,,not available,300,True
dSprites,B4_plus_Q,31337,2.0,final,vae|dSprites|m64|s31337|e300|es1|b2,vae|m64|e300|es1|b2,336.18436646461487,"stage4_methods.json: (dSprites,B4_plus_Q,31337,2).trace[3]",336.18436646461487,results/make49/stage4_cache/dSprites.json:vae|dSprites|m64|s31337|e300|es1|b2,True,not available,300,True
dSprites,B6a_plus_Q,42,2.0,anchor,vae|dSprites|m64|s42|e300|es1|b2,vae|m64|e300|es1|b2,336.23955154418945,"stage4_methods.json: (dSprites,B6a_plus_Q,42,2).trace[4]",336.23955154418945,results/make49/stage4_cache/dSprites.json:vae|dSprites|m64|s42|e300|es1|b2,,not available,300,True
dSprites,B6a_plus_Q,42,2.0,final,vae|dSprites|m20|s42|e300|es1|b2,vae|m20|e300|es1|b2,302.2871494293213,"stage4_methods.json: (dSprites,B6a_plus_Q,42,2).trace[11]",302.2871494293213,results/make49/stage4_cache/dSprites.json:vae|dSprites|m20|s42|e300|es1|b2,True,not available,300,True
dSprites,B6a_plus_Q,123,2.0,anchor,vae|dSprites|m64|s123|e300|es1|b2,vae|m64|e300|es1|b2,300.3118562698364,"stage4_methods.json: (dSprites,B6a_plus_Q,123,2).trace[4]",300.3118562698364,results/make49/stage4_cache/dSprites.json:vae|dSprites|m64|s123|e300|es1|b2,,not available,300,True
dSprites,B6a_plus_Q,123,2.0,final,vae|dSprites|m10|s123|e300|es1|b2,vae|m10|e300|es1|b2,234.0861086845398,"stage4_methods.json: (dSprites,B6a_plus_Q,123,2).trace[8]",234.0861086845398,results/make49/stage4_cache/dSprites.json:vae|dSprites|m10|s123|e300|es1|b2,True,not available,300,True
dSprites,B6a_plus_Q,777,2.0,anchor,vae|dSprites|m64|s777|e300|es1|b2,vae|m64|e300|es1|b2,276.85637617111206,"stage4_methods.json: (dSprites,B6a_plus_Q,777,2).trace[5]",276.85637617111206,results/make49/stage4_cache/dSprites.json:vae|dSprites|m64|s777|e300|es1|b2,,not available,300,True
dSprites,B6a_plus_Q,777,2.0,final,vae|dSprites|m12|s777|e300|es1|b2,vae|m12|e300|es1|b2,330.0246572494507,"stage4_methods.json: (dSprites,B6a_plus_Q,777,2).trace[8]",330.0246572494507,results/make49/stage4_cache/dSprites.json:vae|dSprites|m12|s777|e300|es1|b2,True,not available,300,True
dSprites,B6a_plus_Q,2024,2.0,anchor,vae|dSprites|m64|s2024|e300|es1|b2,vae|m64|e300|es1|b2,336.11714148521423,"stage4_methods.json: (dSprites,B6a_plus_Q,2024,2).trace[4]",336.11714148521423,results/make49/stage4_cache/dSprites.json:vae|dSprites|m64|s2024|e300|es1|b2,,not available,300,True
dSprites,B6a_plus_Q,2024,2.0,final,vae|dSprites|m12|s2024|e300|es1|b2,vae|m12|e300|es1|b2,292.6491198539734,"stage4_methods.json: (dSprites,B6a_plus_Q,2024,2).trace[9]",292.6491198539734,results/make49/stage4_cache/dSprites.json:vae|dSprites|m12|s2024|e300|es1|b2,True,not available,300,True
dSprites,B6a_plus_Q,31337,2.0,anchor,vae|dSprites|m64|s31337|e300|es1|b2,vae|m64|e300|es1|b2,336.18436646461487,"stage4_methods.json: (dSprites,B6a_plus_Q,31337,2).trace[4]",336.18436646461487,results/make49/stage4_cache/dSprites.json:vae|dSprites|m64|s31337|e300|es1|b2,,not available,300,True
dSprites,B6a_plus_Q,31337,2.0,final,vae|dSprites|m20|s31337|e300|es1|b2,vae|m20|e300|es1|b2,321.896399974823,"stage4_methods.json: (dSprites,B6a_plus_Q,31337,2).trace[11]",321.896399974823,results/make49/stage4_cache/dSprites.json:vae|dSprites|m20|s31337|e300|es1|b2,True,not available,300,True
dSprites,B6b_plus_Q,42,2.0,anchor,vae|dSprites|m64|s42|e300|es1|b2,vae|m64|e300|es1|b2,336.23955154418945,"stage4_methods.json: (dSprites,B6b_plus_Q,42,2).trace[2]",336.23955154418945,results/make49/stage4_cache/dSprites.json:vae|dSprites|m64|s42|e300|es1|b2,,not available,300,True
dSprites,B6b_plus_Q,42,2.0,final,vae|dSprites|m20|s42|e300|es1|b2,vae|m20|e300|es1|b2,302.2871494293213,"stage4_methods.json: (dSprites,B6b_plus_Q,42,2).trace[10]",302.2871494293213,results/make49/stage4_cache/dSprites.json:vae|dSprites|m20|s42|e300|es1|b2,True,not available,300,True
dSprites,B6b_plus_Q,123,2.0,anchor,vae|dSprites|m64|s123|e300|es1|b2,vae|m64|e300|es1|b2,300.3118562698364,"stage4_methods.json: (dSprites,B6b_plus_Q,123,2).trace[3]",300.3118562698364,results/make49/stage4_cache/dSprites.json:vae|dSprites|m64|s123|e300|es1|b2,,not available,300,True
dSprites,B6b_plus_Q,123,2.0,final,vae|dSprites|m64|s123|e300|es1|b2,vae|m64|e300|es1|b2,300.3118562698364,"stage4_methods.json: (dSprites,B6b_plus_Q,123,2).trace[3]",300.3118562698364,results/make49/stage4_cache/dSprites.json:vae|dSprites|m64|s123|e300|es1|b2,True,not available,300,True
dSprites,B6b_plus_Q,777,2.0,anchor,vae|dSprites|m64|s777|e300|es1|b2,vae|m64|e300|es1|b2,276.85637617111206,"stage4_methods.json: (dSprites,B6b_plus_Q,777,2).trace[3]",276.85637617111206,results/make49/stage4_cache/dSprites.json:vae|dSprites|m64|s777|e300|es1|b2,,not available,300,True
dSprites,B6b_plus_Q,777,2.0,final,vae|dSprites|m64|s777|e300|es1|b2,vae|m64|e300|es1|b2,276.85637617111206,"stage4_methods.json: (dSprites,B6b_plus_Q,777,2).trace[3]",276.85637617111206,results/make49/stage4_cache/dSprites.json:vae|dSprites|m64|s777|e300|es1|b2,True,not available,300,True
dSprites,B6b_plus_Q,2024,2.0,anchor,vae|dSprites|m64|s2024|e300|es1|b2,vae|m64|e300|es1|b2,336.11714148521423,"stage4_methods.json: (dSprites,B6b_plus_Q,2024,2).trace[2]",336.11714148521423,results/make49/stage4_cache/dSprites.json:vae|dSprites|m64|s2024|e300|es1|b2,,not available,300,True
dSprites,B6b_plus_Q,2024,2.0,final,vae|dSprites|m12|s2024|e300|es1|b2,vae|m12|e300|es1|b2,292.6491198539734,"stage4_methods.json: (dSprites,B6b_plus_Q,2024,2).trace[8]",292.6491198539734,results/make49/stage4_cache/dSprites.json:vae|dSprites|m12|s2024|e300|es1|b2,True,not available,300,True
dSprites,B6b_plus_Q,31337,2.0,anchor,vae|dSprites|m64|s31337|e300|es1|b2,vae|m64|e300|es1|b2,336.18436646461487,"stage4_methods.json: (dSprites,B6b_plus_Q,31337,2).trace[2]",336.18436646461487,results/make49/stage4_cache/dSprites.json:vae|dSprites|m64|s31337|e300|es1|b2,,not available,300,True
dSprites,B6b_plus_Q,31337,2.0,final,vae|dSprites|m48|s31337|e300|es1|b2,vae|m48|e300|es1|b2,334.1725890636444,"stage4_methods.json: (dSprites,B6b_plus_Q,31337,2).trace[4]",334.1725890636444,results/make49/stage4_cache/dSprites.json:vae|dSprites|m48|s31337|e300|es1|b2,True,not available,300,True
MNIST,B1_full_mse,42,4.0,anchor,vae|MNIST|m64|s42|e300|es1|b4,vae|m64|e300|es1|b4,95.81261610984802,"stage4_methods.json: (MNIST,B1_full_mse,42,4).trace[11]",95.81261610984802,results/make49/stage4_cache/MNIST.json:vae|MNIST|m64|s42|e300|es1|b4,,not available,300,True
MNIST,B1_full_mse,42,4.0,final,vae|MNIST|m10|s42|e300|es1|b4,vae|m10|e300|es1|b4,94.50192475318909,"stage4_methods.json: (MNIST,B1_full_mse,42,4).trace[4]",94.50192475318909,results/make49/stage4_cache/MNIST.json:vae|MNIST|m10|s42|e300|es1|b4,True,not available,300,True
MNIST,B1_full_mse,123,4.0,anchor,vae|MNIST|m64|s123|e300|es1|b4,vae|m64|e300|es1|b4,77.17379426956177,"stage4_methods.json: (MNIST,B1_full_mse,123,4).trace[11]",77.17379426956177,results/make49/stage4_cache/MNIST.json:vae|MNIST|m64|s123|e300|es1|b4,,not available,300,True
MNIST,B1_full_mse,123,4.0,final,vae|MNIST|m8|s123|e300|es1|b4,vae|m8|e300|es1|b4,79.7982714176178,"stage4_methods.json: (MNIST,B1_full_mse,123,4).trace[3]",79.7982714176178,results/make49/stage4_cache/MNIST.json:vae|MNIST|m8|s123|e300|es1|b4,True,not available,300,True
MNIST,B1_full_mse,777,4.0,anchor,vae|MNIST|m64|s777|e300|es1|b4,vae|m64|e300|es1|b4,93.39641547203064,"stage4_methods.json: (MNIST,B1_full_mse,777,4).trace[11]",93.39641547203064,results/make49/stage4_cache/MNIST.json:vae|MNIST|m64|s777|e300|es1|b4,,not available,300,True
MNIST,B1_full_mse,777,4.0,final,vae|MNIST|m6|s777|e300|es1|b4,vae|m6|e300|es1|b4,93.21254205703735,"stage4_methods.json: (MNIST,B1_full_mse,777,4).trace[2]",93.21254205703735,results/make49/stage4_cache/MNIST.json:vae|MNIST|m6|s777|e300|es1|b4,True,not available,300,True
MNIST,B1_full_mse,2024,4.0,anchor,vae|MNIST|m64|s2024|e300|es1|b4,vae|m64|e300|es1|b4,97.94245433807373,"stage4_methods.json: (MNIST,B1_full_mse,2024,4).trace[11]",97.94245433807373,results/make49/stage4_cache/MNIST.json:vae|MNIST|m64|s2024|e300|es1|b4,,not available,300,True
MNIST,B1_full_mse,2024,4.0,final,vae|MNIST|m8|s2024|e300|es1|b4,vae|m8|e300|es1|b4,58.33166456222534,"stage4_methods.json: (MNIST,B1_full_mse,2024,4).trace[3]",58.33166456222534,results/make49/stage4_cache/MNIST.json:vae|MNIST|m8|s2024|e300|es1|b4,True,not available,300,True
MNIST,B1_full_mse,31337,4.0,anchor,vae|MNIST|m64|s31337|e300|es1|b4,vae|m64|e300|es1|b4,76.10970902442932,"stage4_methods.json: (MNIST,B1_full_mse,31337,4).trace[11]",76.10970902442932,results/make49/stage4_cache/MNIST.json:vae|MNIST|m64|s31337|e300|es1|b4,,not available,300,True
MNIST,B1_full_mse,31337,4.0,final,vae|MNIST|m12|s31337|e300|es1|b4,vae|m12|e300|es1|b4,97.18611741065979,"stage4_methods.json: (MNIST,B1_full_mse,31337,4).trace[5]",97.18611741065979,results/make49/stage4_cache/MNIST.json:vae|MNIST|m12|s31337|e300|es1|b4,True,not available,300,True
MNIST,B2_full_elbo,42,4.0,anchor,vae|MNIST|m64|s42|e300|es1|b4,vae|m64|e300|es1|b4,95.81261610984802,"stage4_methods.json: (MNIST,B2_full_elbo,42,4).trace[11]",95.81261610984802,results/make49/stage4_cache/MNIST.json:vae|MNIST|m64|s42|e300|es1|b4,,not available,300,True
MNIST,B2_full_elbo,42,4.0,final,vae|MNIST|m10|s42|e300|es1|b4,vae|m10|e300|es1|b4,94.50192475318909,"stage4_methods.json: (MNIST,B2_full_elbo,42,4).trace[4]",94.50192475318909,results/make49/stage4_cache/MNIST.json:vae|MNIST|m10|s42|e300|es1|b4,True,not available,300,True
MNIST,B2_full_elbo,123,4.0,anchor,vae|MNIST|m64|s123|e300|es1|b4,vae|m64|e300|es1|b4,77.17379426956177,"stage4_methods.json: (MNIST,B2_full_elbo,123,4).trace[11]",77.17379426956177,results/make49/stage4_cache/MNIST.json:vae|MNIST|m64|s123|e300|es1|b4,,not available,300,True
MNIST,B2_full_elbo,123,4.0,final,vae|MNIST|m8|s123|e300|es1|b4,vae|m8|e300|es1|b4,79.7982714176178,"stage4_methods.json: (MNIST,B2_full_elbo,123,4).trace[3]",79.7982714176178,results/make49/stage4_cache/MNIST.json:vae|MNIST|m8|s123|e300|es1|b4,True,not available,300,True
MNIST,B2_full_elbo,777,4.0,anchor,vae|MNIST|m64|s777|e300|es1|b4,vae|m64|e300|es1|b4,93.39641547203064,"stage4_methods.json: (MNIST,B2_full_elbo,777,4).trace[11]",93.39641547203064,results/make49/stage4_cache/MNIST.json:vae|MNIST|m64|s777|e300|es1|b4,,not available,300,True
MNIST,B2_full_elbo,777,4.0,final,vae|MNIST|m6|s777|e300|es1|b4,vae|m6|e300|es1|b4,93.21254205703735,"stage4_methods.json: (MNIST,B2_full_elbo,777,4).trace[2]",93.21254205703735,results/make49/stage4_cache/MNIST.json:vae|MNIST|m6|s777|e300|es1|b4,True,not available,300,True
MNIST,B2_full_elbo,2024,4.0,anchor,vae|MNIST|m64|s2024|e300|es1|b4,vae|m64|e300|es1|b4,97.94245433807373,"stage4_methods.json: (MNIST,B2_full_elbo,2024,4).trace[11]",97.94245433807373,results/make49/stage4_cache/MNIST.json:vae|MNIST|m64|s2024|e300|es1|b4,,not available,300,True
MNIST,B2_full_elbo,2024,4.0,final,vae|MNIST|m8|s2024|e300|es1|b4,vae|m8|e300|es1|b4,58.33166456222534,"stage4_methods.json: (MNIST,B2_full_elbo,2024,4).trace[3]",58.33166456222534,results/make49/stage4_cache/MNIST.json:vae|MNIST|m8|s2024|e300|es1|b4,True,not available,300,True
MNIST,B2_full_elbo,31337,4.0,anchor,vae|MNIST|m64|s31337|e300|es1|b4,vae|m64|e300|es1|b4,76.10970902442932,"stage4_methods.json: (MNIST,B2_full_elbo,31337,4).trace[11]",76.10970902442932,results/make49/stage4_cache/MNIST.json:vae|MNIST|m64|s31337|e300|es1|b4,,not available,300,True
MNIST,B2_full_elbo,31337,4.0,final,vae|MNIST|m12|s31337|e300|es1|b4,vae|m12|e300|es1|b4,97.18611741065979,"stage4_methods.json: (MNIST,B2_full_elbo,31337,4).trace[5]",97.18611741065979,results/make49/stage4_cache/MNIST.json:vae|MNIST|m12|s31337|e300|es1|b4,True,not available,300,True
MNIST,B3_full_downstream,42,4.0,anchor,vae|MNIST|m64|s42|e300|es1|b4,vae|m64|e300|es1|b4,95.81261610984802,"stage4_methods.json: (MNIST,B3_full_downstream,42,4).trace[11]",95.81261610984802,results/make49/stage4_cache/MNIST.json:vae|MNIST|m64|s42|e300|es1|b4,,not available,300,True
MNIST,B3_full_downstream,42,4.0,final,vae|MNIST|m12|s42|e300|es1|b4,vae|m12|e300|es1|b4,78.40191340446472,"stage4_methods.json: (MNIST,B3_full_downstream,42,4).trace[5]",78.40191340446472,results/make49/stage4_cache/MNIST.json:vae|MNIST|m12|s42|e300|es1|b4,True,not available,300,True
MNIST,B3_full_downstream,123,4.0,anchor,vae|MNIST|m64|s123|e300|es1|b4,vae|m64|e300|es1|b4,77.17379426956177,"stage4_methods.json: (MNIST,B3_full_downstream,123,4).trace[11]",77.17379426956177,results/make49/stage4_cache/MNIST.json:vae|MNIST|m64|s123|e300|es1|b4,,not available,300,True
MNIST,B3_full_downstream,123,4.0,final,vae|MNIST|m64|s123|e300|es1|b4,vae|m64|e300|es1|b4,77.17379426956177,"stage4_methods.json: (MNIST,B3_full_downstream,123,4).trace[11]",77.17379426956177,results/make49/stage4_cache/MNIST.json:vae|MNIST|m64|s123|e300|es1|b4,True,not available,300,True
MNIST,B3_full_downstream,777,4.0,anchor,vae|MNIST|m64|s777|e300|es1|b4,vae|m64|e300|es1|b4,93.39641547203064,"stage4_methods.json: (MNIST,B3_full_downstream,777,4).trace[11]",93.39641547203064,results/make49/stage4_cache/MNIST.json:vae|MNIST|m64|s777|e300|es1|b4,,not available,300,True
MNIST,B3_full_downstream,777,4.0,final,vae|MNIST|m64|s777|e300|es1|b4,vae|m64|e300|es1|b4,93.39641547203064,"stage4_methods.json: (MNIST,B3_full_downstream,777,4).trace[11]",93.39641547203064,results/make49/stage4_cache/MNIST.json:vae|MNIST|m64|s777|e300|es1|b4,True,not available,300,True
MNIST,B3_full_downstream,2024,4.0,anchor,vae|MNIST|m64|s2024|e300|es1|b4,vae|m64|e300|es1|b4,97.94245433807373,"stage4_methods.json: (MNIST,B3_full_downstream,2024,4).trace[11]",97.94245433807373,results/make49/stage4_cache/MNIST.json:vae|MNIST|m64|s2024|e300|es1|b4,,not available,300,True
MNIST,B3_full_downstream,2024,4.0,final,vae|MNIST|m32|s2024|e300|es1|b4,vae|m32|e300|es1|b4,71.83706307411194,"stage4_methods.json: (MNIST,B3_full_downstream,2024,4).trace[9]",71.83706307411194,results/make49/stage4_cache/MNIST.json:vae|MNIST|m32|s2024|e300|es1|b4,True,not available,300,True
MNIST,B3_full_downstream,31337,4.0,anchor,vae|MNIST|m64|s31337|e300|es1|b4,vae|m64|e300|es1|b4,76.10970902442932,"stage4_methods.json: (MNIST,B3_full_downstream,31337,4).trace[11]",76.10970902442932,results/make49/stage4_cache/MNIST.json:vae|MNIST|m64|s31337|e300|es1|b4,,not available,300,True
MNIST,B3_full_downstream,31337,4.0,final,vae|MNIST|m24|s31337|e300|es1|b4,vae|m24|e300|es1|b4,95.4260048866272,"stage4_methods.json: (MNIST,B3_full_downstream,31337,4).trace[8]",95.4260048866272,results/make49/stage4_cache/MNIST.json:vae|MNIST|m24|s31337|e300|es1|b4,True,not available,300,True
MNIST,B4_coarse,42,4.0,anchor,vae|MNIST|m64|s42|e300|es1|b4,vae|m64|e300|es1|b4,95.81261610984802,"stage4_methods.json: (MNIST,B4_coarse,42,4).trace[3]",95.81261610984802,results/make49/stage4_cache/MNIST.json:vae|MNIST|m64|s42|e300|es1|b4,,not available,300,True
MNIST,B4_coarse,42,4.0,final,vae|MNIST|m10|s42|e300|es1|b4,vae|m10|e300|es1|b4,94.50192475318909,"stage4_methods.json: (MNIST,B4_coarse,42,4).trace[2]",94.50192475318909,results/make49/stage4_cache/MNIST.json:vae|MNIST|m10|s42|e300|es1|b4,True,not available,300,True
MNIST,B4_coarse,123,4.0,anchor,vae|MNIST|m64|s123|e300|es1|b4,vae|m64|e300|es1|b4,77.17379426956177,"stage4_methods.json: (MNIST,B4_coarse,123,4).trace[3]",77.17379426956177,results/make49/stage4_cache/MNIST.json:vae|MNIST|m64|s123|e300|es1|b4,,not available,300,True
MNIST,B4_coarse,123,4.0,final,vae|MNIST|m10|s123|e300|es1|b4,vae|m10|e300|es1|b4,50.32360529899597,"stage4_methods.json: (MNIST,B4_coarse,123,4).trace[2]",50.32360529899597,results/make49/stage4_cache/MNIST.json:vae|MNIST|m10|s123|e300|es1|b4,True,not available,300,True
MNIST,B4_coarse,777,4.0,anchor,vae|MNIST|m64|s777|e300|es1|b4,vae|m64|e300|es1|b4,93.39641547203064,"stage4_methods.json: (MNIST,B4_coarse,777,4).trace[3]",93.39641547203064,results/make49/stage4_cache/MNIST.json:vae|MNIST|m64|s777|e300|es1|b4,,not available,300,True
MNIST,B4_coarse,777,4.0,final,vae|MNIST|m10|s777|e300|es1|b4,vae|m10|e300|es1|b4,94.7635407447815,"stage4_methods.json: (MNIST,B4_coarse,777,4).trace[2]",94.7635407447815,results/make49/stage4_cache/MNIST.json:vae|MNIST|m10|s777|e300|es1|b4,True,not available,300,True
MNIST,B4_coarse,2024,4.0,anchor,vae|MNIST|m64|s2024|e300|es1|b4,vae|m64|e300|es1|b4,97.94245433807373,"stage4_methods.json: (MNIST,B4_coarse,2024,4).trace[3]",97.94245433807373,results/make49/stage4_cache/MNIST.json:vae|MNIST|m64|s2024|e300|es1|b4,,not available,300,True
MNIST,B4_coarse,2024,4.0,final,vae|MNIST|m10|s2024|e300|es1|b4,vae|m10|e300|es1|b4,87.00039005279541,"stage4_methods.json: (MNIST,B4_coarse,2024,4).trace[2]",87.00039005279541,results/make49/stage4_cache/MNIST.json:vae|MNIST|m10|s2024|e300|es1|b4,True,not available,300,True
MNIST,B4_coarse,31337,4.0,anchor,vae|MNIST|m64|s31337|e300|es1|b4,vae|m64|e300|es1|b4,76.10970902442932,"stage4_methods.json: (MNIST,B4_coarse,31337,4).trace[3]",76.10970902442932,results/make49/stage4_cache/MNIST.json:vae|MNIST|m64|s31337|e300|es1|b4,,not available,300,True
MNIST,B4_coarse,31337,4.0,final,vae|MNIST|m4|s31337|e300|es1|b4,vae|m4|e300|es1|b4,87.9604139328003,"stage4_methods.json: (MNIST,B4_coarse,31337,4).trace[1]",87.9604139328003,results/make49/stage4_cache/MNIST.json:vae|MNIST|m4|s31337|e300|es1|b4,True,not available,300,True
MNIST,B5_fixed32,42,4.0,anchor,vae|MNIST|m64|s42|e300|es1|b4,not in trace,,not charged in original ledger; MAKE50 used current snapshot,95.81261610984802,results/make49/stage4_cache/MNIST.json:vae|MNIST|m64|s42|e300|es1|b4,,not available,300,True
MNIST,B5_fixed32,42,4.0,final,vae|MNIST|m32|s42|e300|es1|b4,vae|m32|e300|es1|b4,55.802868366241455,"stage4_methods.json: (MNIST,B5_fixed32,42,4).trace[0]",55.802868366241455,results/make49/stage4_cache/MNIST.json:vae|MNIST|m32|s42|e300|es1|b4,True,not available,300,True
MNIST,B5_fixed32,123,4.0,anchor,vae|MNIST|m64|s123|e300|es1|b4,not in trace,,not charged in original ledger; MAKE50 used current snapshot,77.17379426956177,results/make49/stage4_cache/MNIST.json:vae|MNIST|m64|s123|e300|es1|b4,,not available,300,True
MNIST,B5_fixed32,123,4.0,final,vae|MNIST|m32|s123|e300|es1|b4,vae|m32|e300|es1|b4,79.57452440261841,"stage4_methods.json: (MNIST,B5_fixed32,123,4).trace[0]",79.57452440261841,results/make49/stage4_cache/MNIST.json:vae|MNIST|m32|s123|e300|es1|b4,True,not available,300,True
MNIST,B5_fixed32,777,4.0,anchor,vae|MNIST|m64|s777|e300|es1|b4,not in trace,,not charged in original ledger; MAKE50 used current snapshot,93.39641547203064,results/make49/stage4_cache/MNIST.json:vae|MNIST|m64|s777|e300|es1|b4,,not available,300,True
MNIST,B5_fixed32,777,4.0,final,vae|MNIST|m32|s777|e300|es1|b4,vae|m32|e300|es1|b4,94.40738201141357,"stage4_methods.json: (MNIST,B5_fixed32,777,4).trace[0]",94.40738201141357,results/make49/stage4_cache/MNIST.json:vae|MNIST|m32|s777|e300|es1|b4,True,not available,300,True
MNIST,B5_fixed32,2024,4.0,anchor,vae|MNIST|m64|s2024|e300|es1|b4,not in trace,,not charged in original ledger; MAKE50 used current snapshot,97.94245433807373,results/make49/stage4_cache/MNIST.json:vae|MNIST|m64|s2024|e300|es1|b4,,not available,300,True
MNIST,B5_fixed32,2024,4.0,final,vae|MNIST|m32|s2024|e300|es1|b4,vae|m32|e300|es1|b4,71.83706307411194,"stage4_methods.json: (MNIST,B5_fixed32,2024,4).trace[0]",71.83706307411194,results/make49/stage4_cache/MNIST.json:vae|MNIST|m32|s2024|e300|es1|b4,True,not available,300,True
MNIST,B5_fixed32,31337,4.0,anchor,vae|MNIST|m64|s31337|e300|es1|b4,not in trace,,not charged in original ledger; MAKE50 used current snapshot,76.10970902442932,results/make49/stage4_cache/MNIST.json:vae|MNIST|m64|s31337|e300|es1|b4,,not available,300,True
MNIST,B5_fixed32,31337,4.0,final,vae|MNIST|m32|s31337|e300|es1|b4,vae|m32|e300|es1|b4,68.74988532066345,"stage4_methods.json: (MNIST,B5_fixed32,31337,4).trace[0]",68.74988532066345,results/make49/stage4_cache/MNIST.json:vae|MNIST|m32|s31337|e300|es1|b4,True,not available,300,True
MNIST,B6a_fondue,42,4.0,anchor,vae|MNIST|m64|s42|e300|es1|b4,not in trace,,not charged in original ledger; MAKE50 used current snapshot,95.81261610984802,results/make49/stage4_cache/MNIST.json:vae|MNIST|m64|s42|e300|es1|b4,,not available,300,True
MNIST,B6a_fondue,42,4.0,final,vae|MNIST|m8|s42|e300|es1|b4,vae|m8|e300|es1|b4,56.5801522731781,"stage4_methods.json: (MNIST,B6a_fondue,42,4).trace[5]",56.5801522731781,results/make49/stage4_cache/MNIST.json:vae|MNIST|m8|s42|e300|es1|b4,True,not available,300,True
MNIST,B6a_fondue,123,4.0,anchor,vae|MNIST|m64|s123|e300|es1|b4,not in trace,,not charged in original ledger; MAKE50 used current snapshot,77.17379426956177,results/make49/stage4_cache/MNIST.json:vae|MNIST|m64|s123|e300|es1|b4,,not available,300,True
MNIST,B6a_fondue,123,4.0,final,vae|MNIST|m8|s123|e300|es1|b4,vae|m8|e300|es1|b4,79.7982714176178,"stage4_methods.json: (MNIST,B6a_fondue,123,4).trace[5]",79.7982714176178,results/make49/stage4_cache/MNIST.json:vae|MNIST|m8|s123|e300|es1|b4,True,not available,300,True
MNIST,B6a_fondue,777,4.0,anchor,vae|MNIST|m64|s777|e300|es1|b4,not in trace,,not charged in original ledger; MAKE50 used current snapshot,93.39641547203064,results/make49/stage4_cache/MNIST.json:vae|MNIST|m64|s777|e300|es1|b4,,not available,300,True
MNIST,B6a_fondue,777,4.0,final,vae|MNIST|m8|s777|e300|es1|b4,vae|m8|e300|es1|b4,58.2968316078186,"stage4_methods.json: (MNIST,B6a_fondue,777,4).trace[5]",58.2968316078186,results/make49/stage4_cache/MNIST.json:vae|MNIST|m8|s777|e300|es1|b4,True,not available,300,True
MNIST,B6a_fondue,2024,4.0,anchor,vae|MNIST|m64|s2024|e300|es1|b4,not in trace,,not charged in original ledger; MAKE50 used current snapshot,97.94245433807373,results/make49/stage4_cache/MNIST.json:vae|MNIST|m64|s2024|e300|es1|b4,,not available,300,True
MNIST,B6a_fondue,2024,4.0,final,vae|MNIST|m8|s2024|e300|es1|b4,vae|m8|e300|es1|b4,58.33166456222534,"stage4_methods.json: (MNIST,B6a_fondue,2024,4).trace[5]",58.33166456222534,results/make49/stage4_cache/MNIST.json:vae|MNIST|m8|s2024|e300|es1|b4,True,not available,300,True
MNIST,B6a_fondue,31337,4.0,anchor,vae|MNIST|m64|s31337|e300|es1|b4,not in trace,,not charged in original ledger; MAKE50 used current snapshot,76.10970902442932,results/make49/stage4_cache/MNIST.json:vae|MNIST|m64|s31337|e300|es1|b4,,not available,300,True
MNIST,B6a_fondue,31337,4.0,final,vae|MNIST|m8|s31337|e300|es1|b4,vae|m8|e300|es1|b4,81.98022437095642,"stage4_methods.json: (MNIST,B6a_fondue,31337,4).trace[5]",81.98022437095642,results/make49/stage4_cache/MNIST.json:vae|MNIST|m8|s31337|e300|es1|b4,True,not available,300,True
MNIST,B6b_fondue_var,42,4.0,anchor,vae|MNIST|m64|s42|e300|es1|b4,not in trace,,not charged in original ledger; MAKE50 used current snapshot,95.81261610984802,results/make49/stage4_cache/MNIST.json:vae|MNIST|m64|s42|e300|es1|b4,,not available,300,True
MNIST,B6b_fondue_var,123,4.0,anchor,vae|MNIST|m64|s123|e300|es1|b4,not in trace,,not charged in original ledger; MAKE50 used current snapshot,77.17379426956177,results/make49/stage4_cache/MNIST.json:vae|MNIST|m64|s123|e300|es1|b4,,not available,300,True
MNIST,B6b_fondue_var,777,4.0,anchor,vae|MNIST|m64|s777|e300|es1|b4,not in trace,,not charged in original ledger; MAKE50 used current snapshot,93.39641547203064,results/make49/stage4_cache/MNIST.json:vae|MNIST|m64|s777|e300|es1|b4,,not available,300,True
MNIST,B6b_fondue_var,777,4.0,final,vae|MNIST|m3|s777|e300|es1|b4,vae|m3|e300|es1|b4,96.74828910827637,"stage4_methods.json: (MNIST,B6b_fondue_var,777,4).trace[1]",96.74828910827637,results/make49/stage4_cache/MNIST.json:vae|MNIST|m3|s777|e300|es1|b4,True,not available,300,True
MNIST,B6b_fondue_var,2024,4.0,anchor,vae|MNIST|m64|s2024|e300|es1|b4,not in trace,,not charged in original ledger; MAKE50 used current snapshot,97.94245433807373,results/make49/stage4_cache/MNIST.json:vae|MNIST|m64|s2024|e300|es1|b4,,not available,300,True
MNIST,B6b_fondue_var,2024,4.0,final,vae|MNIST|m2|s2024|e300|es1|b4,vae|m2|e300|es1|b4,89.43852734565735,"stage4_methods.json: (MNIST,B6b_fondue_var,2024,4).trace[1]",89.43852734565735,results/make49/stage4_cache/MNIST.json:vae|MNIST|m2|s2024|e300|es1|b4,True,not available,300,True
MNIST,B6b_fondue_var,31337,4.0,anchor,vae|MNIST|m64|s31337|e300|es1|b4,not in trace,,not charged in original ledger; MAKE50 used current snapshot,76.10970902442932,results/make49/stage4_cache/MNIST.json:vae|MNIST|m64|s31337|e300|es1|b4,,not available,300,True
MNIST,B6b_fondue_var_keepmixed_false,42,4.0,anchor,vae|MNIST|m64|s42|e300|es1|b4,not in trace,,not charged in original ledger; MAKE50 used current snapshot,95.81261610984802,results/make49/stage4_cache/MNIST.json:vae|MNIST|m64|s42|e300|es1|b4,,not available,300,True
MNIST,B6b_fondue_var_keepmixed_false,123,4.0,anchor,vae|MNIST|m64|s123|e300|es1|b4,not in trace,,not charged in original ledger; MAKE50 used current snapshot,77.17379426956177,results/make49/stage4_cache/MNIST.json:vae|MNIST|m64|s123|e300|es1|b4,,not available,300,True
MNIST,B6b_fondue_var_keepmixed_false,777,4.0,anchor,vae|MNIST|m64|s777|e300|es1|b4,not in trace,,not charged in original ledger; MAKE50 used current snapshot,93.39641547203064,results/make49/stage4_cache/MNIST.json:vae|MNIST|m64|s777|e300|es1|b4,,not available,300,True
MNIST,B6b_fondue_var_keepmixed_false,2024,4.0,anchor,vae|MNIST|m64|s2024|e300|es1|b4,not in trace,,not charged in original ledger; MAKE50 used current snapshot,97.94245433807373,results/make49/stage4_cache/MNIST.json:vae|MNIST|m64|s2024|e300|es1|b4,,not available,300,True
MNIST,B6b_fondue_var_keepmixed_false,31337,4.0,anchor,vae|MNIST|m64|s31337|e300|es1|b4,not in trace,,not charged in original ledger; MAKE50 used current snapshot,76.10970902442932,results/make49/stage4_cache/MNIST.json:vae|MNIST|m64|s31337|e300|es1|b4,,not available,300,True
MNIST,proposed,42,4.0,anchor,vae|MNIST|m64|s42|e300|es1|b4,vae|m64|e300|es1|b4,95.81261610984802,"stage4_methods.json: (MNIST,proposed,42,4).trace[9]",95.81261610984802,results/make49/stage4_cache/MNIST.json:vae|MNIST|m64|s42|e300|es1|b4,,not available,300,True
MNIST,proposed,42,4.0,final,vae|MNIST|m4|s42|e300|es1|b4,vae|m4|e300|es1|b4,69.8434944152832,"stage4_methods.json: (MNIST,proposed,42,4).trace[11]",69.8434944152832,results/make49/stage4_cache/MNIST.json:vae|MNIST|m4|s42|e300|es1|b4,True,not available,300,True
MNIST,proposed,123,4.0,anchor,vae|MNIST|m64|s123|e300|es1|b4,vae|m64|e300|es1|b4,77.17379426956177,"stage4_methods.json: (MNIST,proposed,123,4).trace[9]",77.17379426956177,results/make49/stage4_cache/MNIST.json:vae|MNIST|m64|s123|e300|es1|b4,,not available,300,True
MNIST,proposed,123,4.0,final,vae|MNIST|m4|s123|e300|es1|b4,vae|m4|e300|es1|b4,95.19837188720703,"stage4_methods.json: (MNIST,proposed,123,4).trace[11]",95.19837188720703,results/make49/stage4_cache/MNIST.json:vae|MNIST|m4|s123|e300|es1|b4,True,not available,300,True
MNIST,proposed,777,4.0,anchor,vae|MNIST|m64|s777|e300|es1|b4,vae|m64|e300|es1|b4,93.39641547203064,"stage4_methods.json: (MNIST,proposed,777,4).trace[9]",93.39641547203064,results/make49/stage4_cache/MNIST.json:vae|MNIST|m64|s777|e300|es1|b4,,not available,300,True
MNIST,proposed,777,4.0,final,vae|MNIST|m4|s777|e300|es1|b4,vae|m4|e300|es1|b4,94.92288994789124,"stage4_methods.json: (MNIST,proposed,777,4).trace[11]",94.92288994789124,results/make49/stage4_cache/MNIST.json:vae|MNIST|m4|s777|e300|es1|b4,True,not available,300,True
MNIST,proposed,2024,4.0,anchor,vae|MNIST|m64|s2024|e300|es1|b4,vae|m64|e300|es1|b4,97.94245433807373,"stage4_methods.json: (MNIST,proposed,2024,4).trace[9]",97.94245433807373,results/make49/stage4_cache/MNIST.json:vae|MNIST|m64|s2024|e300|es1|b4,,not available,300,True
MNIST,proposed,2024,4.0,final,vae|MNIST|m2|s2024|e300|es1|b4,vae|m2|e300|es1|b4,89.43852734565735,"stage4_methods.json: (MNIST,proposed,2024,4).trace[10]",89.43852734565735,results/make49/stage4_cache/MNIST.json:vae|MNIST|m2|s2024|e300|es1|b4,True,not available,300,True
MNIST,proposed,31337,4.0,anchor,vae|MNIST|m64|s31337|e300|es1|b4,vae|m64|e300|es1|b4,76.10970902442932,"stage4_methods.json: (MNIST,proposed,31337,4).trace[9]",76.10970902442932,results/make49/stage4_cache/MNIST.json:vae|MNIST|m64|s31337|e300|es1|b4,,not available,300,True
MNIST,proposed,31337,4.0,final,vae|MNIST|m4|s31337|e300|es1|b4,vae|m4|e300|es1|b4,87.9604139328003,"stage4_methods.json: (MNIST,proposed,31337,4).trace[11]",87.9604139328003,results/make49/stage4_cache/MNIST.json:vae|MNIST|m4|s31337|e300|es1|b4,True,not available,300,True
MNIST,proposed_minus_AU,42,4.0,anchor,vae|MNIST|m64|s42|e300|es1|b4,vae|m64|e300|es1|b4,95.81261610984802,"stage4_methods.json: (MNIST,proposed_minus_AU,42,4).trace[9]",95.81261610984802,results/make49/stage4_cache/MNIST.json:vae|MNIST|m64|s42|e300|es1|b4,,not available,300,True
MNIST,proposed_minus_AU,42,4.0,final,vae|MNIST|m4|s42|e300|es1|b4,vae|m4|e300|es1|b4,69.8434944152832,"stage4_methods.json: (MNIST,proposed_minus_AU,42,4).trace[11]",69.8434944152832,results/make49/stage4_cache/MNIST.json:vae|MNIST|m4|s42|e300|es1|b4,True,not available,300,True
MNIST,proposed_minus_AU,123,4.0,anchor,vae|MNIST|m64|s123|e300|es1|b4,vae|m64|e300|es1|b4,77.17379426956177,"stage4_methods.json: (MNIST,proposed_minus_AU,123,4).trace[9]",77.17379426956177,results/make49/stage4_cache/MNIST.json:vae|MNIST|m64|s123|e300|es1|b4,,not available,300,True
MNIST,proposed_minus_AU,123,4.0,final,vae|MNIST|m4|s123|e300|es1|b4,vae|m4|e300|es1|b4,95.19837188720703,"stage4_methods.json: (MNIST,proposed_minus_AU,123,4).trace[11]",95.19837188720703,results/make49/stage4_cache/MNIST.json:vae|MNIST|m4|s123|e300|es1|b4,True,not available,300,True
MNIST,proposed_minus_AU,777,4.0,anchor,vae|MNIST|m64|s777|e300|es1|b4,vae|m64|e300|es1|b4,93.39641547203064,"stage4_methods.json: (MNIST,proposed_minus_AU,777,4).trace[9]",93.39641547203064,results/make49/stage4_cache/MNIST.json:vae|MNIST|m64|s777|e300|es1|b4,,not available,300,True
MNIST,proposed_minus_AU,777,4.0,final,vae|MNIST|m4|s777|e300|es1|b4,vae|m4|e300|es1|b4,94.92288994789124,"stage4_methods.json: (MNIST,proposed_minus_AU,777,4).trace[11]",94.92288994789124,results/make49/stage4_cache/MNIST.json:vae|MNIST|m4|s777|e300|es1|b4,True,not available,300,True
MNIST,proposed_minus_AU,2024,4.0,anchor,vae|MNIST|m64|s2024|e300|es1|b4,vae|m64|e300|es1|b4,97.94245433807373,"stage4_methods.json: (MNIST,proposed_minus_AU,2024,4).trace[9]",97.94245433807373,results/make49/stage4_cache/MNIST.json:vae|MNIST|m64|s2024|e300|es1|b4,,not available,300,True
MNIST,proposed_minus_AU,2024,4.0,final,vae|MNIST|m2|s2024|e300|es1|b4,vae|m2|e300|es1|b4,89.43852734565735,"stage4_methods.json: (MNIST,proposed_minus_AU,2024,4).trace[10]",89.43852734565735,results/make49/stage4_cache/MNIST.json:vae|MNIST|m2|s2024|e300|es1|b4,True,not available,300,True
MNIST,proposed_minus_AU,31337,4.0,anchor,vae|MNIST|m64|s31337|e300|es1|b4,vae|m64|e300|es1|b4,76.10970902442932,"stage4_methods.json: (MNIST,proposed_minus_AU,31337,4).trace[9]",76.10970902442932,results/make49/stage4_cache/MNIST.json:vae|MNIST|m64|s31337|e300|es1|b4,,not available,300,True
MNIST,proposed_minus_AU,31337,4.0,final,vae|MNIST|m4|s31337|e300|es1|b4,vae|m4|e300|es1|b4,87.9604139328003,"stage4_methods.json: (MNIST,proposed_minus_AU,31337,4).trace[11]",87.9604139328003,results/make49/stage4_cache/MNIST.json:vae|MNIST|m4|s31337|e300|es1|b4,True,not available,300,True
MNIST,ascending_scan_Q,42,4.0,anchor,vae|MNIST|m64|s42|e300|es1|b4,vae|m64|e300|es1|b4,95.81261610984802,"stage4_methods.json: (MNIST,ascending_scan_Q,42,4).trace[0]",95.81261610984802,results/make49/stage4_cache/MNIST.json:vae|MNIST|m64|s42|e300|es1|b4,,not available,300,True
MNIST,ascending_scan_Q,42,4.0,final,vae|MNIST|m4|s42|e300|es1|b4,vae|m4|e300|es1|b4,69.8434944152832,"stage4_methods.json: (MNIST,ascending_scan_Q,42,4).trace[2]",69.8434944152832,results/make49/stage4_cache/MNIST.json:vae|MNIST|m4|s42|e300|es1|b4,True,not available,300,True
MNIST,ascending_scan_Q,123,4.0,anchor,vae|MNIST|m64|s123|e300|es1|b4,vae|m64|e300|es1|b4,77.17379426956177,"stage4_methods.json: (MNIST,ascending_scan_Q,123,4).trace[0]",77.17379426956177,results/make49/stage4_cache/MNIST.json:vae|MNIST|m64|s123|e300|es1|b4,,not available,300,True
MNIST,ascending_scan_Q,123,4.0,final,vae|MNIST|m4|s123|e300|es1|b4,vae|m4|e300|es1|b4,95.19837188720703,"stage4_methods.json: (MNIST,ascending_scan_Q,123,4).trace[2]",95.19837188720703,results/make49/stage4_cache/MNIST.json:vae|MNIST|m4|s123|e300|es1|b4,True,not available,300,True
MNIST,ascending_scan_Q,777,4.0,anchor,vae|MNIST|m64|s777|e300|es1|b4,vae|m64|e300|es1|b4,93.39641547203064,"stage4_methods.json: (MNIST,ascending_scan_Q,777,4).trace[0]",93.39641547203064,results/make49/stage4_cache/MNIST.json:vae|MNIST|m64|s777|e300|es1|b4,,not available,300,True
MNIST,ascending_scan_Q,777,4.0,final,vae|MNIST|m4|s777|e300|es1|b4,vae|m4|e300|es1|b4,94.92288994789124,"stage4_methods.json: (MNIST,ascending_scan_Q,777,4).trace[2]",94.92288994789124,results/make49/stage4_cache/MNIST.json:vae|MNIST|m4|s777|e300|es1|b4,True,not available,300,True
MNIST,ascending_scan_Q,2024,4.0,anchor,vae|MNIST|m64|s2024|e300|es1|b4,vae|m64|e300|es1|b4,97.94245433807373,"stage4_methods.json: (MNIST,ascending_scan_Q,2024,4).trace[0]",97.94245433807373,results/make49/stage4_cache/MNIST.json:vae|MNIST|m64|s2024|e300|es1|b4,,not available,300,True
MNIST,ascending_scan_Q,2024,4.0,final,vae|MNIST|m2|s2024|e300|es1|b4,vae|m2|e300|es1|b4,89.43852734565735,"stage4_methods.json: (MNIST,ascending_scan_Q,2024,4).trace[1]",89.43852734565735,results/make49/stage4_cache/MNIST.json:vae|MNIST|m2|s2024|e300|es1|b4,True,not available,300,True
MNIST,ascending_scan_Q,31337,4.0,anchor,vae|MNIST|m64|s31337|e300|es1|b4,vae|m64|e300|es1|b4,76.10970902442932,"stage4_methods.json: (MNIST,ascending_scan_Q,31337,4).trace[0]",76.10970902442932,results/make49/stage4_cache/MNIST.json:vae|MNIST|m64|s31337|e300|es1|b4,,not available,300,True
MNIST,ascending_scan_Q,31337,4.0,final,vae|MNIST|m4|s31337|e300|es1|b4,vae|m4|e300|es1|b4,87.9604139328003,"stage4_methods.json: (MNIST,ascending_scan_Q,31337,4).trace[2]",87.9604139328003,results/make49/stage4_cache/MNIST.json:vae|MNIST|m4|s31337|e300|es1|b4,True,not available,300,True
MNIST,B4_plus_Q,42,4.0,anchor,vae|MNIST|m64|s42|e300|es1|b4,vae|m64|e300|es1|b4,95.81261610984802,"stage4_methods.json: (MNIST,B4_plus_Q,42,4).trace[3]",95.81261610984802,results/make49/stage4_cache/MNIST.json:vae|MNIST|m64|s42|e300|es1|b4,,not available,300,True
MNIST,B4_plus_Q,42,4.0,final,vae|MNIST|m10|s42|e300|es1|b4,vae|m10|e300|es1|b4,94.50192475318909,"stage4_methods.json: (MNIST,B4_plus_Q,42,4).trace[2]",94.50192475318909,results/make49/stage4_cache/MNIST.json:vae|MNIST|m10|s42|e300|es1|b4,True,not available,300,True
MNIST,B4_plus_Q,123,4.0,anchor,vae|MNIST|m64|s123|e300|es1|b4,vae|m64|e300|es1|b4,77.17379426956177,"stage4_methods.json: (MNIST,B4_plus_Q,123,4).trace[3]",77.17379426956177,results/make49/stage4_cache/MNIST.json:vae|MNIST|m64|s123|e300|es1|b4,,not available,300,True
MNIST,B4_plus_Q,123,4.0,final,vae|MNIST|m10|s123|e300|es1|b4,vae|m10|e300|es1|b4,50.32360529899597,"stage4_methods.json: (MNIST,B4_plus_Q,123,4).trace[2]",50.32360529899597,results/make49/stage4_cache/MNIST.json:vae|MNIST|m10|s123|e300|es1|b4,True,not available,300,True
MNIST,B4_plus_Q,777,4.0,anchor,vae|MNIST|m64|s777|e300|es1|b4,vae|m64|e300|es1|b4,93.39641547203064,"stage4_methods.json: (MNIST,B4_plus_Q,777,4).trace[3]",93.39641547203064,results/make49/stage4_cache/MNIST.json:vae|MNIST|m64|s777|e300|es1|b4,,not available,300,True
MNIST,B4_plus_Q,777,4.0,final,vae|MNIST|m10|s777|e300|es1|b4,vae|m10|e300|es1|b4,94.7635407447815,"stage4_methods.json: (MNIST,B4_plus_Q,777,4).trace[2]",94.7635407447815,results/make49/stage4_cache/MNIST.json:vae|MNIST|m10|s777|e300|es1|b4,True,not available,300,True
MNIST,B4_plus_Q,2024,4.0,anchor,vae|MNIST|m64|s2024|e300|es1|b4,vae|m64|e300|es1|b4,97.94245433807373,"stage4_methods.json: (MNIST,B4_plus_Q,2024,4).trace[3]",97.94245433807373,results/make49/stage4_cache/MNIST.json:vae|MNIST|m64|s2024|e300|es1|b4,,not available,300,True
MNIST,B4_plus_Q,2024,4.0,final,vae|MNIST|m10|s2024|e300|es1|b4,vae|m10|e300|es1|b4,87.00039005279541,"stage4_methods.json: (MNIST,B4_plus_Q,2024,4).trace[2]",87.00039005279541,results/make49/stage4_cache/MNIST.json:vae|MNIST|m10|s2024|e300|es1|b4,True,not available,300,True
MNIST,B4_plus_Q,31337,4.0,anchor,vae|MNIST|m64|s31337|e300|es1|b4,vae|m64|e300|es1|b4,76.10970902442932,"stage4_methods.json: (MNIST,B4_plus_Q,31337,4).trace[3]",76.10970902442932,results/make49/stage4_cache/MNIST.json:vae|MNIST|m64|s31337|e300|es1|b4,,not available,300,True
MNIST,B4_plus_Q,31337,4.0,final,vae|MNIST|m4|s31337|e300|es1|b4,vae|m4|e300|es1|b4,87.9604139328003,"stage4_methods.json: (MNIST,B4_plus_Q,31337,4).trace[1]",87.9604139328003,results/make49/stage4_cache/MNIST.json:vae|MNIST|m4|s31337|e300|es1|b4,True,not available,300,True
MNIST,B6a_plus_Q,42,4.0,anchor,vae|MNIST|m64|s42|e300|es1|b4,vae|m64|e300|es1|b4,95.81261610984802,"stage4_methods.json: (MNIST,B6a_plus_Q,42,4).trace[5]",95.81261610984802,results/make49/stage4_cache/MNIST.json:vae|MNIST|m64|s42|e300|es1|b4,,not available,300,True
MNIST,B6a_plus_Q,42,4.0,final,vae|MNIST|m8|s42|e300|es1|b4,vae|m8|e300|es1|b4,56.5801522731781,"stage4_methods.json: (MNIST,B6a_plus_Q,42,4).trace[6]",56.5801522731781,results/make49/stage4_cache/MNIST.json:vae|MNIST|m8|s42|e300|es1|b4,True,not available,300,True
MNIST,B6a_plus_Q,123,4.0,anchor,vae|MNIST|m64|s123|e300|es1|b4,vae|m64|e300|es1|b4,77.17379426956177,"stage4_methods.json: (MNIST,B6a_plus_Q,123,4).trace[5]",77.17379426956177,results/make49/stage4_cache/MNIST.json:vae|MNIST|m64|s123|e300|es1|b4,,not available,300,True
MNIST,B6a_plus_Q,123,4.0,final,vae|MNIST|m8|s123|e300|es1|b4,vae|m8|e300|es1|b4,79.7982714176178,"stage4_methods.json: (MNIST,B6a_plus_Q,123,4).trace[6]",79.7982714176178,results/make49/stage4_cache/MNIST.json:vae|MNIST|m8|s123|e300|es1|b4,True,not available,300,True
MNIST,B6a_plus_Q,777,4.0,anchor,vae|MNIST|m64|s777|e300|es1|b4,vae|m64|e300|es1|b4,93.39641547203064,"stage4_methods.json: (MNIST,B6a_plus_Q,777,4).trace[5]",93.39641547203064,results/make49/stage4_cache/MNIST.json:vae|MNIST|m64|s777|e300|es1|b4,,not available,300,True
MNIST,B6a_plus_Q,777,4.0,final,vae|MNIST|m8|s777|e300|es1|b4,vae|m8|e300|es1|b4,58.2968316078186,"stage4_methods.json: (MNIST,B6a_plus_Q,777,4).trace[6]",58.2968316078186,results/make49/stage4_cache/MNIST.json:vae|MNIST|m8|s777|e300|es1|b4,True,not available,300,True
MNIST,B6a_plus_Q,2024,4.0,anchor,vae|MNIST|m64|s2024|e300|es1|b4,vae|m64|e300|es1|b4,97.94245433807373,"stage4_methods.json: (MNIST,B6a_plus_Q,2024,4).trace[5]",97.94245433807373,results/make49/stage4_cache/MNIST.json:vae|MNIST|m64|s2024|e300|es1|b4,,not available,300,True
MNIST,B6a_plus_Q,2024,4.0,final,vae|MNIST|m8|s2024|e300|es1|b4,vae|m8|e300|es1|b4,58.33166456222534,"stage4_methods.json: (MNIST,B6a_plus_Q,2024,4).trace[6]",58.33166456222534,results/make49/stage4_cache/MNIST.json:vae|MNIST|m8|s2024|e300|es1|b4,True,not available,300,True
MNIST,B6a_plus_Q,31337,4.0,anchor,vae|MNIST|m64|s31337|e300|es1|b4,vae|m64|e300|es1|b4,76.10970902442932,"stage4_methods.json: (MNIST,B6a_plus_Q,31337,4).trace[5]",76.10970902442932,results/make49/stage4_cache/MNIST.json:vae|MNIST|m64|s31337|e300|es1|b4,,not available,300,True
MNIST,B6a_plus_Q,31337,4.0,final,vae|MNIST|m8|s31337|e300|es1|b4,vae|m8|e300|es1|b4,81.98022437095642,"stage4_methods.json: (MNIST,B6a_plus_Q,31337,4).trace[6]",81.98022437095642,results/make49/stage4_cache/MNIST.json:vae|MNIST|m8|s31337|e300|es1|b4,True,not available,300,True
MNIST,B6b_plus_Q,42,4.0,anchor,vae|MNIST|m64|s42|e300|es1|b4,vae|m64|e300|es1|b4,95.81261610984802,"stage4_methods.json: (MNIST,B6b_plus_Q,42,4).trace[1]",95.81261610984802,results/make49/stage4_cache/MNIST.json:vae|MNIST|m64|s42|e300|es1|b4,,not available,300,True
MNIST,B6b_plus_Q,42,4.0,final,vae|MNIST|m4|s42|e300|es1|b4,vae|m4|e300|es1|b4,69.8434944152832,"stage4_methods.json: (MNIST,B6b_plus_Q,42,4).trace[3]",69.8434944152832,results/make49/stage4_cache/MNIST.json:vae|MNIST|m4|s42|e300|es1|b4,True,not available,300,True
MNIST,B6b_plus_Q,123,4.0,anchor,vae|MNIST|m64|s123|e300|es1|b4,vae|m64|e300|es1|b4,77.17379426956177,"stage4_methods.json: (MNIST,B6b_plus_Q,123,4).trace[1]",77.17379426956177,results/make49/stage4_cache/MNIST.json:vae|MNIST|m64|s123|e300|es1|b4,,not available,300,True
MNIST,B6b_plus_Q,123,4.0,final,vae|MNIST|m4|s123|e300|es1|b4,vae|m4|e300|es1|b4,95.19837188720703,"stage4_methods.json: (MNIST,B6b_plus_Q,123,4).trace[3]",95.19837188720703,results/make49/stage4_cache/MNIST.json:vae|MNIST|m4|s123|e300|es1|b4,True,not available,300,True
MNIST,B6b_plus_Q,777,4.0,anchor,vae|MNIST|m64|s777|e300|es1|b4,vae|m64|e300|es1|b4,93.39641547203064,"stage4_methods.json: (MNIST,B6b_plus_Q,777,4).trace[1]",93.39641547203064,results/make49/stage4_cache/MNIST.json:vae|MNIST|m64|s777|e300|es1|b4,,not available,300,True
MNIST,B6b_plus_Q,777,4.0,final,vae|MNIST|m4|s777|e300|es1|b4,vae|m4|e300|es1|b4,94.92288994789124,"stage4_methods.json: (MNIST,B6b_plus_Q,777,4).trace[2]",94.92288994789124,results/make49/stage4_cache/MNIST.json:vae|MNIST|m4|s777|e300|es1|b4,True,not available,300,True
MNIST,B6b_plus_Q,2024,4.0,anchor,vae|MNIST|m64|s2024|e300|es1|b4,vae|m64|e300|es1|b4,97.94245433807373,"stage4_methods.json: (MNIST,B6b_plus_Q,2024,4).trace[1]",97.94245433807373,results/make49/stage4_cache/MNIST.json:vae|MNIST|m64|s2024|e300|es1|b4,,not available,300,True
MNIST,B6b_plus_Q,2024,4.0,final,vae|MNIST|m2|s2024|e300|es1|b4,vae|m2|e300|es1|b4,89.43852734565735,"stage4_methods.json: (MNIST,B6b_plus_Q,2024,4).trace[2]",89.43852734565735,results/make49/stage4_cache/MNIST.json:vae|MNIST|m2|s2024|e300|es1|b4,True,not available,300,True
MNIST,B6b_plus_Q,31337,4.0,anchor,vae|MNIST|m64|s31337|e300|es1|b4,vae|m64|e300|es1|b4,76.10970902442932,"stage4_methods.json: (MNIST,B6b_plus_Q,31337,4).trace[1]",76.10970902442932,results/make49/stage4_cache/MNIST.json:vae|MNIST|m64|s31337|e300|es1|b4,,not available,300,True
MNIST,B6b_plus_Q,31337,4.0,final,vae|MNIST|m4|s31337|e300|es1|b4,vae|m4|e300|es1|b4,87.9604139328003,"stage4_methods.json: (MNIST,B6b_plus_Q,31337,4).trace[3]",87.9604139328003,results/make49/stage4_cache/MNIST.json:vae|MNIST|m4|s31337|e300|es1|b4,True,not available,300,True
dSprites,B1_full_mse,42,4.0,anchor,vae|dSprites|m64|s42|e300|es1|b4,vae|m64|e300|es1|b4,335.816773891449,"stage4_methods.json: (dSprites,B1_full_mse,42,4).trace[11]",335.816773891449,results/make49/stage4_cache/dSprites.json:vae|dSprites|m64|s42|e300|es1|b4,,not available,300,True
dSprites,B1_full_mse,42,4.0,final,vae|dSprites|m48|s42|e300|es1|b4,vae|m48|e300|es1|b4,334.2973175048828,"stage4_methods.json: (dSprites,B1_full_mse,42,4).trace[10]",334.2973175048828,results/make49/stage4_cache/dSprites.json:vae|dSprites|m48|s42|e300|es1|b4,True,not available,300,True
dSprites,B1_full_mse,123,4.0,anchor,vae|dSprites|m64|s123|e300|es1|b4,vae|m64|e300|es1|b4,336.1480040550232,"stage4_methods.json: (dSprites,B1_full_mse,123,4).trace[11]",336.1480040550232,results/make49/stage4_cache/dSprites.json:vae|dSprites|m64|s123|e300|es1|b4,,not available,300,True
dSprites,B1_full_mse,123,4.0,final,vae|dSprites|m16|s123|e300|es1|b4,vae|m16|e300|es1|b4,330.3626706600189,"stage4_methods.json: (dSprites,B1_full_mse,123,4).trace[6]",330.3626706600189,results/make49/stage4_cache/dSprites.json:vae|dSprites|m16|s123|e300|es1|b4,True,not available,300,True
dSprites,B1_full_mse,777,4.0,anchor,vae|dSprites|m64|s777|e300|es1|b4,vae|m64|e300|es1|b4,336.7512528896332,"stage4_methods.json: (dSprites,B1_full_mse,777,4).trace[11]",336.7512528896332,results/make49/stage4_cache/dSprites.json:vae|dSprites|m64|s777|e300|es1|b4,,not available,300,True
dSprites,B1_full_mse,777,4.0,final,vae|dSprites|m16|s777|e300|es1|b4,vae|m16|e300|es1|b4,330.2289526462555,"stage4_methods.json: (dSprites,B1_full_mse,777,4).trace[6]",330.2289526462555,results/make49/stage4_cache/dSprites.json:vae|dSprites|m16|s777|e300|es1|b4,True,not available,300,True
dSprites,B1_full_mse,2024,4.0,anchor,vae|dSprites|m64|s2024|e300|es1|b4,vae|m64|e300|es1|b4,336.21560883522034,"stage4_methods.json: (dSprites,B1_full_mse,2024,4).trace[11]",336.21560883522034,results/make49/stage4_cache/dSprites.json:vae|dSprites|m64|s2024|e300|es1|b4,,not available,300,True
dSprites,B1_full_mse,2024,4.0,final,vae|dSprites|m32|s2024|e300|es1|b4,vae|m32|e300|es1|b4,331.70132398605347,"stage4_methods.json: (dSprites,B1_full_mse,2024,4).trace[9]",331.70132398605347,results/make49/stage4_cache/dSprites.json:vae|dSprites|m32|s2024|e300|es1|b4,True,not available,300,True
dSprites,B1_full_mse,31337,4.0,anchor,vae|dSprites|m64|s31337|e300|es1|b4,vae|m64|e300|es1|b4,336.2193920612335,"stage4_methods.json: (dSprites,B1_full_mse,31337,4).trace[11]",336.2193920612335,results/make49/stage4_cache/dSprites.json:vae|dSprites|m64|s31337|e300|es1|b4,,not available,300,True
dSprites,B1_full_mse,31337,4.0,final,vae|dSprites|m8|s31337|e300|es1|b4,vae|m8|e300|es1|b4,329.3383343219757,"stage4_methods.json: (dSprites,B1_full_mse,31337,4).trace[3]",329.3383343219757,results/make49/stage4_cache/dSprites.json:vae|dSprites|m8|s31337|e300|es1|b4,True,not available,300,True
dSprites,B2_full_elbo,42,4.0,anchor,vae|dSprites|m64|s42|e300|es1|b4,vae|m64|e300|es1|b4,335.816773891449,"stage4_methods.json: (dSprites,B2_full_elbo,42,4).trace[11]",335.816773891449,results/make49/stage4_cache/dSprites.json:vae|dSprites|m64|s42|e300|es1|b4,,not available,300,True
dSprites,B2_full_elbo,42,4.0,final,vae|dSprites|m48|s42|e300|es1|b4,vae|m48|e300|es1|b4,334.2973175048828,"stage4_methods.json: (dSprites,B2_full_elbo,42,4).trace[10]",334.2973175048828,results/make49/stage4_cache/dSprites.json:vae|dSprites|m48|s42|e300|es1|b4,True,not available,300,True
dSprites,B2_full_elbo,123,4.0,anchor,vae|dSprites|m64|s123|e300|es1|b4,vae|m64|e300|es1|b4,336.1480040550232,"stage4_methods.json: (dSprites,B2_full_elbo,123,4).trace[11]",336.1480040550232,results/make49/stage4_cache/dSprites.json:vae|dSprites|m64|s123|e300|es1|b4,,not available,300,True
dSprites,B2_full_elbo,123,4.0,final,vae|dSprites|m16|s123|e300|es1|b4,vae|m16|e300|es1|b4,330.3626706600189,"stage4_methods.json: (dSprites,B2_full_elbo,123,4).trace[6]",330.3626706600189,results/make49/stage4_cache/dSprites.json:vae|dSprites|m16|s123|e300|es1|b4,True,not available,300,True
dSprites,B2_full_elbo,777,4.0,anchor,vae|dSprites|m64|s777|e300|es1|b4,vae|m64|e300|es1|b4,336.7512528896332,"stage4_methods.json: (dSprites,B2_full_elbo,777,4).trace[11]",336.7512528896332,results/make49/stage4_cache/dSprites.json:vae|dSprites|m64|s777|e300|es1|b4,,not available,300,True
dSprites,B2_full_elbo,777,4.0,final,vae|dSprites|m16|s777|e300|es1|b4,vae|m16|e300|es1|b4,330.2289526462555,"stage4_methods.json: (dSprites,B2_full_elbo,777,4).trace[6]",330.2289526462555,results/make49/stage4_cache/dSprites.json:vae|dSprites|m16|s777|e300|es1|b4,True,not available,300,True
dSprites,B2_full_elbo,2024,4.0,anchor,vae|dSprites|m64|s2024|e300|es1|b4,vae|m64|e300|es1|b4,336.21560883522034,"stage4_methods.json: (dSprites,B2_full_elbo,2024,4).trace[11]",336.21560883522034,results/make49/stage4_cache/dSprites.json:vae|dSprites|m64|s2024|e300|es1|b4,,not available,300,True
dSprites,B2_full_elbo,2024,4.0,final,vae|dSprites|m32|s2024|e300|es1|b4,vae|m32|e300|es1|b4,331.70132398605347,"stage4_methods.json: (dSprites,B2_full_elbo,2024,4).trace[9]",331.70132398605347,results/make49/stage4_cache/dSprites.json:vae|dSprites|m32|s2024|e300|es1|b4,True,not available,300,True
dSprites,B2_full_elbo,31337,4.0,anchor,vae|dSprites|m64|s31337|e300|es1|b4,vae|m64|e300|es1|b4,336.2193920612335,"stage4_methods.json: (dSprites,B2_full_elbo,31337,4).trace[11]",336.2193920612335,results/make49/stage4_cache/dSprites.json:vae|dSprites|m64|s31337|e300|es1|b4,,not available,300,True
dSprites,B2_full_elbo,31337,4.0,final,vae|dSprites|m8|s31337|e300|es1|b4,vae|m8|e300|es1|b4,329.3383343219757,"stage4_methods.json: (dSprites,B2_full_elbo,31337,4).trace[3]",329.3383343219757,results/make49/stage4_cache/dSprites.json:vae|dSprites|m8|s31337|e300|es1|b4,True,not available,300,True
dSprites,B3_full_downstream,42,4.0,anchor,vae|dSprites|m64|s42|e300|es1|b4,vae|m64|e300|es1|b4,335.816773891449,"stage4_methods.json: (dSprites,B3_full_downstream,42,4).trace[11]",335.816773891449,results/make49/stage4_cache/dSprites.json:vae|dSprites|m64|s42|e300|es1|b4,,not available,300,True
dSprites,B3_full_downstream,42,4.0,final,vae|dSprites|m64|s42|e300|es1|b4,vae|m64|e300|es1|b4,335.816773891449,"stage4_methods.json: (dSprites,B3_full_downstream,42,4).trace[11]",335.816773891449,results/make49/stage4_cache/dSprites.json:vae|dSprites|m64|s42|e300|es1|b4,True,not available,300,True
dSprites,B3_full_downstream,123,4.0,anchor,vae|dSprites|m64|s123|e300|es1|b4,vae|m64|e300|es1|b4,336.1480040550232,"stage4_methods.json: (dSprites,B3_full_downstream,123,4).trace[11]",336.1480040550232,results/make49/stage4_cache/dSprites.json:vae|dSprites|m64|s123|e300|es1|b4,,not available,300,True
dSprites,B3_full_downstream,123,4.0,final,vae|dSprites|m32|s123|e300|es1|b4,vae|m32|e300|es1|b4,331.746045589447,"stage4_methods.json: (dSprites,B3_full_downstream,123,4).trace[9]",331.746045589447,results/make49/stage4_cache/dSprites.json:vae|dSprites|m32|s123|e300|es1|b4,True,not available,300,True
dSprites,B3_full_downstream,777,4.0,anchor,vae|dSprites|m64|s777|e300|es1|b4,vae|m64|e300|es1|b4,336.7512528896332,"stage4_methods.json: (dSprites,B3_full_downstream,777,4).trace[11]",336.7512528896332,results/make49/stage4_cache/dSprites.json:vae|dSprites|m64|s777|e300|es1|b4,,not available,300,True
dSprites,B3_full_downstream,777,4.0,final,vae|dSprites|m48|s777|e300|es1|b4,vae|m48|e300|es1|b4,334.560453414917,"stage4_methods.json: (dSprites,B3_full_downstream,777,4).trace[10]",334.560453414917,results/make49/stage4_cache/dSprites.json:vae|dSprites|m48|s777|e300|es1|b4,True,not available,300,True
dSprites,B3_full_downstream,2024,4.0,anchor,vae|dSprites|m64|s2024|e300|es1|b4,vae|m64|e300|es1|b4,336.21560883522034,"stage4_methods.json: (dSprites,B3_full_downstream,2024,4).trace[11]",336.21560883522034,results/make49/stage4_cache/dSprites.json:vae|dSprites|m64|s2024|e300|es1|b4,,not available,300,True
dSprites,B3_full_downstream,2024,4.0,final,vae|dSprites|m64|s2024|e300|es1|b4,vae|m64|e300|es1|b4,336.21560883522034,"stage4_methods.json: (dSprites,B3_full_downstream,2024,4).trace[11]",336.21560883522034,results/make49/stage4_cache/dSprites.json:vae|dSprites|m64|s2024|e300|es1|b4,True,not available,300,True
dSprites,B3_full_downstream,31337,4.0,anchor,vae|dSprites|m64|s31337|e300|es1|b4,vae|m64|e300|es1|b4,336.2193920612335,"stage4_methods.json: (dSprites,B3_full_downstream,31337,4).trace[11]",336.2193920612335,results/make49/stage4_cache/dSprites.json:vae|dSprites|m64|s31337|e300|es1|b4,,not available,300,True
dSprites,B3_full_downstream,31337,4.0,final,vae|dSprites|m64|s31337|e300|es1|b4,vae|m64|e300|es1|b4,336.2193920612335,"stage4_methods.json: (dSprites,B3_full_downstream,31337,4).trace[11]",336.2193920612335,results/make49/stage4_cache/dSprites.json:vae|dSprites|m64|s31337|e300|es1|b4,True,not available,300,True
dSprites,B4_coarse,42,4.0,anchor,vae|dSprites|m64|s42|e300|es1|b4,vae|m64|e300|es1|b4,335.816773891449,"stage4_methods.json: (dSprites,B4_coarse,42,4).trace[3]",335.816773891449,results/make49/stage4_cache/dSprites.json:vae|dSprites|m64|s42|e300|es1|b4,,not available,300,True
dSprites,B4_coarse,42,4.0,final,vae|dSprites|m64|s42|e300|es1|b4,vae|m64|e300|es1|b4,335.816773891449,"stage4_methods.json: (dSprites,B4_coarse,42,4).trace[3]",335.816773891449,results/make49/stage4_cache/dSprites.json:vae|dSprites|m64|s42|e300|es1|b4,True,not available,300,True
dSprites,B4_coarse,123,4.0,anchor,vae|dSprites|m64|s123|e300|es1|b4,vae|m64|e300|es1|b4,336.1480040550232,"stage4_methods.json: (dSprites,B4_coarse,123,4).trace[3]",336.1480040550232,results/make49/stage4_cache/dSprites.json:vae|dSprites|m64|s123|e300|es1|b4,,not available,300,True
dSprites,B4_coarse,123,4.0,final,vae|dSprites|m64|s123|e300|es1|b4,vae|m64|e300|es1|b4,336.1480040550232,"stage4_methods.json: (dSprites,B4_coarse,123,4).trace[3]",336.1480040550232,results/make49/stage4_cache/dSprites.json:vae|dSprites|m64|s123|e300|es1|b4,True,not available,300,True
dSprites,B4_coarse,777,4.0,anchor,vae|dSprites|m64|s777|e300|es1|b4,vae|m64|e300|es1|b4,336.7512528896332,"stage4_methods.json: (dSprites,B4_coarse,777,4).trace[3]",336.7512528896332,results/make49/stage4_cache/dSprites.json:vae|dSprites|m64|s777|e300|es1|b4,,not available,300,True
dSprites,B4_coarse,777,4.0,final,vae|dSprites|m64|s777|e300|es1|b4,vae|m64|e300|es1|b4,336.7512528896332,"stage4_methods.json: (dSprites,B4_coarse,777,4).trace[3]",336.7512528896332,results/make49/stage4_cache/dSprites.json:vae|dSprites|m64|s777|e300|es1|b4,True,not available,300,True
dSprites,B4_coarse,2024,4.0,anchor,vae|dSprites|m64|s2024|e300|es1|b4,vae|m64|e300|es1|b4,336.21560883522034,"stage4_methods.json: (dSprites,B4_coarse,2024,4).trace[3]",336.21560883522034,results/make49/stage4_cache/dSprites.json:vae|dSprites|m64|s2024|e300|es1|b4,,not available,300,True
dSprites,B4_coarse,2024,4.0,final,vae|dSprites|m64|s2024|e300|es1|b4,vae|m64|e300|es1|b4,336.21560883522034,"stage4_methods.json: (dSprites,B4_coarse,2024,4).trace[3]",336.21560883522034,results/make49/stage4_cache/dSprites.json:vae|dSprites|m64|s2024|e300|es1|b4,True,not available,300,True
dSprites,B4_coarse,31337,4.0,anchor,vae|dSprites|m64|s31337|e300|es1|b4,vae|m64|e300|es1|b4,336.2193920612335,"stage4_methods.json: (dSprites,B4_coarse,31337,4).trace[3]",336.2193920612335,results/make49/stage4_cache/dSprites.json:vae|dSprites|m64|s31337|e300|es1|b4,,not available,300,True
dSprites,B4_coarse,31337,4.0,final,vae|dSprites|m64|s31337|e300|es1|b4,vae|m64|e300|es1|b4,336.2193920612335,"stage4_methods.json: (dSprites,B4_coarse,31337,4).trace[3]",336.2193920612335,results/make49/stage4_cache/dSprites.json:vae|dSprites|m64|s31337|e300|es1|b4,True,not available,300,True
dSprites,B5_fixed32,42,4.0,anchor,vae|dSprites|m64|s42|e300|es1|b4,not in trace,,not charged in original ledger; MAKE50 used current snapshot,335.816773891449,results/make49/stage4_cache/dSprites.json:vae|dSprites|m64|s42|e300|es1|b4,,not available,300,True
dSprites,B5_fixed32,42,4.0,final,vae|dSprites|m32|s42|e300|es1|b4,vae|m32|e300|es1|b4,331.66996574401855,"stage4_methods.json: (dSprites,B5_fixed32,42,4).trace[0]",331.66996574401855,results/make49/stage4_cache/dSprites.json:vae|dSprites|m32|s42|e300|es1|b4,True,not available,300,True
dSprites,B5_fixed32,123,4.0,anchor,vae|dSprites|m64|s123|e300|es1|b4,not in trace,,not charged in original ledger; MAKE50 used current snapshot,336.1480040550232,results/make49/stage4_cache/dSprites.json:vae|dSprites|m64|s123|e300|es1|b4,,not available,300,True
dSprites,B5_fixed32,123,4.0,final,vae|dSprites|m32|s123|e300|es1|b4,vae|m32|e300|es1|b4,331.746045589447,"stage4_methods.json: (dSprites,B5_fixed32,123,4).trace[0]",331.746045589447,results/make49/stage4_cache/dSprites.json:vae|dSprites|m32|s123|e300|es1|b4,True,not available,300,True
dSprites,B5_fixed32,777,4.0,anchor,vae|dSprites|m64|s777|e300|es1|b4,not in trace,,not charged in original ledger; MAKE50 used current snapshot,336.7512528896332,results/make49/stage4_cache/dSprites.json:vae|dSprites|m64|s777|e300|es1|b4,,not available,300,True
dSprites,B5_fixed32,777,4.0,final,vae|dSprites|m32|s777|e300|es1|b4,vae|m32|e300|es1|b4,331.66693234443665,"stage4_methods.json: (dSprites,B5_fixed32,777,4).trace[0]",331.66693234443665,results/make49/stage4_cache/dSprites.json:vae|dSprites|m32|s777|e300|es1|b4,True,not available,300,True
dSprites,B5_fixed32,2024,4.0,anchor,vae|dSprites|m64|s2024|e300|es1|b4,not in trace,,not charged in original ledger; MAKE50 used current snapshot,336.21560883522034,results/make49/stage4_cache/dSprites.json:vae|dSprites|m64|s2024|e300|es1|b4,,not available,300,True
dSprites,B5_fixed32,2024,4.0,final,vae|dSprites|m32|s2024|e300|es1|b4,vae|m32|e300|es1|b4,331.70132398605347,"stage4_methods.json: (dSprites,B5_fixed32,2024,4).trace[0]",331.70132398605347,results/make49/stage4_cache/dSprites.json:vae|dSprites|m32|s2024|e300|es1|b4,True,not available,300,True
dSprites,B5_fixed32,31337,4.0,anchor,vae|dSprites|m64|s31337|e300|es1|b4,not in trace,,not charged in original ledger; MAKE50 used current snapshot,336.2193920612335,results/make49/stage4_cache/dSprites.json:vae|dSprites|m64|s31337|e300|es1|b4,,not available,300,True
dSprites,B5_fixed32,31337,4.0,final,vae|dSprites|m32|s31337|e300|es1|b4,vae|m32|e300|es1|b4,171.36306953430176,"stage4_methods.json: (dSprites,B5_fixed32,31337,4).trace[0]",171.36306953430176,results/make49/stage4_cache/dSprites.json:vae|dSprites|m32|s31337|e300|es1|b4,True,not available,300,True
dSprites,B6a_fondue,42,4.0,anchor,vae|dSprites|m64|s42|e300|es1|b4,not in trace,,not charged in original ledger; MAKE50 used current snapshot,335.816773891449,results/make49/stage4_cache/dSprites.json:vae|dSprites|m64|s42|e300|es1|b4,,not available,300,True
dSprites,B6a_fondue,42,4.0,final,vae|dSprites|m4|s42|e300|es1|b4,vae|m4|e300|es1|b4,139.07745385169983,"stage4_methods.json: (dSprites,B6a_fondue,42,4).trace[4]",139.07745385169983,results/make49/stage4_cache/dSprites.json:vae|dSprites|m4|s42|e300|es1|b4,True,not available,300,True
dSprites,B6a_fondue,123,4.0,anchor,vae|dSprites|m64|s123|e300|es1|b4,not in trace,,not charged in original ledger; MAKE50 used current snapshot,336.1480040550232,results/make49/stage4_cache/dSprites.json:vae|dSprites|m64|s123|e300|es1|b4,,not available,300,True
dSprites,B6a_fondue,123,4.0,final,vae|dSprites|m4|s123|e300|es1|b4,vae|m4|e300|es1|b4,196.01444911956787,"stage4_methods.json: (dSprites,B6a_fondue,123,4).trace[4]",196.01444911956787,results/make49/stage4_cache/dSprites.json:vae|dSprites|m4|s123|e300|es1|b4,True,not available,300,True
dSprites,B6a_fondue,777,4.0,anchor,vae|dSprites|m64|s777|e300|es1|b4,not in trace,,not charged in original ledger; MAKE50 used current snapshot,336.7512528896332,results/make49/stage4_cache/dSprites.json:vae|dSprites|m64|s777|e300|es1|b4,,not available,300,True
dSprites,B6a_fondue,777,4.0,final,vae|dSprites|m4|s777|e300|es1|b4,vae|m4|e300|es1|b4,98.64512205123901,"stage4_methods.json: (dSprites,B6a_fondue,777,4).trace[4]",98.64512205123901,results/make49/stage4_cache/dSprites.json:vae|dSprites|m4|s777|e300|es1|b4,True,not available,300,True
dSprites,B6a_fondue,2024,4.0,anchor,vae|dSprites|m64|s2024|e300|es1|b4,not in trace,,not charged in original ledger; MAKE50 used current snapshot,336.21560883522034,results/make49/stage4_cache/dSprites.json:vae|dSprites|m64|s2024|e300|es1|b4,,not available,300,True
dSprites,B6a_fondue,2024,4.0,final,vae|dSprites|m4|s2024|e300|es1|b4,vae|m4|e300|es1|b4,187.3407061100006,"stage4_methods.json: (dSprites,B6a_fondue,2024,4).trace[4]",187.3407061100006,results/make49/stage4_cache/dSprites.json:vae|dSprites|m4|s2024|e300|es1|b4,True,not available,300,True
dSprites,B6a_fondue,31337,4.0,anchor,vae|dSprites|m64|s31337|e300|es1|b4,not in trace,,not charged in original ledger; MAKE50 used current snapshot,336.2193920612335,results/make49/stage4_cache/dSprites.json:vae|dSprites|m64|s31337|e300|es1|b4,,not available,300,True
dSprites,B6a_fondue,31337,4.0,final,vae|dSprites|m4|s31337|e300|es1|b4,vae|m4|e300|es1|b4,166.50541806221008,"stage4_methods.json: (dSprites,B6a_fondue,31337,4).trace[4]",166.50541806221008,results/make49/stage4_cache/dSprites.json:vae|dSprites|m4|s31337|e300|es1|b4,True,not available,300,True
dSprites,B6b_fondue_var,42,4.0,anchor,vae|dSprites|m64|s42|e300|es1|b4,not in trace,,not charged in original ledger; MAKE50 used current snapshot,335.816773891449,results/make49/stage4_cache/dSprites.json:vae|dSprites|m64|s42|e300|es1|b4,,not available,300,True
dSprites,B6b_fondue_var,123,4.0,anchor,vae|dSprites|m64|s123|e300|es1|b4,not in trace,,not charged in original ledger; MAKE50 used current snapshot,336.1480040550232,results/make49/stage4_cache/dSprites.json:vae|dSprites|m64|s123|e300|es1|b4,,not available,300,True
dSprites,B6b_fondue_var,123,4.0,final,vae|dSprites|m28|s123|e300|es1|b4,vae|m28|e300|es1|b4,331.3455641269684,"stage4_methods.json: (dSprites,B6b_fondue_var,123,4).trace[2]",331.3455641269684,results/make49/stage4_cache/dSprites.json:vae|dSprites|m28|s123|e300|es1|b4,True,not available,300,True
dSprites,B6b_fondue_var,777,4.0,anchor,vae|dSprites|m64|s777|e300|es1|b4,not in trace,,not charged in original ledger; MAKE50 used current snapshot,336.7512528896332,results/make49/stage4_cache/dSprites.json:vae|dSprites|m64|s777|e300|es1|b4,,not available,300,True
dSprites,B6b_fondue_var,2024,4.0,anchor,vae|dSprites|m64|s2024|e300|es1|b4,not in trace,,not charged in original ledger; MAKE50 used current snapshot,336.21560883522034,results/make49/stage4_cache/dSprites.json:vae|dSprites|m64|s2024|e300|es1|b4,,not available,300,True
dSprites,B6b_fondue_var,2024,4.0,final,vae|dSprites|m58|s2024|e300|es1|b4,vae|m58|e300|es1|b4,335.65113735198975,"stage4_methods.json: (dSprites,B6b_fondue_var,2024,4).trace[3]",335.65113735198975,results/make49/stage4_cache/dSprites.json:vae|dSprites|m58|s2024|e300|es1|b4,True,not available,300,True
dSprites,B6b_fondue_var,31337,4.0,anchor,vae|dSprites|m64|s31337|e300|es1|b4,not in trace,,not charged in original ledger; MAKE50 used current snapshot,336.2193920612335,results/make49/stage4_cache/dSprites.json:vae|dSprites|m64|s31337|e300|es1|b4,,not available,300,True
dSprites,B6b_fondue_var,31337,4.0,final,vae|dSprites|m29|s31337|e300|es1|b4,vae|m29|e300|es1|b4,331.3964669704437,"stage4_methods.json: (dSprites,B6b_fondue_var,31337,4).trace[2]",331.3964669704437,results/make49/stage4_cache/dSprites.json:vae|dSprites|m29|s31337|e300|es1|b4,True,not available,300,True
dSprites,B6b_fondue_var_keepmixed_false,42,4.0,anchor,vae|dSprites|m64|s42|e300|es1|b4,not in trace,,not charged in original ledger; MAKE50 used current snapshot,335.816773891449,results/make49/stage4_cache/dSprites.json:vae|dSprites|m64|s42|e300|es1|b4,,not available,300,True
dSprites,B6b_fondue_var_keepmixed_false,123,4.0,anchor,vae|dSprites|m64|s123|e300|es1|b4,not in trace,,not charged in original ledger; MAKE50 used current snapshot,336.1480040550232,results/make49/stage4_cache/dSprites.json:vae|dSprites|m64|s123|e300|es1|b4,,not available,300,True
dSprites,B6b_fondue_var_keepmixed_false,777,4.0,anchor,vae|dSprites|m64|s777|e300|es1|b4,not in trace,,not charged in original ledger; MAKE50 used current snapshot,336.7512528896332,results/make49/stage4_cache/dSprites.json:vae|dSprites|m64|s777|e300|es1|b4,,not available,300,True
dSprites,B6b_fondue_var_keepmixed_false,2024,4.0,anchor,vae|dSprites|m64|s2024|e300|es1|b4,not in trace,,not charged in original ledger; MAKE50 used current snapshot,336.21560883522034,results/make49/stage4_cache/dSprites.json:vae|dSprites|m64|s2024|e300|es1|b4,,not available,300,True
dSprites,B6b_fondue_var_keepmixed_false,31337,4.0,anchor,vae|dSprites|m64|s31337|e300|es1|b4,not in trace,,not charged in original ledger; MAKE50 used current snapshot,336.2193920612335,results/make49/stage4_cache/dSprites.json:vae|dSprites|m64|s31337|e300|es1|b4,,not available,300,True
dSprites,proposed,42,4.0,anchor,vae|dSprites|m64|s42|e300|es1|b4,vae|m64|e300|es1|b4,335.816773891449,"stage4_methods.json: (dSprites,proposed,42,4).trace[12]",335.816773891449,results/make49/stage4_cache/dSprites.json:vae|dSprites|m64|s42|e300|es1|b4,,not available,300,True
dSprites,proposed,42,4.0,final,vae|dSprites|m64|s42|e300|es1|b4,vae|m64|e300|es1|b4,335.816773891449,"stage4_methods.json: (dSprites,proposed,42,4).trace[12]",335.816773891449,results/make49/stage4_cache/dSprites.json:vae|dSprites|m64|s42|e300|es1|b4,True,not available,300,True
dSprites,proposed,123,4.0,anchor,vae|dSprites|m64|s123|e300|es1|b4,vae|m64|e300|es1|b4,336.1480040550232,"stage4_methods.json: (dSprites,proposed,123,4).trace[12]",336.1480040550232,results/make49/stage4_cache/dSprites.json:vae|dSprites|m64|s123|e300|es1|b4,,not available,300,True
dSprites,proposed,123,4.0,final,vae|dSprites|m64|s123|e300|es1|b4,vae|m64|e300|es1|b4,336.1480040550232,"stage4_methods.json: (dSprites,proposed,123,4).trace[12]",336.1480040550232,results/make49/stage4_cache/dSprites.json:vae|dSprites|m64|s123|e300|es1|b4,True,not available,300,True
dSprites,proposed,777,4.0,anchor,vae|dSprites|m64|s777|e300|es1|b4,vae|m64|e300|es1|b4,336.7512528896332,"stage4_methods.json: (dSprites,proposed,777,4).trace[12]",336.7512528896332,results/make49/stage4_cache/dSprites.json:vae|dSprites|m64|s777|e300|es1|b4,,not available,300,True
dSprites,proposed,777,4.0,final,vae|dSprites|m64|s777|e300|es1|b4,vae|m64|e300|es1|b4,336.7512528896332,"stage4_methods.json: (dSprites,proposed,777,4).trace[12]",336.7512528896332,results/make49/stage4_cache/dSprites.json:vae|dSprites|m64|s777|e300|es1|b4,True,not available,300,True
dSprites,proposed,2024,4.0,anchor,vae|dSprites|m64|s2024|e300|es1|b4,vae|m64|e300|es1|b4,336.21560883522034,"stage4_methods.json: (dSprites,proposed,2024,4).trace[12]",336.21560883522034,results/make49/stage4_cache/dSprites.json:vae|dSprites|m64|s2024|e300|es1|b4,,not available,300,True
dSprites,proposed,2024,4.0,final,vae|dSprites|m64|s2024|e300|es1|b4,vae|m64|e300|es1|b4,336.21560883522034,"stage4_methods.json: (dSprites,proposed,2024,4).trace[12]",336.21560883522034,results/make49/stage4_cache/dSprites.json:vae|dSprites|m64|s2024|e300|es1|b4,True,not available,300,True
dSprites,proposed,31337,4.0,anchor,vae|dSprites|m64|s31337|e300|es1|b4,vae|m64|e300|es1|b4,336.2193920612335,"stage4_methods.json: (dSprites,proposed,31337,4).trace[12]",336.2193920612335,results/make49/stage4_cache/dSprites.json:vae|dSprites|m64|s31337|e300|es1|b4,,not available,300,True
dSprites,proposed,31337,4.0,final,vae|dSprites|m64|s31337|e300|es1|b4,vae|m64|e300|es1|b4,336.2193920612335,"stage4_methods.json: (dSprites,proposed,31337,4).trace[12]",336.2193920612335,results/make49/stage4_cache/dSprites.json:vae|dSprites|m64|s31337|e300|es1|b4,True,not available,300,True
dSprites,proposed_minus_AU,42,4.0,anchor,vae|dSprites|m64|s42|e300|es1|b4,vae|m64|e300|es1|b4,335.816773891449,"stage4_methods.json: (dSprites,proposed_minus_AU,42,4).trace[12]",335.816773891449,results/make49/stage4_cache/dSprites.json:vae|dSprites|m64|s42|e300|es1|b4,,not available,300,True
dSprites,proposed_minus_AU,42,4.0,final,vae|dSprites|m64|s42|e300|es1|b4,vae|m64|e300|es1|b4,335.816773891449,"stage4_methods.json: (dSprites,proposed_minus_AU,42,4).trace[12]",335.816773891449,results/make49/stage4_cache/dSprites.json:vae|dSprites|m64|s42|e300|es1|b4,True,not available,300,True
dSprites,proposed_minus_AU,123,4.0,anchor,vae|dSprites|m64|s123|e300|es1|b4,vae|m64|e300|es1|b4,336.1480040550232,"stage4_methods.json: (dSprites,proposed_minus_AU,123,4).trace[12]",336.1480040550232,results/make49/stage4_cache/dSprites.json:vae|dSprites|m64|s123|e300|es1|b4,,not available,300,True
dSprites,proposed_minus_AU,123,4.0,final,vae|dSprites|m64|s123|e300|es1|b4,vae|m64|e300|es1|b4,336.1480040550232,"stage4_methods.json: (dSprites,proposed_minus_AU,123,4).trace[12]",336.1480040550232,results/make49/stage4_cache/dSprites.json:vae|dSprites|m64|s123|e300|es1|b4,True,not available,300,True
dSprites,proposed_minus_AU,777,4.0,anchor,vae|dSprites|m64|s777|e300|es1|b4,vae|m64|e300|es1|b4,336.7512528896332,"stage4_methods.json: (dSprites,proposed_minus_AU,777,4).trace[12]",336.7512528896332,results/make49/stage4_cache/dSprites.json:vae|dSprites|m64|s777|e300|es1|b4,,not available,300,True
dSprites,proposed_minus_AU,777,4.0,final,vae|dSprites|m64|s777|e300|es1|b4,vae|m64|e300|es1|b4,336.7512528896332,"stage4_methods.json: (dSprites,proposed_minus_AU,777,4).trace[12]",336.7512528896332,results/make49/stage4_cache/dSprites.json:vae|dSprites|m64|s777|e300|es1|b4,True,not available,300,True
dSprites,proposed_minus_AU,2024,4.0,anchor,vae|dSprites|m64|s2024|e300|es1|b4,vae|m64|e300|es1|b4,336.21560883522034,"stage4_methods.json: (dSprites,proposed_minus_AU,2024,4).trace[12]",336.21560883522034,results/make49/stage4_cache/dSprites.json:vae|dSprites|m64|s2024|e300|es1|b4,,not available,300,True
dSprites,proposed_minus_AU,2024,4.0,final,vae|dSprites|m64|s2024|e300|es1|b4,vae|m64|e300|es1|b4,336.21560883522034,"stage4_methods.json: (dSprites,proposed_minus_AU,2024,4).trace[12]",336.21560883522034,results/make49/stage4_cache/dSprites.json:vae|dSprites|m64|s2024|e300|es1|b4,True,not available,300,True
dSprites,proposed_minus_AU,31337,4.0,anchor,vae|dSprites|m64|s31337|e300|es1|b4,vae|m64|e300|es1|b4,336.2193920612335,"stage4_methods.json: (dSprites,proposed_minus_AU,31337,4).trace[12]",336.2193920612335,results/make49/stage4_cache/dSprites.json:vae|dSprites|m64|s31337|e300|es1|b4,,not available,300,True
dSprites,proposed_minus_AU,31337,4.0,final,vae|dSprites|m64|s31337|e300|es1|b4,vae|m64|e300|es1|b4,336.2193920612335,"stage4_methods.json: (dSprites,proposed_minus_AU,31337,4).trace[12]",336.2193920612335,results/make49/stage4_cache/dSprites.json:vae|dSprites|m64|s31337|e300|es1|b4,True,not available,300,True
dSprites,ascending_scan_Q,42,4.0,anchor,vae|dSprites|m64|s42|e300|es1|b4,vae|m64|e300|es1|b4,335.816773891449,"stage4_methods.json: (dSprites,ascending_scan_Q,42,4).trace[0]",335.816773891449,results/make49/stage4_cache/dSprites.json:vae|dSprites|m64|s42|e300|es1|b4,,not available,300,True
dSprites,ascending_scan_Q,42,4.0,final,vae|dSprites|m10|s42|e300|es1|b4,vae|m10|e300|es1|b4,329.86784410476685,"stage4_methods.json: (dSprites,ascending_scan_Q,42,4).trace[5]",329.86784410476685,results/make49/stage4_cache/dSprites.json:vae|dSprites|m10|s42|e300|es1|b4,True,not available,300,True
dSprites,ascending_scan_Q,123,4.0,anchor,vae|dSprites|m64|s123|e300|es1|b4,vae|m64|e300|es1|b4,336.1480040550232,"stage4_methods.json: (dSprites,ascending_scan_Q,123,4).trace[0]",336.1480040550232,results/make49/stage4_cache/dSprites.json:vae|dSprites|m64|s123|e300|es1|b4,,not available,300,True
dSprites,ascending_scan_Q,123,4.0,final,vae|dSprites|m10|s123|e300|es1|b4,vae|m10|e300|es1|b4,329.5979993343353,"stage4_methods.json: (dSprites,ascending_scan_Q,123,4).trace[5]",329.5979993343353,results/make49/stage4_cache/dSprites.json:vae|dSprites|m10|s123|e300|es1|b4,True,not available,300,True
dSprites,ascending_scan_Q,777,4.0,anchor,vae|dSprites|m64|s777|e300|es1|b4,vae|m64|e300|es1|b4,336.7512528896332,"stage4_methods.json: (dSprites,ascending_scan_Q,777,4).trace[0]",336.7512528896332,results/make49/stage4_cache/dSprites.json:vae|dSprites|m64|s777|e300|es1|b4,,not available,300,True
dSprites,ascending_scan_Q,777,4.0,final,vae|dSprites|m12|s777|e300|es1|b4,vae|m12|e300|es1|b4,330.025025844574,"stage4_methods.json: (dSprites,ascending_scan_Q,777,4).trace[6]",330.025025844574,results/make49/stage4_cache/dSprites.json:vae|dSprites|m12|s777|e300|es1|b4,True,not available,300,True
dSprites,ascending_scan_Q,2024,4.0,anchor,vae|dSprites|m64|s2024|e300|es1|b4,vae|m64|e300|es1|b4,336.21560883522034,"stage4_methods.json: (dSprites,ascending_scan_Q,2024,4).trace[0]",336.21560883522034,results/make49/stage4_cache/dSprites.json:vae|dSprites|m64|s2024|e300|es1|b4,,not available,300,True
dSprites,ascending_scan_Q,2024,4.0,final,vae|dSprites|m8|s2024|e300|es1|b4,vae|m8|e300|es1|b4,328.9938552379608,"stage4_methods.json: (dSprites,ascending_scan_Q,2024,4).trace[4]",328.9938552379608,results/make49/stage4_cache/dSprites.json:vae|dSprites|m8|s2024|e300|es1|b4,True,not available,300,True
dSprites,ascending_scan_Q,31337,4.0,anchor,vae|dSprites|m64|s31337|e300|es1|b4,vae|m64|e300|es1|b4,336.2193920612335,"stage4_methods.json: (dSprites,ascending_scan_Q,31337,4).trace[0]",336.2193920612335,results/make49/stage4_cache/dSprites.json:vae|dSprites|m64|s31337|e300|es1|b4,,not available,300,True
dSprites,ascending_scan_Q,31337,4.0,final,vae|dSprites|m8|s31337|e300|es1|b4,vae|m8|e300|es1|b4,329.3383343219757,"stage4_methods.json: (dSprites,ascending_scan_Q,31337,4).trace[4]",329.3383343219757,results/make49/stage4_cache/dSprites.json:vae|dSprites|m8|s31337|e300|es1|b4,True,not available,300,True
dSprites,B4_plus_Q,42,4.0,anchor,vae|dSprites|m64|s42|e300|es1|b4,vae|m64|e300|es1|b4,335.816773891449,"stage4_methods.json: (dSprites,B4_plus_Q,42,4).trace[3]",335.816773891449,results/make49/stage4_cache/dSprites.json:vae|dSprites|m64|s42|e300|es1|b4,,not available,300,True
dSprites,B4_plus_Q,42,4.0,final,vae|dSprites|m64|s42|e300|es1|b4,vae|m64|e300|es1|b4,335.816773891449,"stage4_methods.json: (dSprites,B4_plus_Q,42,4).trace[3]",335.816773891449,results/make49/stage4_cache/dSprites.json:vae|dSprites|m64|s42|e300|es1|b4,True,not available,300,True
dSprites,B4_plus_Q,123,4.0,anchor,vae|dSprites|m64|s123|e300|es1|b4,vae|m64|e300|es1|b4,336.1480040550232,"stage4_methods.json: (dSprites,B4_plus_Q,123,4).trace[3]",336.1480040550232,results/make49/stage4_cache/dSprites.json:vae|dSprites|m64|s123|e300|es1|b4,,not available,300,True
dSprites,B4_plus_Q,123,4.0,final,vae|dSprites|m64|s123|e300|es1|b4,vae|m64|e300|es1|b4,336.1480040550232,"stage4_methods.json: (dSprites,B4_plus_Q,123,4).trace[3]",336.1480040550232,results/make49/stage4_cache/dSprites.json:vae|dSprites|m64|s123|e300|es1|b4,True,not available,300,True
dSprites,B4_plus_Q,777,4.0,anchor,vae|dSprites|m64|s777|e300|es1|b4,vae|m64|e300|es1|b4,336.7512528896332,"stage4_methods.json: (dSprites,B4_plus_Q,777,4).trace[3]",336.7512528896332,results/make49/stage4_cache/dSprites.json:vae|dSprites|m64|s777|e300|es1|b4,,not available,300,True
dSprites,B4_plus_Q,777,4.0,final,vae|dSprites|m64|s777|e300|es1|b4,vae|m64|e300|es1|b4,336.7512528896332,"stage4_methods.json: (dSprites,B4_plus_Q,777,4).trace[3]",336.7512528896332,results/make49/stage4_cache/dSprites.json:vae|dSprites|m64|s777|e300|es1|b4,True,not available,300,True
dSprites,B4_plus_Q,2024,4.0,anchor,vae|dSprites|m64|s2024|e300|es1|b4,vae|m64|e300|es1|b4,336.21560883522034,"stage4_methods.json: (dSprites,B4_plus_Q,2024,4).trace[3]",336.21560883522034,results/make49/stage4_cache/dSprites.json:vae|dSprites|m64|s2024|e300|es1|b4,,not available,300,True
dSprites,B4_plus_Q,2024,4.0,final,vae|dSprites|m64|s2024|e300|es1|b4,vae|m64|e300|es1|b4,336.21560883522034,"stage4_methods.json: (dSprites,B4_plus_Q,2024,4).trace[3]",336.21560883522034,results/make49/stage4_cache/dSprites.json:vae|dSprites|m64|s2024|e300|es1|b4,True,not available,300,True
dSprites,B4_plus_Q,31337,4.0,anchor,vae|dSprites|m64|s31337|e300|es1|b4,vae|m64|e300|es1|b4,336.2193920612335,"stage4_methods.json: (dSprites,B4_plus_Q,31337,4).trace[3]",336.2193920612335,results/make49/stage4_cache/dSprites.json:vae|dSprites|m64|s31337|e300|es1|b4,,not available,300,True
dSprites,B4_plus_Q,31337,4.0,final,vae|dSprites|m64|s31337|e300|es1|b4,vae|m64|e300|es1|b4,336.2193920612335,"stage4_methods.json: (dSprites,B4_plus_Q,31337,4).trace[3]",336.2193920612335,results/make49/stage4_cache/dSprites.json:vae|dSprites|m64|s31337|e300|es1|b4,True,not available,300,True
dSprites,B6a_plus_Q,42,4.0,anchor,vae|dSprites|m64|s42|e300|es1|b4,vae|m64|e300|es1|b4,335.816773891449,"stage4_methods.json: (dSprites,B6a_plus_Q,42,4).trace[4]",335.816773891449,results/make49/stage4_cache/dSprites.json:vae|dSprites|m64|s42|e300|es1|b4,,not available,300,True
dSprites,B6a_plus_Q,42,4.0,final,vae|dSprites|m10|s42|e300|es1|b4,vae|m10|e300|es1|b4,329.86784410476685,"stage4_methods.json: (dSprites,B6a_plus_Q,42,4).trace[8]",329.86784410476685,results/make49/stage4_cache/dSprites.json:vae|dSprites|m10|s42|e300|es1|b4,True,not available,300,True
dSprites,B6a_plus_Q,123,4.0,anchor,vae|dSprites|m64|s123|e300|es1|b4,vae|m64|e300|es1|b4,336.1480040550232,"stage4_methods.json: (dSprites,B6a_plus_Q,123,4).trace[4]",336.1480040550232,results/make49/stage4_cache/dSprites.json:vae|dSprites|m64|s123|e300|es1|b4,,not available,300,True
dSprites,B6a_plus_Q,123,4.0,final,vae|dSprites|m10|s123|e300|es1|b4,vae|m10|e300|es1|b4,329.5979993343353,"stage4_methods.json: (dSprites,B6a_plus_Q,123,4).trace[8]",329.5979993343353,results/make49/stage4_cache/dSprites.json:vae|dSprites|m10|s123|e300|es1|b4,True,not available,300,True
dSprites,B6a_plus_Q,777,4.0,anchor,vae|dSprites|m64|s777|e300|es1|b4,vae|m64|e300|es1|b4,336.7512528896332,"stage4_methods.json: (dSprites,B6a_plus_Q,777,4).trace[4]",336.7512528896332,results/make49/stage4_cache/dSprites.json:vae|dSprites|m64|s777|e300|es1|b4,,not available,300,True
dSprites,B6a_plus_Q,777,4.0,final,vae|dSprites|m12|s777|e300|es1|b4,vae|m12|e300|es1|b4,330.025025844574,"stage4_methods.json: (dSprites,B6a_plus_Q,777,4).trace[9]",330.025025844574,results/make49/stage4_cache/dSprites.json:vae|dSprites|m12|s777|e300|es1|b4,True,not available,300,True
dSprites,B6a_plus_Q,2024,4.0,anchor,vae|dSprites|m64|s2024|e300|es1|b4,vae|m64|e300|es1|b4,336.21560883522034,"stage4_methods.json: (dSprites,B6a_plus_Q,2024,4).trace[4]",336.21560883522034,results/make49/stage4_cache/dSprites.json:vae|dSprites|m64|s2024|e300|es1|b4,,not available,300,True
dSprites,B6a_plus_Q,2024,4.0,final,vae|dSprites|m8|s2024|e300|es1|b4,vae|m8|e300|es1|b4,328.9938552379608,"stage4_methods.json: (dSprites,B6a_plus_Q,2024,4).trace[7]",328.9938552379608,results/make49/stage4_cache/dSprites.json:vae|dSprites|m8|s2024|e300|es1|b4,True,not available,300,True
dSprites,B6a_plus_Q,31337,4.0,anchor,vae|dSprites|m64|s31337|e300|es1|b4,vae|m64|e300|es1|b4,336.2193920612335,"stage4_methods.json: (dSprites,B6a_plus_Q,31337,4).trace[4]",336.2193920612335,results/make49/stage4_cache/dSprites.json:vae|dSprites|m64|s31337|e300|es1|b4,,not available,300,True
dSprites,B6a_plus_Q,31337,4.0,final,vae|dSprites|m8|s31337|e300|es1|b4,vae|m8|e300|es1|b4,329.3383343219757,"stage4_methods.json: (dSprites,B6a_plus_Q,31337,4).trace[7]",329.3383343219757,results/make49/stage4_cache/dSprites.json:vae|dSprites|m8|s31337|e300|es1|b4,True,not available,300,True
dSprites,B6b_plus_Q,42,4.0,anchor,vae|dSprites|m64|s42|e300|es1|b4,vae|m64|e300|es1|b4,335.816773891449,"stage4_methods.json: (dSprites,B6b_plus_Q,42,4).trace[3]",335.816773891449,results/make49/stage4_cache/dSprites.json:vae|dSprites|m64|s42|e300|es1|b4,,not available,300,True
dSprites,B6b_plus_Q,42,4.0,final,vae|dSprites|m10|s42|e300|es1|b4,vae|m10|e300|es1|b4,329.86784410476685,"stage4_methods.json: (dSprites,B6b_plus_Q,42,4).trace[8]",329.86784410476685,results/make49/stage4_cache/dSprites.json:vae|dSprites|m10|s42|e300|es1|b4,True,not available,300,True
dSprites,B6b_plus_Q,123,4.0,anchor,vae|dSprites|m64|s123|e300|es1|b4,vae|m64|e300|es1|b4,336.1480040550232,"stage4_methods.json: (dSprites,B6b_plus_Q,123,4).trace[2]",336.1480040550232,results/make49/stage4_cache/dSprites.json:vae|dSprites|m64|s123|e300|es1|b4,,not available,300,True
dSprites,B6b_plus_Q,123,4.0,final,vae|dSprites|m32|s123|e300|es1|b4,vae|m32|e300|es1|b4,331.746045589447,"stage4_methods.json: (dSprites,B6b_plus_Q,123,4).trace[3]",331.746045589447,results/make49/stage4_cache/dSprites.json:vae|dSprites|m32|s123|e300|es1|b4,True,not available,300,True
dSprites,B6b_plus_Q,777,4.0,anchor,vae|dSprites|m64|s777|e300|es1|b4,vae|m64|e300|es1|b4,336.7512528896332,"stage4_methods.json: (dSprites,B6b_plus_Q,777,4).trace[3]",336.7512528896332,results/make49/stage4_cache/dSprites.json:vae|dSprites|m64|s777|e300|es1|b4,,not available,300,True
dSprites,B6b_plus_Q,777,4.0,final,vae|dSprites|m12|s777|e300|es1|b4,vae|m12|e300|es1|b4,330.025025844574,"stage4_methods.json: (dSprites,B6b_plus_Q,777,4).trace[9]",330.025025844574,results/make49/stage4_cache/dSprites.json:vae|dSprites|m12|s777|e300|es1|b4,True,not available,300,True
dSprites,B6b_plus_Q,2024,4.0,anchor,vae|dSprites|m64|s2024|e300|es1|b4,vae|m64|e300|es1|b4,336.21560883522034,"stage4_methods.json: (dSprites,B6b_plus_Q,2024,4).trace[3]",336.21560883522034,results/make49/stage4_cache/dSprites.json:vae|dSprites|m64|s2024|e300|es1|b4,,not available,300,True
dSprites,B6b_plus_Q,2024,4.0,final,vae|dSprites|m64|s2024|e300|es1|b4,vae|m64|e300|es1|b4,336.21560883522034,"stage4_methods.json: (dSprites,B6b_plus_Q,2024,4).trace[3]",336.21560883522034,results/make49/stage4_cache/dSprites.json:vae|dSprites|m64|s2024|e300|es1|b4,True,not available,300,True
dSprites,B6b_plus_Q,31337,4.0,anchor,vae|dSprites|m64|s31337|e300|es1|b4,vae|m64|e300|es1|b4,336.2193920612335,"stage4_methods.json: (dSprites,B6b_plus_Q,31337,4).trace[2]",336.2193920612335,results/make49/stage4_cache/dSprites.json:vae|dSprites|m64|s31337|e300|es1|b4,,not available,300,True
dSprites,B6b_plus_Q,31337,4.0,final,vae|dSprites|m64|s31337|e300|es1|b4,vae|m64|e300|es1|b4,336.2193920612335,"stage4_methods.json: (dSprites,B6b_plus_Q,31337,4).trace[2]",336.2193920612335,results/make49/stage4_cache/dSprites.json:vae|dSprites|m64|s31337|e300|es1|b4,True,not available,300,True
FashionMNIST,B1_full_mse,42,0.25,anchor,vae|FashionMNIST|m64|s42|e300|es1|b0.25,vae|m64|e300|es1|b0.25,25.051440954208374,"stage4_methods.json: (FashionMNIST,B1_full_mse,42,0.25).trace[11]",25.051440954208374,results/make49/stage4_cache/FashionMNIST.json:vae|FashionMNIST|m64|s42|e300|es1|b0.25,,not available,300,True
FashionMNIST,B1_full_mse,42,0.25,final,vae|FashionMNIST|m20|s42|e300|es1|b0.25,vae|m20|e300|es1|b0.25,32.343961238861084,"stage4_methods.json: (FashionMNIST,B1_full_mse,42,0.25).trace[7]",32.343961238861084,results/make49/stage4_cache/FashionMNIST.json:vae|FashionMNIST|m20|s42|e300|es1|b0.25,True,not available,300,True
FashionMNIST,B1_full_mse,123,0.25,anchor,vae|FashionMNIST|m64|s123|e300|es1|b0.25,vae|m64|e300|es1|b0.25,25.07490086555481,"stage4_methods.json: (FashionMNIST,B1_full_mse,123,0.25).trace[11]",25.07490086555481,results/make49/stage4_cache/FashionMNIST.json:vae|FashionMNIST|m64|s123|e300|es1|b0.25,,not available,300,True
FashionMNIST,B1_full_mse,123,0.25,final,vae|FashionMNIST|m16|s123|e300|es1|b0.25,vae|m16|e300|es1|b0.25,31.185185432434082,"stage4_methods.json: (FashionMNIST,B1_full_mse,123,0.25).trace[6]",31.185185432434082,results/make49/stage4_cache/FashionMNIST.json:vae|FashionMNIST|m16|s123|e300|es1|b0.25,True,not available,300,True
FashionMNIST,B1_full_mse,777,0.25,anchor,vae|FashionMNIST|m64|s777|e300|es1|b0.25,vae|m64|e300|es1|b0.25,22.793286323547363,"stage4_methods.json: (FashionMNIST,B1_full_mse,777,0.25).trace[11]",22.793286323547363,results/make49/stage4_cache/FashionMNIST.json:vae|FashionMNIST|m64|s777|e300|es1|b0.25,,not available,300,True
FashionMNIST,B1_full_mse,777,0.25,final,vae|FashionMNIST|m24|s777|e300|es1|b0.25,vae|m24|e300|es1|b0.25,44.941879987716675,"stage4_methods.json: (FashionMNIST,B1_full_mse,777,0.25).trace[8]",44.941879987716675,results/make49/stage4_cache/FashionMNIST.json:vae|FashionMNIST|m24|s777|e300|es1|b0.25,True,not available,300,True
FashionMNIST,B1_full_mse,2024,0.25,anchor,vae|FashionMNIST|m64|s2024|e300|es1|b0.25,vae|m64|e300|es1|b0.25,30.687610626220703,"stage4_methods.json: (FashionMNIST,B1_full_mse,2024,0.25).trace[11]",30.687610626220703,results/make49/stage4_cache/FashionMNIST.json:vae|FashionMNIST|m64|s2024|e300|es1|b0.25,,not available,300,True
FashionMNIST,B1_full_mse,2024,0.25,final,vae|FashionMNIST|m20|s2024|e300|es1|b0.25,vae|m20|e300|es1|b0.25,37.78721880912781,"stage4_methods.json: (FashionMNIST,B1_full_mse,2024,0.25).trace[7]",37.78721880912781,results/make49/stage4_cache/FashionMNIST.json:vae|FashionMNIST|m20|s2024|e300|es1|b0.25,True,not available,300,True
FashionMNIST,B1_full_mse,31337,0.25,anchor,vae|FashionMNIST|m64|s31337|e300|es1|b0.25,vae|m64|e300|es1|b0.25,31.27903389930725,"stage4_methods.json: (FashionMNIST,B1_full_mse,31337,0.25).trace[11]",31.27903389930725,results/make49/stage4_cache/FashionMNIST.json:vae|FashionMNIST|m64|s31337|e300|es1|b0.25,,not available,300,True
FashionMNIST,B1_full_mse,31337,0.25,final,vae|FashionMNIST|m64|s31337|e300|es1|b0.25,vae|m64|e300|es1|b0.25,31.27903389930725,"stage4_methods.json: (FashionMNIST,B1_full_mse,31337,0.25).trace[11]",31.27903389930725,results/make49/stage4_cache/FashionMNIST.json:vae|FashionMNIST|m64|s31337|e300|es1|b0.25,True,not available,300,True
FashionMNIST,B2_full_elbo,42,0.25,anchor,vae|FashionMNIST|m64|s42|e300|es1|b0.25,vae|m64|e300|es1|b0.25,25.051440954208374,"stage4_methods.json: (FashionMNIST,B2_full_elbo,42,0.25).trace[11]",25.051440954208374,results/make49/stage4_cache/FashionMNIST.json:vae|FashionMNIST|m64|s42|e300|es1|b0.25,,not available,300,True
FashionMNIST,B2_full_elbo,42,0.25,final,vae|FashionMNIST|m6|s42|e300|es1|b0.25,vae|m6|e300|es1|b0.25,31.901188850402832,"stage4_methods.json: (FashionMNIST,B2_full_elbo,42,0.25).trace[2]",31.901188850402832,results/make49/stage4_cache/FashionMNIST.json:vae|FashionMNIST|m6|s42|e300|es1|b0.25,True,not available,300,True
FashionMNIST,B2_full_elbo,123,0.25,anchor,vae|FashionMNIST|m64|s123|e300|es1|b0.25,vae|m64|e300|es1|b0.25,25.07490086555481,"stage4_methods.json: (FashionMNIST,B2_full_elbo,123,0.25).trace[11]",25.07490086555481,results/make49/stage4_cache/FashionMNIST.json:vae|FashionMNIST|m64|s123|e300|es1|b0.25,,not available,300,True
FashionMNIST,B2_full_elbo,123,0.25,final,vae|FashionMNIST|m48|s123|e300|es1|b0.25,vae|m48|e300|es1|b0.25,26.88232421875,"stage4_methods.json: (FashionMNIST,B2_full_elbo,123,0.25).trace[10]",26.88232421875,results/make49/stage4_cache/FashionMNIST.json:vae|FashionMNIST|m48|s123|e300|es1|b0.25,True,not available,300,True
FashionMNIST,B2_full_elbo,777,0.25,anchor,vae|FashionMNIST|m64|s777|e300|es1|b0.25,vae|m64|e300|es1|b0.25,22.793286323547363,"stage4_methods.json: (FashionMNIST,B2_full_elbo,777,0.25).trace[11]",22.793286323547363,results/make49/stage4_cache/FashionMNIST.json:vae|FashionMNIST|m64|s777|e300|es1|b0.25,,not available,300,True
FashionMNIST,B2_full_elbo,777,0.25,final,vae|FashionMNIST|m4|s777|e300|es1|b0.25,vae|m4|e300|es1|b0.25,32.92628622055054,"stage4_methods.json: (FashionMNIST,B2_full_elbo,777,0.25).trace[1]",32.92628622055054,results/make49/stage4_cache/FashionMNIST.json:vae|FashionMNIST|m4|s777|e300|es1|b0.25,True,not available,300,True
FashionMNIST,B2_full_elbo,2024,0.25,anchor,vae|FashionMNIST|m64|s2024|e300|es1|b0.25,vae|m64|e300|es1|b0.25,30.687610626220703,"stage4_methods.json: (FashionMNIST,B2_full_elbo,2024,0.25).trace[11]",30.687610626220703,results/make49/stage4_cache/FashionMNIST.json:vae|FashionMNIST|m64|s2024|e300|es1|b0.25,,not available,300,True
FashionMNIST,B2_full_elbo,2024,0.25,final,vae|FashionMNIST|m4|s2024|e300|es1|b0.25,vae|m4|e300|es1|b0.25,23.146467208862305,"stage4_methods.json: (FashionMNIST,B2_full_elbo,2024,0.25).trace[1]",23.146467208862305,results/make49/stage4_cache/FashionMNIST.json:vae|FashionMNIST|m4|s2024|e300|es1|b0.25,True,not available,300,True
FashionMNIST,B2_full_elbo,31337,0.25,anchor,vae|FashionMNIST|m64|s31337|e300|es1|b0.25,vae|m64|e300|es1|b0.25,31.27903389930725,"stage4_methods.json: (FashionMNIST,B2_full_elbo,31337,0.25).trace[11]",31.27903389930725,results/make49/stage4_cache/FashionMNIST.json:vae|FashionMNIST|m64|s31337|e300|es1|b0.25,,not available,300,True
FashionMNIST,B2_full_elbo,31337,0.25,final,vae|FashionMNIST|m4|s31337|e300|es1|b0.25,vae|m4|e300|es1|b0.25,40.08127760887146,"stage4_methods.json: (FashionMNIST,B2_full_elbo,31337,0.25).trace[1]",40.08127760887146,results/make49/stage4_cache/FashionMNIST.json:vae|FashionMNIST|m4|s31337|e300|es1|b0.25,True,not available,300,True
FashionMNIST,B3_full_downstream,42,0.25,anchor,vae|FashionMNIST|m64|s42|e300|es1|b0.25,vae|m64|e300|es1|b0.25,25.051440954208374,"stage4_methods.json: (FashionMNIST,B3_full_downstream,42,0.25).trace[11]",25.051440954208374,results/make49/stage4_cache/FashionMNIST.json:vae|FashionMNIST|m64|s42|e300|es1|b0.25,,not available,300,True
FashionMNIST,B3_full_downstream,42,0.25,final,vae|FashionMNIST|m48|s42|e300|es1|b0.25,vae|m48|e300|es1|b0.25,20.073985815048218,"stage4_methods.json: (FashionMNIST,B3_full_downstream,42,0.25).trace[10]",20.073985815048218,results/make49/stage4_cache/FashionMNIST.json:vae|FashionMNIST|m48|s42|e300|es1|b0.25,True,not available,300,True
FashionMNIST,B3_full_downstream,123,0.25,anchor,vae|FashionMNIST|m64|s123|e300|es1|b0.25,vae|m64|e300|es1|b0.25,25.07490086555481,"stage4_methods.json: (FashionMNIST,B3_full_downstream,123,0.25).trace[11]",25.07490086555481,results/make49/stage4_cache/FashionMNIST.json:vae|FashionMNIST|m64|s123|e300|es1|b0.25,,not available,300,True
FashionMNIST,B3_full_downstream,123,0.25,final,vae|FashionMNIST|m64|s123|e300|es1|b0.25,vae|m64|e300|es1|b0.25,25.07490086555481,"stage4_methods.json: (FashionMNIST,B3_full_downstream,123,0.25).trace[11]",25.07490086555481,results/make49/stage4_cache/FashionMNIST.json:vae|FashionMNIST|m64|s123|e300|es1|b0.25,True,not available,300,True
FashionMNIST,B3_full_downstream,777,0.25,anchor,vae|FashionMNIST|m64|s777|e300|es1|b0.25,vae|m64|e300|es1|b0.25,22.793286323547363,"stage4_methods.json: (FashionMNIST,B3_full_downstream,777,0.25).trace[11]",22.793286323547363,results/make49/stage4_cache/FashionMNIST.json:vae|FashionMNIST|m64|s777|e300|es1|b0.25,,not available,300,True
FashionMNIST,B3_full_downstream,777,0.25,final,vae|FashionMNIST|m48|s777|e300|es1|b0.25,vae|m48|e300|es1|b0.25,21.858068227767944,"stage4_methods.json: (FashionMNIST,B3_full_downstream,777,0.25).trace[10]",21.858068227767944,results/make49/stage4_cache/FashionMNIST.json:vae|FashionMNIST|m48|s777|e300|es1|b0.25,True,not available,300,True
FashionMNIST,B3_full_downstream,2024,0.25,anchor,vae|FashionMNIST|m64|s2024|e300|es1|b0.25,vae|m64|e300|es1|b0.25,30.687610626220703,"stage4_methods.json: (FashionMNIST,B3_full_downstream,2024,0.25).trace[11]",30.687610626220703,results/make49/stage4_cache/FashionMNIST.json:vae|FashionMNIST|m64|s2024|e300|es1|b0.25,,not available,300,True
FashionMNIST,B3_full_downstream,2024,0.25,final,vae|FashionMNIST|m64|s2024|e300|es1|b0.25,vae|m64|e300|es1|b0.25,30.687610626220703,"stage4_methods.json: (FashionMNIST,B3_full_downstream,2024,0.25).trace[11]",30.687610626220703,results/make49/stage4_cache/FashionMNIST.json:vae|FashionMNIST|m64|s2024|e300|es1|b0.25,True,not available,300,True
FashionMNIST,B3_full_downstream,31337,0.25,anchor,vae|FashionMNIST|m64|s31337|e300|es1|b0.25,vae|m64|e300|es1|b0.25,31.27903389930725,"stage4_methods.json: (FashionMNIST,B3_full_downstream,31337,0.25).trace[11]",31.27903389930725,results/make49/stage4_cache/FashionMNIST.json:vae|FashionMNIST|m64|s31337|e300|es1|b0.25,,not available,300,True
FashionMNIST,B3_full_downstream,31337,0.25,final,vae|FashionMNIST|m64|s31337|e300|es1|b0.25,vae|m64|e300|es1|b0.25,31.27903389930725,"stage4_methods.json: (FashionMNIST,B3_full_downstream,31337,0.25).trace[11]",31.27903389930725,results/make49/stage4_cache/FashionMNIST.json:vae|FashionMNIST|m64|s31337|e300|es1|b0.25,True,not available,300,True
FashionMNIST,B4_coarse,42,0.25,anchor,vae|FashionMNIST|m64|s42|e300|es1|b0.25,vae|m64|e300|es1|b0.25,25.051440954208374,"stage4_methods.json: (FashionMNIST,B4_coarse,42,0.25).trace[3]",25.051440954208374,results/make49/stage4_cache/FashionMNIST.json:vae|FashionMNIST|m64|s42|e300|es1|b0.25,,not available,300,True
FashionMNIST,B4_coarse,42,0.25,final,vae|FashionMNIST|m10|s42|e300|es1|b0.25,vae|m10|e300|es1|b0.25,34.09979510307312,"stage4_methods.json: (FashionMNIST,B4_coarse,42,0.25).trace[2]",34.09979510307312,results/make49/stage4_cache/FashionMNIST.json:vae|FashionMNIST|m10|s42|e300|es1|b0.25,True,not available,300,True
FashionMNIST,B4_coarse,123,0.25,anchor,vae|FashionMNIST|m64|s123|e300|es1|b0.25,vae|m64|e300|es1|b0.25,25.07490086555481,"stage4_methods.json: (FashionMNIST,B4_coarse,123,0.25).trace[3]",25.07490086555481,results/make49/stage4_cache/FashionMNIST.json:vae|FashionMNIST|m64|s123|e300|es1|b0.25,,not available,300,True
FashionMNIST,B4_coarse,123,0.25,final,vae|FashionMNIST|m64|s123|e300|es1|b0.25,vae|m64|e300|es1|b0.25,25.07490086555481,"stage4_methods.json: (FashionMNIST,B4_coarse,123,0.25).trace[3]",25.07490086555481,results/make49/stage4_cache/FashionMNIST.json:vae|FashionMNIST|m64|s123|e300|es1|b0.25,True,not available,300,True
FashionMNIST,B4_coarse,777,0.25,anchor,vae|FashionMNIST|m64|s777|e300|es1|b0.25,vae|m64|e300|es1|b0.25,22.793286323547363,"stage4_methods.json: (FashionMNIST,B4_coarse,777,0.25).trace[3]",22.793286323547363,results/make49/stage4_cache/FashionMNIST.json:vae|FashionMNIST|m64|s777|e300|es1|b0.25,,not available,300,True
FashionMNIST,B4_coarse,777,0.25,final,vae|FashionMNIST|m10|s777|e300|es1|b0.25,vae|m10|e300|es1|b0.25,25.960404872894287,"stage4_methods.json: (FashionMNIST,B4_coarse,777,0.25).trace[2]",25.960404872894287,results/make49/stage4_cache/FashionMNIST.json:vae|FashionMNIST|m10|s777|e300|es1|b0.25,True,not available,300,True
FashionMNIST,B4_coarse,2024,0.25,anchor,vae|FashionMNIST|m64|s2024|e300|es1|b0.25,vae|m64|e300|es1|b0.25,30.687610626220703,"stage4_methods.json: (FashionMNIST,B4_coarse,2024,0.25).trace[3]",30.687610626220703,results/make49/stage4_cache/FashionMNIST.json:vae|FashionMNIST|m64|s2024|e300|es1|b0.25,,not available,300,True
FashionMNIST,B4_coarse,2024,0.25,final,vae|FashionMNIST|m64|s2024|e300|es1|b0.25,vae|m64|e300|es1|b0.25,30.687610626220703,"stage4_methods.json: (FashionMNIST,B4_coarse,2024,0.25).trace[3]",30.687610626220703,results/make49/stage4_cache/FashionMNIST.json:vae|FashionMNIST|m64|s2024|e300|es1|b0.25,True,not available,300,True
FashionMNIST,B4_coarse,31337,0.25,anchor,vae|FashionMNIST|m64|s31337|e300|es1|b0.25,vae|m64|e300|es1|b0.25,31.27903389930725,"stage4_methods.json: (FashionMNIST,B4_coarse,31337,0.25).trace[3]",31.27903389930725,results/make49/stage4_cache/FashionMNIST.json:vae|FashionMNIST|m64|s31337|e300|es1|b0.25,,not available,300,True
FashionMNIST,B4_coarse,31337,0.25,final,vae|FashionMNIST|m64|s31337|e300|es1|b0.25,vae|m64|e300|es1|b0.25,31.27903389930725,"stage4_methods.json: (FashionMNIST,B4_coarse,31337,0.25).trace[3]",31.27903389930725,results/make49/stage4_cache/FashionMNIST.json:vae|FashionMNIST|m64|s31337|e300|es1|b0.25,True,not available,300,True
FashionMNIST,B5_fixed32,42,0.25,anchor,vae|FashionMNIST|m64|s42|e300|es1|b0.25,not in trace,,not charged in original ledger; MAKE50 used current snapshot,25.051440954208374,results/make49/stage4_cache/FashionMNIST.json:vae|FashionMNIST|m64|s42|e300|es1|b0.25,,not available,300,True
FashionMNIST,B5_fixed32,42,0.25,final,vae|FashionMNIST|m32|s42|e300|es1|b0.25,vae|m32|e300|es1|b0.25,29.769282579421997,"stage4_methods.json: (FashionMNIST,B5_fixed32,42,0.25).trace[0]",29.769282579421997,results/make49/stage4_cache/FashionMNIST.json:vae|FashionMNIST|m32|s42|e300|es1|b0.25,True,not available,300,True
FashionMNIST,B5_fixed32,123,0.25,anchor,vae|FashionMNIST|m64|s123|e300|es1|b0.25,not in trace,,not charged in original ledger; MAKE50 used current snapshot,25.07490086555481,results/make49/stage4_cache/FashionMNIST.json:vae|FashionMNIST|m64|s123|e300|es1|b0.25,,not available,300,True
FashionMNIST,B5_fixed32,123,0.25,final,vae|FashionMNIST|m32|s123|e300|es1|b0.25,vae|m32|e300|es1|b0.25,30.989827632904053,"stage4_methods.json: (FashionMNIST,B5_fixed32,123,0.25).trace[0]",30.989827632904053,results/make49/stage4_cache/FashionMNIST.json:vae|FashionMNIST|m32|s123|e300|es1|b0.25,True,not available,300,True
FashionMNIST,B5_fixed32,777,0.25,anchor,vae|FashionMNIST|m64|s777|e300|es1|b0.25,not in trace,,not charged in original ledger; MAKE50 used current snapshot,22.793286323547363,results/make49/stage4_cache/FashionMNIST.json:vae|FashionMNIST|m64|s777|e300|es1|b0.25,,not available,300,True
FashionMNIST,B5_fixed32,777,0.25,final,vae|FashionMNIST|m32|s777|e300|es1|b0.25,vae|m32|e300|es1|b0.25,24.201728582382202,"stage4_methods.json: (FashionMNIST,B5_fixed32,777,0.25).trace[0]",24.201728582382202,results/make49/stage4_cache/FashionMNIST.json:vae|FashionMNIST|m32|s777|e300|es1|b0.25,True,not available,300,True
FashionMNIST,B5_fixed32,2024,0.25,anchor,vae|FashionMNIST|m64|s2024|e300|es1|b0.25,not in trace,,not charged in original ledger; MAKE50 used current snapshot,30.687610626220703,results/make49/stage4_cache/FashionMNIST.json:vae|FashionMNIST|m64|s2024|e300|es1|b0.25,,not available,300,True
FashionMNIST,B5_fixed32,2024,0.25,final,vae|FashionMNIST|m32|s2024|e300|es1|b0.25,vae|m32|e300|es1|b0.25,34.83921408653259,"stage4_methods.json: (FashionMNIST,B5_fixed32,2024,0.25).trace[0]",34.83921408653259,results/make49/stage4_cache/FashionMNIST.json:vae|FashionMNIST|m32|s2024|e300|es1|b0.25,True,not available,300,True
FashionMNIST,B5_fixed32,31337,0.25,anchor,vae|FashionMNIST|m64|s31337|e300|es1|b0.25,not in trace,,not charged in original ledger; MAKE50 used current snapshot,31.27903389930725,results/make49/stage4_cache/FashionMNIST.json:vae|FashionMNIST|m64|s31337|e300|es1|b0.25,,not available,300,True
FashionMNIST,B5_fixed32,31337,0.25,final,vae|FashionMNIST|m32|s31337|e300|es1|b0.25,vae|m32|e300|es1|b0.25,49.95530557632446,"stage4_methods.json: (FashionMNIST,B5_fixed32,31337,0.25).trace[0]",49.95530557632446,results/make49/stage4_cache/FashionMNIST.json:vae|FashionMNIST|m32|s31337|e300|es1|b0.25,True,not available,300,True
FashionMNIST,B6a_fondue,42,0.25,anchor,vae|FashionMNIST|m64|s42|e300|es1|b0.25,not in trace,,not charged in original ledger; MAKE50 used current snapshot,25.051440954208374,results/make49/stage4_cache/FashionMNIST.json:vae|FashionMNIST|m64|s42|e300|es1|b0.25,,not available,300,True
FashionMNIST,B6a_fondue,42,0.25,final,vae|FashionMNIST|m6|s42|e300|es1|b0.25,vae|m6|e300|es1|b0.25,31.901188850402832,"stage4_methods.json: (FashionMNIST,B6a_fondue,42,0.25).trace[4]",31.901188850402832,results/make49/stage4_cache/FashionMNIST.json:vae|FashionMNIST|m6|s42|e300|es1|b0.25,True,not available,300,True
FashionMNIST,B6a_fondue,123,0.25,anchor,vae|FashionMNIST|m64|s123|e300|es1|b0.25,not in trace,,not charged in original ledger; MAKE50 used current snapshot,25.07490086555481,results/make49/stage4_cache/FashionMNIST.json:vae|FashionMNIST|m64|s123|e300|es1|b0.25,,not available,300,True
FashionMNIST,B6a_fondue,123,0.25,final,vae|FashionMNIST|m7|s123|e300|es1|b0.25,vae|m7|e300|es1|b0.25,32.10878944396973,"stage4_methods.json: (FashionMNIST,B6a_fondue,123,0.25).trace[5]",32.10878944396973,results/make49/stage4_cache/FashionMNIST.json:vae|FashionMNIST|m7|s123|e300|es1|b0.25,True,not available,300,True
FashionMNIST,B6a_fondue,777,0.25,anchor,vae|FashionMNIST|m64|s777|e300|es1|b0.25,not in trace,,not charged in original ledger; MAKE50 used current snapshot,22.793286323547363,results/make49/stage4_cache/FashionMNIST.json:vae|FashionMNIST|m64|s777|e300|es1|b0.25,,not available,300,True
FashionMNIST,B6a_fondue,777,0.25,final,vae|FashionMNIST|m7|s777|e300|es1|b0.25,vae|m7|e300|es1|b0.25,34.49144792556763,"stage4_methods.json: (FashionMNIST,B6a_fondue,777,0.25).trace[5]",34.49144792556763,results/make49/stage4_cache/FashionMNIST.json:vae|FashionMNIST|m7|s777|e300|es1|b0.25,True,not available,300,True
FashionMNIST,B6a_fondue,2024,0.25,anchor,vae|FashionMNIST|m64|s2024|e300|es1|b0.25,not in trace,,not charged in original ledger; MAKE50 used current snapshot,30.687610626220703,results/make49/stage4_cache/FashionMNIST.json:vae|FashionMNIST|m64|s2024|e300|es1|b0.25,,not available,300,True
FashionMNIST,B6a_fondue,2024,0.25,final,vae|FashionMNIST|m7|s2024|e300|es1|b0.25,vae|m7|e300|es1|b0.25,26.658093214035034,"stage4_methods.json: (FashionMNIST,B6a_fondue,2024,0.25).trace[5]",26.658093214035034,results/make49/stage4_cache/FashionMNIST.json:vae|FashionMNIST|m7|s2024|e300|es1|b0.25,True,not available,300,True
FashionMNIST,B6a_fondue,31337,0.25,anchor,vae|FashionMNIST|m64|s31337|e300|es1|b0.25,not in trace,,not charged in original ledger; MAKE50 used current snapshot,31.27903389930725,results/make49/stage4_cache/FashionMNIST.json:vae|FashionMNIST|m64|s31337|e300|es1|b0.25,,not available,300,True
FashionMNIST,B6a_fondue,31337,0.25,final,vae|FashionMNIST|m7|s31337|e300|es1|b0.25,vae|m7|e300|es1|b0.25,36.54407501220703,"stage4_methods.json: (FashionMNIST,B6a_fondue,31337,0.25).trace[5]",36.54407501220703,results/make49/stage4_cache/FashionMNIST.json:vae|FashionMNIST|m7|s31337|e300|es1|b0.25,True,not available,300,True
FashionMNIST,B6b_fondue_var,42,0.25,anchor,vae|FashionMNIST|m64|s42|e300|es1|b0.25,not in trace,,not charged in original ledger; MAKE50 used current snapshot,25.051440954208374,results/make49/stage4_cache/FashionMNIST.json:vae|FashionMNIST|m64|s42|e300|es1|b0.25,,not available,300,True
FashionMNIST,B6b_fondue_var,42,0.25,final,vae|FashionMNIST|m74|s42|e300|es1|b0.25,vae|m74|e300|es1|b0.25,37.01734113693237,"stage4_methods.json: (FashionMNIST,B6b_fondue_var,42,0.25).trace[3]",37.01734113693237,results/make49/stage4_cache/FashionMNIST.json:vae|FashionMNIST|m74|s42|e300|es1|b0.25,True,not available,300,True
FashionMNIST,B6b_fondue_var,123,0.25,anchor,vae|FashionMNIST|m64|s123|e300|es1|b0.25,not in trace,,not charged in original ledger; MAKE50 used current snapshot,25.07490086555481,results/make49/stage4_cache/FashionMNIST.json:vae|FashionMNIST|m64|s123|e300|es1|b0.25,,not available,300,True
FashionMNIST,B6b_fondue_var,123,0.25,final,vae|FashionMNIST|m49|s123|e300|es1|b0.25,vae|m49|e300|es1|b0.25,30.600892782211304,"stage4_methods.json: (FashionMNIST,B6b_fondue_var,123,0.25).trace[2]",30.600892782211304,results/make49/stage4_cache/FashionMNIST.json:vae|FashionMNIST|m49|s123|e300|es1|b0.25,True,not available,300,True
FashionMNIST,B6b_fondue_var,777,0.25,anchor,vae|FashionMNIST|m64|s777|e300|es1|b0.25,not in trace,,not charged in original ledger; MAKE50 used current snapshot,22.793286323547363,results/make49/stage4_cache/FashionMNIST.json:vae|FashionMNIST|m64|s777|e300|es1|b0.25,,not available,300,True
FashionMNIST,B6b_fondue_var,777,0.25,final,vae|FashionMNIST|m83|s777|e300|es1|b0.25,vae|m83|e300|es1|b0.25,22.114511251449585,"stage4_methods.json: (FashionMNIST,B6b_fondue_var,777,0.25).trace[3]",22.114511251449585,results/make49/stage4_cache/FashionMNIST.json:vae|FashionMNIST|m83|s777|e300|es1|b0.25,True,not available,300,True
FashionMNIST,B6b_fondue_var,2024,0.25,anchor,vae|FashionMNIST|m64|s2024|e300|es1|b0.25,not in trace,,not charged in original ledger; MAKE50 used current snapshot,30.687610626220703,results/make49/stage4_cache/FashionMNIST.json:vae|FashionMNIST|m64|s2024|e300|es1|b0.25,,not available,300,True
FashionMNIST,B6b_fondue_var,2024,0.25,final,vae|FashionMNIST|m82|s2024|e300|es1|b0.25,vae|m82|e300|es1|b0.25,33.26335406303406,"stage4_methods.json: (FashionMNIST,B6b_fondue_var,2024,0.25).trace[3]",33.26335406303406,results/make49/stage4_cache/FashionMNIST.json:vae|FashionMNIST|m82|s2024|e300|es1|b0.25,True,not available,300,True
FashionMNIST,B6b_fondue_var,31337,0.25,anchor,vae|FashionMNIST|m64|s31337|e300|es1|b0.25,not in trace,,not charged in original ledger; MAKE50 used current snapshot,31.27903389930725,results/make49/stage4_cache/FashionMNIST.json:vae|FashionMNIST|m64|s31337|e300|es1|b0.25,,not available,300,True
FashionMNIST,B6b_fondue_var,31337,0.25,final,vae|FashionMNIST|m49|s31337|e300|es1|b0.25,vae|m49|e300|es1|b0.25,34.01528978347778,"stage4_methods.json: (FashionMNIST,B6b_fondue_var,31337,0.25).trace[2]",34.01528978347778,results/make49/stage4_cache/FashionMNIST.json:vae|FashionMNIST|m49|s31337|e300|es1|b0.25,True,not available,300,True
FashionMNIST,B6b_fondue_var_keepmixed_false,42,0.25,anchor,vae|FashionMNIST|m64|s42|e300|es1|b0.25,not in trace,,not charged in original ledger; MAKE50 used current snapshot,25.051440954208374,results/make49/stage4_cache/FashionMNIST.json:vae|FashionMNIST|m64|s42|e300|es1|b0.25,,not available,300,True
FashionMNIST,B6b_fondue_var_keepmixed_false,42,0.25,final,vae|FashionMNIST|m3|s42|e300|es1|b0.25,vae|m3|e300|es1|b0.25,33.023481130599976,"stage4_methods.json: (FashionMNIST,B6b_fondue_var_keepmixed_false,42,0.25).trace[1]",33.023481130599976,results/make49/stage4_cache/FashionMNIST.json:vae|FashionMNIST|m3|s42|e300|es1|b0.25,True,not available,300,True
FashionMNIST,B6b_fondue_var_keepmixed_false,123,0.25,anchor,vae|FashionMNIST|m64|s123|e300|es1|b0.25,not in trace,,not charged in original ledger; MAKE50 used current snapshot,25.07490086555481,results/make49/stage4_cache/FashionMNIST.json:vae|FashionMNIST|m64|s123|e300|es1|b0.25,,not available,300,True
FashionMNIST,B6b_fondue_var_keepmixed_false,123,0.25,final,vae|FashionMNIST|m3|s123|e300|es1|b0.25,vae|m3|e300|es1|b0.25,22.364704847335815,"stage4_methods.json: (FashionMNIST,B6b_fondue_var_keepmixed_false,123,0.25).trace[1]",22.364704847335815,results/make49/stage4_cache/FashionMNIST.json:vae|FashionMNIST|m3|s123|e300|es1|b0.25,True,not available,300,True
FashionMNIST,B6b_fondue_var_keepmixed_false,777,0.25,anchor,vae|FashionMNIST|m64|s777|e300|es1|b0.25,not in trace,,not charged in original ledger; MAKE50 used current snapshot,22.793286323547363,results/make49/stage4_cache/FashionMNIST.json:vae|FashionMNIST|m64|s777|e300|es1|b0.25,,not available,300,True
FashionMNIST,B6b_fondue_var_keepmixed_false,777,0.25,final,vae|FashionMNIST|m1|s777|e300|es1|b0.25,vae|m1|e300|es1|b0.25,50.62518119812012,"stage4_methods.json: (FashionMNIST,B6b_fondue_var_keepmixed_false,777,0.25).trace[1]",50.62518119812012,results/make49/stage4_cache/FashionMNIST.json:vae|FashionMNIST|m1|s777|e300|es1|b0.25,True,not available,300,True
FashionMNIST,B6b_fondue_var_keepmixed_false,2024,0.25,anchor,vae|FashionMNIST|m64|s2024|e300|es1|b0.25,not in trace,,not charged in original ledger; MAKE50 used current snapshot,30.687610626220703,results/make49/stage4_cache/FashionMNIST.json:vae|FashionMNIST|m64|s2024|e300|es1|b0.25,,not available,300,True
FashionMNIST,B6b_fondue_var_keepmixed_false,2024,0.25,final,vae|FashionMNIST|m3|s2024|e300|es1|b0.25,vae|m3|e300|es1|b0.25,42.33737349510193,"stage4_methods.json: (FashionMNIST,B6b_fondue_var_keepmixed_false,2024,0.25).trace[1]",42.33737349510193,results/make49/stage4_cache/FashionMNIST.json:vae|FashionMNIST|m3|s2024|e300|es1|b0.25,True,not available,300,True
FashionMNIST,B6b_fondue_var_keepmixed_false,31337,0.25,anchor,vae|FashionMNIST|m64|s31337|e300|es1|b0.25,not in trace,,not charged in original ledger; MAKE50 used current snapshot,31.27903389930725,results/make49/stage4_cache/FashionMNIST.json:vae|FashionMNIST|m64|s31337|e300|es1|b0.25,,not available,300,True
FashionMNIST,B6b_fondue_var_keepmixed_false,31337,0.25,final,vae|FashionMNIST|m1|s31337|e300|es1|b0.25,vae|m1|e300|es1|b0.25,48.07301926612854,"stage4_methods.json: (FashionMNIST,B6b_fondue_var_keepmixed_false,31337,0.25).trace[1]",48.07301926612854,results/make49/stage4_cache/FashionMNIST.json:vae|FashionMNIST|m1|s31337|e300|es1|b0.25,True,not available,300,True
FashionMNIST,proposed,42,0.25,anchor,vae|FashionMNIST|m64|s42|e300|es1|b0.25,vae|m64|e300|es1|b0.25,25.051440954208374,"stage4_methods.json: (FashionMNIST,proposed,42,0.25).trace[12]",25.051440954208374,results/make49/stage4_cache/FashionMNIST.json:vae|FashionMNIST|m64|s42|e300|es1|b0.25,,not available,300,True
FashionMNIST,proposed,42,0.25,final,vae|FashionMNIST|m10|s42|e300|es1|b0.25,vae|m10|e300|es1|b0.25,34.09979510307312,"stage4_methods.json: (FashionMNIST,proposed,42,0.25).trace[11]",34.09979510307312,results/make49/stage4_cache/FashionMNIST.json:vae|FashionMNIST|m10|s42|e300|es1|b0.25,True,not available,300,True
FashionMNIST,proposed,123,0.25,anchor,vae|FashionMNIST|m64|s123|e300|es1|b0.25,vae|m64|e300|es1|b0.25,25.07490086555481,"stage4_methods.json: (FashionMNIST,proposed,123,0.25).trace[12]",25.07490086555481,results/make49/stage4_cache/FashionMNIST.json:vae|FashionMNIST|m64|s123|e300|es1|b0.25,,not available,300,True
FashionMNIST,proposed,123,0.25,final,vae|FashionMNIST|m64|s123|e300|es1|b0.25,vae|m64|e300|es1|b0.25,25.07490086555481,"stage4_methods.json: (FashionMNIST,proposed,123,0.25).trace[12]",25.07490086555481,results/make49/stage4_cache/FashionMNIST.json:vae|FashionMNIST|m64|s123|e300|es1|b0.25,True,not available,300,True
FashionMNIST,proposed,777,0.25,anchor,vae|FashionMNIST|m64|s777|e300|es1|b0.25,vae|m64|e300|es1|b0.25,22.793286323547363,"stage4_methods.json: (FashionMNIST,proposed,777,0.25).trace[12]",22.793286323547363,results/make49/stage4_cache/FashionMNIST.json:vae|FashionMNIST|m64|s777|e300|es1|b0.25,,not available,300,True
FashionMNIST,proposed,777,0.25,final,vae|FashionMNIST|m10|s777|e300|es1|b0.25,vae|m10|e300|es1|b0.25,25.960404872894287,"stage4_methods.json: (FashionMNIST,proposed,777,0.25).trace[11]",25.960404872894287,results/make49/stage4_cache/FashionMNIST.json:vae|FashionMNIST|m10|s777|e300|es1|b0.25,True,not available,300,True
FashionMNIST,proposed,2024,0.25,anchor,vae|FashionMNIST|m64|s2024|e300|es1|b0.25,vae|m64|e300|es1|b0.25,30.687610626220703,"stage4_methods.json: (FashionMNIST,proposed,2024,0.25).trace[12]",30.687610626220703,results/make49/stage4_cache/FashionMNIST.json:vae|FashionMNIST|m64|s2024|e300|es1|b0.25,,not available,300,True
FashionMNIST,proposed,2024,0.25,final,vae|FashionMNIST|m64|s2024|e300|es1|b0.25,vae|m64|e300|es1|b0.25,30.687610626220703,"stage4_methods.json: (FashionMNIST,proposed,2024,0.25).trace[12]",30.687610626220703,results/make49/stage4_cache/FashionMNIST.json:vae|FashionMNIST|m64|s2024|e300|es1|b0.25,True,not available,300,True
FashionMNIST,proposed,31337,0.25,anchor,vae|FashionMNIST|m64|s31337|e300|es1|b0.25,vae|m64|e300|es1|b0.25,31.27903389930725,"stage4_methods.json: (FashionMNIST,proposed,31337,0.25).trace[12]",31.27903389930725,results/make49/stage4_cache/FashionMNIST.json:vae|FashionMNIST|m64|s31337|e300|es1|b0.25,,not available,300,True
FashionMNIST,proposed,31337,0.25,final,vae|FashionMNIST|m64|s31337|e300|es1|b0.25,vae|m64|e300|es1|b0.25,31.27903389930725,"stage4_methods.json: (FashionMNIST,proposed,31337,0.25).trace[12]",31.27903389930725,results/make49/stage4_cache/FashionMNIST.json:vae|FashionMNIST|m64|s31337|e300|es1|b0.25,True,not available,300,True
FashionMNIST,proposed_minus_AU,42,0.25,anchor,vae|FashionMNIST|m64|s42|e300|es1|b0.25,vae|m64|e300|es1|b0.25,25.051440954208374,"stage4_methods.json: (FashionMNIST,proposed_minus_AU,42,0.25).trace[12]",25.051440954208374,results/make49/stage4_cache/FashionMNIST.json:vae|FashionMNIST|m64|s42|e300|es1|b0.25,,not available,300,True
FashionMNIST,proposed_minus_AU,42,0.25,final,vae|FashionMNIST|m10|s42|e300|es1|b0.25,vae|m10|e300|es1|b0.25,34.09979510307312,"stage4_methods.json: (FashionMNIST,proposed_minus_AU,42,0.25).trace[11]",34.09979510307312,results/make49/stage4_cache/FashionMNIST.json:vae|FashionMNIST|m10|s42|e300|es1|b0.25,True,not available,300,True
FashionMNIST,proposed_minus_AU,123,0.25,anchor,vae|FashionMNIST|m64|s123|e300|es1|b0.25,vae|m64|e300|es1|b0.25,25.07490086555481,"stage4_methods.json: (FashionMNIST,proposed_minus_AU,123,0.25).trace[12]",25.07490086555481,results/make49/stage4_cache/FashionMNIST.json:vae|FashionMNIST|m64|s123|e300|es1|b0.25,,not available,300,True
FashionMNIST,proposed_minus_AU,123,0.25,final,vae|FashionMNIST|m64|s123|e300|es1|b0.25,vae|m64|e300|es1|b0.25,25.07490086555481,"stage4_methods.json: (FashionMNIST,proposed_minus_AU,123,0.25).trace[12]",25.07490086555481,results/make49/stage4_cache/FashionMNIST.json:vae|FashionMNIST|m64|s123|e300|es1|b0.25,True,not available,300,True
FashionMNIST,proposed_minus_AU,777,0.25,anchor,vae|FashionMNIST|m64|s777|e300|es1|b0.25,vae|m64|e300|es1|b0.25,22.793286323547363,"stage4_methods.json: (FashionMNIST,proposed_minus_AU,777,0.25).trace[12]",22.793286323547363,results/make49/stage4_cache/FashionMNIST.json:vae|FashionMNIST|m64|s777|e300|es1|b0.25,,not available,300,True
FashionMNIST,proposed_minus_AU,777,0.25,final,vae|FashionMNIST|m10|s777|e300|es1|b0.25,vae|m10|e300|es1|b0.25,25.960404872894287,"stage4_methods.json: (FashionMNIST,proposed_minus_AU,777,0.25).trace[11]",25.960404872894287,results/make49/stage4_cache/FashionMNIST.json:vae|FashionMNIST|m10|s777|e300|es1|b0.25,True,not available,300,True
FashionMNIST,proposed_minus_AU,2024,0.25,anchor,vae|FashionMNIST|m64|s2024|e300|es1|b0.25,vae|m64|e300|es1|b0.25,30.687610626220703,"stage4_methods.json: (FashionMNIST,proposed_minus_AU,2024,0.25).trace[12]",30.687610626220703,results/make49/stage4_cache/FashionMNIST.json:vae|FashionMNIST|m64|s2024|e300|es1|b0.25,,not available,300,True
FashionMNIST,proposed_minus_AU,2024,0.25,final,vae|FashionMNIST|m64|s2024|e300|es1|b0.25,vae|m64|e300|es1|b0.25,30.687610626220703,"stage4_methods.json: (FashionMNIST,proposed_minus_AU,2024,0.25).trace[12]",30.687610626220703,results/make49/stage4_cache/FashionMNIST.json:vae|FashionMNIST|m64|s2024|e300|es1|b0.25,True,not available,300,True
FashionMNIST,proposed_minus_AU,31337,0.25,anchor,vae|FashionMNIST|m64|s31337|e300|es1|b0.25,vae|m64|e300|es1|b0.25,31.27903389930725,"stage4_methods.json: (FashionMNIST,proposed_minus_AU,31337,0.25).trace[12]",31.27903389930725,results/make49/stage4_cache/FashionMNIST.json:vae|FashionMNIST|m64|s31337|e300|es1|b0.25,,not available,300,True
FashionMNIST,proposed_minus_AU,31337,0.25,final,vae|FashionMNIST|m64|s31337|e300|es1|b0.25,vae|m64|e300|es1|b0.25,31.27903389930725,"stage4_methods.json: (FashionMNIST,proposed_minus_AU,31337,0.25).trace[12]",31.27903389930725,results/make49/stage4_cache/FashionMNIST.json:vae|FashionMNIST|m64|s31337|e300|es1|b0.25,True,not available,300,True
FashionMNIST,ascending_scan_Q,42,0.25,anchor,vae|FashionMNIST|m64|s42|e300|es1|b0.25,vae|m64|e300|es1|b0.25,25.051440954208374,"stage4_methods.json: (FashionMNIST,ascending_scan_Q,42,0.25).trace[0]",25.051440954208374,results/make49/stage4_cache/FashionMNIST.json:vae|FashionMNIST|m64|s42|e300|es1|b0.25,,not available,300,True
FashionMNIST,ascending_scan_Q,42,0.25,final,vae|FashionMNIST|m6|s42|e300|es1|b0.25,vae|m6|e300|es1|b0.25,31.901188850402832,"stage4_methods.json: (FashionMNIST,ascending_scan_Q,42,0.25).trace[3]",31.901188850402832,results/make49/stage4_cache/FashionMNIST.json:vae|FashionMNIST|m6|s42|e300|es1|b0.25,True,not available,300,True
FashionMNIST,ascending_scan_Q,123,0.25,anchor,vae|FashionMNIST|m64|s123|e300|es1|b0.25,vae|m64|e300|es1|b0.25,25.07490086555481,"stage4_methods.json: (FashionMNIST,ascending_scan_Q,123,0.25).trace[0]",25.07490086555481,results/make49/stage4_cache/FashionMNIST.json:vae|FashionMNIST|m64|s123|e300|es1|b0.25,,not available,300,True
FashionMNIST,ascending_scan_Q,123,0.25,final,vae|FashionMNIST|m6|s123|e300|es1|b0.25,vae|m6|e300|es1|b0.25,27.844092845916748,"stage4_methods.json: (FashionMNIST,ascending_scan_Q,123,0.25).trace[3]",27.844092845916748,results/make49/stage4_cache/FashionMNIST.json:vae|FashionMNIST|m6|s123|e300|es1|b0.25,True,not available,300,True
FashionMNIST,ascending_scan_Q,777,0.25,anchor,vae|FashionMNIST|m64|s777|e300|es1|b0.25,vae|m64|e300|es1|b0.25,22.793286323547363,"stage4_methods.json: (FashionMNIST,ascending_scan_Q,777,0.25).trace[0]",22.793286323547363,results/make49/stage4_cache/FashionMNIST.json:vae|FashionMNIST|m64|s777|e300|es1|b0.25,,not available,300,True
FashionMNIST,ascending_scan_Q,777,0.25,final,vae|FashionMNIST|m6|s777|e300|es1|b0.25,vae|m6|e300|es1|b0.25,30.090903520584106,"stage4_methods.json: (FashionMNIST,ascending_scan_Q,777,0.25).trace[3]",30.090903520584106,results/make49/stage4_cache/FashionMNIST.json:vae|FashionMNIST|m6|s777|e300|es1|b0.25,True,not available,300,True
FashionMNIST,ascending_scan_Q,2024,0.25,anchor,vae|FashionMNIST|m64|s2024|e300|es1|b0.25,vae|m64|e300|es1|b0.25,30.687610626220703,"stage4_methods.json: (FashionMNIST,ascending_scan_Q,2024,0.25).trace[0]",30.687610626220703,results/make49/stage4_cache/FashionMNIST.json:vae|FashionMNIST|m64|s2024|e300|es1|b0.25,,not available,300,True
FashionMNIST,ascending_scan_Q,2024,0.25,final,vae|FashionMNIST|m6|s2024|e300|es1|b0.25,vae|m6|e300|es1|b0.25,21.976524353027344,"stage4_methods.json: (FashionMNIST,ascending_scan_Q,2024,0.25).trace[3]",21.976524353027344,results/make49/stage4_cache/FashionMNIST.json:vae|FashionMNIST|m6|s2024|e300|es1|b0.25,True,not available,300,True
FashionMNIST,ascending_scan_Q,31337,0.25,anchor,vae|FashionMNIST|m64|s31337|e300|es1|b0.25,vae|m64|e300|es1|b0.25,31.27903389930725,"stage4_methods.json: (FashionMNIST,ascending_scan_Q,31337,0.25).trace[0]",31.27903389930725,results/make49/stage4_cache/FashionMNIST.json:vae|FashionMNIST|m64|s31337|e300|es1|b0.25,,not available,300,True
FashionMNIST,ascending_scan_Q,31337,0.25,final,vae|FashionMNIST|m6|s31337|e300|es1|b0.25,vae|m6|e300|es1|b0.25,24.25027370452881,"stage4_methods.json: (FashionMNIST,ascending_scan_Q,31337,0.25).trace[3]",24.25027370452881,results/make49/stage4_cache/FashionMNIST.json:vae|FashionMNIST|m6|s31337|e300|es1|b0.25,True,not available,300,True
FashionMNIST,B4_plus_Q,42,0.25,anchor,vae|FashionMNIST|m64|s42|e300|es1|b0.25,vae|m64|e300|es1|b0.25,25.051440954208374,"stage4_methods.json: (FashionMNIST,B4_plus_Q,42,0.25).trace[3]",25.051440954208374,results/make49/stage4_cache/FashionMNIST.json:vae|FashionMNIST|m64|s42|e300|es1|b0.25,,not available,300,True
FashionMNIST,B4_plus_Q,42,0.25,final,vae|FashionMNIST|m10|s42|e300|es1|b0.25,vae|m10|e300|es1|b0.25,34.09979510307312,"stage4_methods.json: (FashionMNIST,B4_plus_Q,42,0.25).trace[2]",34.09979510307312,results/make49/stage4_cache/FashionMNIST.json:vae|FashionMNIST|m10|s42|e300|es1|b0.25,True,not available,300,True
FashionMNIST,B4_plus_Q,123,0.25,anchor,vae|FashionMNIST|m64|s123|e300|es1|b0.25,vae|m64|e300|es1|b0.25,25.07490086555481,"stage4_methods.json: (FashionMNIST,B4_plus_Q,123,0.25).trace[3]",25.07490086555481,results/make49/stage4_cache/FashionMNIST.json:vae|FashionMNIST|m64|s123|e300|es1|b0.25,,not available,300,True
FashionMNIST,B4_plus_Q,123,0.25,final,vae|FashionMNIST|m64|s123|e300|es1|b0.25,vae|m64|e300|es1|b0.25,25.07490086555481,"stage4_methods.json: (FashionMNIST,B4_plus_Q,123,0.25).trace[3]",25.07490086555481,results/make49/stage4_cache/FashionMNIST.json:vae|FashionMNIST|m64|s123|e300|es1|b0.25,True,not available,300,True
FashionMNIST,B4_plus_Q,777,0.25,anchor,vae|FashionMNIST|m64|s777|e300|es1|b0.25,vae|m64|e300|es1|b0.25,22.793286323547363,"stage4_methods.json: (FashionMNIST,B4_plus_Q,777,0.25).trace[3]",22.793286323547363,results/make49/stage4_cache/FashionMNIST.json:vae|FashionMNIST|m64|s777|e300|es1|b0.25,,not available,300,True
FashionMNIST,B4_plus_Q,777,0.25,final,vae|FashionMNIST|m10|s777|e300|es1|b0.25,vae|m10|e300|es1|b0.25,25.960404872894287,"stage4_methods.json: (FashionMNIST,B4_plus_Q,777,0.25).trace[2]",25.960404872894287,results/make49/stage4_cache/FashionMNIST.json:vae|FashionMNIST|m10|s777|e300|es1|b0.25,True,not available,300,True
FashionMNIST,B4_plus_Q,2024,0.25,anchor,vae|FashionMNIST|m64|s2024|e300|es1|b0.25,vae|m64|e300|es1|b0.25,30.687610626220703,"stage4_methods.json: (FashionMNIST,B4_plus_Q,2024,0.25).trace[3]",30.687610626220703,results/make49/stage4_cache/FashionMNIST.json:vae|FashionMNIST|m64|s2024|e300|es1|b0.25,,not available,300,True
FashionMNIST,B4_plus_Q,2024,0.25,final,vae|FashionMNIST|m64|s2024|e300|es1|b0.25,vae|m64|e300|es1|b0.25,30.687610626220703,"stage4_methods.json: (FashionMNIST,B4_plus_Q,2024,0.25).trace[3]",30.687610626220703,results/make49/stage4_cache/FashionMNIST.json:vae|FashionMNIST|m64|s2024|e300|es1|b0.25,True,not available,300,True
FashionMNIST,B4_plus_Q,31337,0.25,anchor,vae|FashionMNIST|m64|s31337|e300|es1|b0.25,vae|m64|e300|es1|b0.25,31.27903389930725,"stage4_methods.json: (FashionMNIST,B4_plus_Q,31337,0.25).trace[3]",31.27903389930725,results/make49/stage4_cache/FashionMNIST.json:vae|FashionMNIST|m64|s31337|e300|es1|b0.25,,not available,300,True
FashionMNIST,B4_plus_Q,31337,0.25,final,vae|FashionMNIST|m64|s31337|e300|es1|b0.25,vae|m64|e300|es1|b0.25,31.27903389930725,"stage4_methods.json: (FashionMNIST,B4_plus_Q,31337,0.25).trace[3]",31.27903389930725,results/make49/stage4_cache/FashionMNIST.json:vae|FashionMNIST|m64|s31337|e300|es1|b0.25,True,not available,300,True
FashionMNIST,B6a_plus_Q,42,0.25,anchor,vae|FashionMNIST|m64|s42|e300|es1|b0.25,vae|m64|e300|es1|b0.25,25.051440954208374,"stage4_methods.json: (FashionMNIST,B6a_plus_Q,42,0.25).trace[4]",25.051440954208374,results/make49/stage4_cache/FashionMNIST.json:vae|FashionMNIST|m64|s42|e300|es1|b0.25,,not available,300,True
FashionMNIST,B6a_plus_Q,42,0.25,final,vae|FashionMNIST|m6|s42|e300|es1|b0.25,vae|m6|e300|es1|b0.25,31.901188850402832,"stage4_methods.json: (FashionMNIST,B6a_plus_Q,42,0.25).trace[5]",31.901188850402832,results/make49/stage4_cache/FashionMNIST.json:vae|FashionMNIST|m6|s42|e300|es1|b0.25,True,not available,300,True
FashionMNIST,B6a_plus_Q,123,0.25,anchor,vae|FashionMNIST|m64|s123|e300|es1|b0.25,vae|m64|e300|es1|b0.25,25.07490086555481,"stage4_methods.json: (FashionMNIST,B6a_plus_Q,123,0.25).trace[5]",25.07490086555481,results/make49/stage4_cache/FashionMNIST.json:vae|FashionMNIST|m64|s123|e300|es1|b0.25,,not available,300,True
FashionMNIST,B6a_plus_Q,123,0.25,final,vae|FashionMNIST|m8|s123|e300|es1|b0.25,vae|m8|e300|es1|b0.25,31.426917791366577,"stage4_methods.json: (FashionMNIST,B6a_plus_Q,123,0.25).trace[6]",31.426917791366577,results/make49/stage4_cache/FashionMNIST.json:vae|FashionMNIST|m8|s123|e300|es1|b0.25,True,not available,300,True
FashionMNIST,B6a_plus_Q,777,0.25,anchor,vae|FashionMNIST|m64|s777|e300|es1|b0.25,vae|m64|e300|es1|b0.25,22.793286323547363,"stage4_methods.json: (FashionMNIST,B6a_plus_Q,777,0.25).trace[5]",22.793286323547363,results/make49/stage4_cache/FashionMNIST.json:vae|FashionMNIST|m64|s777|e300|es1|b0.25,,not available,300,True
FashionMNIST,B6a_plus_Q,777,0.25,final,vae|FashionMNIST|m8|s777|e300|es1|b0.25,vae|m8|e300|es1|b0.25,32.82345199584961,"stage4_methods.json: (FashionMNIST,B6a_plus_Q,777,0.25).trace[6]",32.82345199584961,results/make49/stage4_cache/FashionMNIST.json:vae|FashionMNIST|m8|s777|e300|es1|b0.25,True,not available,300,True
FashionMNIST,B6a_plus_Q,2024,0.25,anchor,vae|FashionMNIST|m64|s2024|e300|es1|b0.25,vae|m64|e300|es1|b0.25,30.687610626220703,"stage4_methods.json: (FashionMNIST,B6a_plus_Q,2024,0.25).trace[5]",30.687610626220703,results/make49/stage4_cache/FashionMNIST.json:vae|FashionMNIST|m64|s2024|e300|es1|b0.25,,not available,300,True
FashionMNIST,B6a_plus_Q,2024,0.25,final,vae|FashionMNIST|m8|s2024|e300|es1|b0.25,vae|m8|e300|es1|b0.25,23.326307773590088,"stage4_methods.json: (FashionMNIST,B6a_plus_Q,2024,0.25).trace[6]",23.326307773590088,results/make49/stage4_cache/FashionMNIST.json:vae|FashionMNIST|m8|s2024|e300|es1|b0.25,True,not available,300,True
FashionMNIST,B6a_plus_Q,31337,0.25,anchor,vae|FashionMNIST|m64|s31337|e300|es1|b0.25,vae|m64|e300|es1|b0.25,31.27903389930725,"stage4_methods.json: (FashionMNIST,B6a_plus_Q,31337,0.25).trace[5]",31.27903389930725,results/make49/stage4_cache/FashionMNIST.json:vae|FashionMNIST|m64|s31337|e300|es1|b0.25,,not available,300,True
FashionMNIST,B6a_plus_Q,31337,0.25,final,vae|FashionMNIST|m8|s31337|e300|es1|b0.25,vae|m8|e300|es1|b0.25,32.185956716537476,"stage4_methods.json: (FashionMNIST,B6a_plus_Q,31337,0.25).trace[6]",32.185956716537476,results/make49/stage4_cache/FashionMNIST.json:vae|FashionMNIST|m8|s31337|e300|es1|b0.25,True,not available,300,True
FashionMNIST,B6b_plus_Q,42,0.25,anchor,vae|FashionMNIST|m64|s42|e300|es1|b0.25,vae|m64|e300|es1|b0.25,25.051440954208374,"stage4_methods.json: (FashionMNIST,B6b_plus_Q,42,0.25).trace[3]",25.051440954208374,results/make49/stage4_cache/FashionMNIST.json:vae|FashionMNIST|m64|s42|e300|es1|b0.25,,not available,300,True
FashionMNIST,B6b_plus_Q,42,0.25,final,vae|FashionMNIST|m64|s42|e300|es1|b0.25,vae|m64|e300|es1|b0.25,25.051440954208374,"stage4_methods.json: (FashionMNIST,B6b_plus_Q,42,0.25).trace[3]",25.051440954208374,results/make49/stage4_cache/FashionMNIST.json:vae|FashionMNIST|m64|s42|e300|es1|b0.25,True,not available,300,True
FashionMNIST,B6b_plus_Q,123,0.25,anchor,vae|FashionMNIST|m64|s123|e300|es1|b0.25,vae|m64|e300|es1|b0.25,25.07490086555481,"stage4_methods.json: (FashionMNIST,B6b_plus_Q,123,0.25).trace[2]",25.07490086555481,results/make49/stage4_cache/FashionMNIST.json:vae|FashionMNIST|m64|s123|e300|es1|b0.25,,not available,300,True
FashionMNIST,B6b_plus_Q,123,0.25,final,vae|FashionMNIST|m64|s123|e300|es1|b0.25,vae|m64|e300|es1|b0.25,25.07490086555481,"stage4_methods.json: (FashionMNIST,B6b_plus_Q,123,0.25).trace[2]",25.07490086555481,results/make49/stage4_cache/FashionMNIST.json:vae|FashionMNIST|m64|s123|e300|es1|b0.25,True,not available,300,True
FashionMNIST,B6b_plus_Q,777,0.25,anchor,vae|FashionMNIST|m64|s777|e300|es1|b0.25,vae|m64|e300|es1|b0.25,22.793286323547363,"stage4_methods.json: (FashionMNIST,B6b_plus_Q,777,0.25).trace[3]",22.793286323547363,results/make49/stage4_cache/FashionMNIST.json:vae|FashionMNIST|m64|s777|e300|es1|b0.25,,not available,300,True
FashionMNIST,B6b_plus_Q,777,0.25,final,vae|FashionMNIST|m64|s777|e300|es1|b0.25,vae|m64|e300|es1|b0.25,22.793286323547363,"stage4_methods.json: (FashionMNIST,B6b_plus_Q,777,0.25).trace[3]",22.793286323547363,results/make49/stage4_cache/FashionMNIST.json:vae|FashionMNIST|m64|s777|e300|es1|b0.25,True,not available,300,True
FashionMNIST,B6b_plus_Q,2024,0.25,anchor,vae|FashionMNIST|m64|s2024|e300|es1|b0.25,vae|m64|e300|es1|b0.25,30.687610626220703,"stage4_methods.json: (FashionMNIST,B6b_plus_Q,2024,0.25).trace[3]",30.687610626220703,results/make49/stage4_cache/FashionMNIST.json:vae|FashionMNIST|m64|s2024|e300|es1|b0.25,,not available,300,True
FashionMNIST,B6b_plus_Q,2024,0.25,final,vae|FashionMNIST|m64|s2024|e300|es1|b0.25,vae|m64|e300|es1|b0.25,30.687610626220703,"stage4_methods.json: (FashionMNIST,B6b_plus_Q,2024,0.25).trace[3]",30.687610626220703,results/make49/stage4_cache/FashionMNIST.json:vae|FashionMNIST|m64|s2024|e300|es1|b0.25,True,not available,300,True
FashionMNIST,B6b_plus_Q,31337,0.25,anchor,vae|FashionMNIST|m64|s31337|e300|es1|b0.25,vae|m64|e300|es1|b0.25,31.27903389930725,"stage4_methods.json: (FashionMNIST,B6b_plus_Q,31337,0.25).trace[2]",31.27903389930725,results/make49/stage4_cache/FashionMNIST.json:vae|FashionMNIST|m64|s31337|e300|es1|b0.25,,not available,300,True
FashionMNIST,B6b_plus_Q,31337,0.25,final,vae|FashionMNIST|m64|s31337|e300|es1|b0.25,vae|m64|e300|es1|b0.25,31.27903389930725,"stage4_methods.json: (FashionMNIST,B6b_plus_Q,31337,0.25).trace[2]",31.27903389930725,results/make49/stage4_cache/FashionMNIST.json:vae|FashionMNIST|m64|s31337|e300|es1|b0.25,True,not available,300,True
FashionMNIST,B1_full_mse,42,0.5,anchor,vae|FashionMNIST|m64|s42|e300|es1|b0.5,vae|m64|e300|es1|b0.5,29.465437412261963,"stage4_methods.json: (FashionMNIST,B1_full_mse,42,0.5).trace[11]",29.465437412261963,results/make49/stage4_cache/FashionMNIST.json:vae|FashionMNIST|m64|s42|e300|es1|b0.5,,not available,300,True
FashionMNIST,B1_full_mse,42,0.5,final,vae|FashionMNIST|m12|s42|e300|es1|b0.5,vae|m12|e300|es1|b0.5,42.99886202812195,"stage4_methods.json: (FashionMNIST,B1_full_mse,42,0.5).trace[5]",42.99886202812195,results/make49/stage4_cache/FashionMNIST.json:vae|FashionMNIST|m12|s42|e300|es1|b0.5,True,not available,300,True
FashionMNIST,B1_full_mse,123,0.5,anchor,vae|FashionMNIST|m64|s123|e300|es1|b0.5,vae|m64|e300|es1|b0.5,36.22773098945618,"stage4_methods.json: (FashionMNIST,B1_full_mse,123,0.5).trace[11]",36.22773098945618,results/make49/stage4_cache/FashionMNIST.json:vae|FashionMNIST|m64|s123|e300|es1|b0.5,,not available,300,True
FashionMNIST,B1_full_mse,123,0.5,final,vae|FashionMNIST|m10|s123|e300|es1|b0.5,vae|m10|e300|es1|b0.5,36.39171600341797,"stage4_methods.json: (FashionMNIST,B1_full_mse,123,0.5).trace[4]",36.39171600341797,results/make49/stage4_cache/FashionMNIST.json:vae|FashionMNIST|m10|s123|e300|es1|b0.5,True,not available,300,True
FashionMNIST,B1_full_mse,777,0.5,anchor,vae|FashionMNIST|m64|s777|e300|es1|b0.5,vae|m64|e300|es1|b0.5,34.40027332305908,"stage4_methods.json: (FashionMNIST,B1_full_mse,777,0.5).trace[11]",34.40027332305908,results/make49/stage4_cache/FashionMNIST.json:vae|FashionMNIST|m64|s777|e300|es1|b0.5,,not available,300,True
FashionMNIST,B1_full_mse,777,0.5,final,vae|FashionMNIST|m16|s777|e300|es1|b0.5,vae|m16|e300|es1|b0.5,38.93439698219299,"stage4_methods.json: (FashionMNIST,B1_full_mse,777,0.5).trace[6]",38.93439698219299,results/make49/stage4_cache/FashionMNIST.json:vae|FashionMNIST|m16|s777|e300|es1|b0.5,True,not available,300,True
FashionMNIST,B1_full_mse,2024,0.5,anchor,vae|FashionMNIST|m64|s2024|e300|es1|b0.5,vae|m64|e300|es1|b0.5,34.76712465286255,"stage4_methods.json: (FashionMNIST,B1_full_mse,2024,0.5).trace[11]",34.76712465286255,results/make49/stage4_cache/FashionMNIST.json:vae|FashionMNIST|m64|s2024|e300|es1|b0.5,,not available,300,True
FashionMNIST,B1_full_mse,2024,0.5,final,vae|FashionMNIST|m16|s2024|e300|es1|b0.5,vae|m16|e300|es1|b0.5,38.006192207336426,"stage4_methods.json: (FashionMNIST,B1_full_mse,2024,0.5).trace[6]",38.006192207336426,results/make49/stage4_cache/FashionMNIST.json:vae|FashionMNIST|m16|s2024|e300|es1|b0.5,True,not available,300,True
FashionMNIST,B1_full_mse,31337,0.5,anchor,vae|FashionMNIST|m64|s31337|e300|es1|b0.5,vae|m64|e300|es1|b0.5,34.648279428482056,"stage4_methods.json: (FashionMNIST,B1_full_mse,31337,0.5).trace[11]",34.648279428482056,results/make49/stage4_cache/FashionMNIST.json:vae|FashionMNIST|m64|s31337|e300|es1|b0.5,,not available,300,True
FashionMNIST,B1_full_mse,31337,0.5,final,vae|FashionMNIST|m24|s31337|e300|es1|b0.5,vae|m24|e300|es1|b0.5,42.97506332397461,"stage4_methods.json: (FashionMNIST,B1_full_mse,31337,0.5).trace[8]",42.97506332397461,results/make49/stage4_cache/FashionMNIST.json:vae|FashionMNIST|m24|s31337|e300|es1|b0.5,True,not available,300,True
FashionMNIST,B2_full_elbo,42,0.5,anchor,vae|FashionMNIST|m64|s42|e300|es1|b0.5,vae|m64|e300|es1|b0.5,29.465437412261963,"stage4_methods.json: (FashionMNIST,B2_full_elbo,42,0.5).trace[11]",29.465437412261963,results/make49/stage4_cache/FashionMNIST.json:vae|FashionMNIST|m64|s42|e300|es1|b0.5,,not available,300,True
FashionMNIST,B2_full_elbo,42,0.5,final,vae|FashionMNIST|m32|s42|e300|es1|b0.5,vae|m32|e300|es1|b0.5,37.53064775466919,"stage4_methods.json: (FashionMNIST,B2_full_elbo,42,0.5).trace[9]",37.53064775466919,results/make49/stage4_cache/FashionMNIST.json:vae|FashionMNIST|m32|s42|e300|es1|b0.5,True,not available,300,True
FashionMNIST,B2_full_elbo,123,0.5,anchor,vae|FashionMNIST|m64|s123|e300|es1|b0.5,vae|m64|e300|es1|b0.5,36.22773098945618,"stage4_methods.json: (FashionMNIST,B2_full_elbo,123,0.5).trace[11]",36.22773098945618,results/make49/stage4_cache/FashionMNIST.json:vae|FashionMNIST|m64|s123|e300|es1|b0.5,,not available,300,True
FashionMNIST,B2_full_elbo,123,0.5,final,vae|FashionMNIST|m20|s123|e300|es1|b0.5,vae|m20|e300|es1|b0.5,25.190653324127197,"stage4_methods.json: (FashionMNIST,B2_full_elbo,123,0.5).trace[7]",25.190653324127197,results/make49/stage4_cache/FashionMNIST.json:vae|FashionMNIST|m20|s123|e300|es1|b0.5,True,not available,300,True
FashionMNIST,B2_full_elbo,777,0.5,anchor,vae|FashionMNIST|m64|s777|e300|es1|b0.5,vae|m64|e300|es1|b0.5,34.40027332305908,"stage4_methods.json: (FashionMNIST,B2_full_elbo,777,0.5).trace[11]",34.40027332305908,results/make49/stage4_cache/FashionMNIST.json:vae|FashionMNIST|m64|s777|e300|es1|b0.5,,not available,300,True
FashionMNIST,B2_full_elbo,777,0.5,final,vae|FashionMNIST|m12|s777|e300|es1|b0.5,vae|m12|e300|es1|b0.5,32.92380404472351,"stage4_methods.json: (FashionMNIST,B2_full_elbo,777,0.5).trace[5]",32.92380404472351,results/make49/stage4_cache/FashionMNIST.json:vae|FashionMNIST|m12|s777|e300|es1|b0.5,True,not available,300,True
FashionMNIST,B2_full_elbo,2024,0.5,anchor,vae|FashionMNIST|m64|s2024|e300|es1|b0.5,vae|m64|e300|es1|b0.5,34.76712465286255,"stage4_methods.json: (FashionMNIST,B2_full_elbo,2024,0.5).trace[11]",34.76712465286255,results/make49/stage4_cache/FashionMNIST.json:vae|FashionMNIST|m64|s2024|e300|es1|b0.5,,not available,300,True
FashionMNIST,B2_full_elbo,2024,0.5,final,vae|FashionMNIST|m16|s2024|e300|es1|b0.5,vae|m16|e300|es1|b0.5,38.006192207336426,"stage4_methods.json: (FashionMNIST,B2_full_elbo,2024,0.5).trace[6]",38.006192207336426,results/make49/stage4_cache/FashionMNIST.json:vae|FashionMNIST|m16|s2024|e300|es1|b0.5,True,not available,300,True
FashionMNIST,B2_full_elbo,31337,0.5,anchor,vae|FashionMNIST|m64|s31337|e300|es1|b0.5,vae|m64|e300|es1|b0.5,34.648279428482056,"stage4_methods.json: (FashionMNIST,B2_full_elbo,31337,0.5).trace[11]",34.648279428482056,results/make49/stage4_cache/FashionMNIST.json:vae|FashionMNIST|m64|s31337|e300|es1|b0.5,,not available,300,True
FashionMNIST,B2_full_elbo,31337,0.5,final,vae|FashionMNIST|m48|s31337|e300|es1|b0.5,vae|m48|e300|es1|b0.5,52.95336556434631,"stage4_methods.json: (FashionMNIST,B2_full_elbo,31337,0.5).trace[10]",52.95336556434631,results/make49/stage4_cache/FashionMNIST.json:vae|FashionMNIST|m48|s31337|e300|es1|b0.5,True,not available,300,True
FashionMNIST,B3_full_downstream,42,0.5,anchor,vae|FashionMNIST|m64|s42|e300|es1|b0.5,vae|m64|e300|es1|b0.5,29.465437412261963,"stage4_methods.json: (FashionMNIST,B3_full_downstream,42,0.5).trace[11]",29.465437412261963,results/make49/stage4_cache/FashionMNIST.json:vae|FashionMNIST|m64|s42|e300|es1|b0.5,,not available,300,True
FashionMNIST,B3_full_downstream,42,0.5,final,vae|FashionMNIST|m64|s42|e300|es1|b0.5,vae|m64|e300|es1|b0.5,29.465437412261963,"stage4_methods.json: (FashionMNIST,B3_full_downstream,42,0.5).trace[11]",29.465437412261963,results/make49/stage4_cache/FashionMNIST.json:vae|FashionMNIST|m64|s42|e300|es1|b0.5,True,not available,300,True
FashionMNIST,B3_full_downstream,123,0.5,anchor,vae|FashionMNIST|m64|s123|e300|es1|b0.5,vae|m64|e300|es1|b0.5,36.22773098945618,"stage4_methods.json: (FashionMNIST,B3_full_downstream,123,0.5).trace[11]",36.22773098945618,results/make49/stage4_cache/FashionMNIST.json:vae|FashionMNIST|m64|s123|e300|es1|b0.5,,not available,300,True
FashionMNIST,B3_full_downstream,123,0.5,final,vae|FashionMNIST|m64|s123|e300|es1|b0.5,vae|m64|e300|es1|b0.5,36.22773098945618,"stage4_methods.json: (FashionMNIST,B3_full_downstream,123,0.5).trace[11]",36.22773098945618,results/make49/stage4_cache/FashionMNIST.json:vae|FashionMNIST|m64|s123|e300|es1|b0.5,True,not available,300,True
FashionMNIST,B3_full_downstream,777,0.5,anchor,vae|FashionMNIST|m64|s777|e300|es1|b0.5,vae|m64|e300|es1|b0.5,34.40027332305908,"stage4_methods.json: (FashionMNIST,B3_full_downstream,777,0.5).trace[11]",34.40027332305908,results/make49/stage4_cache/FashionMNIST.json:vae|FashionMNIST|m64|s777|e300|es1|b0.5,,not available,300,True
FashionMNIST,B3_full_downstream,777,0.5,final,vae|FashionMNIST|m64|s777|e300|es1|b0.5,vae|m64|e300|es1|b0.5,34.40027332305908,"stage4_methods.json: (FashionMNIST,B3_full_downstream,777,0.5).trace[11]",34.40027332305908,results/make49/stage4_cache/FashionMNIST.json:vae|FashionMNIST|m64|s777|e300|es1|b0.5,True,not available,300,True
FashionMNIST,B3_full_downstream,2024,0.5,anchor,vae|FashionMNIST|m64|s2024|e300|es1|b0.5,vae|m64|e300|es1|b0.5,34.76712465286255,"stage4_methods.json: (FashionMNIST,B3_full_downstream,2024,0.5).trace[11]",34.76712465286255,results/make49/stage4_cache/FashionMNIST.json:vae|FashionMNIST|m64|s2024|e300|es1|b0.5,,not available,300,True
FashionMNIST,B3_full_downstream,2024,0.5,final,vae|FashionMNIST|m64|s2024|e300|es1|b0.5,vae|m64|e300|es1|b0.5,34.76712465286255,"stage4_methods.json: (FashionMNIST,B3_full_downstream,2024,0.5).trace[11]",34.76712465286255,results/make49/stage4_cache/FashionMNIST.json:vae|FashionMNIST|m64|s2024|e300|es1|b0.5,True,not available,300,True
FashionMNIST,B3_full_downstream,31337,0.5,anchor,vae|FashionMNIST|m64|s31337|e300|es1|b0.5,vae|m64|e300|es1|b0.5,34.648279428482056,"stage4_methods.json: (FashionMNIST,B3_full_downstream,31337,0.5).trace[11]",34.648279428482056,results/make49/stage4_cache/FashionMNIST.json:vae|FashionMNIST|m64|s31337|e300|es1|b0.5,,not available,300,True
FashionMNIST,B3_full_downstream,31337,0.5,final,vae|FashionMNIST|m64|s31337|e300|es1|b0.5,vae|m64|e300|es1|b0.5,34.648279428482056,"stage4_methods.json: (FashionMNIST,B3_full_downstream,31337,0.5).trace[11]",34.648279428482056,results/make49/stage4_cache/FashionMNIST.json:vae|FashionMNIST|m64|s31337|e300|es1|b0.5,True,not available,300,True
FashionMNIST,B4_coarse,42,0.5,anchor,vae|FashionMNIST|m64|s42|e300|es1|b0.5,vae|m64|e300|es1|b0.5,29.465437412261963,"stage4_methods.json: (FashionMNIST,B4_coarse,42,0.5).trace[3]",29.465437412261963,results/make49/stage4_cache/FashionMNIST.json:vae|FashionMNIST|m64|s42|e300|es1|b0.5,,not available,300,True
FashionMNIST,B4_coarse,42,0.5,final,vae|FashionMNIST|m10|s42|e300|es1|b0.5,vae|m10|e300|es1|b0.5,40.39524173736572,"stage4_methods.json: (FashionMNIST,B4_coarse,42,0.5).trace[2]",40.39524173736572,results/make49/stage4_cache/FashionMNIST.json:vae|FashionMNIST|m10|s42|e300|es1|b0.5,True,not available,300,True
FashionMNIST,B4_coarse,123,0.5,anchor,vae|FashionMNIST|m64|s123|e300|es1|b0.5,vae|m64|e300|es1|b0.5,36.22773098945618,"stage4_methods.json: (FashionMNIST,B4_coarse,123,0.5).trace[3]",36.22773098945618,results/make49/stage4_cache/FashionMNIST.json:vae|FashionMNIST|m64|s123|e300|es1|b0.5,,not available,300,True
FashionMNIST,B4_coarse,123,0.5,final,vae|FashionMNIST|m10|s123|e300|es1|b0.5,vae|m10|e300|es1|b0.5,36.39171600341797,"stage4_methods.json: (FashionMNIST,B4_coarse,123,0.5).trace[2]",36.39171600341797,results/make49/stage4_cache/FashionMNIST.json:vae|FashionMNIST|m10|s123|e300|es1|b0.5,True,not available,300,True
FashionMNIST,B4_coarse,777,0.5,anchor,vae|FashionMNIST|m64|s777|e300|es1|b0.5,vae|m64|e300|es1|b0.5,34.40027332305908,"stage4_methods.json: (FashionMNIST,B4_coarse,777,0.5).trace[3]",34.40027332305908,results/make49/stage4_cache/FashionMNIST.json:vae|FashionMNIST|m64|s777|e300|es1|b0.5,,not available,300,True
FashionMNIST,B4_coarse,777,0.5,final,vae|FashionMNIST|m10|s777|e300|es1|b0.5,vae|m10|e300|es1|b0.5,45.00671172142029,"stage4_methods.json: (FashionMNIST,B4_coarse,777,0.5).trace[2]",45.00671172142029,results/make49/stage4_cache/FashionMNIST.json:vae|FashionMNIST|m10|s777|e300|es1|b0.5,True,not available,300,True
FashionMNIST,B4_coarse,2024,0.5,anchor,vae|FashionMNIST|m64|s2024|e300|es1|b0.5,vae|m64|e300|es1|b0.5,34.76712465286255,"stage4_methods.json: (FashionMNIST,B4_coarse,2024,0.5).trace[3]",34.76712465286255,results/make49/stage4_cache/FashionMNIST.json:vae|FashionMNIST|m64|s2024|e300|es1|b0.5,,not available,300,True
FashionMNIST,B4_coarse,2024,0.5,final,vae|FashionMNIST|m10|s2024|e300|es1|b0.5,vae|m10|e300|es1|b0.5,29.946998357772827,"stage4_methods.json: (FashionMNIST,B4_coarse,2024,0.5).trace[2]",29.946998357772827,results/make49/stage4_cache/FashionMNIST.json:vae|FashionMNIST|m10|s2024|e300|es1|b0.5,True,not available,300,True
FashionMNIST,B4_coarse,31337,0.5,anchor,vae|FashionMNIST|m64|s31337|e300|es1|b0.5,vae|m64|e300|es1|b0.5,34.648279428482056,"stage4_methods.json: (FashionMNIST,B4_coarse,31337,0.5).trace[3]",34.648279428482056,results/make49/stage4_cache/FashionMNIST.json:vae|FashionMNIST|m64|s31337|e300|es1|b0.5,,not available,300,True
FashionMNIST,B4_coarse,31337,0.5,final,vae|FashionMNIST|m10|s31337|e300|es1|b0.5,vae|m10|e300|es1|b0.5,51.53797101974487,"stage4_methods.json: (FashionMNIST,B4_coarse,31337,0.5).trace[2]",51.53797101974487,results/make49/stage4_cache/FashionMNIST.json:vae|FashionMNIST|m10|s31337|e300|es1|b0.5,True,not available,300,True
FashionMNIST,B5_fixed32,42,0.5,anchor,vae|FashionMNIST|m64|s42|e300|es1|b0.5,not in trace,,not charged in original ledger; MAKE50 used current snapshot,29.465437412261963,results/make49/stage4_cache/FashionMNIST.json:vae|FashionMNIST|m64|s42|e300|es1|b0.5,,not available,300,True
FashionMNIST,B5_fixed32,42,0.5,final,vae|FashionMNIST|m32|s42|e300|es1|b0.5,vae|m32|e300|es1|b0.5,37.53064775466919,"stage4_methods.json: (FashionMNIST,B5_fixed32,42,0.5).trace[0]",37.53064775466919,results/make49/stage4_cache/FashionMNIST.json:vae|FashionMNIST|m32|s42|e300|es1|b0.5,True,not available,300,True
FashionMNIST,B5_fixed32,123,0.5,anchor,vae|FashionMNIST|m64|s123|e300|es1|b0.5,not in trace,,not charged in original ledger; MAKE50 used current snapshot,36.22773098945618,results/make49/stage4_cache/FashionMNIST.json:vae|FashionMNIST|m64|s123|e300|es1|b0.5,,not available,300,True
FashionMNIST,B5_fixed32,123,0.5,final,vae|FashionMNIST|m32|s123|e300|es1|b0.5,vae|m32|e300|es1|b0.5,33.869810342788696,"stage4_methods.json: (FashionMNIST,B5_fixed32,123,0.5).trace[0]",33.869810342788696,results/make49/stage4_cache/FashionMNIST.json:vae|FashionMNIST|m32|s123|e300|es1|b0.5,True,not available,300,True
FashionMNIST,B5_fixed32,777,0.5,anchor,vae|FashionMNIST|m64|s777|e300|es1|b0.5,not in trace,,not charged in original ledger; MAKE50 used current snapshot,34.40027332305908,results/make49/stage4_cache/FashionMNIST.json:vae|FashionMNIST|m64|s777|e300|es1|b0.5,,not available,300,True
FashionMNIST,B5_fixed32,777,0.5,final,vae|FashionMNIST|m32|s777|e300|es1|b0.5,vae|m32|e300|es1|b0.5,33.7574200630188,"stage4_methods.json: (FashionMNIST,B5_fixed32,777,0.5).trace[0]",33.7574200630188,results/make49/stage4_cache/FashionMNIST.json:vae|FashionMNIST|m32|s777|e300|es1|b0.5,True,not available,300,True
FashionMNIST,B5_fixed32,2024,0.5,anchor,vae|FashionMNIST|m64|s2024|e300|es1|b0.5,not in trace,,not charged in original ledger; MAKE50 used current snapshot,34.76712465286255,results/make49/stage4_cache/FashionMNIST.json:vae|FashionMNIST|m64|s2024|e300|es1|b0.5,,not available,300,True
FashionMNIST,B5_fixed32,2024,0.5,final,vae|FashionMNIST|m32|s2024|e300|es1|b0.5,vae|m32|e300|es1|b0.5,31.471117973327637,"stage4_methods.json: (FashionMNIST,B5_fixed32,2024,0.5).trace[0]",31.471117973327637,results/make49/stage4_cache/FashionMNIST.json:vae|FashionMNIST|m32|s2024|e300|es1|b0.5,True,not available,300,True
FashionMNIST,B5_fixed32,31337,0.5,anchor,vae|FashionMNIST|m64|s31337|e300|es1|b0.5,not in trace,,not charged in original ledger; MAKE50 used current snapshot,34.648279428482056,results/make49/stage4_cache/FashionMNIST.json:vae|FashionMNIST|m64|s31337|e300|es1|b0.5,,not available,300,True
FashionMNIST,B5_fixed32,31337,0.5,final,vae|FashionMNIST|m32|s31337|e300|es1|b0.5,vae|m32|e300|es1|b0.5,36.74288606643677,"stage4_methods.json: (FashionMNIST,B5_fixed32,31337,0.5).trace[0]",36.74288606643677,results/make49/stage4_cache/FashionMNIST.json:vae|FashionMNIST|m32|s31337|e300|es1|b0.5,True,not available,300,True
FashionMNIST,B6a_fondue,42,0.5,anchor,vae|FashionMNIST|m64|s42|e300|es1|b0.5,not in trace,,not charged in original ledger; MAKE50 used current snapshot,29.465437412261963,results/make49/stage4_cache/FashionMNIST.json:vae|FashionMNIST|m64|s42|e300|es1|b0.5,,not available,300,True
FashionMNIST,B6a_fondue,42,0.5,final,vae|FashionMNIST|m6|s42|e300|es1|b0.5,vae|m6|e300|es1|b0.5,33.8356294631958,"stage4_methods.json: (FashionMNIST,B6a_fondue,42,0.5).trace[4]",33.8356294631958,results/make49/stage4_cache/FashionMNIST.json:vae|FashionMNIST|m6|s42|e300|es1|b0.5,True,not available,300,True
FashionMNIST,B6a_fondue,123,0.5,anchor,vae|FashionMNIST|m64|s123|e300|es1|b0.5,not in trace,,not charged in original ledger; MAKE50 used current snapshot,36.22773098945618,results/make49/stage4_cache/FashionMNIST.json:vae|FashionMNIST|m64|s123|e300|es1|b0.5,,not available,300,True
FashionMNIST,B6a_fondue,123,0.5,final,vae|FashionMNIST|m7|s123|e300|es1|b0.5,vae|m7|e300|es1|b0.5,44.28722596168518,"stage4_methods.json: (FashionMNIST,B6a_fondue,123,0.5).trace[5]",44.28722596168518,results/make49/stage4_cache/FashionMNIST.json:vae|FashionMNIST|m7|s123|e300|es1|b0.5,True,not available,300,True
FashionMNIST,B6a_fondue,777,0.5,anchor,vae|FashionMNIST|m64|s777|e300|es1|b0.5,not in trace,,not charged in original ledger; MAKE50 used current snapshot,34.40027332305908,results/make49/stage4_cache/FashionMNIST.json:vae|FashionMNIST|m64|s777|e300|es1|b0.5,,not available,300,True
FashionMNIST,B6a_fondue,777,0.5,final,vae|FashionMNIST|m6|s777|e300|es1|b0.5,vae|m6|e300|es1|b0.5,25.64336323738098,"stage4_methods.json: (FashionMNIST,B6a_fondue,777,0.5).trace[4]",25.64336323738098,results/make49/stage4_cache/FashionMNIST.json:vae|FashionMNIST|m6|s777|e300|es1|b0.5,True,not available,300,True
FashionMNIST,B6a_fondue,2024,0.5,anchor,vae|FashionMNIST|m64|s2024|e300|es1|b0.5,not in trace,,not charged in original ledger; MAKE50 used current snapshot,34.76712465286255,results/make49/stage4_cache/FashionMNIST.json:vae|FashionMNIST|m64|s2024|e300|es1|b0.5,,not available,300,True
FashionMNIST,B6a_fondue,2024,0.5,final,vae|FashionMNIST|m7|s2024|e300|es1|b0.5,vae|m7|e300|es1|b0.5,30.902698755264282,"stage4_methods.json: (FashionMNIST,B6a_fondue,2024,0.5).trace[5]",30.902698755264282,results/make49/stage4_cache/FashionMNIST.json:vae|FashionMNIST|m7|s2024|e300|es1|b0.5,True,not available,300,True
FashionMNIST,B6a_fondue,31337,0.5,anchor,vae|FashionMNIST|m64|s31337|e300|es1|b0.5,not in trace,,not charged in original ledger; MAKE50 used current snapshot,34.648279428482056,results/make49/stage4_cache/FashionMNIST.json:vae|FashionMNIST|m64|s31337|e300|es1|b0.5,,not available,300,True
FashionMNIST,B6a_fondue,31337,0.5,final,vae|FashionMNIST|m6|s31337|e300|es1|b0.5,vae|m6|e300|es1|b0.5,23.30528235435486,"stage4_methods.json: (FashionMNIST,B6a_fondue,31337,0.5).trace[4]",23.30528235435486,results/make49/stage4_cache/FashionMNIST.json:vae|FashionMNIST|m6|s31337|e300|es1|b0.5,True,not available,300,True
FashionMNIST,B6b_fondue_var,42,0.5,anchor,vae|FashionMNIST|m64|s42|e300|es1|b0.5,not in trace,,not charged in original ledger; MAKE50 used current snapshot,29.465437412261963,results/make49/stage4_cache/FashionMNIST.json:vae|FashionMNIST|m64|s42|e300|es1|b0.5,,not available,300,True
FashionMNIST,B6b_fondue_var,42,0.5,final,vae|FashionMNIST|m24|s42|e300|es1|b0.5,vae|m24|e300|es1|b0.5,36.3138370513916,"stage4_methods.json: (FashionMNIST,B6b_fondue_var,42,0.5).trace[1]",36.3138370513916,results/make49/stage4_cache/FashionMNIST.json:vae|FashionMNIST|m24|s42|e300|es1|b0.5,True,not available,300,True
FashionMNIST,B6b_fondue_var,123,0.5,anchor,vae|FashionMNIST|m64|s123|e300|es1|b0.5,not in trace,,not charged in original ledger; MAKE50 used current snapshot,36.22773098945618,results/make49/stage4_cache/FashionMNIST.json:vae|FashionMNIST|m64|s123|e300|es1|b0.5,,not available,300,True
FashionMNIST,B6b_fondue_var,123,0.5,final,vae|FashionMNIST|m35|s123|e300|es1|b0.5,vae|m35|e300|es1|b0.5,33.144551277160645,"stage4_methods.json: (FashionMNIST,B6b_fondue_var,123,0.5).trace[2]",33.144551277160645,results/make49/stage4_cache/FashionMNIST.json:vae|FashionMNIST|m35|s123|e300|es1|b0.5,True,not available,300,True
FashionMNIST,B6b_fondue_var,777,0.5,anchor,vae|FashionMNIST|m64|s777|e300|es1|b0.5,not in trace,,not charged in original ledger; MAKE50 used current snapshot,34.40027332305908,results/make49/stage4_cache/FashionMNIST.json:vae|FashionMNIST|m64|s777|e300|es1|b0.5,,not available,300,True
FashionMNIST,B6b_fondue_var,777,0.5,final,vae|FashionMNIST|m42|s777|e300|es1|b0.5,vae|m42|e300|es1|b0.5,24.654547214508057,"stage4_methods.json: (FashionMNIST,B6b_fondue_var,777,0.5).trace[2]",24.654547214508057,results/make49/stage4_cache/FashionMNIST.json:vae|FashionMNIST|m42|s777|e300|es1|b0.5,True,not available,300,True
FashionMNIST,B6b_fondue_var,2024,0.5,anchor,vae|FashionMNIST|m64|s2024|e300|es1|b0.5,not in trace,,not charged in original ledger; MAKE50 used current snapshot,34.76712465286255,results/make49/stage4_cache/FashionMNIST.json:vae|FashionMNIST|m64|s2024|e300|es1|b0.5,,not available,300,True
FashionMNIST,B6b_fondue_var,2024,0.5,final,vae|FashionMNIST|m24|s2024|e300|es1|b0.5,vae|m24|e300|es1|b0.5,27.04978919029236,"stage4_methods.json: (FashionMNIST,B6b_fondue_var,2024,0.5).trace[1]",27.04978919029236,results/make49/stage4_cache/FashionMNIST.json:vae|FashionMNIST|m24|s2024|e300|es1|b0.5,True,not available,300,True
FashionMNIST,B6b_fondue_var,31337,0.5,anchor,vae|FashionMNIST|m64|s31337|e300|es1|b0.5,not in trace,,not charged in original ledger; MAKE50 used current snapshot,34.648279428482056,results/make49/stage4_cache/FashionMNIST.json:vae|FashionMNIST|m64|s31337|e300|es1|b0.5,,not available,300,True
FashionMNIST,B6b_fondue_var,31337,0.5,final,vae|FashionMNIST|m24|s31337|e300|es1|b0.5,vae|m24|e300|es1|b0.5,42.97506332397461,"stage4_methods.json: (FashionMNIST,B6b_fondue_var,31337,0.5).trace[1]",42.97506332397461,results/make49/stage4_cache/FashionMNIST.json:vae|FashionMNIST|m24|s31337|e300|es1|b0.5,True,not available,300,True
FashionMNIST,B6b_fondue_var_keepmixed_false,42,0.5,anchor,vae|FashionMNIST|m64|s42|e300|es1|b0.5,not in trace,,not charged in original ledger; MAKE50 used current snapshot,29.465437412261963,results/make49/stage4_cache/FashionMNIST.json:vae|FashionMNIST|m64|s42|e300|es1|b0.5,,not available,300,True
FashionMNIST,B6b_fondue_var_keepmixed_false,42,0.5,final,vae|FashionMNIST|m2|s42|e300|es1|b0.5,vae|m2|e300|es1|b0.5,42.559253454208374,"stage4_methods.json: (FashionMNIST,B6b_fondue_var_keepmixed_false,42,0.5).trace[1]",42.559253454208374,results/make49/stage4_cache/FashionMNIST.json:vae|FashionMNIST|m2|s42|e300|es1|b0.5,True,not available,300,True
FashionMNIST,B6b_fondue_var_keepmixed_false,123,0.5,anchor,vae|FashionMNIST|m64|s123|e300|es1|b0.5,not in trace,,not charged in original ledger; MAKE50 used current snapshot,36.22773098945618,results/make49/stage4_cache/FashionMNIST.json:vae|FashionMNIST|m64|s123|e300|es1|b0.5,,not available,300,True
FashionMNIST,B6b_fondue_var_keepmixed_false,123,0.5,final,vae|FashionMNIST|m1|s123|e300|es1|b0.5,vae|m1|e300|es1|b0.5,45.72644567489624,"stage4_methods.json: (FashionMNIST,B6b_fondue_var_keepmixed_false,123,0.5).trace[1]",45.72644567489624,results/make49/stage4_cache/FashionMNIST.json:vae|FashionMNIST|m1|s123|e300|es1|b0.5,True,not available,300,True
FashionMNIST,B6b_fondue_var_keepmixed_false,777,0.5,anchor,vae|FashionMNIST|m64|s777|e300|es1|b0.5,not in trace,,not charged in original ledger; MAKE50 used current snapshot,34.40027332305908,results/make49/stage4_cache/FashionMNIST.json:vae|FashionMNIST|m64|s777|e300|es1|b0.5,,not available,300,True
FashionMNIST,B6b_fondue_var_keepmixed_false,777,0.5,final,vae|FashionMNIST|m1|s777|e300|es1|b0.5,vae|m1|e300|es1|b0.5,65.51336669921875,"stage4_methods.json: (FashionMNIST,B6b_fondue_var_keepmixed_false,777,0.5).trace[1]",65.51336669921875,results/make49/stage4_cache/FashionMNIST.json:vae|FashionMNIST|m1|s777|e300|es1|b0.5,True,not available,300,True
FashionMNIST,B6b_fondue_var_keepmixed_false,2024,0.5,anchor,vae|FashionMNIST|m64|s2024|e300|es1|b0.5,not in trace,,not charged in original ledger; MAKE50 used current snapshot,34.76712465286255,results/make49/stage4_cache/FashionMNIST.json:vae|FashionMNIST|m64|s2024|e300|es1|b0.5,,not available,300,True
FashionMNIST,B6b_fondue_var_keepmixed_false,2024,0.5,final,vae|FashionMNIST|m1|s2024|e300|es1|b0.5,vae|m1|e300|es1|b0.5,37.24008250236511,"stage4_methods.json: (FashionMNIST,B6b_fondue_var_keepmixed_false,2024,0.5).trace[1]",37.24008250236511,results/make49/stage4_cache/FashionMNIST.json:vae|FashionMNIST|m1|s2024|e300|es1|b0.5,True,not available,300,True
FashionMNIST,B6b_fondue_var_keepmixed_false,31337,0.5,anchor,vae|FashionMNIST|m64|s31337|e300|es1|b0.5,not in trace,,not charged in original ledger; MAKE50 used current snapshot,34.648279428482056,results/make49/stage4_cache/FashionMNIST.json:vae|FashionMNIST|m64|s31337|e300|es1|b0.5,,not available,300,True
FashionMNIST,proposed,42,0.5,anchor,vae|FashionMNIST|m64|s42|e300|es1|b0.5,vae|m64|e300|es1|b0.5,29.465437412261963,"stage4_methods.json: (FashionMNIST,proposed,42,0.5).trace[12]",29.465437412261963,results/make49/stage4_cache/FashionMNIST.json:vae|FashionMNIST|m64|s42|e300|es1|b0.5,,not available,300,True
FashionMNIST,proposed,42,0.5,final,vae|FashionMNIST|m10|s42|e300|es1|b0.5,vae|m10|e300|es1|b0.5,40.39524173736572,"stage4_methods.json: (FashionMNIST,proposed,42,0.5).trace[11]",40.39524173736572,results/make49/stage4_cache/FashionMNIST.json:vae|FashionMNIST|m10|s42|e300|es1|b0.5,True,not available,300,True
FashionMNIST,proposed,123,0.5,anchor,vae|FashionMNIST|m64|s123|e300|es1|b0.5,vae|m64|e300|es1|b0.5,36.22773098945618,"stage4_methods.json: (FashionMNIST,proposed,123,0.5).trace[12]",36.22773098945618,results/make49/stage4_cache/FashionMNIST.json:vae|FashionMNIST|m64|s123|e300|es1|b0.5,,not available,300,True
FashionMNIST,proposed,123,0.5,final,vae|FashionMNIST|m10|s123|e300|es1|b0.5,vae|m10|e300|es1|b0.5,36.39171600341797,"stage4_methods.json: (FashionMNIST,proposed,123,0.5).trace[11]",36.39171600341797,results/make49/stage4_cache/FashionMNIST.json:vae|FashionMNIST|m10|s123|e300|es1|b0.5,True,not available,300,True
FashionMNIST,proposed,777,0.5,anchor,vae|FashionMNIST|m64|s777|e300|es1|b0.5,vae|m64|e300|es1|b0.5,34.40027332305908,"stage4_methods.json: (FashionMNIST,proposed,777,0.5).trace[12]",34.40027332305908,results/make49/stage4_cache/FashionMNIST.json:vae|FashionMNIST|m64|s777|e300|es1|b0.5,,not available,300,True
FashionMNIST,proposed,777,0.5,final,vae|FashionMNIST|m10|s777|e300|es1|b0.5,vae|m10|e300|es1|b0.5,45.00671172142029,"stage4_methods.json: (FashionMNIST,proposed,777,0.5).trace[11]",45.00671172142029,results/make49/stage4_cache/FashionMNIST.json:vae|FashionMNIST|m10|s777|e300|es1|b0.5,True,not available,300,True
FashionMNIST,proposed,2024,0.5,anchor,vae|FashionMNIST|m64|s2024|e300|es1|b0.5,vae|m64|e300|es1|b0.5,34.76712465286255,"stage4_methods.json: (FashionMNIST,proposed,2024,0.5).trace[12]",34.76712465286255,results/make49/stage4_cache/FashionMNIST.json:vae|FashionMNIST|m64|s2024|e300|es1|b0.5,,not available,300,True
FashionMNIST,proposed,2024,0.5,final,vae|FashionMNIST|m10|s2024|e300|es1|b0.5,vae|m10|e300|es1|b0.5,29.946998357772827,"stage4_methods.json: (FashionMNIST,proposed,2024,0.5).trace[11]",29.946998357772827,results/make49/stage4_cache/FashionMNIST.json:vae|FashionMNIST|m10|s2024|e300|es1|b0.5,True,not available,300,True
FashionMNIST,proposed,31337,0.5,anchor,vae|FashionMNIST|m64|s31337|e300|es1|b0.5,vae|m64|e300|es1|b0.5,34.648279428482056,"stage4_methods.json: (FashionMNIST,proposed,31337,0.5).trace[12]",34.648279428482056,results/make49/stage4_cache/FashionMNIST.json:vae|FashionMNIST|m64|s31337|e300|es1|b0.5,,not available,300,True
FashionMNIST,proposed,31337,0.5,final,vae|FashionMNIST|m10|s31337|e300|es1|b0.5,vae|m10|e300|es1|b0.5,51.53797101974487,"stage4_methods.json: (FashionMNIST,proposed,31337,0.5).trace[11]",51.53797101974487,results/make49/stage4_cache/FashionMNIST.json:vae|FashionMNIST|m10|s31337|e300|es1|b0.5,True,not available,300,True
FashionMNIST,proposed_minus_AU,42,0.5,anchor,vae|FashionMNIST|m64|s42|e300|es1|b0.5,vae|m64|e300|es1|b0.5,29.465437412261963,"stage4_methods.json: (FashionMNIST,proposed_minus_AU,42,0.5).trace[12]",29.465437412261963,results/make49/stage4_cache/FashionMNIST.json:vae|FashionMNIST|m64|s42|e300|es1|b0.5,,not available,300,True
FashionMNIST,proposed_minus_AU,42,0.5,final,vae|FashionMNIST|m10|s42|e300|es1|b0.5,vae|m10|e300|es1|b0.5,40.39524173736572,"stage4_methods.json: (FashionMNIST,proposed_minus_AU,42,0.5).trace[11]",40.39524173736572,results/make49/stage4_cache/FashionMNIST.json:vae|FashionMNIST|m10|s42|e300|es1|b0.5,True,not available,300,True
FashionMNIST,proposed_minus_AU,123,0.5,anchor,vae|FashionMNIST|m64|s123|e300|es1|b0.5,vae|m64|e300|es1|b0.5,36.22773098945618,"stage4_methods.json: (FashionMNIST,proposed_minus_AU,123,0.5).trace[12]",36.22773098945618,results/make49/stage4_cache/FashionMNIST.json:vae|FashionMNIST|m64|s123|e300|es1|b0.5,,not available,300,True
FashionMNIST,proposed_minus_AU,123,0.5,final,vae|FashionMNIST|m10|s123|e300|es1|b0.5,vae|m10|e300|es1|b0.5,36.39171600341797,"stage4_methods.json: (FashionMNIST,proposed_minus_AU,123,0.5).trace[11]",36.39171600341797,results/make49/stage4_cache/FashionMNIST.json:vae|FashionMNIST|m10|s123|e300|es1|b0.5,True,not available,300,True
FashionMNIST,proposed_minus_AU,777,0.5,anchor,vae|FashionMNIST|m64|s777|e300|es1|b0.5,vae|m64|e300|es1|b0.5,34.40027332305908,"stage4_methods.json: (FashionMNIST,proposed_minus_AU,777,0.5).trace[12]",34.40027332305908,results/make49/stage4_cache/FashionMNIST.json:vae|FashionMNIST|m64|s777|e300|es1|b0.5,,not available,300,True
FashionMNIST,proposed_minus_AU,777,0.5,final,vae|FashionMNIST|m10|s777|e300|es1|b0.5,vae|m10|e300|es1|b0.5,45.00671172142029,"stage4_methods.json: (FashionMNIST,proposed_minus_AU,777,0.5).trace[11]",45.00671172142029,results/make49/stage4_cache/FashionMNIST.json:vae|FashionMNIST|m10|s777|e300|es1|b0.5,True,not available,300,True
FashionMNIST,proposed_minus_AU,2024,0.5,anchor,vae|FashionMNIST|m64|s2024|e300|es1|b0.5,vae|m64|e300|es1|b0.5,34.76712465286255,"stage4_methods.json: (FashionMNIST,proposed_minus_AU,2024,0.5).trace[12]",34.76712465286255,results/make49/stage4_cache/FashionMNIST.json:vae|FashionMNIST|m64|s2024|e300|es1|b0.5,,not available,300,True
FashionMNIST,proposed_minus_AU,2024,0.5,final,vae|FashionMNIST|m10|s2024|e300|es1|b0.5,vae|m10|e300|es1|b0.5,29.946998357772827,"stage4_methods.json: (FashionMNIST,proposed_minus_AU,2024,0.5).trace[11]",29.946998357772827,results/make49/stage4_cache/FashionMNIST.json:vae|FashionMNIST|m10|s2024|e300|es1|b0.5,True,not available,300,True
FashionMNIST,proposed_minus_AU,31337,0.5,anchor,vae|FashionMNIST|m64|s31337|e300|es1|b0.5,vae|m64|e300|es1|b0.5,34.648279428482056,"stage4_methods.json: (FashionMNIST,proposed_minus_AU,31337,0.5).trace[12]",34.648279428482056,results/make49/stage4_cache/FashionMNIST.json:vae|FashionMNIST|m64|s31337|e300|es1|b0.5,,not available,300,True
FashionMNIST,proposed_minus_AU,31337,0.5,final,vae|FashionMNIST|m10|s31337|e300|es1|b0.5,vae|m10|e300|es1|b0.5,51.53797101974487,"stage4_methods.json: (FashionMNIST,proposed_minus_AU,31337,0.5).trace[11]",51.53797101974487,results/make49/stage4_cache/FashionMNIST.json:vae|FashionMNIST|m10|s31337|e300|es1|b0.5,True,not available,300,True
FashionMNIST,ascending_scan_Q,42,0.5,anchor,vae|FashionMNIST|m64|s42|e300|es1|b0.5,vae|m64|e300|es1|b0.5,29.465437412261963,"stage4_methods.json: (FashionMNIST,ascending_scan_Q,42,0.5).trace[0]",29.465437412261963,results/make49/stage4_cache/FashionMNIST.json:vae|FashionMNIST|m64|s42|e300|es1|b0.5,,not available,300,True
FashionMNIST,ascending_scan_Q,42,0.5,final,vae|FashionMNIST|m4|s42|e300|es1|b0.5,vae|m4|e300|es1|b0.5,31.84492564201355,"stage4_methods.json: (FashionMNIST,ascending_scan_Q,42,0.5).trace[2]",31.84492564201355,results/make49/stage4_cache/FashionMNIST.json:vae|FashionMNIST|m4|s42|e300|es1|b0.5,True,not available,300,True
FashionMNIST,ascending_scan_Q,123,0.5,anchor,vae|FashionMNIST|m64|s123|e300|es1|b0.5,vae|m64|e300|es1|b0.5,36.22773098945618,"stage4_methods.json: (FashionMNIST,ascending_scan_Q,123,0.5).trace[0]",36.22773098945618,results/make49/stage4_cache/FashionMNIST.json:vae|FashionMNIST|m64|s123|e300|es1|b0.5,,not available,300,True
FashionMNIST,ascending_scan_Q,123,0.5,final,vae|FashionMNIST|m4|s123|e300|es1|b0.5,vae|m4|e300|es1|b0.5,34.343934059143066,"stage4_methods.json: (FashionMNIST,ascending_scan_Q,123,0.5).trace[2]",34.343934059143066,results/make49/stage4_cache/FashionMNIST.json:vae|FashionMNIST|m4|s123|e300|es1|b0.5,True,not available,300,True
FashionMNIST,ascending_scan_Q,777,0.5,anchor,vae|FashionMNIST|m64|s777|e300|es1|b0.5,vae|m64|e300|es1|b0.5,34.40027332305908,"stage4_methods.json: (FashionMNIST,ascending_scan_Q,777,0.5).trace[0]",34.40027332305908,results/make49/stage4_cache/FashionMNIST.json:vae|FashionMNIST|m64|s777|e300|es1|b0.5,,not available,300,True
FashionMNIST,ascending_scan_Q,777,0.5,final,vae|FashionMNIST|m6|s777|e300|es1|b0.5,vae|m6|e300|es1|b0.5,25.64336323738098,"stage4_methods.json: (FashionMNIST,ascending_scan_Q,777,0.5).trace[3]",25.64336323738098,results/make49/stage4_cache/FashionMNIST.json:vae|FashionMNIST|m6|s777|e300|es1|b0.5,True,not available,300,True
FashionMNIST,ascending_scan_Q,2024,0.5,anchor,vae|FashionMNIST|m64|s2024|e300|es1|b0.5,vae|m64|e300|es1|b0.5,34.76712465286255,"stage4_methods.json: (FashionMNIST,ascending_scan_Q,2024,0.5).trace[0]",34.76712465286255,results/make49/stage4_cache/FashionMNIST.json:vae|FashionMNIST|m64|s2024|e300|es1|b0.5,,not available,300,True
FashionMNIST,ascending_scan_Q,2024,0.5,final,vae|FashionMNIST|m6|s2024|e300|es1|b0.5,vae|m6|e300|es1|b0.5,37.20000147819519,"stage4_methods.json: (FashionMNIST,ascending_scan_Q,2024,0.5).trace[3]",37.20000147819519,results/make49/stage4_cache/FashionMNIST.json:vae|FashionMNIST|m6|s2024|e300|es1|b0.5,True,not available,300,True
FashionMNIST,ascending_scan_Q,31337,0.5,anchor,vae|FashionMNIST|m64|s31337|e300|es1|b0.5,vae|m64|e300|es1|b0.5,34.648279428482056,"stage4_methods.json: (FashionMNIST,ascending_scan_Q,31337,0.5).trace[0]",34.648279428482056,results/make49/stage4_cache/FashionMNIST.json:vae|FashionMNIST|m64|s31337|e300|es1|b0.5,,not available,300,True
FashionMNIST,ascending_scan_Q,31337,0.5,final,vae|FashionMNIST|m4|s31337|e300|es1|b0.5,vae|m4|e300|es1|b0.5,37.34431529045105,"stage4_methods.json: (FashionMNIST,ascending_scan_Q,31337,0.5).trace[2]",37.34431529045105,results/make49/stage4_cache/FashionMNIST.json:vae|FashionMNIST|m4|s31337|e300|es1|b0.5,True,not available,300,True
FashionMNIST,B4_plus_Q,42,0.5,anchor,vae|FashionMNIST|m64|s42|e300|es1|b0.5,vae|m64|e300|es1|b0.5,29.465437412261963,"stage4_methods.json: (FashionMNIST,B4_plus_Q,42,0.5).trace[3]",29.465437412261963,results/make49/stage4_cache/FashionMNIST.json:vae|FashionMNIST|m64|s42|e300|es1|b0.5,,not available,300,True
FashionMNIST,B4_plus_Q,42,0.5,final,vae|FashionMNIST|m10|s42|e300|es1|b0.5,vae|m10|e300|es1|b0.5,40.39524173736572,"stage4_methods.json: (FashionMNIST,B4_plus_Q,42,0.5).trace[2]",40.39524173736572,results/make49/stage4_cache/FashionMNIST.json:vae|FashionMNIST|m10|s42|e300|es1|b0.5,True,not available,300,True
FashionMNIST,B4_plus_Q,123,0.5,anchor,vae|FashionMNIST|m64|s123|e300|es1|b0.5,vae|m64|e300|es1|b0.5,36.22773098945618,"stage4_methods.json: (FashionMNIST,B4_plus_Q,123,0.5).trace[3]",36.22773098945618,results/make49/stage4_cache/FashionMNIST.json:vae|FashionMNIST|m64|s123|e300|es1|b0.5,,not available,300,True
FashionMNIST,B4_plus_Q,123,0.5,final,vae|FashionMNIST|m10|s123|e300|es1|b0.5,vae|m10|e300|es1|b0.5,36.39171600341797,"stage4_methods.json: (FashionMNIST,B4_plus_Q,123,0.5).trace[2]",36.39171600341797,results/make49/stage4_cache/FashionMNIST.json:vae|FashionMNIST|m10|s123|e300|es1|b0.5,True,not available,300,True
FashionMNIST,B4_plus_Q,777,0.5,anchor,vae|FashionMNIST|m64|s777|e300|es1|b0.5,vae|m64|e300|es1|b0.5,34.40027332305908,"stage4_methods.json: (FashionMNIST,B4_plus_Q,777,0.5).trace[3]",34.40027332305908,results/make49/stage4_cache/FashionMNIST.json:vae|FashionMNIST|m64|s777|e300|es1|b0.5,,not available,300,True
FashionMNIST,B4_plus_Q,777,0.5,final,vae|FashionMNIST|m10|s777|e300|es1|b0.5,vae|m10|e300|es1|b0.5,45.00671172142029,"stage4_methods.json: (FashionMNIST,B4_plus_Q,777,0.5).trace[2]",45.00671172142029,results/make49/stage4_cache/FashionMNIST.json:vae|FashionMNIST|m10|s777|e300|es1|b0.5,True,not available,300,True
FashionMNIST,B4_plus_Q,2024,0.5,anchor,vae|FashionMNIST|m64|s2024|e300|es1|b0.5,vae|m64|e300|es1|b0.5,34.76712465286255,"stage4_methods.json: (FashionMNIST,B4_plus_Q,2024,0.5).trace[3]",34.76712465286255,results/make49/stage4_cache/FashionMNIST.json:vae|FashionMNIST|m64|s2024|e300|es1|b0.5,,not available,300,True
FashionMNIST,B4_plus_Q,2024,0.5,final,vae|FashionMNIST|m10|s2024|e300|es1|b0.5,vae|m10|e300|es1|b0.5,29.946998357772827,"stage4_methods.json: (FashionMNIST,B4_plus_Q,2024,0.5).trace[2]",29.946998357772827,results/make49/stage4_cache/FashionMNIST.json:vae|FashionMNIST|m10|s2024|e300|es1|b0.5,True,not available,300,True
FashionMNIST,B4_plus_Q,31337,0.5,anchor,vae|FashionMNIST|m64|s31337|e300|es1|b0.5,vae|m64|e300|es1|b0.5,34.648279428482056,"stage4_methods.json: (FashionMNIST,B4_plus_Q,31337,0.5).trace[3]",34.648279428482056,results/make49/stage4_cache/FashionMNIST.json:vae|FashionMNIST|m64|s31337|e300|es1|b0.5,,not available,300,True
FashionMNIST,B4_plus_Q,31337,0.5,final,vae|FashionMNIST|m10|s31337|e300|es1|b0.5,vae|m10|e300|es1|b0.5,51.53797101974487,"stage4_methods.json: (FashionMNIST,B4_plus_Q,31337,0.5).trace[2]",51.53797101974487,results/make49/stage4_cache/FashionMNIST.json:vae|FashionMNIST|m10|s31337|e300|es1|b0.5,True,not available,300,True
FashionMNIST,B6a_plus_Q,42,0.5,anchor,vae|FashionMNIST|m64|s42|e300|es1|b0.5,vae|m64|e300|es1|b0.5,29.465437412261963,"stage4_methods.json: (FashionMNIST,B6a_plus_Q,42,0.5).trace[4]",29.465437412261963,results/make49/stage4_cache/FashionMNIST.json:vae|FashionMNIST|m64|s42|e300|es1|b0.5,,not available,300,True
FashionMNIST,B6a_plus_Q,42,0.5,final,vae|FashionMNIST|m6|s42|e300|es1|b0.5,vae|m6|e300|es1|b0.5,33.8356294631958,"stage4_methods.json: (FashionMNIST,B6a_plus_Q,42,0.5).trace[5]",33.8356294631958,results/make49/stage4_cache/FashionMNIST.json:vae|FashionMNIST|m6|s42|e300|es1|b0.5,True,not available,300,True
FashionMNIST,B6a_plus_Q,123,0.5,anchor,vae|FashionMNIST|m64|s123|e300|es1|b0.5,vae|m64|e300|es1|b0.5,36.22773098945618,"stage4_methods.json: (FashionMNIST,B6a_plus_Q,123,0.5).trace[5]",36.22773098945618,results/make49/stage4_cache/FashionMNIST.json:vae|FashionMNIST|m64|s123|e300|es1|b0.5,,not available,300,True
FashionMNIST,B6a_plus_Q,123,0.5,final,vae|FashionMNIST|m8|s123|e300|es1|b0.5,vae|m8|e300|es1|b0.5,31.579574584960938,"stage4_methods.json: (FashionMNIST,B6a_plus_Q,123,0.5).trace[6]",31.579574584960938,results/make49/stage4_cache/FashionMNIST.json:vae|FashionMNIST|m8|s123|e300|es1|b0.5,True,not available,300,True
FashionMNIST,B6a_plus_Q,777,0.5,anchor,vae|FashionMNIST|m64|s777|e300|es1|b0.5,vae|m64|e300|es1|b0.5,34.40027332305908,"stage4_methods.json: (FashionMNIST,B6a_plus_Q,777,0.5).trace[4]",34.40027332305908,results/make49/stage4_cache/FashionMNIST.json:vae|FashionMNIST|m64|s777|e300|es1|b0.5,,not available,300,True
FashionMNIST,B6a_plus_Q,777,0.5,final,vae|FashionMNIST|m6|s777|e300|es1|b0.5,vae|m6|e300|es1|b0.5,25.64336323738098,"stage4_methods.json: (FashionMNIST,B6a_plus_Q,777,0.5).trace[5]",25.64336323738098,results/make49/stage4_cache/FashionMNIST.json:vae|FashionMNIST|m6|s777|e300|es1|b0.5,True,not available,300,True
FashionMNIST,B6a_plus_Q,2024,0.5,anchor,vae|FashionMNIST|m64|s2024|e300|es1|b0.5,vae|m64|e300|es1|b0.5,34.76712465286255,"stage4_methods.json: (FashionMNIST,B6a_plus_Q,2024,0.5).trace[5]",34.76712465286255,results/make49/stage4_cache/FashionMNIST.json:vae|FashionMNIST|m64|s2024|e300|es1|b0.5,,not available,300,True
FashionMNIST,B6a_plus_Q,2024,0.5,final,vae|FashionMNIST|m8|s2024|e300|es1|b0.5,vae|m8|e300|es1|b0.5,33.96540594100952,"stage4_methods.json: (FashionMNIST,B6a_plus_Q,2024,0.5).trace[6]",33.96540594100952,results/make49/stage4_cache/FashionMNIST.json:vae|FashionMNIST|m8|s2024|e300|es1|b0.5,True,not available,300,True
FashionMNIST,B6a_plus_Q,31337,0.5,anchor,vae|FashionMNIST|m64|s31337|e300|es1|b0.5,vae|m64|e300|es1|b0.5,34.648279428482056,"stage4_methods.json: (FashionMNIST,B6a_plus_Q,31337,0.5).trace[4]",34.648279428482056,results/make49/stage4_cache/FashionMNIST.json:vae|FashionMNIST|m64|s31337|e300|es1|b0.5,,not available,300,True
FashionMNIST,B6a_plus_Q,31337,0.5,final,vae|FashionMNIST|m6|s31337|e300|es1|b0.5,vae|m6|e300|es1|b0.5,23.30528235435486,"stage4_methods.json: (FashionMNIST,B6a_plus_Q,31337,0.5).trace[5]",23.30528235435486,results/make49/stage4_cache/FashionMNIST.json:vae|FashionMNIST|m6|s31337|e300|es1|b0.5,True,not available,300,True
FashionMNIST,B6b_plus_Q,42,0.5,anchor,vae|FashionMNIST|m64|s42|e300|es1|b0.5,vae|m64|e300|es1|b0.5,29.465437412261963,"stage4_methods.json: (FashionMNIST,B6b_plus_Q,42,0.5).trace[1]",29.465437412261963,results/make49/stage4_cache/FashionMNIST.json:vae|FashionMNIST|m64|s42|e300|es1|b0.5,,not available,300,True
FashionMNIST,B6b_plus_Q,42,0.5,final,vae|FashionMNIST|m24|s42|e300|es1|b0.5,vae|m24|e300|es1|b0.5,36.3138370513916,"stage4_methods.json: (FashionMNIST,B6b_plus_Q,42,0.5).trace[2]",36.3138370513916,results/make49/stage4_cache/FashionMNIST.json:vae|FashionMNIST|m24|s42|e300|es1|b0.5,True,not available,300,True
FashionMNIST,B6b_plus_Q,123,0.5,anchor,vae|FashionMNIST|m64|s123|e300|es1|b0.5,vae|m64|e300|es1|b0.5,36.22773098945618,"stage4_methods.json: (FashionMNIST,B6b_plus_Q,123,0.5).trace[2]",36.22773098945618,results/make49/stage4_cache/FashionMNIST.json:vae|FashionMNIST|m64|s123|e300|es1|b0.5,,not available,300,True
FashionMNIST,B6b_plus_Q,123,0.5,final,vae|FashionMNIST|m48|s123|e300|es1|b0.5,vae|m48|e300|es1|b0.5,24.752886056900024,"stage4_methods.json: (FashionMNIST,B6b_plus_Q,123,0.5).trace[3]",24.752886056900024,results/make49/stage4_cache/FashionMNIST.json:vae|FashionMNIST|m48|s123|e300|es1|b0.5,True,not available,300,True
FashionMNIST,B6b_plus_Q,777,0.5,anchor,vae|FashionMNIST|m64|s777|e300|es1|b0.5,vae|m64|e300|es1|b0.5,34.40027332305908,"stage4_methods.json: (FashionMNIST,B6b_plus_Q,777,0.5).trace[2]",34.40027332305908,results/make49/stage4_cache/FashionMNIST.json:vae|FashionMNIST|m64|s777|e300|es1|b0.5,,not available,300,True
FashionMNIST,B6b_plus_Q,777,0.5,final,vae|FashionMNIST|m48|s777|e300|es1|b0.5,vae|m48|e300|es1|b0.5,36.32058143615723,"stage4_methods.json: (FashionMNIST,B6b_plus_Q,777,0.5).trace[3]",36.32058143615723,results/make49/stage4_cache/FashionMNIST.json:vae|FashionMNIST|m48|s777|e300|es1|b0.5,True,not available,300,True
FashionMNIST,B6b_plus_Q,2024,0.5,anchor,vae|FashionMNIST|m64|s2024|e300|es1|b0.5,vae|m64|e300|es1|b0.5,34.76712465286255,"stage4_methods.json: (FashionMNIST,B6b_plus_Q,2024,0.5).trace[1]",34.76712465286255,results/make49/stage4_cache/FashionMNIST.json:vae|FashionMNIST|m64|s2024|e300|es1|b0.5,,not available,300,True
FashionMNIST,B6b_plus_Q,2024,0.5,final,vae|FashionMNIST|m24|s2024|e300|es1|b0.5,vae|m24|e300|es1|b0.5,27.04978919029236,"stage4_methods.json: (FashionMNIST,B6b_plus_Q,2024,0.5).trace[2]",27.04978919029236,results/make49/stage4_cache/FashionMNIST.json:vae|FashionMNIST|m24|s2024|e300|es1|b0.5,True,not available,300,True
FashionMNIST,B6b_plus_Q,31337,0.5,anchor,vae|FashionMNIST|m64|s31337|e300|es1|b0.5,vae|m64|e300|es1|b0.5,34.648279428482056,"stage4_methods.json: (FashionMNIST,B6b_plus_Q,31337,0.5).trace[1]",34.648279428482056,results/make49/stage4_cache/FashionMNIST.json:vae|FashionMNIST|m64|s31337|e300|es1|b0.5,,not available,300,True
FashionMNIST,B6b_plus_Q,31337,0.5,final,vae|FashionMNIST|m24|s31337|e300|es1|b0.5,vae|m24|e300|es1|b0.5,42.97506332397461,"stage4_methods.json: (FashionMNIST,B6b_plus_Q,31337,0.5).trace[2]",42.97506332397461,results/make49/stage4_cache/FashionMNIST.json:vae|FashionMNIST|m24|s31337|e300|es1|b0.5,True,not available,300,True
FashionMNIST,B1_full_mse,42,1.0,anchor,vae|FashionMNIST|m64|s42|e300|es1|b1,vae|m64|e300|es1|b1,53.408743143081665,"stage4_methods.json: (FashionMNIST,B1_full_mse,42,1).trace[11]",53.408743143081665,results/make49/stage4_cache/FashionMNIST.json:vae|FashionMNIST|m64|s42|e300|es1|b1,,not available,300,True
FashionMNIST,B1_full_mse,42,1.0,final,vae|FashionMNIST|m48|s42|e300|es1|b1,vae|m48|e300|es1|b1,56.9177668094635,"stage4_methods.json: (FashionMNIST,B1_full_mse,42,1).trace[10]",56.9177668094635,results/make49/stage4_cache/FashionMNIST.json:vae|FashionMNIST|m48|s42|e300|es1|b1,True,not available,300,True
FashionMNIST,B1_full_mse,123,1.0,anchor,vae|FashionMNIST|m64|s123|e300|es1|b1,vae|m64|e300|es1|b1,43.8092725276947,"stage4_methods.json: (FashionMNIST,B1_full_mse,123,1).trace[11]",43.8092725276947,results/make49/stage4_cache/FashionMNIST.json:vae|FashionMNIST|m64|s123|e300|es1|b1,,not available,300,True
FashionMNIST,B1_full_mse,123,1.0,final,vae|FashionMNIST|m6|s123|e300|es1|b1,vae|m6|e300|es1|b1,103.96677374839783,"stage4_methods.json: (FashionMNIST,B1_full_mse,123,1).trace[2]",103.96677374839783,results/make49/stage4_cache/FashionMNIST.json:vae|FashionMNIST|m6|s123|e300|es1|b1,True,not available,300,True
FashionMNIST,B1_full_mse,777,1.0,anchor,vae|FashionMNIST|m64|s777|e300|es1|b1,vae|m64|e300|es1|b1,66.28704190254211,"stage4_methods.json: (FashionMNIST,B1_full_mse,777,1).trace[11]",66.28704190254211,results/make49/stage4_cache/FashionMNIST.json:vae|FashionMNIST|m64|s777|e300|es1|b1,,not available,300,True
FashionMNIST,B1_full_mse,777,1.0,final,vae|FashionMNIST|m24|s777|e300|es1|b1,vae|m24|e300|es1|b1,60.62035894393921,"stage4_methods.json: (FashionMNIST,B1_full_mse,777,1).trace[8]",60.62035894393921,results/make49/stage4_cache/FashionMNIST.json:vae|FashionMNIST|m24|s777|e300|es1|b1,True,not available,300,True
FashionMNIST,B1_full_mse,2024,1.0,anchor,vae|FashionMNIST|m64|s2024|e300|es1|b1,vae|m64|e300|es1|b1,50.94355344772339,"stage4_methods.json: (FashionMNIST,B1_full_mse,2024,1).trace[11]",50.94355344772339,results/make49/stage4_cache/FashionMNIST.json:vae|FashionMNIST|m64|s2024|e300|es1|b1,,not available,300,True
FashionMNIST,B1_full_mse,2024,1.0,final,vae|FashionMNIST|m20|s2024|e300|es1|b1,vae|m20|e300|es1|b1,71.51267671585083,"stage4_methods.json: (FashionMNIST,B1_full_mse,2024,1).trace[7]",71.51267671585083,results/make49/stage4_cache/FashionMNIST.json:vae|FashionMNIST|m20|s2024|e300|es1|b1,True,not available,300,True
FashionMNIST,B1_full_mse,31337,1.0,anchor,vae|FashionMNIST|m64|s31337|e300|es1|b1,vae|m64|e300|es1|b1,55.783231019973755,"stage4_methods.json: (FashionMNIST,B1_full_mse,31337,1).trace[11]",55.783231019973755,results/make49/stage4_cache/FashionMNIST.json:vae|FashionMNIST|m64|s31337|e300|es1|b1,,not available,300,True
FashionMNIST,B1_full_mse,31337,1.0,final,vae|FashionMNIST|m16|s31337|e300|es1|b1,vae|m16|e300|es1|b1,59.707188844680786,"stage4_methods.json: (FashionMNIST,B1_full_mse,31337,1).trace[6]",59.707188844680786,results/make49/stage4_cache/FashionMNIST.json:vae|FashionMNIST|m16|s31337|e300|es1|b1,True,not available,300,True
FashionMNIST,B2_full_elbo,42,1.0,anchor,vae|FashionMNIST|m64|s42|e300|es1|b1,vae|m64|e300|es1|b1,53.408743143081665,"stage4_methods.json: (FashionMNIST,B2_full_elbo,42,1).trace[11]",53.408743143081665,results/make49/stage4_cache/FashionMNIST.json:vae|FashionMNIST|m64|s42|e300|es1|b1,,not available,300,True
FashionMNIST,B2_full_elbo,42,1.0,final,vae|FashionMNIST|m20|s42|e300|es1|b1,vae|m20|e300|es1|b1,33.15878176689148,"stage4_methods.json: (FashionMNIST,B2_full_elbo,42,1).trace[7]",33.15878176689148,results/make49/stage4_cache/FashionMNIST.json:vae|FashionMNIST|m20|s42|e300|es1|b1,True,not available,300,True
FashionMNIST,B2_full_elbo,123,1.0,anchor,vae|FashionMNIST|m64|s123|e300|es1|b1,vae|m64|e300|es1|b1,43.8092725276947,"stage4_methods.json: (FashionMNIST,B2_full_elbo,123,1).trace[11]",43.8092725276947,results/make49/stage4_cache/FashionMNIST.json:vae|FashionMNIST|m64|s123|e300|es1|b1,,not available,300,True
FashionMNIST,B2_full_elbo,123,1.0,final,vae|FashionMNIST|m6|s123|e300|es1|b1,vae|m6|e300|es1|b1,103.96677374839783,"stage4_methods.json: (FashionMNIST,B2_full_elbo,123,1).trace[2]",103.96677374839783,results/make49/stage4_cache/FashionMNIST.json:vae|FashionMNIST|m6|s123|e300|es1|b1,True,not available,300,True
FashionMNIST,B2_full_elbo,777,1.0,anchor,vae|FashionMNIST|m64|s777|e300|es1|b1,vae|m64|e300|es1|b1,66.28704190254211,"stage4_methods.json: (FashionMNIST,B2_full_elbo,777,1).trace[11]",66.28704190254211,results/make49/stage4_cache/FashionMNIST.json:vae|FashionMNIST|m64|s777|e300|es1|b1,,not available,300,True
FashionMNIST,B2_full_elbo,777,1.0,final,vae|FashionMNIST|m24|s777|e300|es1|b1,vae|m24|e300|es1|b1,60.62035894393921,"stage4_methods.json: (FashionMNIST,B2_full_elbo,777,1).trace[8]",60.62035894393921,results/make49/stage4_cache/FashionMNIST.json:vae|FashionMNIST|m24|s777|e300|es1|b1,True,not available,300,True
FashionMNIST,B2_full_elbo,2024,1.0,anchor,vae|FashionMNIST|m64|s2024|e300|es1|b1,vae|m64|e300|es1|b1,50.94355344772339,"stage4_methods.json: (FashionMNIST,B2_full_elbo,2024,1).trace[11]",50.94355344772339,results/make49/stage4_cache/FashionMNIST.json:vae|FashionMNIST|m64|s2024|e300|es1|b1,,not available,300,True
FashionMNIST,B2_full_elbo,2024,1.0,final,vae|FashionMNIST|m20|s2024|e300|es1|b1,vae|m20|e300|es1|b1,71.51267671585083,"stage4_methods.json: (FashionMNIST,B2_full_elbo,2024,1).trace[7]",71.51267671585083,results/make49/stage4_cache/FashionMNIST.json:vae|FashionMNIST|m20|s2024|e300|es1|b1,True,not available,300,True
FashionMNIST,B2_full_elbo,31337,1.0,anchor,vae|FashionMNIST|m64|s31337|e300|es1|b1,vae|m64|e300|es1|b1,55.783231019973755,"stage4_methods.json: (FashionMNIST,B2_full_elbo,31337,1).trace[11]",55.783231019973755,results/make49/stage4_cache/FashionMNIST.json:vae|FashionMNIST|m64|s31337|e300|es1|b1,,not available,300,True
FashionMNIST,B2_full_elbo,31337,1.0,final,vae|FashionMNIST|m8|s31337|e300|es1|b1,vae|m8|e300|es1|b1,37.31041359901428,"stage4_methods.json: (FashionMNIST,B2_full_elbo,31337,1).trace[3]",37.31041359901428,results/make49/stage4_cache/FashionMNIST.json:vae|FashionMNIST|m8|s31337|e300|es1|b1,True,not available,300,True
FashionMNIST,B3_full_downstream,42,1.0,anchor,vae|FashionMNIST|m64|s42|e300|es1|b1,vae|m64|e300|es1|b1,53.408743143081665,"stage4_methods.json: (FashionMNIST,B3_full_downstream,42,1).trace[11]",53.408743143081665,results/make49/stage4_cache/FashionMNIST.json:vae|FashionMNIST|m64|s42|e300|es1|b1,,not available,300,True
FashionMNIST,B3_full_downstream,42,1.0,final,vae|FashionMNIST|m48|s42|e300|es1|b1,vae|m48|e300|es1|b1,56.9177668094635,"stage4_methods.json: (FashionMNIST,B3_full_downstream,42,1).trace[10]",56.9177668094635,results/make49/stage4_cache/FashionMNIST.json:vae|FashionMNIST|m48|s42|e300|es1|b1,True,not available,300,True
FashionMNIST,B3_full_downstream,123,1.0,anchor,vae|FashionMNIST|m64|s123|e300|es1|b1,vae|m64|e300|es1|b1,43.8092725276947,"stage4_methods.json: (FashionMNIST,B3_full_downstream,123,1).trace[11]",43.8092725276947,results/make49/stage4_cache/FashionMNIST.json:vae|FashionMNIST|m64|s123|e300|es1|b1,,not available,300,True
FashionMNIST,B3_full_downstream,123,1.0,final,vae|FashionMNIST|m64|s123|e300|es1|b1,vae|m64|e300|es1|b1,43.8092725276947,"stage4_methods.json: (FashionMNIST,B3_full_downstream,123,1).trace[11]",43.8092725276947,results/make49/stage4_cache/FashionMNIST.json:vae|FashionMNIST|m64|s123|e300|es1|b1,True,not available,300,True
FashionMNIST,B3_full_downstream,777,1.0,anchor,vae|FashionMNIST|m64|s777|e300|es1|b1,vae|m64|e300|es1|b1,66.28704190254211,"stage4_methods.json: (FashionMNIST,B3_full_downstream,777,1).trace[11]",66.28704190254211,results/make49/stage4_cache/FashionMNIST.json:vae|FashionMNIST|m64|s777|e300|es1|b1,,not available,300,True
FashionMNIST,B3_full_downstream,777,1.0,final,vae|FashionMNIST|m64|s777|e300|es1|b1,vae|m64|e300|es1|b1,66.28704190254211,"stage4_methods.json: (FashionMNIST,B3_full_downstream,777,1).trace[11]",66.28704190254211,results/make49/stage4_cache/FashionMNIST.json:vae|FashionMNIST|m64|s777|e300|es1|b1,True,not available,300,True
FashionMNIST,B3_full_downstream,2024,1.0,anchor,vae|FashionMNIST|m64|s2024|e300|es1|b1,vae|m64|e300|es1|b1,50.94355344772339,"stage4_methods.json: (FashionMNIST,B3_full_downstream,2024,1).trace[11]",50.94355344772339,results/make49/stage4_cache/FashionMNIST.json:vae|FashionMNIST|m64|s2024|e300|es1|b1,,not available,300,True
FashionMNIST,B3_full_downstream,2024,1.0,final,vae|FashionMNIST|m64|s2024|e300|es1|b1,vae|m64|e300|es1|b1,50.94355344772339,"stage4_methods.json: (FashionMNIST,B3_full_downstream,2024,1).trace[11]",50.94355344772339,results/make49/stage4_cache/FashionMNIST.json:vae|FashionMNIST|m64|s2024|e300|es1|b1,True,not available,300,True
FashionMNIST,B3_full_downstream,31337,1.0,anchor,vae|FashionMNIST|m64|s31337|e300|es1|b1,vae|m64|e300|es1|b1,55.783231019973755,"stage4_methods.json: (FashionMNIST,B3_full_downstream,31337,1).trace[11]",55.783231019973755,results/make49/stage4_cache/FashionMNIST.json:vae|FashionMNIST|m64|s31337|e300|es1|b1,,not available,300,True
FashionMNIST,B3_full_downstream,31337,1.0,final,vae|FashionMNIST|m48|s31337|e300|es1|b1,vae|m48|e300|es1|b1,41.73147630691528,"stage4_methods.json: (FashionMNIST,B3_full_downstream,31337,1).trace[10]",41.73147630691528,results/make49/stage4_cache/FashionMNIST.json:vae|FashionMNIST|m48|s31337|e300|es1|b1,True,not available,300,True
FashionMNIST,B4_coarse,42,1.0,anchor,vae|FashionMNIST|m64|s42|e300|es1|b1,vae|m64|e300|es1|b1,53.408743143081665,"stage4_methods.json: (FashionMNIST,B4_coarse,42,1).trace[3]",53.408743143081665,results/make49/stage4_cache/FashionMNIST.json:vae|FashionMNIST|m64|s42|e300|es1|b1,,not available,300,True
FashionMNIST,B4_coarse,42,1.0,final,vae|FashionMNIST|m4|s42|e300|es1|b1,vae|m4|e300|es1|b1,105.1015031337738,"stage4_methods.json: (FashionMNIST,B4_coarse,42,1).trace[1]",105.1015031337738,results/make49/stage4_cache/FashionMNIST.json:vae|FashionMNIST|m4|s42|e300|es1|b1,True,not available,300,True
FashionMNIST,B4_coarse,123,1.0,anchor,vae|FashionMNIST|m64|s123|e300|es1|b1,vae|m64|e300|es1|b1,43.8092725276947,"stage4_methods.json: (FashionMNIST,B4_coarse,123,1).trace[3]",43.8092725276947,results/make49/stage4_cache/FashionMNIST.json:vae|FashionMNIST|m64|s123|e300|es1|b1,,not available,300,True
FashionMNIST,B4_coarse,123,1.0,final,vae|FashionMNIST|m4|s123|e300|es1|b1,vae|m4|e300|es1|b1,68.20109057426453,"stage4_methods.json: (FashionMNIST,B4_coarse,123,1).trace[1]",68.20109057426453,results/make49/stage4_cache/FashionMNIST.json:vae|FashionMNIST|m4|s123|e300|es1|b1,True,not available,300,True
FashionMNIST,B4_coarse,777,1.0,anchor,vae|FashionMNIST|m64|s777|e300|es1|b1,vae|m64|e300|es1|b1,66.28704190254211,"stage4_methods.json: (FashionMNIST,B4_coarse,777,1).trace[3]",66.28704190254211,results/make49/stage4_cache/FashionMNIST.json:vae|FashionMNIST|m64|s777|e300|es1|b1,,not available,300,True
FashionMNIST,B4_coarse,777,1.0,final,vae|FashionMNIST|m10|s777|e300|es1|b1,vae|m10|e300|es1|b1,38.23984336853027,"stage4_methods.json: (FashionMNIST,B4_coarse,777,1).trace[2]",38.23984336853027,results/make49/stage4_cache/FashionMNIST.json:vae|FashionMNIST|m10|s777|e300|es1|b1,True,not available,300,True
FashionMNIST,B4_coarse,2024,1.0,anchor,vae|FashionMNIST|m64|s2024|e300|es1|b1,vae|m64|e300|es1|b1,50.94355344772339,"stage4_methods.json: (FashionMNIST,B4_coarse,2024,1).trace[3]",50.94355344772339,results/make49/stage4_cache/FashionMNIST.json:vae|FashionMNIST|m64|s2024|e300|es1|b1,,not available,300,True
FashionMNIST,B4_coarse,2024,1.0,final,vae|FashionMNIST|m4|s2024|e300|es1|b1,vae|m4|e300|es1|b1,75.0333731174469,"stage4_methods.json: (FashionMNIST,B4_coarse,2024,1).trace[1]",75.0333731174469,results/make49/stage4_cache/FashionMNIST.json:vae|FashionMNIST|m4|s2024|e300|es1|b1,True,not available,300,True
FashionMNIST,B4_coarse,31337,1.0,anchor,vae|FashionMNIST|m64|s31337|e300|es1|b1,vae|m64|e300|es1|b1,55.783231019973755,"stage4_methods.json: (FashionMNIST,B4_coarse,31337,1).trace[3]",55.783231019973755,results/make49/stage4_cache/FashionMNIST.json:vae|FashionMNIST|m64|s31337|e300|es1|b1,,not available,300,True
FashionMNIST,B4_coarse,31337,1.0,final,vae|FashionMNIST|m10|s31337|e300|es1|b1,vae|m10|e300|es1|b1,59.153000831604004,"stage4_methods.json: (FashionMNIST,B4_coarse,31337,1).trace[2]",59.153000831604004,results/make49/stage4_cache/FashionMNIST.json:vae|FashionMNIST|m10|s31337|e300|es1|b1,True,not available,300,True
FashionMNIST,B5_fixed32,42,1.0,anchor,vae|FashionMNIST|m64|s42|e300|es1|b1,not in trace,,not charged in original ledger; MAKE50 used current snapshot,53.408743143081665,results/make49/stage4_cache/FashionMNIST.json:vae|FashionMNIST|m64|s42|e300|es1|b1,,not available,300,True
FashionMNIST,B5_fixed32,42,1.0,final,vae|FashionMNIST|m32|s42|e300|es1|b1,vae|m32|e300|es1|b1,42.94869518280029,"stage4_methods.json: (FashionMNIST,B5_fixed32,42,1).trace[0]",42.94869518280029,results/make49/stage4_cache/FashionMNIST.json:vae|FashionMNIST|m32|s42|e300|es1|b1,True,not available,300,True
FashionMNIST,B5_fixed32,123,1.0,anchor,vae|FashionMNIST|m64|s123|e300|es1|b1,not in trace,,not charged in original ledger; MAKE50 used current snapshot,43.8092725276947,results/make49/stage4_cache/FashionMNIST.json:vae|FashionMNIST|m64|s123|e300|es1|b1,,not available,300,True
FashionMNIST,B5_fixed32,123,1.0,final,vae|FashionMNIST|m32|s123|e300|es1|b1,vae|m32|e300|es1|b1,35.13328790664673,"stage4_methods.json: (FashionMNIST,B5_fixed32,123,1).trace[0]",35.13328790664673,results/make49/stage4_cache/FashionMNIST.json:vae|FashionMNIST|m32|s123|e300|es1|b1,True,not available,300,True
FashionMNIST,B5_fixed32,777,1.0,anchor,vae|FashionMNIST|m64|s777|e300|es1|b1,not in trace,,not charged in original ledger; MAKE50 used current snapshot,66.28704190254211,results/make49/stage4_cache/FashionMNIST.json:vae|FashionMNIST|m64|s777|e300|es1|b1,,not available,300,True
FashionMNIST,B5_fixed32,777,1.0,final,vae|FashionMNIST|m32|s777|e300|es1|b1,vae|m32|e300|es1|b1,57.2039737701416,"stage4_methods.json: (FashionMNIST,B5_fixed32,777,1).trace[0]",57.2039737701416,results/make49/stage4_cache/FashionMNIST.json:vae|FashionMNIST|m32|s777|e300|es1|b1,True,not available,300,True
FashionMNIST,B5_fixed32,2024,1.0,anchor,vae|FashionMNIST|m64|s2024|e300|es1|b1,not in trace,,not charged in original ledger; MAKE50 used current snapshot,50.94355344772339,results/make49/stage4_cache/FashionMNIST.json:vae|FashionMNIST|m64|s2024|e300|es1|b1,,not available,300,True
FashionMNIST,B5_fixed32,2024,1.0,final,vae|FashionMNIST|m32|s2024|e300|es1|b1,vae|m32|e300|es1|b1,34.09817600250244,"stage4_methods.json: (FashionMNIST,B5_fixed32,2024,1).trace[0]",34.09817600250244,results/make49/stage4_cache/FashionMNIST.json:vae|FashionMNIST|m32|s2024|e300|es1|b1,True,not available,300,True
FashionMNIST,B5_fixed32,31337,1.0,anchor,vae|FashionMNIST|m64|s31337|e300|es1|b1,not in trace,,not charged in original ledger; MAKE50 used current snapshot,55.783231019973755,results/make49/stage4_cache/FashionMNIST.json:vae|FashionMNIST|m64|s31337|e300|es1|b1,,not available,300,True
FashionMNIST,B5_fixed32,31337,1.0,final,vae|FashionMNIST|m32|s31337|e300|es1|b1,vae|m32|e300|es1|b1,53.93747162818909,"stage4_methods.json: (FashionMNIST,B5_fixed32,31337,1).trace[0]",53.93747162818909,results/make49/stage4_cache/FashionMNIST.json:vae|FashionMNIST|m32|s31337|e300|es1|b1,True,not available,300,True
FashionMNIST,B6a_fondue,42,1.0,anchor,vae|FashionMNIST|m64|s42|e300|es1|b1,not in trace,,not charged in original ledger; MAKE50 used current snapshot,53.408743143081665,results/make49/stage4_cache/FashionMNIST.json:vae|FashionMNIST|m64|s42|e300|es1|b1,,not available,300,True
FashionMNIST,B6a_fondue,42,1.0,final,vae|FashionMNIST|m7|s42|e300|es1|b1,vae|m7|e300|es1|b1,33.87107491493225,"stage4_methods.json: (FashionMNIST,B6a_fondue,42,1).trace[5]",33.87107491493225,results/make49/stage4_cache/FashionMNIST.json:vae|FashionMNIST|m7|s42|e300|es1|b1,True,not available,300,True
FashionMNIST,B6a_fondue,123,1.0,anchor,vae|FashionMNIST|m64|s123|e300|es1|b1,not in trace,,not charged in original ledger; MAKE50 used current snapshot,43.8092725276947,results/make49/stage4_cache/FashionMNIST.json:vae|FashionMNIST|m64|s123|e300|es1|b1,,not available,300,True
FashionMNIST,B6a_fondue,123,1.0,final,vae|FashionMNIST|m7|s123|e300|es1|b1,vae|m7|e300|es1|b1,44.54505729675293,"stage4_methods.json: (FashionMNIST,B6a_fondue,123,1).trace[5]",44.54505729675293,results/make49/stage4_cache/FashionMNIST.json:vae|FashionMNIST|m7|s123|e300|es1|b1,True,not available,300,True
FashionMNIST,B6a_fondue,777,1.0,anchor,vae|FashionMNIST|m64|s777|e300|es1|b1,not in trace,,not charged in original ledger; MAKE50 used current snapshot,66.28704190254211,results/make49/stage4_cache/FashionMNIST.json:vae|FashionMNIST|m64|s777|e300|es1|b1,,not available,300,True
FashionMNIST,B6a_fondue,777,1.0,final,vae|FashionMNIST|m7|s777|e300|es1|b1,vae|m7|e300|es1|b1,35.371277809143066,"stage4_methods.json: (FashionMNIST,B6a_fondue,777,1).trace[5]",35.371277809143066,results/make49/stage4_cache/FashionMNIST.json:vae|FashionMNIST|m7|s777|e300|es1|b1,True,not available,300,True
FashionMNIST,B6a_fondue,2024,1.0,anchor,vae|FashionMNIST|m64|s2024|e300|es1|b1,not in trace,,not charged in original ledger; MAKE50 used current snapshot,50.94355344772339,results/make49/stage4_cache/FashionMNIST.json:vae|FashionMNIST|m64|s2024|e300|es1|b1,,not available,300,True
FashionMNIST,B6a_fondue,2024,1.0,final,vae|FashionMNIST|m7|s2024|e300|es1|b1,vae|m7|e300|es1|b1,43.38662791252136,"stage4_methods.json: (FashionMNIST,B6a_fondue,2024,1).trace[5]",43.38662791252136,results/make49/stage4_cache/FashionMNIST.json:vae|FashionMNIST|m7|s2024|e300|es1|b1,True,not available,300,True
FashionMNIST,B6a_fondue,31337,1.0,anchor,vae|FashionMNIST|m64|s31337|e300|es1|b1,not in trace,,not charged in original ledger; MAKE50 used current snapshot,55.783231019973755,results/make49/stage4_cache/FashionMNIST.json:vae|FashionMNIST|m64|s31337|e300|es1|b1,,not available,300,True
FashionMNIST,B6a_fondue,31337,1.0,final,vae|FashionMNIST|m6|s31337|e300|es1|b1,vae|m6|e300|es1|b1,57.216257095336914,"stage4_methods.json: (FashionMNIST,B6a_fondue,31337,1).trace[4]",57.216257095336914,results/make49/stage4_cache/FashionMNIST.json:vae|FashionMNIST|m6|s31337|e300|es1|b1,True,not available,300,True
FashionMNIST,B6b_fondue_var,42,1.0,anchor,vae|FashionMNIST|m64|s42|e300|es1|b1,not in trace,,not charged in original ledger; MAKE50 used current snapshot,53.408743143081665,results/make49/stage4_cache/FashionMNIST.json:vae|FashionMNIST|m64|s42|e300|es1|b1,,not available,300,True
FashionMNIST,B6b_fondue_var,42,1.0,final,vae|FashionMNIST|m20|s42|e300|es1|b1,vae|m20|e300|es1|b1,33.15878176689148,"stage4_methods.json: (FashionMNIST,B6b_fondue_var,42,1).trace[1]",33.15878176689148,results/make49/stage4_cache/FashionMNIST.json:vae|FashionMNIST|m20|s42|e300|es1|b1,True,not available,300,True
FashionMNIST,B6b_fondue_var,123,1.0,anchor,vae|FashionMNIST|m64|s123|e300|es1|b1,not in trace,,not charged in original ledger; MAKE50 used current snapshot,43.8092725276947,results/make49/stage4_cache/FashionMNIST.json:vae|FashionMNIST|m64|s123|e300|es1|b1,,not available,300,True
FashionMNIST,B6b_fondue_var,123,1.0,final,vae|FashionMNIST|m10|s123|e300|es1|b1,vae|m10|e300|es1|b1,32.16743779182434,"stage4_methods.json: (FashionMNIST,B6b_fondue_var,123,1).trace[1]",32.16743779182434,results/make49/stage4_cache/FashionMNIST.json:vae|FashionMNIST|m10|s123|e300|es1|b1,True,not available,300,True
FashionMNIST,B6b_fondue_var,777,1.0,anchor,vae|FashionMNIST|m64|s777|e300|es1|b1,not in trace,,not charged in original ledger; MAKE50 used current snapshot,66.28704190254211,results/make49/stage4_cache/FashionMNIST.json:vae|FashionMNIST|m64|s777|e300|es1|b1,,not available,300,True
FashionMNIST,B6b_fondue_var,777,1.0,final,vae|FashionMNIST|m15|s777|e300|es1|b1,vae|m15|e300|es1|b1,38.64214825630188,"stage4_methods.json: (FashionMNIST,B6b_fondue_var,777,1).trace[1]",38.64214825630188,results/make49/stage4_cache/FashionMNIST.json:vae|FashionMNIST|m15|s777|e300|es1|b1,True,not available,300,True
FashionMNIST,B6b_fondue_var,2024,1.0,anchor,vae|FashionMNIST|m64|s2024|e300|es1|b1,not in trace,,not charged in original ledger; MAKE50 used current snapshot,50.94355344772339,results/make49/stage4_cache/FashionMNIST.json:vae|FashionMNIST|m64|s2024|e300|es1|b1,,not available,300,True
FashionMNIST,B6b_fondue_var,2024,1.0,final,vae|FashionMNIST|m12|s2024|e300|es1|b1,vae|m12|e300|es1|b1,42.33846163749695,"stage4_methods.json: (FashionMNIST,B6b_fondue_var,2024,1).trace[1]",42.33846163749695,results/make49/stage4_cache/FashionMNIST.json:vae|FashionMNIST|m12|s2024|e300|es1|b1,True,not available,300,True
FashionMNIST,B6b_fondue_var,31337,1.0,anchor,vae|FashionMNIST|m64|s31337|e300|es1|b1,not in trace,,not charged in original ledger; MAKE50 used current snapshot,55.783231019973755,results/make49/stage4_cache/FashionMNIST.json:vae|FashionMNIST|m64|s31337|e300|es1|b1,,not available,300,True
FashionMNIST,B6b_fondue_var,31337,1.0,final,vae|FashionMNIST|m15|s31337|e300|es1|b1,vae|m15|e300|es1|b1,35.28010582923889,"stage4_methods.json: (FashionMNIST,B6b_fondue_var,31337,1).trace[1]",35.28010582923889,results/make49/stage4_cache/FashionMNIST.json:vae|FashionMNIST|m15|s31337|e300|es1|b1,True,not available,300,True
FashionMNIST,B6b_fondue_var_keepmixed_false,42,1.0,anchor,vae|FashionMNIST|m64|s42|e300|es1|b1,not in trace,,not charged in original ledger; MAKE50 used current snapshot,53.408743143081665,results/make49/stage4_cache/FashionMNIST.json:vae|FashionMNIST|m64|s42|e300|es1|b1,,not available,300,True
FashionMNIST,B6b_fondue_var_keepmixed_false,42,1.0,final,vae|FashionMNIST|m2|s42|e300|es1|b1,vae|m2|e300|es1|b1,51.67926740646362,"stage4_methods.json: (FashionMNIST,B6b_fondue_var_keepmixed_false,42,1).trace[1]",51.67926740646362,results/make49/stage4_cache/FashionMNIST.json:vae|FashionMNIST|m2|s42|e300|es1|b1,True,not available,300,True
FashionMNIST,B6b_fondue_var_keepmixed_false,123,1.0,anchor,vae|FashionMNIST|m64|s123|e300|es1|b1,not in trace,,not charged in original ledger; MAKE50 used current snapshot,43.8092725276947,results/make49/stage4_cache/FashionMNIST.json:vae|FashionMNIST|m64|s123|e300|es1|b1,,not available,300,True
FashionMNIST,B6b_fondue_var_keepmixed_false,123,1.0,final,vae|FashionMNIST|m2|s123|e300|es1|b1,vae|m2|e300|es1|b1,53.19218301773071,"stage4_methods.json: (FashionMNIST,B6b_fondue_var_keepmixed_false,123,1).trace[1]",53.19218301773071,results/make49/stage4_cache/FashionMNIST.json:vae|FashionMNIST|m2|s123|e300|es1|b1,True,not available,300,True
FashionMNIST,B6b_fondue_var_keepmixed_false,777,1.0,anchor,vae|FashionMNIST|m64|s777|e300|es1|b1,not in trace,,not charged in original ledger; MAKE50 used current snapshot,66.28704190254211,results/make49/stage4_cache/FashionMNIST.json:vae|FashionMNIST|m64|s777|e300|es1|b1,,not available,300,True
FashionMNIST,B6b_fondue_var_keepmixed_false,777,1.0,final,vae|FashionMNIST|m2|s777|e300|es1|b1,vae|m2|e300|es1|b1,55.59188199043274,"stage4_methods.json: (FashionMNIST,B6b_fondue_var_keepmixed_false,777,1).trace[1]",55.59188199043274,results/make49/stage4_cache/FashionMNIST.json:vae|FashionMNIST|m2|s777|e300|es1|b1,True,not available,300,True
FashionMNIST,B6b_fondue_var_keepmixed_false,2024,1.0,anchor,vae|FashionMNIST|m64|s2024|e300|es1|b1,not in trace,,not charged in original ledger; MAKE50 used current snapshot,50.94355344772339,results/make49/stage4_cache/FashionMNIST.json:vae|FashionMNIST|m64|s2024|e300|es1|b1,,not available,300,True
FashionMNIST,B6b_fondue_var_keepmixed_false,2024,1.0,final,vae|FashionMNIST|m2|s2024|e300|es1|b1,vae|m2|e300|es1|b1,89.53221368789673,"stage4_methods.json: (FashionMNIST,B6b_fondue_var_keepmixed_false,2024,1).trace[1]",89.53221368789673,results/make49/stage4_cache/FashionMNIST.json:vae|FashionMNIST|m2|s2024|e300|es1|b1,True,not available,300,True
FashionMNIST,B6b_fondue_var_keepmixed_false,31337,1.0,anchor,vae|FashionMNIST|m64|s31337|e300|es1|b1,not in trace,,not charged in original ledger; MAKE50 used current snapshot,55.783231019973755,results/make49/stage4_cache/FashionMNIST.json:vae|FashionMNIST|m64|s31337|e300|es1|b1,,not available,300,True
FashionMNIST,B6b_fondue_var_keepmixed_false,31337,1.0,final,vae|FashionMNIST|m2|s31337|e300|es1|b1,vae|m2|e300|es1|b1,76.16796326637268,"stage4_methods.json: (FashionMNIST,B6b_fondue_var_keepmixed_false,31337,1).trace[1]",76.16796326637268,results/make49/stage4_cache/FashionMNIST.json:vae|FashionMNIST|m2|s31337|e300|es1|b1,True,not available,300,True
FashionMNIST,proposed,42,1.0,anchor,vae|FashionMNIST|m64|s42|e300|es1|b1,vae|m64|e300|es1|b1,53.408743143081665,"stage4_methods.json: (FashionMNIST,proposed,42,1).trace[12]",53.408743143081665,results/make49/stage4_cache/FashionMNIST.json:vae|FashionMNIST|m64|s42|e300|es1|b1,,not available,300,True
FashionMNIST,proposed,42,1.0,final,vae|FashionMNIST|m4|s42|e300|es1|b1,vae|m4|e300|es1|b1,105.1015031337738,"stage4_methods.json: (FashionMNIST,proposed,42,1).trace[10]",105.1015031337738,results/make49/stage4_cache/FashionMNIST.json:vae|FashionMNIST|m4|s42|e300|es1|b1,True,not available,300,True
FashionMNIST,proposed,123,1.0,anchor,vae|FashionMNIST|m64|s123|e300|es1|b1,vae|m64|e300|es1|b1,43.8092725276947,"stage4_methods.json: (FashionMNIST,proposed,123,1).trace[12]",43.8092725276947,results/make49/stage4_cache/FashionMNIST.json:vae|FashionMNIST|m64|s123|e300|es1|b1,,not available,300,True
FashionMNIST,proposed,123,1.0,final,vae|FashionMNIST|m4|s123|e300|es1|b1,vae|m4|e300|es1|b1,68.20109057426453,"stage4_methods.json: (FashionMNIST,proposed,123,1).trace[10]",68.20109057426453,results/make49/stage4_cache/FashionMNIST.json:vae|FashionMNIST|m4|s123|e300|es1|b1,True,not available,300,True
FashionMNIST,proposed,777,1.0,anchor,vae|FashionMNIST|m64|s777|e300|es1|b1,vae|m64|e300|es1|b1,66.28704190254211,"stage4_methods.json: (FashionMNIST,proposed,777,1).trace[12]",66.28704190254211,results/make49/stage4_cache/FashionMNIST.json:vae|FashionMNIST|m64|s777|e300|es1|b1,,not available,300,True
FashionMNIST,proposed,777,1.0,final,vae|FashionMNIST|m10|s777|e300|es1|b1,vae|m10|e300|es1|b1,38.23984336853027,"stage4_methods.json: (FashionMNIST,proposed,777,1).trace[11]",38.23984336853027,results/make49/stage4_cache/FashionMNIST.json:vae|FashionMNIST|m10|s777|e300|es1|b1,True,not available,300,True
FashionMNIST,proposed,2024,1.0,anchor,vae|FashionMNIST|m64|s2024|e300|es1|b1,vae|m64|e300|es1|b1,50.94355344772339,"stage4_methods.json: (FashionMNIST,proposed,2024,1).trace[12]",50.94355344772339,results/make49/stage4_cache/FashionMNIST.json:vae|FashionMNIST|m64|s2024|e300|es1|b1,,not available,300,True
FashionMNIST,proposed,2024,1.0,final,vae|FashionMNIST|m4|s2024|e300|es1|b1,vae|m4|e300|es1|b1,75.0333731174469,"stage4_methods.json: (FashionMNIST,proposed,2024,1).trace[10]",75.0333731174469,results/make49/stage4_cache/FashionMNIST.json:vae|FashionMNIST|m4|s2024|e300|es1|b1,True,not available,300,True
FashionMNIST,proposed,31337,1.0,anchor,vae|FashionMNIST|m64|s31337|e300|es1|b1,vae|m64|e300|es1|b1,55.783231019973755,"stage4_methods.json: (FashionMNIST,proposed,31337,1).trace[12]",55.783231019973755,results/make49/stage4_cache/FashionMNIST.json:vae|FashionMNIST|m64|s31337|e300|es1|b1,,not available,300,True
FashionMNIST,proposed,31337,1.0,final,vae|FashionMNIST|m10|s31337|e300|es1|b1,vae|m10|e300|es1|b1,59.153000831604004,"stage4_methods.json: (FashionMNIST,proposed,31337,1).trace[11]",59.153000831604004,results/make49/stage4_cache/FashionMNIST.json:vae|FashionMNIST|m10|s31337|e300|es1|b1,True,not available,300,True
FashionMNIST,proposed_minus_AU,42,1.0,anchor,vae|FashionMNIST|m64|s42|e300|es1|b1,vae|m64|e300|es1|b1,53.408743143081665,"stage4_methods.json: (FashionMNIST,proposed_minus_AU,42,1).trace[12]",53.408743143081665,results/make49/stage4_cache/FashionMNIST.json:vae|FashionMNIST|m64|s42|e300|es1|b1,,not available,300,True
FashionMNIST,proposed_minus_AU,42,1.0,final,vae|FashionMNIST|m4|s42|e300|es1|b1,vae|m4|e300|es1|b1,105.1015031337738,"stage4_methods.json: (FashionMNIST,proposed_minus_AU,42,1).trace[10]",105.1015031337738,results/make49/stage4_cache/FashionMNIST.json:vae|FashionMNIST|m4|s42|e300|es1|b1,True,not available,300,True
FashionMNIST,proposed_minus_AU,123,1.0,anchor,vae|FashionMNIST|m64|s123|e300|es1|b1,vae|m64|e300|es1|b1,43.8092725276947,"stage4_methods.json: (FashionMNIST,proposed_minus_AU,123,1).trace[12]",43.8092725276947,results/make49/stage4_cache/FashionMNIST.json:vae|FashionMNIST|m64|s123|e300|es1|b1,,not available,300,True
FashionMNIST,proposed_minus_AU,123,1.0,final,vae|FashionMNIST|m4|s123|e300|es1|b1,vae|m4|e300|es1|b1,68.20109057426453,"stage4_methods.json: (FashionMNIST,proposed_minus_AU,123,1).trace[10]",68.20109057426453,results/make49/stage4_cache/FashionMNIST.json:vae|FashionMNIST|m4|s123|e300|es1|b1,True,not available,300,True
FashionMNIST,proposed_minus_AU,777,1.0,anchor,vae|FashionMNIST|m64|s777|e300|es1|b1,vae|m64|e300|es1|b1,66.28704190254211,"stage4_methods.json: (FashionMNIST,proposed_minus_AU,777,1).trace[12]",66.28704190254211,results/make49/stage4_cache/FashionMNIST.json:vae|FashionMNIST|m64|s777|e300|es1|b1,,not available,300,True
FashionMNIST,proposed_minus_AU,777,1.0,final,vae|FashionMNIST|m10|s777|e300|es1|b1,vae|m10|e300|es1|b1,38.23984336853027,"stage4_methods.json: (FashionMNIST,proposed_minus_AU,777,1).trace[11]",38.23984336853027,results/make49/stage4_cache/FashionMNIST.json:vae|FashionMNIST|m10|s777|e300|es1|b1,True,not available,300,True
FashionMNIST,proposed_minus_AU,2024,1.0,anchor,vae|FashionMNIST|m64|s2024|e300|es1|b1,vae|m64|e300|es1|b1,50.94355344772339,"stage4_methods.json: (FashionMNIST,proposed_minus_AU,2024,1).trace[12]",50.94355344772339,results/make49/stage4_cache/FashionMNIST.json:vae|FashionMNIST|m64|s2024|e300|es1|b1,,not available,300,True
FashionMNIST,proposed_minus_AU,2024,1.0,final,vae|FashionMNIST|m4|s2024|e300|es1|b1,vae|m4|e300|es1|b1,75.0333731174469,"stage4_methods.json: (FashionMNIST,proposed_minus_AU,2024,1).trace[10]",75.0333731174469,results/make49/stage4_cache/FashionMNIST.json:vae|FashionMNIST|m4|s2024|e300|es1|b1,True,not available,300,True
FashionMNIST,proposed_minus_AU,31337,1.0,anchor,vae|FashionMNIST|m64|s31337|e300|es1|b1,vae|m64|e300|es1|b1,55.783231019973755,"stage4_methods.json: (FashionMNIST,proposed_minus_AU,31337,1).trace[12]",55.783231019973755,results/make49/stage4_cache/FashionMNIST.json:vae|FashionMNIST|m64|s31337|e300|es1|b1,,not available,300,True
FashionMNIST,proposed_minus_AU,31337,1.0,final,vae|FashionMNIST|m10|s31337|e300|es1|b1,vae|m10|e300|es1|b1,59.153000831604004,"stage4_methods.json: (FashionMNIST,proposed_minus_AU,31337,1).trace[11]",59.153000831604004,results/make49/stage4_cache/FashionMNIST.json:vae|FashionMNIST|m10|s31337|e300|es1|b1,True,not available,300,True
FashionMNIST,ascending_scan_Q,42,1.0,anchor,vae|FashionMNIST|m64|s42|e300|es1|b1,vae|m64|e300|es1|b1,53.408743143081665,"stage4_methods.json: (FashionMNIST,ascending_scan_Q,42,1).trace[0]",53.408743143081665,results/make49/stage4_cache/FashionMNIST.json:vae|FashionMNIST|m64|s42|e300|es1|b1,,not available,300,True
FashionMNIST,ascending_scan_Q,42,1.0,final,vae|FashionMNIST|m4|s42|e300|es1|b1,vae|m4|e300|es1|b1,105.1015031337738,"stage4_methods.json: (FashionMNIST,ascending_scan_Q,42,1).trace[2]",105.1015031337738,results/make49/stage4_cache/FashionMNIST.json:vae|FashionMNIST|m4|s42|e300|es1|b1,True,not available,300,True
FashionMNIST,ascending_scan_Q,123,1.0,anchor,vae|FashionMNIST|m64|s123|e300|es1|b1,vae|m64|e300|es1|b1,43.8092725276947,"stage4_methods.json: (FashionMNIST,ascending_scan_Q,123,1).trace[0]",43.8092725276947,results/make49/stage4_cache/FashionMNIST.json:vae|FashionMNIST|m64|s123|e300|es1|b1,,not available,300,True
FashionMNIST,ascending_scan_Q,123,1.0,final,vae|FashionMNIST|m4|s123|e300|es1|b1,vae|m4|e300|es1|b1,68.20109057426453,"stage4_methods.json: (FashionMNIST,ascending_scan_Q,123,1).trace[2]",68.20109057426453,results/make49/stage4_cache/FashionMNIST.json:vae|FashionMNIST|m4|s123|e300|es1|b1,True,not available,300,True
FashionMNIST,ascending_scan_Q,777,1.0,anchor,vae|FashionMNIST|m64|s777|e300|es1|b1,vae|m64|e300|es1|b1,66.28704190254211,"stage4_methods.json: (FashionMNIST,ascending_scan_Q,777,1).trace[0]",66.28704190254211,results/make49/stage4_cache/FashionMNIST.json:vae|FashionMNIST|m64|s777|e300|es1|b1,,not available,300,True
FashionMNIST,ascending_scan_Q,777,1.0,final,vae|FashionMNIST|m4|s777|e300|es1|b1,vae|m4|e300|es1|b1,112.82939291000366,"stage4_methods.json: (FashionMNIST,ascending_scan_Q,777,1).trace[2]",112.82939291000366,results/make49/stage4_cache/FashionMNIST.json:vae|FashionMNIST|m4|s777|e300|es1|b1,True,not available,300,True
FashionMNIST,ascending_scan_Q,2024,1.0,anchor,vae|FashionMNIST|m64|s2024|e300|es1|b1,vae|m64|e300|es1|b1,50.94355344772339,"stage4_methods.json: (FashionMNIST,ascending_scan_Q,2024,1).trace[0]",50.94355344772339,results/make49/stage4_cache/FashionMNIST.json:vae|FashionMNIST|m64|s2024|e300|es1|b1,,not available,300,True
FashionMNIST,ascending_scan_Q,2024,1.0,final,vae|FashionMNIST|m4|s2024|e300|es1|b1,vae|m4|e300|es1|b1,75.0333731174469,"stage4_methods.json: (FashionMNIST,ascending_scan_Q,2024,1).trace[2]",75.0333731174469,results/make49/stage4_cache/FashionMNIST.json:vae|FashionMNIST|m4|s2024|e300|es1|b1,True,not available,300,True
FashionMNIST,ascending_scan_Q,31337,1.0,anchor,vae|FashionMNIST|m64|s31337|e300|es1|b1,vae|m64|e300|es1|b1,55.783231019973755,"stage4_methods.json: (FashionMNIST,ascending_scan_Q,31337,1).trace[0]",55.783231019973755,results/make49/stage4_cache/FashionMNIST.json:vae|FashionMNIST|m64|s31337|e300|es1|b1,,not available,300,True
FashionMNIST,ascending_scan_Q,31337,1.0,final,vae|FashionMNIST|m4|s31337|e300|es1|b1,vae|m4|e300|es1|b1,88.83291554450989,"stage4_methods.json: (FashionMNIST,ascending_scan_Q,31337,1).trace[2]",88.83291554450989,results/make49/stage4_cache/FashionMNIST.json:vae|FashionMNIST|m4|s31337|e300|es1|b1,True,not available,300,True
FashionMNIST,B4_plus_Q,42,1.0,anchor,vae|FashionMNIST|m64|s42|e300|es1|b1,vae|m64|e300|es1|b1,53.408743143081665,"stage4_methods.json: (FashionMNIST,B4_plus_Q,42,1).trace[3]",53.408743143081665,results/make49/stage4_cache/FashionMNIST.json:vae|FashionMNIST|m64|s42|e300|es1|b1,,not available,300,True
FashionMNIST,B4_plus_Q,42,1.0,final,vae|FashionMNIST|m4|s42|e300|es1|b1,vae|m4|e300|es1|b1,105.1015031337738,"stage4_methods.json: (FashionMNIST,B4_plus_Q,42,1).trace[1]",105.1015031337738,results/make49/stage4_cache/FashionMNIST.json:vae|FashionMNIST|m4|s42|e300|es1|b1,True,not available,300,True
FashionMNIST,B4_plus_Q,123,1.0,anchor,vae|FashionMNIST|m64|s123|e300|es1|b1,vae|m64|e300|es1|b1,43.8092725276947,"stage4_methods.json: (FashionMNIST,B4_plus_Q,123,1).trace[3]",43.8092725276947,results/make49/stage4_cache/FashionMNIST.json:vae|FashionMNIST|m64|s123|e300|es1|b1,,not available,300,True
FashionMNIST,B4_plus_Q,123,1.0,final,vae|FashionMNIST|m4|s123|e300|es1|b1,vae|m4|e300|es1|b1,68.20109057426453,"stage4_methods.json: (FashionMNIST,B4_plus_Q,123,1).trace[1]",68.20109057426453,results/make49/stage4_cache/FashionMNIST.json:vae|FashionMNIST|m4|s123|e300|es1|b1,True,not available,300,True
FashionMNIST,B4_plus_Q,777,1.0,anchor,vae|FashionMNIST|m64|s777|e300|es1|b1,vae|m64|e300|es1|b1,66.28704190254211,"stage4_methods.json: (FashionMNIST,B4_plus_Q,777,1).trace[3]",66.28704190254211,results/make49/stage4_cache/FashionMNIST.json:vae|FashionMNIST|m64|s777|e300|es1|b1,,not available,300,True
FashionMNIST,B4_plus_Q,777,1.0,final,vae|FashionMNIST|m10|s777|e300|es1|b1,vae|m10|e300|es1|b1,38.23984336853027,"stage4_methods.json: (FashionMNIST,B4_plus_Q,777,1).trace[2]",38.23984336853027,results/make49/stage4_cache/FashionMNIST.json:vae|FashionMNIST|m10|s777|e300|es1|b1,True,not available,300,True
FashionMNIST,B4_plus_Q,2024,1.0,anchor,vae|FashionMNIST|m64|s2024|e300|es1|b1,vae|m64|e300|es1|b1,50.94355344772339,"stage4_methods.json: (FashionMNIST,B4_plus_Q,2024,1).trace[3]",50.94355344772339,results/make49/stage4_cache/FashionMNIST.json:vae|FashionMNIST|m64|s2024|e300|es1|b1,,not available,300,True
FashionMNIST,B4_plus_Q,2024,1.0,final,vae|FashionMNIST|m4|s2024|e300|es1|b1,vae|m4|e300|es1|b1,75.0333731174469,"stage4_methods.json: (FashionMNIST,B4_plus_Q,2024,1).trace[1]",75.0333731174469,results/make49/stage4_cache/FashionMNIST.json:vae|FashionMNIST|m4|s2024|e300|es1|b1,True,not available,300,True
FashionMNIST,B4_plus_Q,31337,1.0,anchor,vae|FashionMNIST|m64|s31337|e300|es1|b1,vae|m64|e300|es1|b1,55.783231019973755,"stage4_methods.json: (FashionMNIST,B4_plus_Q,31337,1).trace[3]",55.783231019973755,results/make49/stage4_cache/FashionMNIST.json:vae|FashionMNIST|m64|s31337|e300|es1|b1,,not available,300,True
FashionMNIST,B4_plus_Q,31337,1.0,final,vae|FashionMNIST|m10|s31337|e300|es1|b1,vae|m10|e300|es1|b1,59.153000831604004,"stage4_methods.json: (FashionMNIST,B4_plus_Q,31337,1).trace[2]",59.153000831604004,results/make49/stage4_cache/FashionMNIST.json:vae|FashionMNIST|m10|s31337|e300|es1|b1,True,not available,300,True
FashionMNIST,B6a_plus_Q,42,1.0,anchor,vae|FashionMNIST|m64|s42|e300|es1|b1,vae|m64|e300|es1|b1,53.408743143081665,"stage4_methods.json: (FashionMNIST,B6a_plus_Q,42,1).trace[5]",53.408743143081665,results/make49/stage4_cache/FashionMNIST.json:vae|FashionMNIST|m64|s42|e300|es1|b1,,not available,300,True
FashionMNIST,B6a_plus_Q,42,1.0,final,vae|FashionMNIST|m8|s42|e300|es1|b1,vae|m8|e300|es1|b1,65.56937718391418,"stage4_methods.json: (FashionMNIST,B6a_plus_Q,42,1).trace[6]",65.56937718391418,results/make49/stage4_cache/FashionMNIST.json:vae|FashionMNIST|m8|s42|e300|es1|b1,True,not available,300,True
FashionMNIST,B6a_plus_Q,123,1.0,anchor,vae|FashionMNIST|m64|s123|e300|es1|b1,vae|m64|e300|es1|b1,43.8092725276947,"stage4_methods.json: (FashionMNIST,B6a_plus_Q,123,1).trace[5]",43.8092725276947,results/make49/stage4_cache/FashionMNIST.json:vae|FashionMNIST|m64|s123|e300|es1|b1,,not available,300,True
FashionMNIST,B6a_plus_Q,123,1.0,final,vae|FashionMNIST|m8|s123|e300|es1|b1,vae|m8|e300|es1|b1,39.127705812454224,"stage4_methods.json: (FashionMNIST,B6a_plus_Q,123,1).trace[6]",39.127705812454224,results/make49/stage4_cache/FashionMNIST.json:vae|FashionMNIST|m8|s123|e300|es1|b1,True,not available,300,True
FashionMNIST,B6a_plus_Q,777,1.0,anchor,vae|FashionMNIST|m64|s777|e300|es1|b1,vae|m64|e300|es1|b1,66.28704190254211,"stage4_methods.json: (FashionMNIST,B6a_plus_Q,777,1).trace[5]",66.28704190254211,results/make49/stage4_cache/FashionMNIST.json:vae|FashionMNIST|m64|s777|e300|es1|b1,,not available,300,True
FashionMNIST,B6a_plus_Q,777,1.0,final,vae|FashionMNIST|m8|s777|e300|es1|b1,vae|m8|e300|es1|b1,29.98612904548645,"stage4_methods.json: (FashionMNIST,B6a_plus_Q,777,1).trace[6]",29.98612904548645,results/make49/stage4_cache/FashionMNIST.json:vae|FashionMNIST|m8|s777|e300|es1|b1,True,not available,300,True
FashionMNIST,B6a_plus_Q,2024,1.0,anchor,vae|FashionMNIST|m64|s2024|e300|es1|b1,vae|m64|e300|es1|b1,50.94355344772339,"stage4_methods.json: (FashionMNIST,B6a_plus_Q,2024,1).trace[5]",50.94355344772339,results/make49/stage4_cache/FashionMNIST.json:vae|FashionMNIST|m64|s2024|e300|es1|b1,,not available,300,True
FashionMNIST,B6a_plus_Q,2024,1.0,final,vae|FashionMNIST|m8|s2024|e300|es1|b1,vae|m8|e300|es1|b1,62.157153367996216,"stage4_methods.json: (FashionMNIST,B6a_plus_Q,2024,1).trace[6]",62.157153367996216,results/make49/stage4_cache/FashionMNIST.json:vae|FashionMNIST|m8|s2024|e300|es1|b1,True,not available,300,True
FashionMNIST,B6a_plus_Q,31337,1.0,anchor,vae|FashionMNIST|m64|s31337|e300|es1|b1,vae|m64|e300|es1|b1,55.783231019973755,"stage4_methods.json: (FashionMNIST,B6a_plus_Q,31337,1).trace[4]",55.783231019973755,results/make49/stage4_cache/FashionMNIST.json:vae|FashionMNIST|m64|s31337|e300|es1|b1,,not available,300,True
FashionMNIST,B6a_plus_Q,31337,1.0,final,vae|FashionMNIST|m6|s31337|e300|es1|b1,vae|m6|e300|es1|b1,57.216257095336914,"stage4_methods.json: (FashionMNIST,B6a_plus_Q,31337,1).trace[5]",57.216257095336914,results/make49/stage4_cache/FashionMNIST.json:vae|FashionMNIST|m6|s31337|e300|es1|b1,True,not available,300,True
FashionMNIST,B6b_plus_Q,42,1.0,anchor,vae|FashionMNIST|m64|s42|e300|es1|b1,vae|m64|e300|es1|b1,53.408743143081665,"stage4_methods.json: (FashionMNIST,B6b_plus_Q,42,1).trace[1]",53.408743143081665,results/make49/stage4_cache/FashionMNIST.json:vae|FashionMNIST|m64|s42|e300|es1|b1,,not available,300,True
FashionMNIST,B6b_plus_Q,42,1.0,final,vae|FashionMNIST|m20|s42|e300|es1|b1,vae|m20|e300|es1|b1,33.15878176689148,"stage4_methods.json: (FashionMNIST,B6b_plus_Q,42,1).trace[2]",33.15878176689148,results/make49/stage4_cache/FashionMNIST.json:vae|FashionMNIST|m20|s42|e300|es1|b1,True,not available,300,True
FashionMNIST,B6b_plus_Q,123,1.0,anchor,vae|FashionMNIST|m64|s123|e300|es1|b1,vae|m64|e300|es1|b1,43.8092725276947,"stage4_methods.json: (FashionMNIST,B6b_plus_Q,123,1).trace[1]",43.8092725276947,results/make49/stage4_cache/FashionMNIST.json:vae|FashionMNIST|m64|s123|e300|es1|b1,,not available,300,True
FashionMNIST,B6b_plus_Q,123,1.0,final,vae|FashionMNIST|m10|s123|e300|es1|b1,vae|m10|e300|es1|b1,32.16743779182434,"stage4_methods.json: (FashionMNIST,B6b_plus_Q,123,1).trace[2]",32.16743779182434,results/make49/stage4_cache/FashionMNIST.json:vae|FashionMNIST|m10|s123|e300|es1|b1,True,not available,300,True
FashionMNIST,B6b_plus_Q,777,1.0,anchor,vae|FashionMNIST|m64|s777|e300|es1|b1,vae|m64|e300|es1|b1,66.28704190254211,"stage4_methods.json: (FashionMNIST,B6b_plus_Q,777,1).trace[1]",66.28704190254211,results/make49/stage4_cache/FashionMNIST.json:vae|FashionMNIST|m64|s777|e300|es1|b1,,not available,300,True
FashionMNIST,B6b_plus_Q,777,1.0,final,vae|FashionMNIST|m16|s777|e300|es1|b1,vae|m16|e300|es1|b1,50.96133279800415,"stage4_methods.json: (FashionMNIST,B6b_plus_Q,777,1).trace[2]",50.96133279800415,results/make49/stage4_cache/FashionMNIST.json:vae|FashionMNIST|m16|s777|e300|es1|b1,True,not available,300,True
FashionMNIST,B6b_plus_Q,2024,1.0,anchor,vae|FashionMNIST|m64|s2024|e300|es1|b1,vae|m64|e300|es1|b1,50.94355344772339,"stage4_methods.json: (FashionMNIST,B6b_plus_Q,2024,1).trace[1]",50.94355344772339,results/make49/stage4_cache/FashionMNIST.json:vae|FashionMNIST|m64|s2024|e300|es1|b1,,not available,300,True
FashionMNIST,B6b_plus_Q,2024,1.0,final,vae|FashionMNIST|m12|s2024|e300|es1|b1,vae|m12|e300|es1|b1,42.33846163749695,"stage4_methods.json: (FashionMNIST,B6b_plus_Q,2024,1).trace[2]",42.33846163749695,results/make49/stage4_cache/FashionMNIST.json:vae|FashionMNIST|m12|s2024|e300|es1|b1,True,not available,300,True
FashionMNIST,B6b_plus_Q,31337,1.0,anchor,vae|FashionMNIST|m64|s31337|e300|es1|b1,vae|m64|e300|es1|b1,55.783231019973755,"stage4_methods.json: (FashionMNIST,B6b_plus_Q,31337,1).trace[1]",55.783231019973755,results/make49/stage4_cache/FashionMNIST.json:vae|FashionMNIST|m64|s31337|e300|es1|b1,,not available,300,True
FashionMNIST,B6b_plus_Q,31337,1.0,final,vae|FashionMNIST|m16|s31337|e300|es1|b1,vae|m16|e300|es1|b1,59.707188844680786,"stage4_methods.json: (FashionMNIST,B6b_plus_Q,31337,1).trace[2]",59.707188844680786,results/make49/stage4_cache/FashionMNIST.json:vae|FashionMNIST|m16|s31337|e300|es1|b1,True,not available,300,True
FashionMNIST,B1_full_mse,42,2.0,anchor,vae|FashionMNIST|m64|s42|e300|es1|b2,vae|m64|e300|es1|b2,50.01973009109497,"stage4_methods.json: (FashionMNIST,B1_full_mse,42,2).trace[11]",50.01973009109497,results/make49/stage4_cache/FashionMNIST.json:vae|FashionMNIST|m64|s42|e300|es1|b2,,not available,300,True
FashionMNIST,B1_full_mse,42,2.0,final,vae|FashionMNIST|m10|s42|e300|es1|b2,vae|m10|e300|es1|b2,64.87154245376587,"stage4_methods.json: (FashionMNIST,B1_full_mse,42,2).trace[4]",64.87154245376587,results/make49/stage4_cache/FashionMNIST.json:vae|FashionMNIST|m10|s42|e300|es1|b2,True,not available,300,True
FashionMNIST,B1_full_mse,123,2.0,anchor,vae|FashionMNIST|m64|s123|e300|es1|b2,vae|m64|e300|es1|b2,54.069788455963135,"stage4_methods.json: (FashionMNIST,B1_full_mse,123,2).trace[11]",54.069788455963135,results/make49/stage4_cache/FashionMNIST.json:vae|FashionMNIST|m64|s123|e300|es1|b2,,not available,300,True
FashionMNIST,B1_full_mse,123,2.0,final,vae|FashionMNIST|m10|s123|e300|es1|b2,vae|m10|e300|es1|b2,46.82004737854004,"stage4_methods.json: (FashionMNIST,B1_full_mse,123,2).trace[4]",46.82004737854004,results/make49/stage4_cache/FashionMNIST.json:vae|FashionMNIST|m10|s123|e300|es1|b2,True,not available,300,True
FashionMNIST,B1_full_mse,777,2.0,anchor,vae|FashionMNIST|m64|s777|e300|es1|b2,vae|m64|e300|es1|b2,37.464256286621094,"stage4_methods.json: (FashionMNIST,B1_full_mse,777,2).trace[11]",37.464256286621094,results/make49/stage4_cache/FashionMNIST.json:vae|FashionMNIST|m64|s777|e300|es1|b2,,not available,300,True
FashionMNIST,B1_full_mse,777,2.0,final,vae|FashionMNIST|m6|s777|e300|es1|b2,vae|m6|e300|es1|b2,48.18005156517029,"stage4_methods.json: (FashionMNIST,B1_full_mse,777,2).trace[2]",48.18005156517029,results/make49/stage4_cache/FashionMNIST.json:vae|FashionMNIST|m6|s777|e300|es1|b2,True,not available,300,True
FashionMNIST,B1_full_mse,2024,2.0,anchor,vae|FashionMNIST|m64|s2024|e300|es1|b2,vae|m64|e300|es1|b2,61.85872530937195,"stage4_methods.json: (FashionMNIST,B1_full_mse,2024,2).trace[11]",61.85872530937195,results/make49/stage4_cache/FashionMNIST.json:vae|FashionMNIST|m64|s2024|e300|es1|b2,,not available,300,True
FashionMNIST,B1_full_mse,2024,2.0,final,vae|FashionMNIST|m32|s2024|e300|es1|b2,vae|m32|e300|es1|b2,51.86950397491455,"stage4_methods.json: (FashionMNIST,B1_full_mse,2024,2).trace[9]",51.86950397491455,results/make49/stage4_cache/FashionMNIST.json:vae|FashionMNIST|m32|s2024|e300|es1|b2,True,not available,300,True
FashionMNIST,B1_full_mse,31337,2.0,anchor,vae|FashionMNIST|m64|s31337|e300|es1|b2,vae|m64|e300|es1|b2,46.059919357299805,"stage4_methods.json: (FashionMNIST,B1_full_mse,31337,2).trace[11]",46.059919357299805,results/make49/stage4_cache/FashionMNIST.json:vae|FashionMNIST|m64|s31337|e300|es1|b2,,not available,300,True
FashionMNIST,B1_full_mse,31337,2.0,final,vae|FashionMNIST|m6|s31337|e300|es1|b2,vae|m6|e300|es1|b2,64.38161039352417,"stage4_methods.json: (FashionMNIST,B1_full_mse,31337,2).trace[2]",64.38161039352417,results/make49/stage4_cache/FashionMNIST.json:vae|FashionMNIST|m6|s31337|e300|es1|b2,True,not available,300,True
FashionMNIST,B2_full_elbo,42,2.0,anchor,vae|FashionMNIST|m64|s42|e300|es1|b2,vae|m64|e300|es1|b2,50.01973009109497,"stage4_methods.json: (FashionMNIST,B2_full_elbo,42,2).trace[11]",50.01973009109497,results/make49/stage4_cache/FashionMNIST.json:vae|FashionMNIST|m64|s42|e300|es1|b2,,not available,300,True
FashionMNIST,B2_full_elbo,42,2.0,final,vae|FashionMNIST|m6|s42|e300|es1|b2,vae|m6|e300|es1|b2,43.36397910118103,"stage4_methods.json: (FashionMNIST,B2_full_elbo,42,2).trace[2]",43.36397910118103,results/make49/stage4_cache/FashionMNIST.json:vae|FashionMNIST|m6|s42|e300|es1|b2,True,not available,300,True
FashionMNIST,B2_full_elbo,123,2.0,anchor,vae|FashionMNIST|m64|s123|e300|es1|b2,vae|m64|e300|es1|b2,54.069788455963135,"stage4_methods.json: (FashionMNIST,B2_full_elbo,123,2).trace[11]",54.069788455963135,results/make49/stage4_cache/FashionMNIST.json:vae|FashionMNIST|m64|s123|e300|es1|b2,,not available,300,True
FashionMNIST,B2_full_elbo,123,2.0,final,vae|FashionMNIST|m10|s123|e300|es1|b2,vae|m10|e300|es1|b2,46.82004737854004,"stage4_methods.json: (FashionMNIST,B2_full_elbo,123,2).trace[4]",46.82004737854004,results/make49/stage4_cache/FashionMNIST.json:vae|FashionMNIST|m10|s123|e300|es1|b2,True,not available,300,True
FashionMNIST,B2_full_elbo,777,2.0,anchor,vae|FashionMNIST|m64|s777|e300|es1|b2,vae|m64|e300|es1|b2,37.464256286621094,"stage4_methods.json: (FashionMNIST,B2_full_elbo,777,2).trace[11]",37.464256286621094,results/make49/stage4_cache/FashionMNIST.json:vae|FashionMNIST|m64|s777|e300|es1|b2,,not available,300,True
FashionMNIST,B2_full_elbo,777,2.0,final,vae|FashionMNIST|m12|s777|e300|es1|b2,vae|m12|e300|es1|b2,62.409642934799194,"stage4_methods.json: (FashionMNIST,B2_full_elbo,777,2).trace[5]",62.409642934799194,results/make49/stage4_cache/FashionMNIST.json:vae|FashionMNIST|m12|s777|e300|es1|b2,True,not available,300,True
FashionMNIST,B2_full_elbo,2024,2.0,anchor,vae|FashionMNIST|m64|s2024|e300|es1|b2,vae|m64|e300|es1|b2,61.85872530937195,"stage4_methods.json: (FashionMNIST,B2_full_elbo,2024,2).trace[11]",61.85872530937195,results/make49/stage4_cache/FashionMNIST.json:vae|FashionMNIST|m64|s2024|e300|es1|b2,,not available,300,True
FashionMNIST,B2_full_elbo,2024,2.0,final,vae|FashionMNIST|m32|s2024|e300|es1|b2,vae|m32|e300|es1|b2,51.86950397491455,"stage4_methods.json: (FashionMNIST,B2_full_elbo,2024,2).trace[9]",51.86950397491455,results/make49/stage4_cache/FashionMNIST.json:vae|FashionMNIST|m32|s2024|e300|es1|b2,True,not available,300,True
FashionMNIST,B2_full_elbo,31337,2.0,anchor,vae|FashionMNIST|m64|s31337|e300|es1|b2,vae|m64|e300|es1|b2,46.059919357299805,"stage4_methods.json: (FashionMNIST,B2_full_elbo,31337,2).trace[11]",46.059919357299805,results/make49/stage4_cache/FashionMNIST.json:vae|FashionMNIST|m64|s31337|e300|es1|b2,,not available,300,True
FashionMNIST,B2_full_elbo,31337,2.0,final,vae|FashionMNIST|m6|s31337|e300|es1|b2,vae|m6|e300|es1|b2,64.38161039352417,"stage4_methods.json: (FashionMNIST,B2_full_elbo,31337,2).trace[2]",64.38161039352417,results/make49/stage4_cache/FashionMNIST.json:vae|FashionMNIST|m6|s31337|e300|es1|b2,True,not available,300,True
FashionMNIST,B3_full_downstream,42,2.0,anchor,vae|FashionMNIST|m64|s42|e300|es1|b2,vae|m64|e300|es1|b2,50.01973009109497,"stage4_methods.json: (FashionMNIST,B3_full_downstream,42,2).trace[11]",50.01973009109497,results/make49/stage4_cache/FashionMNIST.json:vae|FashionMNIST|m64|s42|e300|es1|b2,,not available,300,True
FashionMNIST,B3_full_downstream,42,2.0,final,vae|FashionMNIST|m32|s42|e300|es1|b2,vae|m32|e300|es1|b2,73.08142018318176,"stage4_methods.json: (FashionMNIST,B3_full_downstream,42,2).trace[9]",73.08142018318176,results/make49/stage4_cache/FashionMNIST.json:vae|FashionMNIST|m32|s42|e300|es1|b2,True,not available,300,True
FashionMNIST,B3_full_downstream,123,2.0,anchor,vae|FashionMNIST|m64|s123|e300|es1|b2,vae|m64|e300|es1|b2,54.069788455963135,"stage4_methods.json: (FashionMNIST,B3_full_downstream,123,2).trace[11]",54.069788455963135,results/make49/stage4_cache/FashionMNIST.json:vae|FashionMNIST|m64|s123|e300|es1|b2,,not available,300,True
FashionMNIST,B3_full_downstream,123,2.0,final,vae|FashionMNIST|m64|s123|e300|es1|b2,vae|m64|e300|es1|b2,54.069788455963135,"stage4_methods.json: (FashionMNIST,B3_full_downstream,123,2).trace[11]",54.069788455963135,results/make49/stage4_cache/FashionMNIST.json:vae|FashionMNIST|m64|s123|e300|es1|b2,True,not available,300,True
FashionMNIST,B3_full_downstream,777,2.0,anchor,vae|FashionMNIST|m64|s777|e300|es1|b2,vae|m64|e300|es1|b2,37.464256286621094,"stage4_methods.json: (FashionMNIST,B3_full_downstream,777,2).trace[11]",37.464256286621094,results/make49/stage4_cache/FashionMNIST.json:vae|FashionMNIST|m64|s777|e300|es1|b2,,not available,300,True
FashionMNIST,B3_full_downstream,777,2.0,final,vae|FashionMNIST|m48|s777|e300|es1|b2,vae|m48|e300|es1|b2,45.274640798568726,"stage4_methods.json: (FashionMNIST,B3_full_downstream,777,2).trace[10]",45.274640798568726,results/make49/stage4_cache/FashionMNIST.json:vae|FashionMNIST|m48|s777|e300|es1|b2,True,not available,300,True
FashionMNIST,B3_full_downstream,2024,2.0,anchor,vae|FashionMNIST|m64|s2024|e300|es1|b2,vae|m64|e300|es1|b2,61.85872530937195,"stage4_methods.json: (FashionMNIST,B3_full_downstream,2024,2).trace[11]",61.85872530937195,results/make49/stage4_cache/FashionMNIST.json:vae|FashionMNIST|m64|s2024|e300|es1|b2,,not available,300,True
FashionMNIST,B3_full_downstream,2024,2.0,final,vae|FashionMNIST|m64|s2024|e300|es1|b2,vae|m64|e300|es1|b2,61.85872530937195,"stage4_methods.json: (FashionMNIST,B3_full_downstream,2024,2).trace[11]",61.85872530937195,results/make49/stage4_cache/FashionMNIST.json:vae|FashionMNIST|m64|s2024|e300|es1|b2,True,not available,300,True
FashionMNIST,B3_full_downstream,31337,2.0,anchor,vae|FashionMNIST|m64|s31337|e300|es1|b2,vae|m64|e300|es1|b2,46.059919357299805,"stage4_methods.json: (FashionMNIST,B3_full_downstream,31337,2).trace[11]",46.059919357299805,results/make49/stage4_cache/FashionMNIST.json:vae|FashionMNIST|m64|s31337|e300|es1|b2,,not available,300,True
FashionMNIST,B3_full_downstream,31337,2.0,final,vae|FashionMNIST|m64|s31337|e300|es1|b2,vae|m64|e300|es1|b2,46.059919357299805,"stage4_methods.json: (FashionMNIST,B3_full_downstream,31337,2).trace[11]",46.059919357299805,results/make49/stage4_cache/FashionMNIST.json:vae|FashionMNIST|m64|s31337|e300|es1|b2,True,not available,300,True
FashionMNIST,B4_coarse,42,2.0,anchor,vae|FashionMNIST|m64|s42|e300|es1|b2,vae|m64|e300|es1|b2,50.01973009109497,"stage4_methods.json: (FashionMNIST,B4_coarse,42,2).trace[3]",50.01973009109497,results/make49/stage4_cache/FashionMNIST.json:vae|FashionMNIST|m64|s42|e300|es1|b2,,not available,300,True
FashionMNIST,B4_coarse,42,2.0,final,vae|FashionMNIST|m10|s42|e300|es1|b2,vae|m10|e300|es1|b2,64.87154245376587,"stage4_methods.json: (FashionMNIST,B4_coarse,42,2).trace[2]",64.87154245376587,results/make49/stage4_cache/FashionMNIST.json:vae|FashionMNIST|m10|s42|e300|es1|b2,True,not available,300,True
FashionMNIST,B4_coarse,123,2.0,anchor,vae|FashionMNIST|m64|s123|e300|es1|b2,vae|m64|e300|es1|b2,54.069788455963135,"stage4_methods.json: (FashionMNIST,B4_coarse,123,2).trace[3]",54.069788455963135,results/make49/stage4_cache/FashionMNIST.json:vae|FashionMNIST|m64|s123|e300|es1|b2,,not available,300,True
FashionMNIST,B4_coarse,123,2.0,final,vae|FashionMNIST|m10|s123|e300|es1|b2,vae|m10|e300|es1|b2,46.82004737854004,"stage4_methods.json: (FashionMNIST,B4_coarse,123,2).trace[2]",46.82004737854004,results/make49/stage4_cache/FashionMNIST.json:vae|FashionMNIST|m10|s123|e300|es1|b2,True,not available,300,True
FashionMNIST,B4_coarse,777,2.0,anchor,vae|FashionMNIST|m64|s777|e300|es1|b2,vae|m64|e300|es1|b2,37.464256286621094,"stage4_methods.json: (FashionMNIST,B4_coarse,777,2).trace[3]",37.464256286621094,results/make49/stage4_cache/FashionMNIST.json:vae|FashionMNIST|m64|s777|e300|es1|b2,,not available,300,True
FashionMNIST,B4_coarse,777,2.0,final,vae|FashionMNIST|m10|s777|e300|es1|b2,vae|m10|e300|es1|b2,39.1778609752655,"stage4_methods.json: (FashionMNIST,B4_coarse,777,2).trace[2]",39.1778609752655,results/make49/stage4_cache/FashionMNIST.json:vae|FashionMNIST|m10|s777|e300|es1|b2,True,not available,300,True
FashionMNIST,B4_coarse,2024,2.0,anchor,vae|FashionMNIST|m64|s2024|e300|es1|b2,vae|m64|e300|es1|b2,61.85872530937195,"stage4_methods.json: (FashionMNIST,B4_coarse,2024,2).trace[3]",61.85872530937195,results/make49/stage4_cache/FashionMNIST.json:vae|FashionMNIST|m64|s2024|e300|es1|b2,,not available,300,True
FashionMNIST,B4_coarse,2024,2.0,final,vae|FashionMNIST|m10|s2024|e300|es1|b2,vae|m10|e300|es1|b2,69.7136492729187,"stage4_methods.json: (FashionMNIST,B4_coarse,2024,2).trace[2]",69.7136492729187,results/make49/stage4_cache/FashionMNIST.json:vae|FashionMNIST|m10|s2024|e300|es1|b2,True,not available,300,True
FashionMNIST,B4_coarse,31337,2.0,anchor,vae|FashionMNIST|m64|s31337|e300|es1|b2,vae|m64|e300|es1|b2,46.059919357299805,"stage4_methods.json: (FashionMNIST,B4_coarse,31337,2).trace[3]",46.059919357299805,results/make49/stage4_cache/FashionMNIST.json:vae|FashionMNIST|m64|s31337|e300|es1|b2,,not available,300,True
FashionMNIST,B4_coarse,31337,2.0,final,vae|FashionMNIST|m4|s31337|e300|es1|b2,vae|m4|e300|es1|b2,47.843727827072144,"stage4_methods.json: (FashionMNIST,B4_coarse,31337,2).trace[1]",47.843727827072144,results/make49/stage4_cache/FashionMNIST.json:vae|FashionMNIST|m4|s31337|e300|es1|b2,True,not available,300,True
FashionMNIST,B5_fixed32,42,2.0,anchor,vae|FashionMNIST|m64|s42|e300|es1|b2,not in trace,,not charged in original ledger; MAKE50 used current snapshot,50.01973009109497,results/make49/stage4_cache/FashionMNIST.json:vae|FashionMNIST|m64|s42|e300|es1|b2,,not available,300,True
FashionMNIST,B5_fixed32,42,2.0,final,vae|FashionMNIST|m32|s42|e300|es1|b2,vae|m32|e300|es1|b2,73.08142018318176,"stage4_methods.json: (FashionMNIST,B5_fixed32,42,2).trace[0]",73.08142018318176,results/make49/stage4_cache/FashionMNIST.json:vae|FashionMNIST|m32|s42|e300|es1|b2,True,not available,300,True
FashionMNIST,B5_fixed32,123,2.0,anchor,vae|FashionMNIST|m64|s123|e300|es1|b2,not in trace,,not charged in original ledger; MAKE50 used current snapshot,54.069788455963135,results/make49/stage4_cache/FashionMNIST.json:vae|FashionMNIST|m64|s123|e300|es1|b2,,not available,300,True
FashionMNIST,B5_fixed32,123,2.0,final,vae|FashionMNIST|m32|s123|e300|es1|b2,vae|m32|e300|es1|b2,63.45508813858032,"stage4_methods.json: (FashionMNIST,B5_fixed32,123,2).trace[0]",63.45508813858032,results/make49/stage4_cache/FashionMNIST.json:vae|FashionMNIST|m32|s123|e300|es1|b2,True,not available,300,True
FashionMNIST,B5_fixed32,777,2.0,anchor,vae|FashionMNIST|m64|s777|e300|es1|b2,not in trace,,not charged in original ledger; MAKE50 used current snapshot,37.464256286621094,results/make49/stage4_cache/FashionMNIST.json:vae|FashionMNIST|m64|s777|e300|es1|b2,,not available,300,True
FashionMNIST,B5_fixed32,777,2.0,final,vae|FashionMNIST|m32|s777|e300|es1|b2,vae|m32|e300|es1|b2,32.18036484718323,"stage4_methods.json: (FashionMNIST,B5_fixed32,777,2).trace[0]",32.18036484718323,results/make49/stage4_cache/FashionMNIST.json:vae|FashionMNIST|m32|s777|e300|es1|b2,True,not available,300,True
FashionMNIST,B5_fixed32,2024,2.0,anchor,vae|FashionMNIST|m64|s2024|e300|es1|b2,not in trace,,not charged in original ledger; MAKE50 used current snapshot,61.85872530937195,results/make49/stage4_cache/FashionMNIST.json:vae|FashionMNIST|m64|s2024|e300|es1|b2,,not available,300,True
FashionMNIST,B5_fixed32,2024,2.0,final,vae|FashionMNIST|m32|s2024|e300|es1|b2,vae|m32|e300|es1|b2,51.86950397491455,"stage4_methods.json: (FashionMNIST,B5_fixed32,2024,2).trace[0]",51.86950397491455,results/make49/stage4_cache/FashionMNIST.json:vae|FashionMNIST|m32|s2024|e300|es1|b2,True,not available,300,True
FashionMNIST,B5_fixed32,31337,2.0,anchor,vae|FashionMNIST|m64|s31337|e300|es1|b2,not in trace,,not charged in original ledger; MAKE50 used current snapshot,46.059919357299805,results/make49/stage4_cache/FashionMNIST.json:vae|FashionMNIST|m64|s31337|e300|es1|b2,,not available,300,True
FashionMNIST,B5_fixed32,31337,2.0,final,vae|FashionMNIST|m32|s31337|e300|es1|b2,vae|m32|e300|es1|b2,53.789653301239014,"stage4_methods.json: (FashionMNIST,B5_fixed32,31337,2).trace[0]",53.789653301239014,results/make49/stage4_cache/FashionMNIST.json:vae|FashionMNIST|m32|s31337|e300|es1|b2,True,not available,300,True
FashionMNIST,B6a_fondue,42,2.0,anchor,vae|FashionMNIST|m64|s42|e300|es1|b2,not in trace,,not charged in original ledger; MAKE50 used current snapshot,50.01973009109497,results/make49/stage4_cache/FashionMNIST.json:vae|FashionMNIST|m64|s42|e300|es1|b2,,not available,300,True
FashionMNIST,B6a_fondue,42,2.0,final,vae|FashionMNIST|m6|s42|e300|es1|b2,vae|m6|e300|es1|b2,43.36397910118103,"stage4_methods.json: (FashionMNIST,B6a_fondue,42,2).trace[4]",43.36397910118103,results/make49/stage4_cache/FashionMNIST.json:vae|FashionMNIST|m6|s42|e300|es1|b2,True,not available,300,True
FashionMNIST,B6a_fondue,123,2.0,anchor,vae|FashionMNIST|m64|s123|e300|es1|b2,not in trace,,not charged in original ledger; MAKE50 used current snapshot,54.069788455963135,results/make49/stage4_cache/FashionMNIST.json:vae|FashionMNIST|m64|s123|e300|es1|b2,,not available,300,True
FashionMNIST,B6a_fondue,123,2.0,final,vae|FashionMNIST|m6|s123|e300|es1|b2,vae|m6|e300|es1|b2,30.567360162734985,"stage4_methods.json: (FashionMNIST,B6a_fondue,123,2).trace[4]",30.567360162734985,results/make49/stage4_cache/FashionMNIST.json:vae|FashionMNIST|m6|s123|e300|es1|b2,True,not available,300,True
FashionMNIST,B6a_fondue,777,2.0,anchor,vae|FashionMNIST|m64|s777|e300|es1|b2,not in trace,,not charged in original ledger; MAKE50 used current snapshot,37.464256286621094,results/make49/stage4_cache/FashionMNIST.json:vae|FashionMNIST|m64|s777|e300|es1|b2,,not available,300,True
FashionMNIST,B6a_fondue,777,2.0,final,vae|FashionMNIST|m6|s777|e300|es1|b2,vae|m6|e300|es1|b2,48.18005156517029,"stage4_methods.json: (FashionMNIST,B6a_fondue,777,2).trace[4]",48.18005156517029,results/make49/stage4_cache/FashionMNIST.json:vae|FashionMNIST|m6|s777|e300|es1|b2,True,not available,300,True
FashionMNIST,B6a_fondue,2024,2.0,anchor,vae|FashionMNIST|m64|s2024|e300|es1|b2,not in trace,,not charged in original ledger; MAKE50 used current snapshot,61.85872530937195,results/make49/stage4_cache/FashionMNIST.json:vae|FashionMNIST|m64|s2024|e300|es1|b2,,not available,300,True
FashionMNIST,B6a_fondue,2024,2.0,final,vae|FashionMNIST|m6|s2024|e300|es1|b2,vae|m6|e300|es1|b2,51.88192844390869,"stage4_methods.json: (FashionMNIST,B6a_fondue,2024,2).trace[4]",51.88192844390869,results/make49/stage4_cache/FashionMNIST.json:vae|FashionMNIST|m6|s2024|e300|es1|b2,True,not available,300,True
FashionMNIST,B6a_fondue,31337,2.0,anchor,vae|FashionMNIST|m64|s31337|e300|es1|b2,not in trace,,not charged in original ledger; MAKE50 used current snapshot,46.059919357299805,results/make49/stage4_cache/FashionMNIST.json:vae|FashionMNIST|m64|s31337|e300|es1|b2,,not available,300,True
FashionMNIST,B6a_fondue,31337,2.0,final,vae|FashionMNIST|m6|s31337|e300|es1|b2,vae|m6|e300|es1|b2,64.38161039352417,"stage4_methods.json: (FashionMNIST,B6a_fondue,31337,2).trace[4]",64.38161039352417,results/make49/stage4_cache/FashionMNIST.json:vae|FashionMNIST|m6|s31337|e300|es1|b2,True,not available,300,True
FashionMNIST,B6b_fondue_var,42,2.0,anchor,vae|FashionMNIST|m64|s42|e300|es1|b2,not in trace,,not charged in original ledger; MAKE50 used current snapshot,50.01973009109497,results/make49/stage4_cache/FashionMNIST.json:vae|FashionMNIST|m64|s42|e300|es1|b2,,not available,300,True
FashionMNIST,B6b_fondue_var,42,2.0,final,vae|FashionMNIST|m3|s42|e300|es1|b2,vae|m3|e300|es1|b2,32.86668562889099,"stage4_methods.json: (FashionMNIST,B6b_fondue_var,42,2).trace[1]",32.86668562889099,results/make49/stage4_cache/FashionMNIST.json:vae|FashionMNIST|m3|s42|e300|es1|b2,True,not available,300,True
FashionMNIST,B6b_fondue_var,123,2.0,anchor,vae|FashionMNIST|m64|s123|e300|es1|b2,not in trace,,not charged in original ledger; MAKE50 used current snapshot,54.069788455963135,results/make49/stage4_cache/FashionMNIST.json:vae|FashionMNIST|m64|s123|e300|es1|b2,,not available,300,True
FashionMNIST,B6b_fondue_var,123,2.0,final,vae|FashionMNIST|m3|s123|e300|es1|b2,vae|m3|e300|es1|b2,45.83007788658142,"stage4_methods.json: (FashionMNIST,B6b_fondue_var,123,2).trace[1]",45.83007788658142,results/make49/stage4_cache/FashionMNIST.json:vae|FashionMNIST|m3|s123|e300|es1|b2,True,not available,300,True
FashionMNIST,B6b_fondue_var,777,2.0,anchor,vae|FashionMNIST|m64|s777|e300|es1|b2,not in trace,,not charged in original ledger; MAKE50 used current snapshot,37.464256286621094,results/make49/stage4_cache/FashionMNIST.json:vae|FashionMNIST|m64|s777|e300|es1|b2,,not available,300,True
FashionMNIST,B6b_fondue_var,777,2.0,final,vae|FashionMNIST|m4|s777|e300|es1|b2,vae|m4|e300|es1|b2,39.27338361740112,"stage4_methods.json: (FashionMNIST,B6b_fondue_var,777,2).trace[1]",39.27338361740112,results/make49/stage4_cache/FashionMNIST.json:vae|FashionMNIST|m4|s777|e300|es1|b2,True,not available,300,True
FashionMNIST,B6b_fondue_var,2024,2.0,anchor,vae|FashionMNIST|m64|s2024|e300|es1|b2,not in trace,,not charged in original ledger; MAKE50 used current snapshot,61.85872530937195,results/make49/stage4_cache/FashionMNIST.json:vae|FashionMNIST|m64|s2024|e300|es1|b2,,not available,300,True
FashionMNIST,B6b_fondue_var,2024,2.0,final,vae|FashionMNIST|m5|s2024|e300|es1|b2,vae|m5|e300|es1|b2,68.09978199005127,"stage4_methods.json: (FashionMNIST,B6b_fondue_var,2024,2).trace[1]",68.09978199005127,results/make49/stage4_cache/FashionMNIST.json:vae|FashionMNIST|m5|s2024|e300|es1|b2,True,not available,300,True
FashionMNIST,B6b_fondue_var,31337,2.0,anchor,vae|FashionMNIST|m64|s31337|e300|es1|b2,not in trace,,not charged in original ledger; MAKE50 used current snapshot,46.059919357299805,results/make49/stage4_cache/FashionMNIST.json:vae|FashionMNIST|m64|s31337|e300|es1|b2,,not available,300,True
FashionMNIST,B6b_fondue_var,31337,2.0,final,vae|FashionMNIST|m7|s31337|e300|es1|b2,vae|m7|e300|es1|b2,42.079195976257324,"stage4_methods.json: (FashionMNIST,B6b_fondue_var,31337,2).trace[1]",42.079195976257324,results/make49/stage4_cache/FashionMNIST.json:vae|FashionMNIST|m7|s31337|e300|es1|b2,True,not available,300,True
FashionMNIST,B6b_fondue_var_keepmixed_false,42,2.0,anchor,vae|FashionMNIST|m64|s42|e300|es1|b2,not in trace,,not charged in original ledger; MAKE50 used current snapshot,50.01973009109497,results/make49/stage4_cache/FashionMNIST.json:vae|FashionMNIST|m64|s42|e300|es1|b2,,not available,300,True
FashionMNIST,B6b_fondue_var_keepmixed_false,42,2.0,final,vae|FashionMNIST|m1|s42|e300|es1|b2,vae|m1|e300|es1|b2,70.80110692977905,"stage4_methods.json: (FashionMNIST,B6b_fondue_var_keepmixed_false,42,2).trace[1]",70.80110692977905,results/make49/stage4_cache/FashionMNIST.json:vae|FashionMNIST|m1|s42|e300|es1|b2,True,not available,300,True
FashionMNIST,B6b_fondue_var_keepmixed_false,123,2.0,anchor,vae|FashionMNIST|m64|s123|e300|es1|b2,not in trace,,not charged in original ledger; MAKE50 used current snapshot,54.069788455963135,results/make49/stage4_cache/FashionMNIST.json:vae|FashionMNIST|m64|s123|e300|es1|b2,,not available,300,True
FashionMNIST,B6b_fondue_var_keepmixed_false,123,2.0,final,vae|FashionMNIST|m2|s123|e300|es1|b2,vae|m2|e300|es1|b2,38.57970714569092,"stage4_methods.json: (FashionMNIST,B6b_fondue_var_keepmixed_false,123,2).trace[1]",38.57970714569092,results/make49/stage4_cache/FashionMNIST.json:vae|FashionMNIST|m2|s123|e300|es1|b2,True,not available,300,True
FashionMNIST,B6b_fondue_var_keepmixed_false,777,2.0,anchor,vae|FashionMNIST|m64|s777|e300|es1|b2,not in trace,,not charged in original ledger; MAKE50 used current snapshot,37.464256286621094,results/make49/stage4_cache/FashionMNIST.json:vae|FashionMNIST|m64|s777|e300|es1|b2,,not available,300,True
FashionMNIST,B6b_fondue_var_keepmixed_false,777,2.0,final,vae|FashionMNIST|m1|s777|e300|es1|b2,vae|m1|e300|es1|b2,40.79132890701294,"stage4_methods.json: (FashionMNIST,B6b_fondue_var_keepmixed_false,777,2).trace[1]",40.79132890701294,results/make49/stage4_cache/FashionMNIST.json:vae|FashionMNIST|m1|s777|e300|es1|b2,True,not available,300,True
FashionMNIST,B6b_fondue_var_keepmixed_false,2024,2.0,anchor,vae|FashionMNIST|m64|s2024|e300|es1|b2,not in trace,,not charged in original ledger; MAKE50 used current snapshot,61.85872530937195,results/make49/stage4_cache/FashionMNIST.json:vae|FashionMNIST|m64|s2024|e300|es1|b2,,not available,300,True
FashionMNIST,B6b_fondue_var_keepmixed_false,2024,2.0,final,vae|FashionMNIST|m1|s2024|e300|es1|b2,vae|m1|e300|es1|b2,45.64753532409668,"stage4_methods.json: (FashionMNIST,B6b_fondue_var_keepmixed_false,2024,2).trace[1]",45.64753532409668,results/make49/stage4_cache/FashionMNIST.json:vae|FashionMNIST|m1|s2024|e300|es1|b2,True,not available,300,True
FashionMNIST,B6b_fondue_var_keepmixed_false,31337,2.0,anchor,vae|FashionMNIST|m64|s31337|e300|es1|b2,not in trace,,not charged in original ledger; MAKE50 used current snapshot,46.059919357299805,results/make49/stage4_cache/FashionMNIST.json:vae|FashionMNIST|m64|s31337|e300|es1|b2,,not available,300,True
FashionMNIST,B6b_fondue_var_keepmixed_false,31337,2.0,final,vae|FashionMNIST|m2|s31337|e300|es1|b2,vae|m2|e300|es1|b2,48.50793099403381,"stage4_methods.json: (FashionMNIST,B6b_fondue_var_keepmixed_false,31337,2).trace[1]",48.50793099403381,results/make49/stage4_cache/FashionMNIST.json:vae|FashionMNIST|m2|s31337|e300|es1|b2,True,not available,300,True
FashionMNIST,proposed,42,2.0,anchor,vae|FashionMNIST|m64|s42|e300|es1|b2,vae|m64|e300|es1|b2,50.01973009109497,"stage4_methods.json: (FashionMNIST,proposed,42,2).trace[12]",50.01973009109497,results/make49/stage4_cache/FashionMNIST.json:vae|FashionMNIST|m64|s42|e300|es1|b2,,not available,300,True
FashionMNIST,proposed,42,2.0,final,vae|FashionMNIST|m10|s42|e300|es1|b2,vae|m10|e300|es1|b2,64.87154245376587,"stage4_methods.json: (FashionMNIST,proposed,42,2).trace[11]",64.87154245376587,results/make49/stage4_cache/FashionMNIST.json:vae|FashionMNIST|m10|s42|e300|es1|b2,True,not available,300,True
FashionMNIST,proposed,123,2.0,anchor,vae|FashionMNIST|m64|s123|e300|es1|b2,vae|m64|e300|es1|b2,54.069788455963135,"stage4_methods.json: (FashionMNIST,proposed,123,2).trace[12]",54.069788455963135,results/make49/stage4_cache/FashionMNIST.json:vae|FashionMNIST|m64|s123|e300|es1|b2,,not available,300,True
FashionMNIST,proposed,123,2.0,final,vae|FashionMNIST|m10|s123|e300|es1|b2,vae|m10|e300|es1|b2,46.82004737854004,"stage4_methods.json: (FashionMNIST,proposed,123,2).trace[11]",46.82004737854004,results/make49/stage4_cache/FashionMNIST.json:vae|FashionMNIST|m10|s123|e300|es1|b2,True,not available,300,True
FashionMNIST,proposed,777,2.0,anchor,vae|FashionMNIST|m64|s777|e300|es1|b2,vae|m64|e300|es1|b2,37.464256286621094,"stage4_methods.json: (FashionMNIST,proposed,777,2).trace[12]",37.464256286621094,results/make49/stage4_cache/FashionMNIST.json:vae|FashionMNIST|m64|s777|e300|es1|b2,,not available,300,True
FashionMNIST,proposed,777,2.0,final,vae|FashionMNIST|m10|s777|e300|es1|b2,vae|m10|e300|es1|b2,39.1778609752655,"stage4_methods.json: (FashionMNIST,proposed,777,2).trace[11]",39.1778609752655,results/make49/stage4_cache/FashionMNIST.json:vae|FashionMNIST|m10|s777|e300|es1|b2,True,not available,300,True
FashionMNIST,proposed,2024,2.0,anchor,vae|FashionMNIST|m64|s2024|e300|es1|b2,vae|m64|e300|es1|b2,61.85872530937195,"stage4_methods.json: (FashionMNIST,proposed,2024,2).trace[12]",61.85872530937195,results/make49/stage4_cache/FashionMNIST.json:vae|FashionMNIST|m64|s2024|e300|es1|b2,,not available,300,True
FashionMNIST,proposed,2024,2.0,final,vae|FashionMNIST|m10|s2024|e300|es1|b2,vae|m10|e300|es1|b2,69.7136492729187,"stage4_methods.json: (FashionMNIST,proposed,2024,2).trace[11]",69.7136492729187,results/make49/stage4_cache/FashionMNIST.json:vae|FashionMNIST|m10|s2024|e300|es1|b2,True,not available,300,True
FashionMNIST,proposed,31337,2.0,anchor,vae|FashionMNIST|m64|s31337|e300|es1|b2,vae|m64|e300|es1|b2,46.059919357299805,"stage4_methods.json: (FashionMNIST,proposed,31337,2).trace[12]",46.059919357299805,results/make49/stage4_cache/FashionMNIST.json:vae|FashionMNIST|m64|s31337|e300|es1|b2,,not available,300,True
FashionMNIST,proposed,31337,2.0,final,vae|FashionMNIST|m4|s31337|e300|es1|b2,vae|m4|e300|es1|b2,47.843727827072144,"stage4_methods.json: (FashionMNIST,proposed,31337,2).trace[10]",47.843727827072144,results/make49/stage4_cache/FashionMNIST.json:vae|FashionMNIST|m4|s31337|e300|es1|b2,True,not available,300,True
FashionMNIST,proposed_minus_AU,42,2.0,anchor,vae|FashionMNIST|m64|s42|e300|es1|b2,vae|m64|e300|es1|b2,50.01973009109497,"stage4_methods.json: (FashionMNIST,proposed_minus_AU,42,2).trace[12]",50.01973009109497,results/make49/stage4_cache/FashionMNIST.json:vae|FashionMNIST|m64|s42|e300|es1|b2,,not available,300,True
FashionMNIST,proposed_minus_AU,42,2.0,final,vae|FashionMNIST|m10|s42|e300|es1|b2,vae|m10|e300|es1|b2,64.87154245376587,"stage4_methods.json: (FashionMNIST,proposed_minus_AU,42,2).trace[11]",64.87154245376587,results/make49/stage4_cache/FashionMNIST.json:vae|FashionMNIST|m10|s42|e300|es1|b2,True,not available,300,True
FashionMNIST,proposed_minus_AU,123,2.0,anchor,vae|FashionMNIST|m64|s123|e300|es1|b2,vae|m64|e300|es1|b2,54.069788455963135,"stage4_methods.json: (FashionMNIST,proposed_minus_AU,123,2).trace[12]",54.069788455963135,results/make49/stage4_cache/FashionMNIST.json:vae|FashionMNIST|m64|s123|e300|es1|b2,,not available,300,True
FashionMNIST,proposed_minus_AU,123,2.0,final,vae|FashionMNIST|m10|s123|e300|es1|b2,vae|m10|e300|es1|b2,46.82004737854004,"stage4_methods.json: (FashionMNIST,proposed_minus_AU,123,2).trace[11]",46.82004737854004,results/make49/stage4_cache/FashionMNIST.json:vae|FashionMNIST|m10|s123|e300|es1|b2,True,not available,300,True
FashionMNIST,proposed_minus_AU,777,2.0,anchor,vae|FashionMNIST|m64|s777|e300|es1|b2,vae|m64|e300|es1|b2,37.464256286621094,"stage4_methods.json: (FashionMNIST,proposed_minus_AU,777,2).trace[12]",37.464256286621094,results/make49/stage4_cache/FashionMNIST.json:vae|FashionMNIST|m64|s777|e300|es1|b2,,not available,300,True
FashionMNIST,proposed_minus_AU,777,2.0,final,vae|FashionMNIST|m10|s777|e300|es1|b2,vae|m10|e300|es1|b2,39.1778609752655,"stage4_methods.json: (FashionMNIST,proposed_minus_AU,777,2).trace[11]",39.1778609752655,results/make49/stage4_cache/FashionMNIST.json:vae|FashionMNIST|m10|s777|e300|es1|b2,True,not available,300,True
FashionMNIST,proposed_minus_AU,2024,2.0,anchor,vae|FashionMNIST|m64|s2024|e300|es1|b2,vae|m64|e300|es1|b2,61.85872530937195,"stage4_methods.json: (FashionMNIST,proposed_minus_AU,2024,2).trace[12]",61.85872530937195,results/make49/stage4_cache/FashionMNIST.json:vae|FashionMNIST|m64|s2024|e300|es1|b2,,not available,300,True
FashionMNIST,proposed_minus_AU,2024,2.0,final,vae|FashionMNIST|m10|s2024|e300|es1|b2,vae|m10|e300|es1|b2,69.7136492729187,"stage4_methods.json: (FashionMNIST,proposed_minus_AU,2024,2).trace[11]",69.7136492729187,results/make49/stage4_cache/FashionMNIST.json:vae|FashionMNIST|m10|s2024|e300|es1|b2,True,not available,300,True
FashionMNIST,proposed_minus_AU,31337,2.0,anchor,vae|FashionMNIST|m64|s31337|e300|es1|b2,vae|m64|e300|es1|b2,46.059919357299805,"stage4_methods.json: (FashionMNIST,proposed_minus_AU,31337,2).trace[12]",46.059919357299805,results/make49/stage4_cache/FashionMNIST.json:vae|FashionMNIST|m64|s31337|e300|es1|b2,,not available,300,True
FashionMNIST,proposed_minus_AU,31337,2.0,final,vae|FashionMNIST|m4|s31337|e300|es1|b2,vae|m4|e300|es1|b2,47.843727827072144,"stage4_methods.json: (FashionMNIST,proposed_minus_AU,31337,2).trace[10]",47.843727827072144,results/make49/stage4_cache/FashionMNIST.json:vae|FashionMNIST|m4|s31337|e300|es1|b2,True,not available,300,True
FashionMNIST,ascending_scan_Q,42,2.0,anchor,vae|FashionMNIST|m64|s42|e300|es1|b2,vae|m64|e300|es1|b2,50.01973009109497,"stage4_methods.json: (FashionMNIST,ascending_scan_Q,42,2).trace[0]",50.01973009109497,results/make49/stage4_cache/FashionMNIST.json:vae|FashionMNIST|m64|s42|e300|es1|b2,,not available,300,True
FashionMNIST,ascending_scan_Q,42,2.0,final,vae|FashionMNIST|m4|s42|e300|es1|b2,vae|m4|e300|es1|b2,45.87470245361328,"stage4_methods.json: (FashionMNIST,ascending_scan_Q,42,2).trace[2]",45.87470245361328,results/make49/stage4_cache/FashionMNIST.json:vae|FashionMNIST|m4|s42|e300|es1|b2,True,not available,300,True
FashionMNIST,ascending_scan_Q,123,2.0,anchor,vae|FashionMNIST|m64|s123|e300|es1|b2,vae|m64|e300|es1|b2,54.069788455963135,"stage4_methods.json: (FashionMNIST,ascending_scan_Q,123,2).trace[0]",54.069788455963135,results/make49/stage4_cache/FashionMNIST.json:vae|FashionMNIST|m64|s123|e300|es1|b2,,not available,300,True
FashionMNIST,ascending_scan_Q,123,2.0,final,vae|FashionMNIST|m4|s123|e300|es1|b2,vae|m4|e300|es1|b2,40.14346408843994,"stage4_methods.json: (FashionMNIST,ascending_scan_Q,123,2).trace[2]",40.14346408843994,results/make49/stage4_cache/FashionMNIST.json:vae|FashionMNIST|m4|s123|e300|es1|b2,True,not available,300,True
FashionMNIST,ascending_scan_Q,777,2.0,anchor,vae|FashionMNIST|m64|s777|e300|es1|b2,vae|m64|e300|es1|b2,37.464256286621094,"stage4_methods.json: (FashionMNIST,ascending_scan_Q,777,2).trace[0]",37.464256286621094,results/make49/stage4_cache/FashionMNIST.json:vae|FashionMNIST|m64|s777|e300|es1|b2,,not available,300,True
FashionMNIST,ascending_scan_Q,777,2.0,final,vae|FashionMNIST|m4|s777|e300|es1|b2,vae|m4|e300|es1|b2,39.27338361740112,"stage4_methods.json: (FashionMNIST,ascending_scan_Q,777,2).trace[2]",39.27338361740112,results/make49/stage4_cache/FashionMNIST.json:vae|FashionMNIST|m4|s777|e300|es1|b2,True,not available,300,True
FashionMNIST,ascending_scan_Q,2024,2.0,anchor,vae|FashionMNIST|m64|s2024|e300|es1|b2,vae|m64|e300|es1|b2,61.85872530937195,"stage4_methods.json: (FashionMNIST,ascending_scan_Q,2024,2).trace[0]",61.85872530937195,results/make49/stage4_cache/FashionMNIST.json:vae|FashionMNIST|m64|s2024|e300|es1|b2,,not available,300,True
FashionMNIST,ascending_scan_Q,2024,2.0,final,vae|FashionMNIST|m4|s2024|e300|es1|b2,vae|m4|e300|es1|b2,55.619856119155884,"stage4_methods.json: (FashionMNIST,ascending_scan_Q,2024,2).trace[2]",55.619856119155884,results/make49/stage4_cache/FashionMNIST.json:vae|FashionMNIST|m4|s2024|e300|es1|b2,True,not available,300,True
FashionMNIST,ascending_scan_Q,31337,2.0,anchor,vae|FashionMNIST|m64|s31337|e300|es1|b2,vae|m64|e300|es1|b2,46.059919357299805,"stage4_methods.json: (FashionMNIST,ascending_scan_Q,31337,2).trace[0]",46.059919357299805,results/make49/stage4_cache/FashionMNIST.json:vae|FashionMNIST|m64|s31337|e300|es1|b2,,not available,300,True
FashionMNIST,ascending_scan_Q,31337,2.0,final,vae|FashionMNIST|m4|s31337|e300|es1|b2,vae|m4|e300|es1|b2,47.843727827072144,"stage4_methods.json: (FashionMNIST,ascending_scan_Q,31337,2).trace[2]",47.843727827072144,results/make49/stage4_cache/FashionMNIST.json:vae|FashionMNIST|m4|s31337|e300|es1|b2,True,not available,300,True
FashionMNIST,B4_plus_Q,42,2.0,anchor,vae|FashionMNIST|m64|s42|e300|es1|b2,vae|m64|e300|es1|b2,50.01973009109497,"stage4_methods.json: (FashionMNIST,B4_plus_Q,42,2).trace[3]",50.01973009109497,results/make49/stage4_cache/FashionMNIST.json:vae|FashionMNIST|m64|s42|e300|es1|b2,,not available,300,True
FashionMNIST,B4_plus_Q,42,2.0,final,vae|FashionMNIST|m10|s42|e300|es1|b2,vae|m10|e300|es1|b2,64.87154245376587,"stage4_methods.json: (FashionMNIST,B4_plus_Q,42,2).trace[2]",64.87154245376587,results/make49/stage4_cache/FashionMNIST.json:vae|FashionMNIST|m10|s42|e300|es1|b2,True,not available,300,True
FashionMNIST,B4_plus_Q,123,2.0,anchor,vae|FashionMNIST|m64|s123|e300|es1|b2,vae|m64|e300|es1|b2,54.069788455963135,"stage4_methods.json: (FashionMNIST,B4_plus_Q,123,2).trace[3]",54.069788455963135,results/make49/stage4_cache/FashionMNIST.json:vae|FashionMNIST|m64|s123|e300|es1|b2,,not available,300,True
FashionMNIST,B4_plus_Q,123,2.0,final,vae|FashionMNIST|m10|s123|e300|es1|b2,vae|m10|e300|es1|b2,46.82004737854004,"stage4_methods.json: (FashionMNIST,B4_plus_Q,123,2).trace[2]",46.82004737854004,results/make49/stage4_cache/FashionMNIST.json:vae|FashionMNIST|m10|s123|e300|es1|b2,True,not available,300,True
FashionMNIST,B4_plus_Q,777,2.0,anchor,vae|FashionMNIST|m64|s777|e300|es1|b2,vae|m64|e300|es1|b2,37.464256286621094,"stage4_methods.json: (FashionMNIST,B4_plus_Q,777,2).trace[3]",37.464256286621094,results/make49/stage4_cache/FashionMNIST.json:vae|FashionMNIST|m64|s777|e300|es1|b2,,not available,300,True
FashionMNIST,B4_plus_Q,777,2.0,final,vae|FashionMNIST|m10|s777|e300|es1|b2,vae|m10|e300|es1|b2,39.1778609752655,"stage4_methods.json: (FashionMNIST,B4_plus_Q,777,2).trace[2]",39.1778609752655,results/make49/stage4_cache/FashionMNIST.json:vae|FashionMNIST|m10|s777|e300|es1|b2,True,not available,300,True
FashionMNIST,B4_plus_Q,2024,2.0,anchor,vae|FashionMNIST|m64|s2024|e300|es1|b2,vae|m64|e300|es1|b2,61.85872530937195,"stage4_methods.json: (FashionMNIST,B4_plus_Q,2024,2).trace[3]",61.85872530937195,results/make49/stage4_cache/FashionMNIST.json:vae|FashionMNIST|m64|s2024|e300|es1|b2,,not available,300,True
FashionMNIST,B4_plus_Q,2024,2.0,final,vae|FashionMNIST|m10|s2024|e300|es1|b2,vae|m10|e300|es1|b2,69.7136492729187,"stage4_methods.json: (FashionMNIST,B4_plus_Q,2024,2).trace[2]",69.7136492729187,results/make49/stage4_cache/FashionMNIST.json:vae|FashionMNIST|m10|s2024|e300|es1|b2,True,not available,300,True
FashionMNIST,B4_plus_Q,31337,2.0,anchor,vae|FashionMNIST|m64|s31337|e300|es1|b2,vae|m64|e300|es1|b2,46.059919357299805,"stage4_methods.json: (FashionMNIST,B4_plus_Q,31337,2).trace[3]",46.059919357299805,results/make49/stage4_cache/FashionMNIST.json:vae|FashionMNIST|m64|s31337|e300|es1|b2,,not available,300,True
FashionMNIST,B4_plus_Q,31337,2.0,final,vae|FashionMNIST|m4|s31337|e300|es1|b2,vae|m4|e300|es1|b2,47.843727827072144,"stage4_methods.json: (FashionMNIST,B4_plus_Q,31337,2).trace[1]",47.843727827072144,results/make49/stage4_cache/FashionMNIST.json:vae|FashionMNIST|m4|s31337|e300|es1|b2,True,not available,300,True
FashionMNIST,B6a_plus_Q,42,2.0,anchor,vae|FashionMNIST|m64|s42|e300|es1|b2,vae|m64|e300|es1|b2,50.01973009109497,"stage4_methods.json: (FashionMNIST,B6a_plus_Q,42,2).trace[4]",50.01973009109497,results/make49/stage4_cache/FashionMNIST.json:vae|FashionMNIST|m64|s42|e300|es1|b2,,not available,300,True
FashionMNIST,B6a_plus_Q,42,2.0,final,vae|FashionMNIST|m6|s42|e300|es1|b2,vae|m6|e300|es1|b2,43.36397910118103,"stage4_methods.json: (FashionMNIST,B6a_plus_Q,42,2).trace[5]",43.36397910118103,results/make49/stage4_cache/FashionMNIST.json:vae|FashionMNIST|m6|s42|e300|es1|b2,True,not available,300,True
FashionMNIST,B6a_plus_Q,123,2.0,anchor,vae|FashionMNIST|m64|s123|e300|es1|b2,vae|m64|e300|es1|b2,54.069788455963135,"stage4_methods.json: (FashionMNIST,B6a_plus_Q,123,2).trace[4]",54.069788455963135,results/make49/stage4_cache/FashionMNIST.json:vae|FashionMNIST|m64|s123|e300|es1|b2,,not available,300,True
FashionMNIST,B6a_plus_Q,123,2.0,final,vae|FashionMNIST|m6|s123|e300|es1|b2,vae|m6|e300|es1|b2,30.567360162734985,"stage4_methods.json: (FashionMNIST,B6a_plus_Q,123,2).trace[5]",30.567360162734985,results/make49/stage4_cache/FashionMNIST.json:vae|FashionMNIST|m6|s123|e300|es1|b2,True,not available,300,True
FashionMNIST,B6a_plus_Q,777,2.0,anchor,vae|FashionMNIST|m64|s777|e300|es1|b2,vae|m64|e300|es1|b2,37.464256286621094,"stage4_methods.json: (FashionMNIST,B6a_plus_Q,777,2).trace[4]",37.464256286621094,results/make49/stage4_cache/FashionMNIST.json:vae|FashionMNIST|m64|s777|e300|es1|b2,,not available,300,True
FashionMNIST,B6a_plus_Q,777,2.0,final,vae|FashionMNIST|m6|s777|e300|es1|b2,vae|m6|e300|es1|b2,48.18005156517029,"stage4_methods.json: (FashionMNIST,B6a_plus_Q,777,2).trace[5]",48.18005156517029,results/make49/stage4_cache/FashionMNIST.json:vae|FashionMNIST|m6|s777|e300|es1|b2,True,not available,300,True
FashionMNIST,B6a_plus_Q,2024,2.0,anchor,vae|FashionMNIST|m64|s2024|e300|es1|b2,vae|m64|e300|es1|b2,61.85872530937195,"stage4_methods.json: (FashionMNIST,B6a_plus_Q,2024,2).trace[4]",61.85872530937195,results/make49/stage4_cache/FashionMNIST.json:vae|FashionMNIST|m64|s2024|e300|es1|b2,,not available,300,True
FashionMNIST,B6a_plus_Q,2024,2.0,final,vae|FashionMNIST|m6|s2024|e300|es1|b2,vae|m6|e300|es1|b2,51.88192844390869,"stage4_methods.json: (FashionMNIST,B6a_plus_Q,2024,2).trace[5]",51.88192844390869,results/make49/stage4_cache/FashionMNIST.json:vae|FashionMNIST|m6|s2024|e300|es1|b2,True,not available,300,True
FashionMNIST,B6a_plus_Q,31337,2.0,anchor,vae|FashionMNIST|m64|s31337|e300|es1|b2,vae|m64|e300|es1|b2,46.059919357299805,"stage4_methods.json: (FashionMNIST,B6a_plus_Q,31337,2).trace[4]",46.059919357299805,results/make49/stage4_cache/FashionMNIST.json:vae|FashionMNIST|m64|s31337|e300|es1|b2,,not available,300,True
FashionMNIST,B6a_plus_Q,31337,2.0,final,vae|FashionMNIST|m6|s31337|e300|es1|b2,vae|m6|e300|es1|b2,64.38161039352417,"stage4_methods.json: (FashionMNIST,B6a_plus_Q,31337,2).trace[5]",64.38161039352417,results/make49/stage4_cache/FashionMNIST.json:vae|FashionMNIST|m6|s31337|e300|es1|b2,True,not available,300,True
FashionMNIST,B6b_plus_Q,42,2.0,anchor,vae|FashionMNIST|m64|s42|e300|es1|b2,vae|m64|e300|es1|b2,50.01973009109497,"stage4_methods.json: (FashionMNIST,B6b_plus_Q,42,2).trace[1]",50.01973009109497,results/make49/stage4_cache/FashionMNIST.json:vae|FashionMNIST|m64|s42|e300|es1|b2,,not available,300,True
FashionMNIST,B6b_plus_Q,42,2.0,final,vae|FashionMNIST|m4|s42|e300|es1|b2,vae|m4|e300|es1|b2,45.87470245361328,"stage4_methods.json: (FashionMNIST,B6b_plus_Q,42,2).trace[2]",45.87470245361328,results/make49/stage4_cache/FashionMNIST.json:vae|FashionMNIST|m4|s42|e300|es1|b2,True,not available,300,True
FashionMNIST,B6b_plus_Q,123,2.0,anchor,vae|FashionMNIST|m64|s123|e300|es1|b2,vae|m64|e300|es1|b2,54.069788455963135,"stage4_methods.json: (FashionMNIST,B6b_plus_Q,123,2).trace[1]",54.069788455963135,results/make49/stage4_cache/FashionMNIST.json:vae|FashionMNIST|m64|s123|e300|es1|b2,,not available,300,True
FashionMNIST,B6b_plus_Q,123,2.0,final,vae|FashionMNIST|m4|s123|e300|es1|b2,vae|m4|e300|es1|b2,40.14346408843994,"stage4_methods.json: (FashionMNIST,B6b_plus_Q,123,2).trace[2]",40.14346408843994,results/make49/stage4_cache/FashionMNIST.json:vae|FashionMNIST|m4|s123|e300|es1|b2,True,not available,300,True
FashionMNIST,B6b_plus_Q,777,2.0,anchor,vae|FashionMNIST|m64|s777|e300|es1|b2,vae|m64|e300|es1|b2,37.464256286621094,"stage4_methods.json: (FashionMNIST,B6b_plus_Q,777,2).trace[1]",37.464256286621094,results/make49/stage4_cache/FashionMNIST.json:vae|FashionMNIST|m64|s777|e300|es1|b2,,not available,300,True
FashionMNIST,B6b_plus_Q,777,2.0,final,vae|FashionMNIST|m4|s777|e300|es1|b2,vae|m4|e300|es1|b2,39.27338361740112,"stage4_methods.json: (FashionMNIST,B6b_plus_Q,777,2).trace[2]",39.27338361740112,results/make49/stage4_cache/FashionMNIST.json:vae|FashionMNIST|m4|s777|e300|es1|b2,True,not available,300,True
FashionMNIST,B6b_plus_Q,2024,2.0,anchor,vae|FashionMNIST|m64|s2024|e300|es1|b2,vae|m64|e300|es1|b2,61.85872530937195,"stage4_methods.json: (FashionMNIST,B6b_plus_Q,2024,2).trace[1]",61.85872530937195,results/make49/stage4_cache/FashionMNIST.json:vae|FashionMNIST|m64|s2024|e300|es1|b2,,not available,300,True
FashionMNIST,B6b_plus_Q,2024,2.0,final,vae|FashionMNIST|m6|s2024|e300|es1|b2,vae|m6|e300|es1|b2,51.88192844390869,"stage4_methods.json: (FashionMNIST,B6b_plus_Q,2024,2).trace[2]",51.88192844390869,results/make49/stage4_cache/FashionMNIST.json:vae|FashionMNIST|m6|s2024|e300|es1|b2,True,not available,300,True
FashionMNIST,B6b_plus_Q,31337,2.0,anchor,vae|FashionMNIST|m64|s31337|e300|es1|b2,vae|m64|e300|es1|b2,46.059919357299805,"stage4_methods.json: (FashionMNIST,B6b_plus_Q,31337,2).trace[1]",46.059919357299805,results/make49/stage4_cache/FashionMNIST.json:vae|FashionMNIST|m64|s31337|e300|es1|b2,,not available,300,True
FashionMNIST,B6b_plus_Q,31337,2.0,final,vae|FashionMNIST|m8|s31337|e300|es1|b2,vae|m8|e300|es1|b2,42.989659547805786,"stage4_methods.json: (FashionMNIST,B6b_plus_Q,31337,2).trace[2]",42.989659547805786,results/make49/stage4_cache/FashionMNIST.json:vae|FashionMNIST|m8|s31337|e300|es1|b2,True,not available,300,True
FashionMNIST,B1_full_mse,42,4.0,anchor,vae|FashionMNIST|m64|s42|e300|es1|b4,vae|m64|e300|es1|b4,68.61338806152344,"stage4_methods.json: (FashionMNIST,B1_full_mse,42,4).trace[11]",68.61338806152344,results/make49/stage4_cache/FashionMNIST.json:vae|FashionMNIST|m64|s42|e300|es1|b4,,not available,300,True
FashionMNIST,B1_full_mse,42,4.0,final,vae|FashionMNIST|m12|s42|e300|es1|b4,vae|m12|e300|es1|b4,63.800381660461426,"stage4_methods.json: (FashionMNIST,B1_full_mse,42,4).trace[5]",63.800381660461426,results/make49/stage4_cache/FashionMNIST.json:vae|FashionMNIST|m12|s42|e300|es1|b4,True,not available,300,True
FashionMNIST,B1_full_mse,123,4.0,anchor,vae|FashionMNIST|m64|s123|e300|es1|b4,vae|m64|e300|es1|b4,75.71917796134949,"stage4_methods.json: (FashionMNIST,B1_full_mse,123,4).trace[11]",75.71917796134949,results/make49/stage4_cache/FashionMNIST.json:vae|FashionMNIST|m64|s123|e300|es1|b4,,not available,300,True
FashionMNIST,B1_full_mse,123,4.0,final,vae|FashionMNIST|m8|s123|e300|es1|b4,vae|m8|e300|es1|b4,75.41791796684265,"stage4_methods.json: (FashionMNIST,B1_full_mse,123,4).trace[3]",75.41791796684265,results/make49/stage4_cache/FashionMNIST.json:vae|FashionMNIST|m8|s123|e300|es1|b4,True,not available,300,True
FashionMNIST,B1_full_mse,777,4.0,anchor,vae|FashionMNIST|m64|s777|e300|es1|b4,vae|m64|e300|es1|b4,95.93929958343506,"stage4_methods.json: (FashionMNIST,B1_full_mse,777,4).trace[11]",95.93929958343506,results/make49/stage4_cache/FashionMNIST.json:vae|FashionMNIST|m64|s777|e300|es1|b4,,not available,300,True
FashionMNIST,B1_full_mse,777,4.0,final,vae|FashionMNIST|m8|s777|e300|es1|b4,vae|m8|e300|es1|b4,82.36175513267517,"stage4_methods.json: (FashionMNIST,B1_full_mse,777,4).trace[3]",82.36175513267517,results/make49/stage4_cache/FashionMNIST.json:vae|FashionMNIST|m8|s777|e300|es1|b4,True,not available,300,True
FashionMNIST,B1_full_mse,2024,4.0,anchor,vae|FashionMNIST|m64|s2024|e300|es1|b4,vae|m64|e300|es1|b4,48.963399171829224,"stage4_methods.json: (FashionMNIST,B1_full_mse,2024,4).trace[11]",48.963399171829224,results/make49/stage4_cache/FashionMNIST.json:vae|FashionMNIST|m64|s2024|e300|es1|b4,,not available,300,True
FashionMNIST,B1_full_mse,2024,4.0,final,vae|FashionMNIST|m4|s2024|e300|es1|b4,vae|m4|e300|es1|b4,50.95027756690979,"stage4_methods.json: (FashionMNIST,B1_full_mse,2024,4).trace[1]",50.95027756690979,results/make49/stage4_cache/FashionMNIST.json:vae|FashionMNIST|m4|s2024|e300|es1|b4,True,not available,300,True
FashionMNIST,B1_full_mse,31337,4.0,anchor,vae|FashionMNIST|m64|s31337|e300|es1|b4,vae|m64|e300|es1|b4,68.910879611969,"stage4_methods.json: (FashionMNIST,B1_full_mse,31337,4).trace[11]",68.910879611969,results/make49/stage4_cache/FashionMNIST.json:vae|FashionMNIST|m64|s31337|e300|es1|b4,,not available,300,True
FashionMNIST,B1_full_mse,31337,4.0,final,vae|FashionMNIST|m8|s31337|e300|es1|b4,vae|m8|e300|es1|b4,53.25465726852417,"stage4_methods.json: (FashionMNIST,B1_full_mse,31337,4).trace[3]",53.25465726852417,results/make49/stage4_cache/FashionMNIST.json:vae|FashionMNIST|m8|s31337|e300|es1|b4,True,not available,300,True
FashionMNIST,B2_full_elbo,42,4.0,anchor,vae|FashionMNIST|m64|s42|e300|es1|b4,vae|m64|e300|es1|b4,68.61338806152344,"stage4_methods.json: (FashionMNIST,B2_full_elbo,42,4).trace[11]",68.61338806152344,results/make49/stage4_cache/FashionMNIST.json:vae|FashionMNIST|m64|s42|e300|es1|b4,,not available,300,True
FashionMNIST,B2_full_elbo,42,4.0,final,vae|FashionMNIST|m12|s42|e300|es1|b4,vae|m12|e300|es1|b4,63.800381660461426,"stage4_methods.json: (FashionMNIST,B2_full_elbo,42,4).trace[5]",63.800381660461426,results/make49/stage4_cache/FashionMNIST.json:vae|FashionMNIST|m12|s42|e300|es1|b4,True,not available,300,True
FashionMNIST,B2_full_elbo,123,4.0,anchor,vae|FashionMNIST|m64|s123|e300|es1|b4,vae|m64|e300|es1|b4,75.71917796134949,"stage4_methods.json: (FashionMNIST,B2_full_elbo,123,4).trace[11]",75.71917796134949,results/make49/stage4_cache/FashionMNIST.json:vae|FashionMNIST|m64|s123|e300|es1|b4,,not available,300,True
FashionMNIST,B2_full_elbo,123,4.0,final,vae|FashionMNIST|m32|s123|e300|es1|b4,vae|m32|e300|es1|b4,58.824626445770264,"stage4_methods.json: (FashionMNIST,B2_full_elbo,123,4).trace[9]",58.824626445770264,results/make49/stage4_cache/FashionMNIST.json:vae|FashionMNIST|m32|s123|e300|es1|b4,True,not available,300,True
FashionMNIST,B2_full_elbo,777,4.0,anchor,vae|FashionMNIST|m64|s777|e300|es1|b4,vae|m64|e300|es1|b4,95.93929958343506,"stage4_methods.json: (FashionMNIST,B2_full_elbo,777,4).trace[11]",95.93929958343506,results/make49/stage4_cache/FashionMNIST.json:vae|FashionMNIST|m64|s777|e300|es1|b4,,not available,300,True
FashionMNIST,B2_full_elbo,777,4.0,final,vae|FashionMNIST|m8|s777|e300|es1|b4,vae|m8|e300|es1|b4,82.36175513267517,"stage4_methods.json: (FashionMNIST,B2_full_elbo,777,4).trace[3]",82.36175513267517,results/make49/stage4_cache/FashionMNIST.json:vae|FashionMNIST|m8|s777|e300|es1|b4,True,not available,300,True
FashionMNIST,B2_full_elbo,2024,4.0,anchor,vae|FashionMNIST|m64|s2024|e300|es1|b4,vae|m64|e300|es1|b4,48.963399171829224,"stage4_methods.json: (FashionMNIST,B2_full_elbo,2024,4).trace[11]",48.963399171829224,results/make49/stage4_cache/FashionMNIST.json:vae|FashionMNIST|m64|s2024|e300|es1|b4,,not available,300,True
FashionMNIST,B2_full_elbo,2024,4.0,final,vae|FashionMNIST|m4|s2024|e300|es1|b4,vae|m4|e300|es1|b4,50.95027756690979,"stage4_methods.json: (FashionMNIST,B2_full_elbo,2024,4).trace[1]",50.95027756690979,results/make49/stage4_cache/FashionMNIST.json:vae|FashionMNIST|m4|s2024|e300|es1|b4,True,not available,300,True
FashionMNIST,B2_full_elbo,31337,4.0,anchor,vae|FashionMNIST|m64|s31337|e300|es1|b4,vae|m64|e300|es1|b4,68.910879611969,"stage4_methods.json: (FashionMNIST,B2_full_elbo,31337,4).trace[11]",68.910879611969,results/make49/stage4_cache/FashionMNIST.json:vae|FashionMNIST|m64|s31337|e300|es1|b4,,not available,300,True
FashionMNIST,B2_full_elbo,31337,4.0,final,vae|FashionMNIST|m8|s31337|e300|es1|b4,vae|m8|e300|es1|b4,53.25465726852417,"stage4_methods.json: (FashionMNIST,B2_full_elbo,31337,4).trace[3]",53.25465726852417,results/make49/stage4_cache/FashionMNIST.json:vae|FashionMNIST|m8|s31337|e300|es1|b4,True,not available,300,True
FashionMNIST,B3_full_downstream,42,4.0,anchor,vae|FashionMNIST|m64|s42|e300|es1|b4,vae|m64|e300|es1|b4,68.61338806152344,"stage4_methods.json: (FashionMNIST,B3_full_downstream,42,4).trace[11]",68.61338806152344,results/make49/stage4_cache/FashionMNIST.json:vae|FashionMNIST|m64|s42|e300|es1|b4,,not available,300,True
FashionMNIST,B3_full_downstream,42,4.0,final,vae|FashionMNIST|m48|s42|e300|es1|b4,vae|m48|e300|es1|b4,52.88706088066101,"stage4_methods.json: (FashionMNIST,B3_full_downstream,42,4).trace[10]",52.88706088066101,results/make49/stage4_cache/FashionMNIST.json:vae|FashionMNIST|m48|s42|e300|es1|b4,True,not available,300,True
FashionMNIST,B3_full_downstream,123,4.0,anchor,vae|FashionMNIST|m64|s123|e300|es1|b4,vae|m64|e300|es1|b4,75.71917796134949,"stage4_methods.json: (FashionMNIST,B3_full_downstream,123,4).trace[11]",75.71917796134949,results/make49/stage4_cache/FashionMNIST.json:vae|FashionMNIST|m64|s123|e300|es1|b4,,not available,300,True
FashionMNIST,B3_full_downstream,123,4.0,final,vae|FashionMNIST|m48|s123|e300|es1|b4,vae|m48|e300|es1|b4,71.38465666770935,"stage4_methods.json: (FashionMNIST,B3_full_downstream,123,4).trace[10]",71.38465666770935,results/make49/stage4_cache/FashionMNIST.json:vae|FashionMNIST|m48|s123|e300|es1|b4,True,not available,300,True
FashionMNIST,B3_full_downstream,777,4.0,anchor,vae|FashionMNIST|m64|s777|e300|es1|b4,vae|m64|e300|es1|b4,95.93929958343506,"stage4_methods.json: (FashionMNIST,B3_full_downstream,777,4).trace[11]",95.93929958343506,results/make49/stage4_cache/FashionMNIST.json:vae|FashionMNIST|m64|s777|e300|es1|b4,,not available,300,True
FashionMNIST,B3_full_downstream,777,4.0,final,vae|FashionMNIST|m32|s777|e300|es1|b4,vae|m32|e300|es1|b4,47.846837520599365,"stage4_methods.json: (FashionMNIST,B3_full_downstream,777,4).trace[9]",47.846837520599365,results/make49/stage4_cache/FashionMNIST.json:vae|FashionMNIST|m32|s777|e300|es1|b4,True,not available,300,True
FashionMNIST,B3_full_downstream,2024,4.0,anchor,vae|FashionMNIST|m64|s2024|e300|es1|b4,vae|m64|e300|es1|b4,48.963399171829224,"stage4_methods.json: (FashionMNIST,B3_full_downstream,2024,4).trace[11]",48.963399171829224,results/make49/stage4_cache/FashionMNIST.json:vae|FashionMNIST|m64|s2024|e300|es1|b4,,not available,300,True
FashionMNIST,B3_full_downstream,2024,4.0,final,vae|FashionMNIST|m64|s2024|e300|es1|b4,vae|m64|e300|es1|b4,48.963399171829224,"stage4_methods.json: (FashionMNIST,B3_full_downstream,2024,4).trace[11]",48.963399171829224,results/make49/stage4_cache/FashionMNIST.json:vae|FashionMNIST|m64|s2024|e300|es1|b4,True,not available,300,True
FashionMNIST,B3_full_downstream,31337,4.0,anchor,vae|FashionMNIST|m64|s31337|e300|es1|b4,vae|m64|e300|es1|b4,68.910879611969,"stage4_methods.json: (FashionMNIST,B3_full_downstream,31337,4).trace[11]",68.910879611969,results/make49/stage4_cache/FashionMNIST.json:vae|FashionMNIST|m64|s31337|e300|es1|b4,,not available,300,True
FashionMNIST,B3_full_downstream,31337,4.0,final,vae|FashionMNIST|m24|s31337|e300|es1|b4,vae|m24|e300|es1|b4,54.21738028526306,"stage4_methods.json: (FashionMNIST,B3_full_downstream,31337,4).trace[8]",54.21738028526306,results/make49/stage4_cache/FashionMNIST.json:vae|FashionMNIST|m24|s31337|e300|es1|b4,True,not available,300,True
FashionMNIST,B4_coarse,42,4.0,anchor,vae|FashionMNIST|m64|s42|e300|es1|b4,vae|m64|e300|es1|b4,68.61338806152344,"stage4_methods.json: (FashionMNIST,B4_coarse,42,4).trace[3]",68.61338806152344,results/make49/stage4_cache/FashionMNIST.json:vae|FashionMNIST|m64|s42|e300|es1|b4,,not available,300,True
FashionMNIST,B4_coarse,42,4.0,final,vae|FashionMNIST|m4|s42|e300|es1|b4,vae|m4|e300|es1|b4,54.267472982406616,"stage4_methods.json: (FashionMNIST,B4_coarse,42,4).trace[1]",54.267472982406616,results/make49/stage4_cache/FashionMNIST.json:vae|FashionMNIST|m4|s42|e300|es1|b4,True,not available,300,True
FashionMNIST,B4_coarse,123,4.0,anchor,vae|FashionMNIST|m64|s123|e300|es1|b4,vae|m64|e300|es1|b4,75.71917796134949,"stage4_methods.json: (FashionMNIST,B4_coarse,123,4).trace[3]",75.71917796134949,results/make49/stage4_cache/FashionMNIST.json:vae|FashionMNIST|m64|s123|e300|es1|b4,,not available,300,True
FashionMNIST,B4_coarse,123,4.0,final,vae|FashionMNIST|m10|s123|e300|es1|b4,vae|m10|e300|es1|b4,33.38258647918701,"stage4_methods.json: (FashionMNIST,B4_coarse,123,4).trace[2]",33.38258647918701,results/make49/stage4_cache/FashionMNIST.json:vae|FashionMNIST|m10|s123|e300|es1|b4,True,not available,300,True
FashionMNIST,B4_coarse,777,4.0,anchor,vae|FashionMNIST|m64|s777|e300|es1|b4,vae|m64|e300|es1|b4,95.93929958343506,"stage4_methods.json: (FashionMNIST,B4_coarse,777,4).trace[3]",95.93929958343506,results/make49/stage4_cache/FashionMNIST.json:vae|FashionMNIST|m64|s777|e300|es1|b4,,not available,300,True
FashionMNIST,B4_coarse,777,4.0,final,vae|FashionMNIST|m4|s777|e300|es1|b4,vae|m4|e300|es1|b4,49.83132004737854,"stage4_methods.json: (FashionMNIST,B4_coarse,777,4).trace[1]",49.83132004737854,results/make49/stage4_cache/FashionMNIST.json:vae|FashionMNIST|m4|s777|e300|es1|b4,True,not available,300,True
FashionMNIST,B4_coarse,2024,4.0,anchor,vae|FashionMNIST|m64|s2024|e300|es1|b4,vae|m64|e300|es1|b4,48.963399171829224,"stage4_methods.json: (FashionMNIST,B4_coarse,2024,4).trace[3]",48.963399171829224,results/make49/stage4_cache/FashionMNIST.json:vae|FashionMNIST|m64|s2024|e300|es1|b4,,not available,300,True
FashionMNIST,B4_coarse,2024,4.0,final,vae|FashionMNIST|m4|s2024|e300|es1|b4,vae|m4|e300|es1|b4,50.95027756690979,"stage4_methods.json: (FashionMNIST,B4_coarse,2024,4).trace[1]",50.95027756690979,results/make49/stage4_cache/FashionMNIST.json:vae|FashionMNIST|m4|s2024|e300|es1|b4,True,not available,300,True
FashionMNIST,B4_coarse,31337,4.0,anchor,vae|FashionMNIST|m64|s31337|e300|es1|b4,vae|m64|e300|es1|b4,68.910879611969,"stage4_methods.json: (FashionMNIST,B4_coarse,31337,4).trace[3]",68.910879611969,results/make49/stage4_cache/FashionMNIST.json:vae|FashionMNIST|m64|s31337|e300|es1|b4,,not available,300,True
FashionMNIST,B4_coarse,31337,4.0,final,vae|FashionMNIST|m4|s31337|e300|es1|b4,vae|m4|e300|es1|b4,41.29743814468384,"stage4_methods.json: (FashionMNIST,B4_coarse,31337,4).trace[1]",41.29743814468384,results/make49/stage4_cache/FashionMNIST.json:vae|FashionMNIST|m4|s31337|e300|es1|b4,True,not available,300,True
FashionMNIST,B5_fixed32,42,4.0,anchor,vae|FashionMNIST|m64|s42|e300|es1|b4,not in trace,,not charged in original ledger; MAKE50 used current snapshot,68.61338806152344,results/make49/stage4_cache/FashionMNIST.json:vae|FashionMNIST|m64|s42|e300|es1|b4,,not available,300,True
FashionMNIST,B5_fixed32,42,4.0,final,vae|FashionMNIST|m32|s42|e300|es1|b4,vae|m32|e300|es1|b4,75.31016206741333,"stage4_methods.json: (FashionMNIST,B5_fixed32,42,4).trace[0]",75.31016206741333,results/make49/stage4_cache/FashionMNIST.json:vae|FashionMNIST|m32|s42|e300|es1|b4,True,not available,300,True
FashionMNIST,B5_fixed32,123,4.0,anchor,vae|FashionMNIST|m64|s123|e300|es1|b4,not in trace,,not charged in original ledger; MAKE50 used current snapshot,75.71917796134949,results/make49/stage4_cache/FashionMNIST.json:vae|FashionMNIST|m64|s123|e300|es1|b4,,not available,300,True
FashionMNIST,B5_fixed32,123,4.0,final,vae|FashionMNIST|m32|s123|e300|es1|b4,vae|m32|e300|es1|b4,58.824626445770264,"stage4_methods.json: (FashionMNIST,B5_fixed32,123,4).trace[0]",58.824626445770264,results/make49/stage4_cache/FashionMNIST.json:vae|FashionMNIST|m32|s123|e300|es1|b4,True,not available,300,True
FashionMNIST,B5_fixed32,777,4.0,anchor,vae|FashionMNIST|m64|s777|e300|es1|b4,not in trace,,not charged in original ledger; MAKE50 used current snapshot,95.93929958343506,results/make49/stage4_cache/FashionMNIST.json:vae|FashionMNIST|m64|s777|e300|es1|b4,,not available,300,True
FashionMNIST,B5_fixed32,777,4.0,final,vae|FashionMNIST|m32|s777|e300|es1|b4,vae|m32|e300|es1|b4,47.846837520599365,"stage4_methods.json: (FashionMNIST,B5_fixed32,777,4).trace[0]",47.846837520599365,results/make49/stage4_cache/FashionMNIST.json:vae|FashionMNIST|m32|s777|e300|es1|b4,True,not available,300,True
FashionMNIST,B5_fixed32,2024,4.0,anchor,vae|FashionMNIST|m64|s2024|e300|es1|b4,not in trace,,not charged in original ledger; MAKE50 used current snapshot,48.963399171829224,results/make49/stage4_cache/FashionMNIST.json:vae|FashionMNIST|m64|s2024|e300|es1|b4,,not available,300,True
FashionMNIST,B5_fixed32,2024,4.0,final,vae|FashionMNIST|m32|s2024|e300|es1|b4,vae|m32|e300|es1|b4,81.52976131439209,"stage4_methods.json: (FashionMNIST,B5_fixed32,2024,4).trace[0]",81.52976131439209,results/make49/stage4_cache/FashionMNIST.json:vae|FashionMNIST|m32|s2024|e300|es1|b4,True,not available,300,True
FashionMNIST,B5_fixed32,31337,4.0,anchor,vae|FashionMNIST|m64|s31337|e300|es1|b4,not in trace,,not charged in original ledger; MAKE50 used current snapshot,68.910879611969,results/make49/stage4_cache/FashionMNIST.json:vae|FashionMNIST|m64|s31337|e300|es1|b4,,not available,300,True
FashionMNIST,B5_fixed32,31337,4.0,final,vae|FashionMNIST|m32|s31337|e300|es1|b4,vae|m32|e300|es1|b4,80.4273612499237,"stage4_methods.json: (FashionMNIST,B5_fixed32,31337,4).trace[0]",80.4273612499237,results/make49/stage4_cache/FashionMNIST.json:vae|FashionMNIST|m32|s31337|e300|es1|b4,True,not available,300,True
FashionMNIST,B6a_fondue,42,4.0,anchor,vae|FashionMNIST|m64|s42|e300|es1|b4,not in trace,,not charged in original ledger; MAKE50 used current snapshot,68.61338806152344,results/make49/stage4_cache/FashionMNIST.json:vae|FashionMNIST|m64|s42|e300|es1|b4,,not available,300,True
FashionMNIST,B6a_fondue,42,4.0,final,vae|FashionMNIST|m6|s42|e300|es1|b4,vae|m6|e300|es1|b4,63.75129723548889,"stage4_methods.json: (FashionMNIST,B6a_fondue,42,4).trace[4]",63.75129723548889,results/make49/stage4_cache/FashionMNIST.json:vae|FashionMNIST|m6|s42|e300|es1|b4,True,not available,300,True
FashionMNIST,B6a_fondue,123,4.0,anchor,vae|FashionMNIST|m64|s123|e300|es1|b4,not in trace,,not charged in original ledger; MAKE50 used current snapshot,75.71917796134949,results/make49/stage4_cache/FashionMNIST.json:vae|FashionMNIST|m64|s123|e300|es1|b4,,not available,300,True
FashionMNIST,B6a_fondue,123,4.0,final,vae|FashionMNIST|m6|s123|e300|es1|b4,vae|m6|e300|es1|b4,35.44525361061096,"stage4_methods.json: (FashionMNIST,B6a_fondue,123,4).trace[4]",35.44525361061096,results/make49/stage4_cache/FashionMNIST.json:vae|FashionMNIST|m6|s123|e300|es1|b4,True,not available,300,True
FashionMNIST,B6a_fondue,777,4.0,anchor,vae|FashionMNIST|m64|s777|e300|es1|b4,not in trace,,not charged in original ledger; MAKE50 used current snapshot,95.93929958343506,results/make49/stage4_cache/FashionMNIST.json:vae|FashionMNIST|m64|s777|e300|es1|b4,,not available,300,True
FashionMNIST,B6a_fondue,777,4.0,final,vae|FashionMNIST|m6|s777|e300|es1|b4,vae|m6|e300|es1|b4,66.14428758621216,"stage4_methods.json: (FashionMNIST,B6a_fondue,777,4).trace[4]",66.14428758621216,results/make49/stage4_cache/FashionMNIST.json:vae|FashionMNIST|m6|s777|e300|es1|b4,True,not available,300,True
FashionMNIST,B6a_fondue,2024,4.0,anchor,vae|FashionMNIST|m64|s2024|e300|es1|b4,not in trace,,not charged in original ledger; MAKE50 used current snapshot,48.963399171829224,results/make49/stage4_cache/FashionMNIST.json:vae|FashionMNIST|m64|s2024|e300|es1|b4,,not available,300,True
FashionMNIST,B6a_fondue,2024,4.0,final,vae|FashionMNIST|m6|s2024|e300|es1|b4,vae|m6|e300|es1|b4,41.81095361709595,"stage4_methods.json: (FashionMNIST,B6a_fondue,2024,4).trace[4]",41.81095361709595,results/make49/stage4_cache/FashionMNIST.json:vae|FashionMNIST|m6|s2024|e300|es1|b4,True,not available,300,True
FashionMNIST,B6a_fondue,31337,4.0,anchor,vae|FashionMNIST|m64|s31337|e300|es1|b4,not in trace,,not charged in original ledger; MAKE50 used current snapshot,68.910879611969,results/make49/stage4_cache/FashionMNIST.json:vae|FashionMNIST|m64|s31337|e300|es1|b4,,not available,300,True
FashionMNIST,B6a_fondue,31337,4.0,final,vae|FashionMNIST|m6|s31337|e300|es1|b4,vae|m6|e300|es1|b4,57.74657130241394,"stage4_methods.json: (FashionMNIST,B6a_fondue,31337,4).trace[4]",57.74657130241394,results/make49/stage4_cache/FashionMNIST.json:vae|FashionMNIST|m6|s31337|e300|es1|b4,True,not available,300,True
FashionMNIST,B6b_fondue_var,42,4.0,anchor,vae|FashionMNIST|m64|s42|e300|es1|b4,not in trace,,not charged in original ledger; MAKE50 used current snapshot,68.61338806152344,results/make49/stage4_cache/FashionMNIST.json:vae|FashionMNIST|m64|s42|e300|es1|b4,,not available,300,True
FashionMNIST,B6b_fondue_var,42,4.0,final,vae|FashionMNIST|m9|s42|e300|es1|b4,vae|m9|e300|es1|b4,54.76404428482056,"stage4_methods.json: (FashionMNIST,B6b_fondue_var,42,4).trace[1]",54.76404428482056,results/make49/stage4_cache/FashionMNIST.json:vae|FashionMNIST|m9|s42|e300|es1|b4,True,not available,300,True
FashionMNIST,B6b_fondue_var,123,4.0,anchor,vae|FashionMNIST|m64|s123|e300|es1|b4,not in trace,,not charged in original ledger; MAKE50 used current snapshot,75.71917796134949,results/make49/stage4_cache/FashionMNIST.json:vae|FashionMNIST|m64|s123|e300|es1|b4,,not available,300,True
FashionMNIST,B6b_fondue_var,123,4.0,final,vae|FashionMNIST|m10|s123|e300|es1|b4,vae|m10|e300|es1|b4,33.38258647918701,"stage4_methods.json: (FashionMNIST,B6b_fondue_var,123,4).trace[1]",33.38258647918701,results/make49/stage4_cache/FashionMNIST.json:vae|FashionMNIST|m10|s123|e300|es1|b4,True,not available,300,True
FashionMNIST,B6b_fondue_var,777,4.0,anchor,vae|FashionMNIST|m64|s777|e300|es1|b4,not in trace,,not charged in original ledger; MAKE50 used current snapshot,95.93929958343506,results/make49/stage4_cache/FashionMNIST.json:vae|FashionMNIST|m64|s777|e300|es1|b4,,not available,300,True
FashionMNIST,B6b_fondue_var,777,4.0,final,vae|FashionMNIST|m10|s777|e300|es1|b4,vae|m10|e300|es1|b4,53.34920120239258,"stage4_methods.json: (FashionMNIST,B6b_fondue_var,777,4).trace[1]",53.34920120239258,results/make49/stage4_cache/FashionMNIST.json:vae|FashionMNIST|m10|s777|e300|es1|b4,True,not available,300,True
FashionMNIST,B6b_fondue_var,2024,4.0,anchor,vae|FashionMNIST|m64|s2024|e300|es1|b4,not in trace,,not charged in original ledger; MAKE50 used current snapshot,48.963399171829224,results/make49/stage4_cache/FashionMNIST.json:vae|FashionMNIST|m64|s2024|e300|es1|b4,,not available,300,True
FashionMNIST,B6b_fondue_var,2024,4.0,final,vae|FashionMNIST|m7|s2024|e300|es1|b4,vae|m7|e300|es1|b4,39.85178089141846,"stage4_methods.json: (FashionMNIST,B6b_fondue_var,2024,4).trace[1]",39.85178089141846,results/make49/stage4_cache/FashionMNIST.json:vae|FashionMNIST|m7|s2024|e300|es1|b4,True,not available,300,True
FashionMNIST,B6b_fondue_var,31337,4.0,anchor,vae|FashionMNIST|m64|s31337|e300|es1|b4,not in trace,,not charged in original ledger; MAKE50 used current snapshot,68.910879611969,results/make49/stage4_cache/FashionMNIST.json:vae|FashionMNIST|m64|s31337|e300|es1|b4,,not available,300,True
FashionMNIST,B6b_fondue_var,31337,4.0,final,vae|FashionMNIST|m5|s31337|e300|es1|b4,vae|m5|e300|es1|b4,34.37253546714783,"stage4_methods.json: (FashionMNIST,B6b_fondue_var,31337,4).trace[1]",34.37253546714783,results/make49/stage4_cache/FashionMNIST.json:vae|FashionMNIST|m5|s31337|e300|es1|b4,True,not available,300,True
FashionMNIST,B6b_fondue_var_keepmixed_false,42,4.0,anchor,vae|FashionMNIST|m64|s42|e300|es1|b4,not in trace,,not charged in original ledger; MAKE50 used current snapshot,68.61338806152344,results/make49/stage4_cache/FashionMNIST.json:vae|FashionMNIST|m64|s42|e300|es1|b4,,not available,300,True
FashionMNIST,B6b_fondue_var_keepmixed_false,123,4.0,anchor,vae|FashionMNIST|m64|s123|e300|es1|b4,not in trace,,not charged in original ledger; MAKE50 used current snapshot,75.71917796134949,results/make49/stage4_cache/FashionMNIST.json:vae|FashionMNIST|m64|s123|e300|es1|b4,,not available,300,True
FashionMNIST,B6b_fondue_var_keepmixed_false,777,4.0,anchor,vae|FashionMNIST|m64|s777|e300|es1|b4,not in trace,,not charged in original ledger; MAKE50 used current snapshot,95.93929958343506,results/make49/stage4_cache/FashionMNIST.json:vae|FashionMNIST|m64|s777|e300|es1|b4,,not available,300,True
FashionMNIST,B6b_fondue_var_keepmixed_false,2024,4.0,anchor,vae|FashionMNIST|m64|s2024|e300|es1|b4,not in trace,,not charged in original ledger; MAKE50 used current snapshot,48.963399171829224,results/make49/stage4_cache/FashionMNIST.json:vae|FashionMNIST|m64|s2024|e300|es1|b4,,not available,300,True
FashionMNIST,B6b_fondue_var_keepmixed_false,31337,4.0,anchor,vae|FashionMNIST|m64|s31337|e300|es1|b4,not in trace,,not charged in original ledger; MAKE50 used current snapshot,68.910879611969,results/make49/stage4_cache/FashionMNIST.json:vae|FashionMNIST|m64|s31337|e300|es1|b4,,not available,300,True
FashionMNIST,proposed,42,4.0,anchor,vae|FashionMNIST|m64|s42|e300|es1|b4,vae|m64|e300|es1|b4,68.61338806152344,"stage4_methods.json: (FashionMNIST,proposed,42,4).trace[12]",68.61338806152344,results/make49/stage4_cache/FashionMNIST.json:vae|FashionMNIST|m64|s42|e300|es1|b4,,not available,300,True
FashionMNIST,proposed,42,4.0,final,vae|FashionMNIST|m4|s42|e300|es1|b4,vae|m4|e300|es1|b4,54.267472982406616,"stage4_methods.json: (FashionMNIST,proposed,42,4).trace[10]",54.267472982406616,results/make49/stage4_cache/FashionMNIST.json:vae|FashionMNIST|m4|s42|e300|es1|b4,True,not available,300,True
FashionMNIST,proposed,123,4.0,anchor,vae|FashionMNIST|m64|s123|e300|es1|b4,vae|m64|e300|es1|b4,75.71917796134949,"stage4_methods.json: (FashionMNIST,proposed,123,4).trace[12]",75.71917796134949,results/make49/stage4_cache/FashionMNIST.json:vae|FashionMNIST|m64|s123|e300|es1|b4,,not available,300,True
FashionMNIST,proposed,123,4.0,final,vae|FashionMNIST|m10|s123|e300|es1|b4,vae|m10|e300|es1|b4,33.38258647918701,"stage4_methods.json: (FashionMNIST,proposed,123,4).trace[11]",33.38258647918701,results/make49/stage4_cache/FashionMNIST.json:vae|FashionMNIST|m10|s123|e300|es1|b4,True,not available,300,True
FashionMNIST,proposed,777,4.0,anchor,vae|FashionMNIST|m64|s777|e300|es1|b4,vae|m64|e300|es1|b4,95.93929958343506,"stage4_methods.json: (FashionMNIST,proposed,777,4).trace[12]",95.93929958343506,results/make49/stage4_cache/FashionMNIST.json:vae|FashionMNIST|m64|s777|e300|es1|b4,,not available,300,True
FashionMNIST,proposed,777,4.0,final,vae|FashionMNIST|m4|s777|e300|es1|b4,vae|m4|e300|es1|b4,49.83132004737854,"stage4_methods.json: (FashionMNIST,proposed,777,4).trace[10]",49.83132004737854,results/make49/stage4_cache/FashionMNIST.json:vae|FashionMNIST|m4|s777|e300|es1|b4,True,not available,300,True
FashionMNIST,proposed,2024,4.0,anchor,vae|FashionMNIST|m64|s2024|e300|es1|b4,vae|m64|e300|es1|b4,48.963399171829224,"stage4_methods.json: (FashionMNIST,proposed,2024,4).trace[12]",48.963399171829224,results/make49/stage4_cache/FashionMNIST.json:vae|FashionMNIST|m64|s2024|e300|es1|b4,,not available,300,True
FashionMNIST,proposed,2024,4.0,final,vae|FashionMNIST|m4|s2024|e300|es1|b4,vae|m4|e300|es1|b4,50.95027756690979,"stage4_methods.json: (FashionMNIST,proposed,2024,4).trace[10]",50.95027756690979,results/make49/stage4_cache/FashionMNIST.json:vae|FashionMNIST|m4|s2024|e300|es1|b4,True,not available,300,True
FashionMNIST,proposed,31337,4.0,anchor,vae|FashionMNIST|m64|s31337|e300|es1|b4,vae|m64|e300|es1|b4,68.910879611969,"stage4_methods.json: (FashionMNIST,proposed,31337,4).trace[12]",68.910879611969,results/make49/stage4_cache/FashionMNIST.json:vae|FashionMNIST|m64|s31337|e300|es1|b4,,not available,300,True
FashionMNIST,proposed,31337,4.0,final,vae|FashionMNIST|m4|s31337|e300|es1|b4,vae|m4|e300|es1|b4,41.29743814468384,"stage4_methods.json: (FashionMNIST,proposed,31337,4).trace[10]",41.29743814468384,results/make49/stage4_cache/FashionMNIST.json:vae|FashionMNIST|m4|s31337|e300|es1|b4,True,not available,300,True
FashionMNIST,proposed_minus_AU,42,4.0,anchor,vae|FashionMNIST|m64|s42|e300|es1|b4,vae|m64|e300|es1|b4,68.61338806152344,"stage4_methods.json: (FashionMNIST,proposed_minus_AU,42,4).trace[12]",68.61338806152344,results/make49/stage4_cache/FashionMNIST.json:vae|FashionMNIST|m64|s42|e300|es1|b4,,not available,300,True
FashionMNIST,proposed_minus_AU,42,4.0,final,vae|FashionMNIST|m4|s42|e300|es1|b4,vae|m4|e300|es1|b4,54.267472982406616,"stage4_methods.json: (FashionMNIST,proposed_minus_AU,42,4).trace[10]",54.267472982406616,results/make49/stage4_cache/FashionMNIST.json:vae|FashionMNIST|m4|s42|e300|es1|b4,True,not available,300,True
FashionMNIST,proposed_minus_AU,123,4.0,anchor,vae|FashionMNIST|m64|s123|e300|es1|b4,vae|m64|e300|es1|b4,75.71917796134949,"stage4_methods.json: (FashionMNIST,proposed_minus_AU,123,4).trace[12]",75.71917796134949,results/make49/stage4_cache/FashionMNIST.json:vae|FashionMNIST|m64|s123|e300|es1|b4,,not available,300,True
FashionMNIST,proposed_minus_AU,123,4.0,final,vae|FashionMNIST|m10|s123|e300|es1|b4,vae|m10|e300|es1|b4,33.38258647918701,"stage4_methods.json: (FashionMNIST,proposed_minus_AU,123,4).trace[11]",33.38258647918701,results/make49/stage4_cache/FashionMNIST.json:vae|FashionMNIST|m10|s123|e300|es1|b4,True,not available,300,True
FashionMNIST,proposed_minus_AU,777,4.0,anchor,vae|FashionMNIST|m64|s777|e300|es1|b4,vae|m64|e300|es1|b4,95.93929958343506,"stage4_methods.json: (FashionMNIST,proposed_minus_AU,777,4).trace[12]",95.93929958343506,results/make49/stage4_cache/FashionMNIST.json:vae|FashionMNIST|m64|s777|e300|es1|b4,,not available,300,True
FashionMNIST,proposed_minus_AU,777,4.0,final,vae|FashionMNIST|m4|s777|e300|es1|b4,vae|m4|e300|es1|b4,49.83132004737854,"stage4_methods.json: (FashionMNIST,proposed_minus_AU,777,4).trace[10]",49.83132004737854,results/make49/stage4_cache/FashionMNIST.json:vae|FashionMNIST|m4|s777|e300|es1|b4,True,not available,300,True
FashionMNIST,proposed_minus_AU,2024,4.0,anchor,vae|FashionMNIST|m64|s2024|e300|es1|b4,vae|m64|e300|es1|b4,48.963399171829224,"stage4_methods.json: (FashionMNIST,proposed_minus_AU,2024,4).trace[12]",48.963399171829224,results/make49/stage4_cache/FashionMNIST.json:vae|FashionMNIST|m64|s2024|e300|es1|b4,,not available,300,True
FashionMNIST,proposed_minus_AU,2024,4.0,final,vae|FashionMNIST|m4|s2024|e300|es1|b4,vae|m4|e300|es1|b4,50.95027756690979,"stage4_methods.json: (FashionMNIST,proposed_minus_AU,2024,4).trace[10]",50.95027756690979,results/make49/stage4_cache/FashionMNIST.json:vae|FashionMNIST|m4|s2024|e300|es1|b4,True,not available,300,True
FashionMNIST,proposed_minus_AU,31337,4.0,anchor,vae|FashionMNIST|m64|s31337|e300|es1|b4,vae|m64|e300|es1|b4,68.910879611969,"stage4_methods.json: (FashionMNIST,proposed_minus_AU,31337,4).trace[12]",68.910879611969,results/make49/stage4_cache/FashionMNIST.json:vae|FashionMNIST|m64|s31337|e300|es1|b4,,not available,300,True
FashionMNIST,proposed_minus_AU,31337,4.0,final,vae|FashionMNIST|m4|s31337|e300|es1|b4,vae|m4|e300|es1|b4,41.29743814468384,"stage4_methods.json: (FashionMNIST,proposed_minus_AU,31337,4).trace[10]",41.29743814468384,results/make49/stage4_cache/FashionMNIST.json:vae|FashionMNIST|m4|s31337|e300|es1|b4,True,not available,300,True
FashionMNIST,ascending_scan_Q,42,4.0,anchor,vae|FashionMNIST|m64|s42|e300|es1|b4,vae|m64|e300|es1|b4,68.61338806152344,"stage4_methods.json: (FashionMNIST,ascending_scan_Q,42,4).trace[0]",68.61338806152344,results/make49/stage4_cache/FashionMNIST.json:vae|FashionMNIST|m64|s42|e300|es1|b4,,not available,300,True
FashionMNIST,ascending_scan_Q,42,4.0,final,vae|FashionMNIST|m2|s42|e300|es1|b4,vae|m2|e300|es1|b4,43.755226850509644,"stage4_methods.json: (FashionMNIST,ascending_scan_Q,42,4).trace[1]",43.755226850509644,results/make49/stage4_cache/FashionMNIST.json:vae|FashionMNIST|m2|s42|e300|es1|b4,True,not available,300,True
FashionMNIST,ascending_scan_Q,123,4.0,anchor,vae|FashionMNIST|m64|s123|e300|es1|b4,vae|m64|e300|es1|b4,75.71917796134949,"stage4_methods.json: (FashionMNIST,ascending_scan_Q,123,4).trace[0]",75.71917796134949,results/make49/stage4_cache/FashionMNIST.json:vae|FashionMNIST|m64|s123|e300|es1|b4,,not available,300,True
FashionMNIST,ascending_scan_Q,123,4.0,final,vae|FashionMNIST|m2|s123|e300|es1|b4,vae|m2|e300|es1|b4,51.7202091217041,"stage4_methods.json: (FashionMNIST,ascending_scan_Q,123,4).trace[1]",51.7202091217041,results/make49/stage4_cache/FashionMNIST.json:vae|FashionMNIST|m2|s123|e300|es1|b4,True,not available,300,True
FashionMNIST,ascending_scan_Q,777,4.0,anchor,vae|FashionMNIST|m64|s777|e300|es1|b4,vae|m64|e300|es1|b4,95.93929958343506,"stage4_methods.json: (FashionMNIST,ascending_scan_Q,777,4).trace[0]",95.93929958343506,results/make49/stage4_cache/FashionMNIST.json:vae|FashionMNIST|m64|s777|e300|es1|b4,,not available,300,True
FashionMNIST,ascending_scan_Q,777,4.0,final,vae|FashionMNIST|m4|s777|e300|es1|b4,vae|m4|e300|es1|b4,49.83132004737854,"stage4_methods.json: (FashionMNIST,ascending_scan_Q,777,4).trace[2]",49.83132004737854,results/make49/stage4_cache/FashionMNIST.json:vae|FashionMNIST|m4|s777|e300|es1|b4,True,not available,300,True
FashionMNIST,ascending_scan_Q,2024,4.0,anchor,vae|FashionMNIST|m64|s2024|e300|es1|b4,vae|m64|e300|es1|b4,48.963399171829224,"stage4_methods.json: (FashionMNIST,ascending_scan_Q,2024,4).trace[0]",48.963399171829224,results/make49/stage4_cache/FashionMNIST.json:vae|FashionMNIST|m64|s2024|e300|es1|b4,,not available,300,True
FashionMNIST,ascending_scan_Q,2024,4.0,final,vae|FashionMNIST|m2|s2024|e300|es1|b4,vae|m2|e300|es1|b4,74.2236270904541,"stage4_methods.json: (FashionMNIST,ascending_scan_Q,2024,4).trace[1]",74.2236270904541,results/make49/stage4_cache/FashionMNIST.json:vae|FashionMNIST|m2|s2024|e300|es1|b4,True,not available,300,True
FashionMNIST,ascending_scan_Q,31337,4.0,anchor,vae|FashionMNIST|m64|s31337|e300|es1|b4,vae|m64|e300|es1|b4,68.910879611969,"stage4_methods.json: (FashionMNIST,ascending_scan_Q,31337,4).trace[0]",68.910879611969,results/make49/stage4_cache/FashionMNIST.json:vae|FashionMNIST|m64|s31337|e300|es1|b4,,not available,300,True
FashionMNIST,ascending_scan_Q,31337,4.0,final,vae|FashionMNIST|m2|s31337|e300|es1|b4,vae|m2|e300|es1|b4,50.502535820007324,"stage4_methods.json: (FashionMNIST,ascending_scan_Q,31337,4).trace[1]",50.502535820007324,results/make49/stage4_cache/FashionMNIST.json:vae|FashionMNIST|m2|s31337|e300|es1|b4,True,not available,300,True
FashionMNIST,B4_plus_Q,42,4.0,anchor,vae|FashionMNIST|m64|s42|e300|es1|b4,vae|m64|e300|es1|b4,68.61338806152344,"stage4_methods.json: (FashionMNIST,B4_plus_Q,42,4).trace[3]",68.61338806152344,results/make49/stage4_cache/FashionMNIST.json:vae|FashionMNIST|m64|s42|e300|es1|b4,,not available,300,True
FashionMNIST,B4_plus_Q,42,4.0,final,vae|FashionMNIST|m4|s42|e300|es1|b4,vae|m4|e300|es1|b4,54.267472982406616,"stage4_methods.json: (FashionMNIST,B4_plus_Q,42,4).trace[1]",54.267472982406616,results/make49/stage4_cache/FashionMNIST.json:vae|FashionMNIST|m4|s42|e300|es1|b4,True,not available,300,True
FashionMNIST,B4_plus_Q,123,4.0,anchor,vae|FashionMNIST|m64|s123|e300|es1|b4,vae|m64|e300|es1|b4,75.71917796134949,"stage4_methods.json: (FashionMNIST,B4_plus_Q,123,4).trace[3]",75.71917796134949,results/make49/stage4_cache/FashionMNIST.json:vae|FashionMNIST|m64|s123|e300|es1|b4,,not available,300,True
FashionMNIST,B4_plus_Q,123,4.0,final,vae|FashionMNIST|m10|s123|e300|es1|b4,vae|m10|e300|es1|b4,33.38258647918701,"stage4_methods.json: (FashionMNIST,B4_plus_Q,123,4).trace[2]",33.38258647918701,results/make49/stage4_cache/FashionMNIST.json:vae|FashionMNIST|m10|s123|e300|es1|b4,True,not available,300,True
FashionMNIST,B4_plus_Q,777,4.0,anchor,vae|FashionMNIST|m64|s777|e300|es1|b4,vae|m64|e300|es1|b4,95.93929958343506,"stage4_methods.json: (FashionMNIST,B4_plus_Q,777,4).trace[3]",95.93929958343506,results/make49/stage4_cache/FashionMNIST.json:vae|FashionMNIST|m64|s777|e300|es1|b4,,not available,300,True
FashionMNIST,B4_plus_Q,777,4.0,final,vae|FashionMNIST|m4|s777|e300|es1|b4,vae|m4|e300|es1|b4,49.83132004737854,"stage4_methods.json: (FashionMNIST,B4_plus_Q,777,4).trace[1]",49.83132004737854,results/make49/stage4_cache/FashionMNIST.json:vae|FashionMNIST|m4|s777|e300|es1|b4,True,not available,300,True
FashionMNIST,B4_plus_Q,2024,4.0,anchor,vae|FashionMNIST|m64|s2024|e300|es1|b4,vae|m64|e300|es1|b4,48.963399171829224,"stage4_methods.json: (FashionMNIST,B4_plus_Q,2024,4).trace[3]",48.963399171829224,results/make49/stage4_cache/FashionMNIST.json:vae|FashionMNIST|m64|s2024|e300|es1|b4,,not available,300,True
FashionMNIST,B4_plus_Q,2024,4.0,final,vae|FashionMNIST|m4|s2024|e300|es1|b4,vae|m4|e300|es1|b4,50.95027756690979,"stage4_methods.json: (FashionMNIST,B4_plus_Q,2024,4).trace[1]",50.95027756690979,results/make49/stage4_cache/FashionMNIST.json:vae|FashionMNIST|m4|s2024|e300|es1|b4,True,not available,300,True
FashionMNIST,B4_plus_Q,31337,4.0,anchor,vae|FashionMNIST|m64|s31337|e300|es1|b4,vae|m64|e300|es1|b4,68.910879611969,"stage4_methods.json: (FashionMNIST,B4_plus_Q,31337,4).trace[3]",68.910879611969,results/make49/stage4_cache/FashionMNIST.json:vae|FashionMNIST|m64|s31337|e300|es1|b4,,not available,300,True
FashionMNIST,B4_plus_Q,31337,4.0,final,vae|FashionMNIST|m4|s31337|e300|es1|b4,vae|m4|e300|es1|b4,41.29743814468384,"stage4_methods.json: (FashionMNIST,B4_plus_Q,31337,4).trace[1]",41.29743814468384,results/make49/stage4_cache/FashionMNIST.json:vae|FashionMNIST|m4|s31337|e300|es1|b4,True,not available,300,True
FashionMNIST,B6a_plus_Q,42,4.0,anchor,vae|FashionMNIST|m64|s42|e300|es1|b4,vae|m64|e300|es1|b4,68.61338806152344,"stage4_methods.json: (FashionMNIST,B6a_plus_Q,42,4).trace[4]",68.61338806152344,results/make49/stage4_cache/FashionMNIST.json:vae|FashionMNIST|m64|s42|e300|es1|b4,,not available,300,True
FashionMNIST,B6a_plus_Q,42,4.0,final,vae|FashionMNIST|m6|s42|e300|es1|b4,vae|m6|e300|es1|b4,63.75129723548889,"stage4_methods.json: (FashionMNIST,B6a_plus_Q,42,4).trace[5]",63.75129723548889,results/make49/stage4_cache/FashionMNIST.json:vae|FashionMNIST|m6|s42|e300|es1|b4,True,not available,300,True
FashionMNIST,B6a_plus_Q,123,4.0,anchor,vae|FashionMNIST|m64|s123|e300|es1|b4,vae|m64|e300|es1|b4,75.71917796134949,"stage4_methods.json: (FashionMNIST,B6a_plus_Q,123,4).trace[4]",75.71917796134949,results/make49/stage4_cache/FashionMNIST.json:vae|FashionMNIST|m64|s123|e300|es1|b4,,not available,300,True
FashionMNIST,B6a_plus_Q,123,4.0,final,vae|FashionMNIST|m6|s123|e300|es1|b4,vae|m6|e300|es1|b4,35.44525361061096,"stage4_methods.json: (FashionMNIST,B6a_plus_Q,123,4).trace[5]",35.44525361061096,results/make49/stage4_cache/FashionMNIST.json:vae|FashionMNIST|m6|s123|e300|es1|b4,True,not available,300,True
FashionMNIST,B6a_plus_Q,777,4.0,anchor,vae|FashionMNIST|m64|s777|e300|es1|b4,vae|m64|e300|es1|b4,95.93929958343506,"stage4_methods.json: (FashionMNIST,B6a_plus_Q,777,4).trace[4]",95.93929958343506,results/make49/stage4_cache/FashionMNIST.json:vae|FashionMNIST|m64|s777|e300|es1|b4,,not available,300,True
FashionMNIST,B6a_plus_Q,777,4.0,final,vae|FashionMNIST|m6|s777|e300|es1|b4,vae|m6|e300|es1|b4,66.14428758621216,"stage4_methods.json: (FashionMNIST,B6a_plus_Q,777,4).trace[5]",66.14428758621216,results/make49/stage4_cache/FashionMNIST.json:vae|FashionMNIST|m6|s777|e300|es1|b4,True,not available,300,True
FashionMNIST,B6a_plus_Q,2024,4.0,anchor,vae|FashionMNIST|m64|s2024|e300|es1|b4,vae|m64|e300|es1|b4,48.963399171829224,"stage4_methods.json: (FashionMNIST,B6a_plus_Q,2024,4).trace[4]",48.963399171829224,results/make49/stage4_cache/FashionMNIST.json:vae|FashionMNIST|m64|s2024|e300|es1|b4,,not available,300,True
FashionMNIST,B6a_plus_Q,2024,4.0,final,vae|FashionMNIST|m6|s2024|e300|es1|b4,vae|m6|e300|es1|b4,41.81095361709595,"stage4_methods.json: (FashionMNIST,B6a_plus_Q,2024,4).trace[5]",41.81095361709595,results/make49/stage4_cache/FashionMNIST.json:vae|FashionMNIST|m6|s2024|e300|es1|b4,True,not available,300,True
FashionMNIST,B6a_plus_Q,31337,4.0,anchor,vae|FashionMNIST|m64|s31337|e300|es1|b4,vae|m64|e300|es1|b4,68.910879611969,"stage4_methods.json: (FashionMNIST,B6a_plus_Q,31337,4).trace[4]",68.910879611969,results/make49/stage4_cache/FashionMNIST.json:vae|FashionMNIST|m64|s31337|e300|es1|b4,,not available,300,True
FashionMNIST,B6a_plus_Q,31337,4.0,final,vae|FashionMNIST|m6|s31337|e300|es1|b4,vae|m6|e300|es1|b4,57.74657130241394,"stage4_methods.json: (FashionMNIST,B6a_plus_Q,31337,4).trace[5]",57.74657130241394,results/make49/stage4_cache/FashionMNIST.json:vae|FashionMNIST|m6|s31337|e300|es1|b4,True,not available,300,True
FashionMNIST,B6b_plus_Q,42,4.0,anchor,vae|FashionMNIST|m64|s42|e300|es1|b4,vae|m64|e300|es1|b4,68.61338806152344,"stage4_methods.json: (FashionMNIST,B6b_plus_Q,42,4).trace[1]",68.61338806152344,results/make49/stage4_cache/FashionMNIST.json:vae|FashionMNIST|m64|s42|e300|es1|b4,,not available,300,True
FashionMNIST,B6b_plus_Q,42,4.0,final,vae|FashionMNIST|m10|s42|e300|es1|b4,vae|m10|e300|es1|b4,50.568153381347656,"stage4_methods.json: (FashionMNIST,B6b_plus_Q,42,4).trace[2]",50.568153381347656,results/make49/stage4_cache/FashionMNIST.json:vae|FashionMNIST|m10|s42|e300|es1|b4,True,not available,300,True
FashionMNIST,B6b_plus_Q,123,4.0,anchor,vae|FashionMNIST|m64|s123|e300|es1|b4,vae|m64|e300|es1|b4,75.71917796134949,"stage4_methods.json: (FashionMNIST,B6b_plus_Q,123,4).trace[1]",75.71917796134949,results/make49/stage4_cache/FashionMNIST.json:vae|FashionMNIST|m64|s123|e300|es1|b4,,not available,300,True
FashionMNIST,B6b_plus_Q,123,4.0,final,vae|FashionMNIST|m10|s123|e300|es1|b4,vae|m10|e300|es1|b4,33.38258647918701,"stage4_methods.json: (FashionMNIST,B6b_plus_Q,123,4).trace[2]",33.38258647918701,results/make49/stage4_cache/FashionMNIST.json:vae|FashionMNIST|m10|s123|e300|es1|b4,True,not available,300,True
FashionMNIST,B6b_plus_Q,777,4.0,anchor,vae|FashionMNIST|m64|s777|e300|es1|b4,vae|m64|e300|es1|b4,95.93929958343506,"stage4_methods.json: (FashionMNIST,B6b_plus_Q,777,4).trace[1]",95.93929958343506,results/make49/stage4_cache/FashionMNIST.json:vae|FashionMNIST|m64|s777|e300|es1|b4,,not available,300,True
FashionMNIST,B6b_plus_Q,777,4.0,final,vae|FashionMNIST|m10|s777|e300|es1|b4,vae|m10|e300|es1|b4,53.34920120239258,"stage4_methods.json: (FashionMNIST,B6b_plus_Q,777,4).trace[2]",53.34920120239258,results/make49/stage4_cache/FashionMNIST.json:vae|FashionMNIST|m10|s777|e300|es1|b4,True,not available,300,True
FashionMNIST,B6b_plus_Q,2024,4.0,anchor,vae|FashionMNIST|m64|s2024|e300|es1|b4,vae|m64|e300|es1|b4,48.963399171829224,"stage4_methods.json: (FashionMNIST,B6b_plus_Q,2024,4).trace[1]",48.963399171829224,results/make49/stage4_cache/FashionMNIST.json:vae|FashionMNIST|m64|s2024|e300|es1|b4,,not available,300,True
FashionMNIST,B6b_plus_Q,2024,4.0,final,vae|FashionMNIST|m8|s2024|e300|es1|b4,vae|m8|e300|es1|b4,37.736188650131226,"stage4_methods.json: (FashionMNIST,B6b_plus_Q,2024,4).trace[2]",37.736188650131226,results/make49/stage4_cache/FashionMNIST.json:vae|FashionMNIST|m8|s2024|e300|es1|b4,True,not available,300,True
FashionMNIST,B6b_plus_Q,31337,4.0,anchor,vae|FashionMNIST|m64|s31337|e300|es1|b4,vae|m64|e300|es1|b4,68.910879611969,"stage4_methods.json: (FashionMNIST,B6b_plus_Q,31337,4).trace[1]",68.910879611969,results/make49/stage4_cache/FashionMNIST.json:vae|FashionMNIST|m64|s31337|e300|es1|b4,,not available,300,True
FashionMNIST,B6b_plus_Q,31337,4.0,final,vae|FashionMNIST|m6|s31337|e300|es1|b4,vae|m6|e300|es1|b4,57.74657130241394,"stage4_methods.json: (FashionMNIST,B6b_plus_Q,31337,4).trace[2]",57.74657130241394,results/make49/stage4_cache/FashionMNIST.json:vae|FashionMNIST|m6|s31337|e300|es1|b4,True,not available,300,True
CIFAR10,B1_full_mse,42,0.25,anchor,vae|CIFAR10|m256|s42|e300|es1|b0.25,vae|m256|e300|es1|b0.25,26.17818784713745,"stage4_methods.json: (CIFAR10,B1_full_mse,42,0.25).trace[9]",26.17818784713745,results/make49/stage4_cache/CIFAR10.json:vae|CIFAR10|m256|s42|e300|es1|b0.25,,not available,300,True
CIFAR10,B1_full_mse,42,0.25,final,vae|CIFAR10|m96|s42|e300|es1|b0.25,vae|m96|e300|es1|b0.25,28.78088116645813,"stage4_methods.json: (CIFAR10,B1_full_mse,42,0.25).trace[6]",28.78088116645813,results/make49/stage4_cache/CIFAR10.json:vae|CIFAR10|m96|s42|e300|es1|b0.25,True,not available,300,True
CIFAR10,B1_full_mse,123,0.25,anchor,vae|CIFAR10|m256|s123|e300|es1|b0.25,vae|m256|e300|es1|b0.25,37.077746868133545,"stage4_methods.json: (CIFAR10,B1_full_mse,123,0.25).trace[9]",37.077746868133545,results/make49/stage4_cache/CIFAR10.json:vae|CIFAR10|m256|s123|e300|es1|b0.25,,not available,300,True
CIFAR10,B1_full_mse,123,0.25,final,vae|CIFAR10|m256|s123|e300|es1|b0.25,vae|m256|e300|es1|b0.25,37.077746868133545,"stage4_methods.json: (CIFAR10,B1_full_mse,123,0.25).trace[9]",37.077746868133545,results/make49/stage4_cache/CIFAR10.json:vae|CIFAR10|m256|s123|e300|es1|b0.25,True,not available,300,True
CIFAR10,B1_full_mse,777,0.25,anchor,vae|CIFAR10|m256|s777|e300|es1|b0.25,vae|m256|e300|es1|b0.25,33.76489734649658,"stage4_methods.json: (CIFAR10,B1_full_mse,777,0.25).trace[9]",33.76489734649658,results/make49/stage4_cache/CIFAR10.json:vae|CIFAR10|m256|s777|e300|es1|b0.25,,not available,300,True
CIFAR10,B1_full_mse,777,0.25,final,vae|CIFAR10|m256|s777|e300|es1|b0.25,vae|m256|e300|es1|b0.25,33.76489734649658,"stage4_methods.json: (CIFAR10,B1_full_mse,777,0.25).trace[9]",33.76489734649658,results/make49/stage4_cache/CIFAR10.json:vae|CIFAR10|m256|s777|e300|es1|b0.25,True,not available,300,True
CIFAR10,B1_full_mse,2024,0.25,anchor,vae|CIFAR10|m256|s2024|e300|es1|b0.25,vae|m256|e300|es1|b0.25,39.81458616256714,"stage4_methods.json: (CIFAR10,B1_full_mse,2024,0.25).trace[9]",39.81458616256714,results/make49/stage4_cache/CIFAR10.json:vae|CIFAR10|m256|s2024|e300|es1|b0.25,,not available,300,True
CIFAR10,B1_full_mse,2024,0.25,final,vae|CIFAR10|m256|s2024|e300|es1|b0.25,vae|m256|e300|es1|b0.25,39.81458616256714,"stage4_methods.json: (CIFAR10,B1_full_mse,2024,0.25).trace[9]",39.81458616256714,results/make49/stage4_cache/CIFAR10.json:vae|CIFAR10|m256|s2024|e300|es1|b0.25,True,not available,300,True
CIFAR10,B1_full_mse,31337,0.25,anchor,vae|CIFAR10|m256|s31337|e300|es1|b0.25,vae|m256|e300|es1|b0.25,33.78584575653076,"stage4_methods.json: (CIFAR10,B1_full_mse,31337,0.25).trace[9]",33.78584575653076,results/make49/stage4_cache/CIFAR10.json:vae|CIFAR10|m256|s31337|e300|es1|b0.25,,not available,300,True
CIFAR10,B1_full_mse,31337,0.25,final,vae|CIFAR10|m64|s31337|e300|es1|b0.25,vae|m64|e300|es1|b0.25,29.952250957489014,"stage4_methods.json: (CIFAR10,B1_full_mse,31337,0.25).trace[5]",29.952250957489014,results/make49/stage4_cache/CIFAR10.json:vae|CIFAR10|m64|s31337|e300|es1|b0.25,True,not available,300,True
CIFAR10,B2_full_elbo,42,0.25,anchor,vae|CIFAR10|m256|s42|e300|es1|b0.25,vae|m256|e300|es1|b0.25,26.17818784713745,"stage4_methods.json: (CIFAR10,B2_full_elbo,42,0.25).trace[9]",26.17818784713745,results/make49/stage4_cache/CIFAR10.json:vae|CIFAR10|m256|s42|e300|es1|b0.25,,not available,300,True
CIFAR10,B2_full_elbo,42,0.25,final,vae|CIFAR10|m16|s42|e300|es1|b0.25,vae|m16|e300|es1|b0.25,34.73032808303833,"stage4_methods.json: (CIFAR10,B2_full_elbo,42,0.25).trace[1]",34.73032808303833,results/make49/stage4_cache/CIFAR10.json:vae|CIFAR10|m16|s42|e300|es1|b0.25,True,not available,300,True
CIFAR10,B2_full_elbo,123,0.25,anchor,vae|CIFAR10|m256|s123|e300|es1|b0.25,vae|m256|e300|es1|b0.25,37.077746868133545,"stage4_methods.json: (CIFAR10,B2_full_elbo,123,0.25).trace[9]",37.077746868133545,results/make49/stage4_cache/CIFAR10.json:vae|CIFAR10|m256|s123|e300|es1|b0.25,,not available,300,True
CIFAR10,B2_full_elbo,123,0.25,final,vae|CIFAR10|m16|s123|e300|es1|b0.25,vae|m16|e300|es1|b0.25,29.152022123336792,"stage4_methods.json: (CIFAR10,B2_full_elbo,123,0.25).trace[1]",29.152022123336792,results/make49/stage4_cache/CIFAR10.json:vae|CIFAR10|m16|s123|e300|es1|b0.25,True,not available,300,True
CIFAR10,B2_full_elbo,777,0.25,anchor,vae|CIFAR10|m256|s777|e300|es1|b0.25,vae|m256|e300|es1|b0.25,33.76489734649658,"stage4_methods.json: (CIFAR10,B2_full_elbo,777,0.25).trace[9]",33.76489734649658,results/make49/stage4_cache/CIFAR10.json:vae|CIFAR10|m256|s777|e300|es1|b0.25,,not available,300,True
CIFAR10,B2_full_elbo,777,0.25,final,vae|CIFAR10|m16|s777|e300|es1|b0.25,vae|m16|e300|es1|b0.25,30.80518674850464,"stage4_methods.json: (CIFAR10,B2_full_elbo,777,0.25).trace[1]",30.80518674850464,results/make49/stage4_cache/CIFAR10.json:vae|CIFAR10|m16|s777|e300|es1|b0.25,True,not available,300,True
CIFAR10,B2_full_elbo,2024,0.25,anchor,vae|CIFAR10|m256|s2024|e300|es1|b0.25,vae|m256|e300|es1|b0.25,39.81458616256714,"stage4_methods.json: (CIFAR10,B2_full_elbo,2024,0.25).trace[9]",39.81458616256714,results/make49/stage4_cache/CIFAR10.json:vae|CIFAR10|m256|s2024|e300|es1|b0.25,,not available,300,True
CIFAR10,B2_full_elbo,2024,0.25,final,vae|CIFAR10|m24|s2024|e300|es1|b0.25,vae|m24|e300|es1|b0.25,38.69466829299927,"stage4_methods.json: (CIFAR10,B2_full_elbo,2024,0.25).trace[2]",38.69466829299927,results/make49/stage4_cache/CIFAR10.json:vae|CIFAR10|m24|s2024|e300|es1|b0.25,True,not available,300,True
CIFAR10,B2_full_elbo,31337,0.25,anchor,vae|CIFAR10|m256|s31337|e300|es1|b0.25,vae|m256|e300|es1|b0.25,33.78584575653076,"stage4_methods.json: (CIFAR10,B2_full_elbo,31337,0.25).trace[9]",33.78584575653076,results/make49/stage4_cache/CIFAR10.json:vae|CIFAR10|m256|s31337|e300|es1|b0.25,,not available,300,True
CIFAR10,B2_full_elbo,31337,0.25,final,vae|CIFAR10|m24|s31337|e300|es1|b0.25,vae|m24|e300|es1|b0.25,35.72917675971985,"stage4_methods.json: (CIFAR10,B2_full_elbo,31337,0.25).trace[2]",35.72917675971985,results/make49/stage4_cache/CIFAR10.json:vae|CIFAR10|m24|s31337|e300|es1|b0.25,True,not available,300,True
CIFAR10,B3_full_downstream,42,0.25,anchor,vae|CIFAR10|m256|s42|e300|es1|b0.25,vae|m256|e300|es1|b0.25,26.17818784713745,"stage4_methods.json: (CIFAR10,B3_full_downstream,42,0.25).trace[9]",26.17818784713745,results/make49/stage4_cache/CIFAR10.json:vae|CIFAR10|m256|s42|e300|es1|b0.25,,not available,300,True
CIFAR10,B3_full_downstream,42,0.25,final,vae|CIFAR10|m256|s42|e300|es1|b0.25,vae|m256|e300|es1|b0.25,26.17818784713745,"stage4_methods.json: (CIFAR10,B3_full_downstream,42,0.25).trace[9]",26.17818784713745,results/make49/stage4_cache/CIFAR10.json:vae|CIFAR10|m256|s42|e300|es1|b0.25,True,not available,300,True
CIFAR10,B3_full_downstream,123,0.25,anchor,vae|CIFAR10|m256|s123|e300|es1|b0.25,vae|m256|e300|es1|b0.25,37.077746868133545,"stage4_methods.json: (CIFAR10,B3_full_downstream,123,0.25).trace[9]",37.077746868133545,results/make49/stage4_cache/CIFAR10.json:vae|CIFAR10|m256|s123|e300|es1|b0.25,,not available,300,True
CIFAR10,B3_full_downstream,123,0.25,final,vae|CIFAR10|m256|s123|e300|es1|b0.25,vae|m256|e300|es1|b0.25,37.077746868133545,"stage4_methods.json: (CIFAR10,B3_full_downstream,123,0.25).trace[9]",37.077746868133545,results/make49/stage4_cache/CIFAR10.json:vae|CIFAR10|m256|s123|e300|es1|b0.25,True,not available,300,True
CIFAR10,B3_full_downstream,777,0.25,anchor,vae|CIFAR10|m256|s777|e300|es1|b0.25,vae|m256|e300|es1|b0.25,33.76489734649658,"stage4_methods.json: (CIFAR10,B3_full_downstream,777,0.25).trace[9]",33.76489734649658,results/make49/stage4_cache/CIFAR10.json:vae|CIFAR10|m256|s777|e300|es1|b0.25,,not available,300,True
CIFAR10,B3_full_downstream,777,0.25,final,vae|CIFAR10|m256|s777|e300|es1|b0.25,vae|m256|e300|es1|b0.25,33.76489734649658,"stage4_methods.json: (CIFAR10,B3_full_downstream,777,0.25).trace[9]",33.76489734649658,results/make49/stage4_cache/CIFAR10.json:vae|CIFAR10|m256|s777|e300|es1|b0.25,True,not available,300,True
CIFAR10,B3_full_downstream,2024,0.25,anchor,vae|CIFAR10|m256|s2024|e300|es1|b0.25,vae|m256|e300|es1|b0.25,39.81458616256714,"stage4_methods.json: (CIFAR10,B3_full_downstream,2024,0.25).trace[9]",39.81458616256714,results/make49/stage4_cache/CIFAR10.json:vae|CIFAR10|m256|s2024|e300|es1|b0.25,,not available,300,True
CIFAR10,B3_full_downstream,2024,0.25,final,vae|CIFAR10|m256|s2024|e300|es1|b0.25,vae|m256|e300|es1|b0.25,39.81458616256714,"stage4_methods.json: (CIFAR10,B3_full_downstream,2024,0.25).trace[9]",39.81458616256714,results/make49/stage4_cache/CIFAR10.json:vae|CIFAR10|m256|s2024|e300|es1|b0.25,True,not available,300,True
CIFAR10,B3_full_downstream,31337,0.25,anchor,vae|CIFAR10|m256|s31337|e300|es1|b0.25,vae|m256|e300|es1|b0.25,33.78584575653076,"stage4_methods.json: (CIFAR10,B3_full_downstream,31337,0.25).trace[9]",33.78584575653076,results/make49/stage4_cache/CIFAR10.json:vae|CIFAR10|m256|s31337|e300|es1|b0.25,,not available,300,True
CIFAR10,B3_full_downstream,31337,0.25,final,vae|CIFAR10|m256|s31337|e300|es1|b0.25,vae|m256|e300|es1|b0.25,33.78584575653076,"stage4_methods.json: (CIFAR10,B3_full_downstream,31337,0.25).trace[9]",33.78584575653076,results/make49/stage4_cache/CIFAR10.json:vae|CIFAR10|m256|s31337|e300|es1|b0.25,True,not available,300,True
CIFAR10,B4_coarse,42,0.25,anchor,vae|CIFAR10|m256|s42|e300|es1|b0.25,vae|m256|e300|es1|b0.25,26.17818784713745,"stage4_methods.json: (CIFAR10,B4_coarse,42,0.25).trace[3]",26.17818784713745,results/make49/stage4_cache/CIFAR10.json:vae|CIFAR10|m256|s42|e300|es1|b0.25,,not available,300,True
CIFAR10,B4_coarse,42,0.25,final,vae|CIFAR10|m48|s42|e300|es1|b0.25,vae|m48|e300|es1|b0.25,51.05040764808655,"stage4_methods.json: (CIFAR10,B4_coarse,42,0.25).trace[2]",51.05040764808655,results/make49/stage4_cache/CIFAR10.json:vae|CIFAR10|m48|s42|e300|es1|b0.25,True,not available,300,True
CIFAR10,B4_coarse,123,0.25,anchor,vae|CIFAR10|m256|s123|e300|es1|b0.25,vae|m256|e300|es1|b0.25,37.077746868133545,"stage4_methods.json: (CIFAR10,B4_coarse,123,0.25).trace[3]",37.077746868133545,results/make49/stage4_cache/CIFAR10.json:vae|CIFAR10|m256|s123|e300|es1|b0.25,,not available,300,True
CIFAR10,B4_coarse,123,0.25,final,vae|CIFAR10|m256|s123|e300|es1|b0.25,vae|m256|e300|es1|b0.25,37.077746868133545,"stage4_methods.json: (CIFAR10,B4_coarse,123,0.25).trace[3]",37.077746868133545,results/make49/stage4_cache/CIFAR10.json:vae|CIFAR10|m256|s123|e300|es1|b0.25,True,not available,300,True
CIFAR10,B4_coarse,777,0.25,anchor,vae|CIFAR10|m256|s777|e300|es1|b0.25,vae|m256|e300|es1|b0.25,33.76489734649658,"stage4_methods.json: (CIFAR10,B4_coarse,777,0.25).trace[3]",33.76489734649658,results/make49/stage4_cache/CIFAR10.json:vae|CIFAR10|m256|s777|e300|es1|b0.25,,not available,300,True
CIFAR10,B4_coarse,777,0.25,final,vae|CIFAR10|m256|s777|e300|es1|b0.25,vae|m256|e300|es1|b0.25,33.76489734649658,"stage4_methods.json: (CIFAR10,B4_coarse,777,0.25).trace[3]",33.76489734649658,results/make49/stage4_cache/CIFAR10.json:vae|CIFAR10|m256|s777|e300|es1|b0.25,True,not available,300,True
CIFAR10,B4_coarse,2024,0.25,anchor,vae|CIFAR10|m256|s2024|e300|es1|b0.25,vae|m256|e300|es1|b0.25,39.81458616256714,"stage4_methods.json: (CIFAR10,B4_coarse,2024,0.25).trace[3]",39.81458616256714,results/make49/stage4_cache/CIFAR10.json:vae|CIFAR10|m256|s2024|e300|es1|b0.25,,not available,300,True
CIFAR10,B4_coarse,2024,0.25,final,vae|CIFAR10|m256|s2024|e300|es1|b0.25,vae|m256|e300|es1|b0.25,39.81458616256714,"stage4_methods.json: (CIFAR10,B4_coarse,2024,0.25).trace[3]",39.81458616256714,results/make49/stage4_cache/CIFAR10.json:vae|CIFAR10|m256|s2024|e300|es1|b0.25,True,not available,300,True
CIFAR10,B4_coarse,31337,0.25,anchor,vae|CIFAR10|m256|s31337|e300|es1|b0.25,vae|m256|e300|es1|b0.25,33.78584575653076,"stage4_methods.json: (CIFAR10,B4_coarse,31337,0.25).trace[3]",33.78584575653076,results/make49/stage4_cache/CIFAR10.json:vae|CIFAR10|m256|s31337|e300|es1|b0.25,,not available,300,True
CIFAR10,B4_coarse,31337,0.25,final,vae|CIFAR10|m256|s31337|e300|es1|b0.25,vae|m256|e300|es1|b0.25,33.78584575653076,"stage4_methods.json: (CIFAR10,B4_coarse,31337,0.25).trace[3]",33.78584575653076,results/make49/stage4_cache/CIFAR10.json:vae|CIFAR10|m256|s31337|e300|es1|b0.25,True,not available,300,True
CIFAR10,B5_fixed32,42,0.25,anchor,vae|CIFAR10|m256|s42|e300|es1|b0.25,not in trace,,not charged in original ledger; MAKE50 used current snapshot,26.17818784713745,results/make49/stage4_cache/CIFAR10.json:vae|CIFAR10|m256|s42|e300|es1|b0.25,,not available,300,True
CIFAR10,B5_fixed32,42,0.25,final,vae|CIFAR10|m32|s42|e300|es1|b0.25,vae|m32|e300|es1|b0.25,35.40563082695007,"stage4_methods.json: (CIFAR10,B5_fixed32,42,0.25).trace[0]",35.40563082695007,results/make49/stage4_cache/CIFAR10.json:vae|CIFAR10|m32|s42|e300|es1|b0.25,True,not available,300,True
CIFAR10,B5_fixed32,123,0.25,anchor,vae|CIFAR10|m256|s123|e300|es1|b0.25,not in trace,,not charged in original ledger; MAKE50 used current snapshot,37.077746868133545,results/make49/stage4_cache/CIFAR10.json:vae|CIFAR10|m256|s123|e300|es1|b0.25,,not available,300,True
CIFAR10,B5_fixed32,123,0.25,final,vae|CIFAR10|m32|s123|e300|es1|b0.25,vae|m32|e300|es1|b0.25,33.961074113845825,"stage4_methods.json: (CIFAR10,B5_fixed32,123,0.25).trace[0]",33.961074113845825,results/make49/stage4_cache/CIFAR10.json:vae|CIFAR10|m32|s123|e300|es1|b0.25,True,not available,300,True
CIFAR10,B5_fixed32,777,0.25,anchor,vae|CIFAR10|m256|s777|e300|es1|b0.25,not in trace,,not charged in original ledger; MAKE50 used current snapshot,33.76489734649658,results/make49/stage4_cache/CIFAR10.json:vae|CIFAR10|m256|s777|e300|es1|b0.25,,not available,300,True
CIFAR10,B5_fixed32,777,0.25,final,vae|CIFAR10|m32|s777|e300|es1|b0.25,vae|m32|e300|es1|b0.25,35.92407250404358,"stage4_methods.json: (CIFAR10,B5_fixed32,777,0.25).trace[0]",35.92407250404358,results/make49/stage4_cache/CIFAR10.json:vae|CIFAR10|m32|s777|e300|es1|b0.25,True,not available,300,True
CIFAR10,B5_fixed32,2024,0.25,anchor,vae|CIFAR10|m256|s2024|e300|es1|b0.25,not in trace,,not charged in original ledger; MAKE50 used current snapshot,39.81458616256714,results/make49/stage4_cache/CIFAR10.json:vae|CIFAR10|m256|s2024|e300|es1|b0.25,,not available,300,True
CIFAR10,B5_fixed32,2024,0.25,final,vae|CIFAR10|m32|s2024|e300|es1|b0.25,vae|m32|e300|es1|b0.25,52.20012378692627,"stage4_methods.json: (CIFAR10,B5_fixed32,2024,0.25).trace[0]",52.20012378692627,results/make49/stage4_cache/CIFAR10.json:vae|CIFAR10|m32|s2024|e300|es1|b0.25,True,not available,300,True
CIFAR10,B5_fixed32,31337,0.25,anchor,vae|CIFAR10|m256|s31337|e300|es1|b0.25,not in trace,,not charged in original ledger; MAKE50 used current snapshot,33.78584575653076,results/make49/stage4_cache/CIFAR10.json:vae|CIFAR10|m256|s31337|e300|es1|b0.25,,not available,300,True
CIFAR10,B5_fixed32,31337,0.25,final,vae|CIFAR10|m32|s31337|e300|es1|b0.25,vae|m32|e300|es1|b0.25,45.13809943199158,"stage4_methods.json: (CIFAR10,B5_fixed32,31337,0.25).trace[0]",45.13809943199158,results/make49/stage4_cache/CIFAR10.json:vae|CIFAR10|m32|s31337|e300|es1|b0.25,True,not available,300,True
CIFAR10,B6a_fondue,42,0.25,anchor,vae|CIFAR10|m256|s42|e300|es1|b0.25,not in trace,,not charged in original ledger; MAKE50 used current snapshot,26.17818784713745,results/make49/stage4_cache/CIFAR10.json:vae|CIFAR10|m256|s42|e300|es1|b0.25,,not available,300,True
CIFAR10,B6a_fondue,42,0.25,final,vae|CIFAR10|m21|s42|e300|es1|b0.25,vae|m21|e300|es1|b0.25,38.851388454437256,"stage4_methods.json: (CIFAR10,B6a_fondue,42,0.25).trace[6]",38.851388454437256,results/make49/stage4_cache/CIFAR10.json:vae|CIFAR10|m21|s42|e300|es1|b0.25,True,not available,300,True
CIFAR10,B6a_fondue,123,0.25,anchor,vae|CIFAR10|m256|s123|e300|es1|b0.25,not in trace,,not charged in original ledger; MAKE50 used current snapshot,37.077746868133545,results/make49/stage4_cache/CIFAR10.json:vae|CIFAR10|m256|s123|e300|es1|b0.25,,not available,300,True
CIFAR10,B6a_fondue,123,0.25,final,vae|CIFAR10|m21|s123|e300|es1|b0.25,vae|m21|e300|es1|b0.25,35.45939779281616,"stage4_methods.json: (CIFAR10,B6a_fondue,123,0.25).trace[6]",35.45939779281616,results/make49/stage4_cache/CIFAR10.json:vae|CIFAR10|m21|s123|e300|es1|b0.25,True,not available,300,True
CIFAR10,B6a_fondue,777,0.25,anchor,vae|CIFAR10|m256|s777|e300|es1|b0.25,not in trace,,not charged in original ledger; MAKE50 used current snapshot,33.76489734649658,results/make49/stage4_cache/CIFAR10.json:vae|CIFAR10|m256|s777|e300|es1|b0.25,,not available,300,True
CIFAR10,B6a_fondue,777,0.25,final,vae|CIFAR10|m22|s777|e300|es1|b0.25,vae|m22|e300|es1|b0.25,26.290403604507446,"stage4_methods.json: (CIFAR10,B6a_fondue,777,0.25).trace[6]",26.290403604507446,results/make49/stage4_cache/CIFAR10.json:vae|CIFAR10|m22|s777|e300|es1|b0.25,True,not available,300,True
CIFAR10,B6a_fondue,2024,0.25,anchor,vae|CIFAR10|m256|s2024|e300|es1|b0.25,not in trace,,not charged in original ledger; MAKE50 used current snapshot,39.81458616256714,results/make49/stage4_cache/CIFAR10.json:vae|CIFAR10|m256|s2024|e300|es1|b0.25,,not available,300,True
CIFAR10,B6a_fondue,2024,0.25,final,vae|CIFAR10|m21|s2024|e300|es1|b0.25,vae|m21|e300|es1|b0.25,32.71629619598389,"stage4_methods.json: (CIFAR10,B6a_fondue,2024,0.25).trace[6]",32.71629619598389,results/make49/stage4_cache/CIFAR10.json:vae|CIFAR10|m21|s2024|e300|es1|b0.25,True,not available,300,True
CIFAR10,B6a_fondue,31337,0.25,anchor,vae|CIFAR10|m256|s31337|e300|es1|b0.25,not in trace,,not charged in original ledger; MAKE50 used current snapshot,33.78584575653076,results/make49/stage4_cache/CIFAR10.json:vae|CIFAR10|m256|s31337|e300|es1|b0.25,,not available,300,True
CIFAR10,B6a_fondue,31337,0.25,final,vae|CIFAR10|m22|s31337|e300|es1|b0.25,vae|m22|e300|es1|b0.25,28.090325117111206,"stage4_methods.json: (CIFAR10,B6a_fondue,31337,0.25).trace[6]",28.090325117111206,results/make49/stage4_cache/CIFAR10.json:vae|CIFAR10|m22|s31337|e300|es1|b0.25,True,not available,300,True
CIFAR10,B6b_fondue_var,42,0.25,anchor,vae|CIFAR10|m256|s42|e300|es1|b0.25,not in trace,,not charged in original ledger; MAKE50 used current snapshot,26.17818784713745,results/make49/stage4_cache/CIFAR10.json:vae|CIFAR10|m256|s42|e300|es1|b0.25,,not available,300,True
CIFAR10,B6b_fondue_var,42,0.25,final,vae|CIFAR10|m81|s42|e300|es1|b0.25,vae|m81|e300|es1|b0.25,28.670520782470703,"stage4_methods.json: (CIFAR10,B6b_fondue_var,42,0.25).trace[2]",28.670520782470703,results/make49/stage4_cache/CIFAR10.json:vae|CIFAR10|m81|s42|e300|es1|b0.25,True,not available,300,True
CIFAR10,B6b_fondue_var,123,0.25,anchor,vae|CIFAR10|m256|s123|e300|es1|b0.25,not in trace,,not charged in original ledger; MAKE50 used current snapshot,37.077746868133545,results/make49/stage4_cache/CIFAR10.json:vae|CIFAR10|m256|s123|e300|es1|b0.25,,not available,300,True
CIFAR10,B6b_fondue_var,123,0.25,final,vae|CIFAR10|m80|s123|e300|es1|b0.25,vae|m80|e300|es1|b0.25,21.466577291488647,"stage4_methods.json: (CIFAR10,B6b_fondue_var,123,0.25).trace[2]",21.466577291488647,results/make49/stage4_cache/CIFAR10.json:vae|CIFAR10|m80|s123|e300|es1|b0.25,True,not available,300,True
CIFAR10,B6b_fondue_var,777,0.25,anchor,vae|CIFAR10|m256|s777|e300|es1|b0.25,not in trace,,not charged in original ledger; MAKE50 used current snapshot,33.76489734649658,results/make49/stage4_cache/CIFAR10.json:vae|CIFAR10|m256|s777|e300|es1|b0.25,,not available,300,True
CIFAR10,B6b_fondue_var,777,0.25,final,vae|CIFAR10|m81|s777|e300|es1|b0.25,vae|m81|e300|es1|b0.25,30.30456781387329,"stage4_methods.json: (CIFAR10,B6b_fondue_var,777,0.25).trace[2]",30.30456781387329,results/make49/stage4_cache/CIFAR10.json:vae|CIFAR10|m81|s777|e300|es1|b0.25,True,not available,300,True
CIFAR10,B6b_fondue_var,2024,0.25,anchor,vae|CIFAR10|m256|s2024|e300|es1|b0.25,not in trace,,not charged in original ledger; MAKE50 used current snapshot,39.81458616256714,results/make49/stage4_cache/CIFAR10.json:vae|CIFAR10|m256|s2024|e300|es1|b0.25,,not available,300,True
CIFAR10,B6b_fondue_var,2024,0.25,final,vae|CIFAR10|m81|s2024|e300|es1|b0.25,vae|m81|e300|es1|b0.25,23.66525626182556,"stage4_methods.json: (CIFAR10,B6b_fondue_var,2024,0.25).trace[2]",23.66525626182556,results/make49/stage4_cache/CIFAR10.json:vae|CIFAR10|m81|s2024|e300|es1|b0.25,True,not available,300,True
CIFAR10,B6b_fondue_var,31337,0.25,anchor,vae|CIFAR10|m256|s31337|e300|es1|b0.25,not in trace,,not charged in original ledger; MAKE50 used current snapshot,33.78584575653076,results/make49/stage4_cache/CIFAR10.json:vae|CIFAR10|m256|s31337|e300|es1|b0.25,,not available,300,True
CIFAR10,B6b_fondue_var,31337,0.25,final,vae|CIFAR10|m79|s31337|e300|es1|b0.25,vae|m79|e300|es1|b0.25,22.087920665740967,"stage4_methods.json: (CIFAR10,B6b_fondue_var,31337,0.25).trace[2]",22.087920665740967,results/make49/stage4_cache/CIFAR10.json:vae|CIFAR10|m79|s31337|e300|es1|b0.25,True,not available,300,True
CIFAR10,B6b_fondue_var_keepmixed_false,42,0.25,anchor,vae|CIFAR10|m256|s42|e300|es1|b0.25,not in trace,,not charged in original ledger; MAKE50 used current snapshot,26.17818784713745,results/make49/stage4_cache/CIFAR10.json:vae|CIFAR10|m256|s42|e300|es1|b0.25,,not available,300,True
CIFAR10,B6b_fondue_var_keepmixed_false,42,0.25,final,vae|CIFAR10|m14|s42|e300|es1|b0.25,vae|m14|e300|es1|b0.25,33.88805556297302,"stage4_methods.json: (CIFAR10,B6b_fondue_var_keepmixed_false,42,0.25).trace[1]",33.88805556297302,results/make49/stage4_cache/CIFAR10.json:vae|CIFAR10|m14|s42|e300|es1|b0.25,True,not available,300,True
CIFAR10,B6b_fondue_var_keepmixed_false,123,0.25,anchor,vae|CIFAR10|m256|s123|e300|es1|b0.25,not in trace,,not charged in original ledger; MAKE50 used current snapshot,37.077746868133545,results/make49/stage4_cache/CIFAR10.json:vae|CIFAR10|m256|s123|e300|es1|b0.25,,not available,300,True
CIFAR10,B6b_fondue_var_keepmixed_false,123,0.25,final,vae|CIFAR10|m16|s123|e300|es1|b0.25,vae|m16|e300|es1|b0.25,29.152022123336792,"stage4_methods.json: (CIFAR10,B6b_fondue_var_keepmixed_false,123,0.25).trace[1]",29.152022123336792,results/make49/stage4_cache/CIFAR10.json:vae|CIFAR10|m16|s123|e300|es1|b0.25,True,not available,300,True
CIFAR10,B6b_fondue_var_keepmixed_false,777,0.25,anchor,vae|CIFAR10|m256|s777|e300|es1|b0.25,not in trace,,not charged in original ledger; MAKE50 used current snapshot,33.76489734649658,results/make49/stage4_cache/CIFAR10.json:vae|CIFAR10|m256|s777|e300|es1|b0.25,,not available,300,True
CIFAR10,B6b_fondue_var_keepmixed_false,777,0.25,final,vae|CIFAR10|m16|s777|e300|es1|b0.25,vae|m16|e300|es1|b0.25,30.80518674850464,"stage4_methods.json: (CIFAR10,B6b_fondue_var_keepmixed_false,777,0.25).trace[1]",30.80518674850464,results/make49/stage4_cache/CIFAR10.json:vae|CIFAR10|m16|s777|e300|es1|b0.25,True,not available,300,True
CIFAR10,B6b_fondue_var_keepmixed_false,2024,0.25,anchor,vae|CIFAR10|m256|s2024|e300|es1|b0.25,not in trace,,not charged in original ledger; MAKE50 used current snapshot,39.81458616256714,results/make49/stage4_cache/CIFAR10.json:vae|CIFAR10|m256|s2024|e300|es1|b0.25,,not available,300,True
CIFAR10,B6b_fondue_var_keepmixed_false,2024,0.25,final,vae|CIFAR10|m19|s2024|e300|es1|b0.25,vae|m19|e300|es1|b0.25,32.27146577835083,"stage4_methods.json: (CIFAR10,B6b_fondue_var_keepmixed_false,2024,0.25).trace[1]",32.27146577835083,results/make49/stage4_cache/CIFAR10.json:vae|CIFAR10|m19|s2024|e300|es1|b0.25,True,not available,300,True
CIFAR10,B6b_fondue_var_keepmixed_false,31337,0.25,anchor,vae|CIFAR10|m256|s31337|e300|es1|b0.25,not in trace,,not charged in original ledger; MAKE50 used current snapshot,33.78584575653076,results/make49/stage4_cache/CIFAR10.json:vae|CIFAR10|m256|s31337|e300|es1|b0.25,,not available,300,True
CIFAR10,B6b_fondue_var_keepmixed_false,31337,0.25,final,vae|CIFAR10|m18|s31337|e300|es1|b0.25,vae|m18|e300|es1|b0.25,28.744064807891846,"stage4_methods.json: (CIFAR10,B6b_fondue_var_keepmixed_false,31337,0.25).trace[1]",28.744064807891846,results/make49/stage4_cache/CIFAR10.json:vae|CIFAR10|m18|s31337|e300|es1|b0.25,True,not available,300,True
CIFAR10,proposed,42,0.25,anchor,vae|CIFAR10|m256|s42|e300|es1|b0.25,vae|m256|e300|es1|b0.25,26.17818784713745,"stage4_methods.json: (CIFAR10,proposed,42,0.25).trace[12]",26.17818784713745,results/make49/stage4_cache/CIFAR10.json:vae|CIFAR10|m256|s42|e300|es1|b0.25,,not available,300,True
CIFAR10,proposed,42,0.25,final,vae|CIFAR10|m48|s42|e300|es1|b0.25,vae|m48|e300|es1|b0.25,51.05040764808655,"stage4_methods.json: (CIFAR10,proposed,42,0.25).trace[11]",51.05040764808655,results/make49/stage4_cache/CIFAR10.json:vae|CIFAR10|m48|s42|e300|es1|b0.25,True,not available,300,True
CIFAR10,proposed,123,0.25,anchor,vae|CIFAR10|m256|s123|e300|es1|b0.25,vae|m256|e300|es1|b0.25,37.077746868133545,"stage4_methods.json: (CIFAR10,proposed,123,0.25).trace[12]",37.077746868133545,results/make49/stage4_cache/CIFAR10.json:vae|CIFAR10|m256|s123|e300|es1|b0.25,,not available,300,True
CIFAR10,proposed,123,0.25,final,vae|CIFAR10|m256|s123|e300|es1|b0.25,vae|m256|e300|es1|b0.25,37.077746868133545,"stage4_methods.json: (CIFAR10,proposed,123,0.25).trace[12]",37.077746868133545,results/make49/stage4_cache/CIFAR10.json:vae|CIFAR10|m256|s123|e300|es1|b0.25,True,not available,300,True
CIFAR10,proposed,777,0.25,anchor,vae|CIFAR10|m256|s777|e300|es1|b0.25,vae|m256|e300|es1|b0.25,33.76489734649658,"stage4_methods.json: (CIFAR10,proposed,777,0.25).trace[12]",33.76489734649658,results/make49/stage4_cache/CIFAR10.json:vae|CIFAR10|m256|s777|e300|es1|b0.25,,not available,300,True
CIFAR10,proposed,777,0.25,final,vae|CIFAR10|m256|s777|e300|es1|b0.25,vae|m256|e300|es1|b0.25,33.76489734649658,"stage4_methods.json: (CIFAR10,proposed,777,0.25).trace[12]",33.76489734649658,results/make49/stage4_cache/CIFAR10.json:vae|CIFAR10|m256|s777|e300|es1|b0.25,True,not available,300,True
CIFAR10,proposed,2024,0.25,anchor,vae|CIFAR10|m256|s2024|e300|es1|b0.25,vae|m256|e300|es1|b0.25,39.81458616256714,"stage4_methods.json: (CIFAR10,proposed,2024,0.25).trace[12]",39.81458616256714,results/make49/stage4_cache/CIFAR10.json:vae|CIFAR10|m256|s2024|e300|es1|b0.25,,not available,300,True
CIFAR10,proposed,2024,0.25,final,vae|CIFAR10|m256|s2024|e300|es1|b0.25,vae|m256|e300|es1|b0.25,39.81458616256714,"stage4_methods.json: (CIFAR10,proposed,2024,0.25).trace[12]",39.81458616256714,results/make49/stage4_cache/CIFAR10.json:vae|CIFAR10|m256|s2024|e300|es1|b0.25,True,not available,300,True
CIFAR10,proposed,31337,0.25,anchor,vae|CIFAR10|m256|s31337|e300|es1|b0.25,vae|m256|e300|es1|b0.25,33.78584575653076,"stage4_methods.json: (CIFAR10,proposed,31337,0.25).trace[12]",33.78584575653076,results/make49/stage4_cache/CIFAR10.json:vae|CIFAR10|m256|s31337|e300|es1|b0.25,,not available,300,True
CIFAR10,proposed,31337,0.25,final,vae|CIFAR10|m256|s31337|e300|es1|b0.25,vae|m256|e300|es1|b0.25,33.78584575653076,"stage4_methods.json: (CIFAR10,proposed,31337,0.25).trace[12]",33.78584575653076,results/make49/stage4_cache/CIFAR10.json:vae|CIFAR10|m256|s31337|e300|es1|b0.25,True,not available,300,True
CIFAR10,proposed_minus_AU,42,0.25,anchor,vae|CIFAR10|m256|s42|e300|es1|b0.25,vae|m256|e300|es1|b0.25,26.17818784713745,"stage4_methods.json: (CIFAR10,proposed_minus_AU,42,0.25).trace[12]",26.17818784713745,results/make49/stage4_cache/CIFAR10.json:vae|CIFAR10|m256|s42|e300|es1|b0.25,,not available,300,True
CIFAR10,proposed_minus_AU,42,0.25,final,vae|CIFAR10|m48|s42|e300|es1|b0.25,vae|m48|e300|es1|b0.25,51.05040764808655,"stage4_methods.json: (CIFAR10,proposed_minus_AU,42,0.25).trace[11]",51.05040764808655,results/make49/stage4_cache/CIFAR10.json:vae|CIFAR10|m48|s42|e300|es1|b0.25,True,not available,300,True
CIFAR10,proposed_minus_AU,123,0.25,anchor,vae|CIFAR10|m256|s123|e300|es1|b0.25,vae|m256|e300|es1|b0.25,37.077746868133545,"stage4_methods.json: (CIFAR10,proposed_minus_AU,123,0.25).trace[12]",37.077746868133545,results/make49/stage4_cache/CIFAR10.json:vae|CIFAR10|m256|s123|e300|es1|b0.25,,not available,300,True
CIFAR10,proposed_minus_AU,123,0.25,final,vae|CIFAR10|m256|s123|e300|es1|b0.25,vae|m256|e300|es1|b0.25,37.077746868133545,"stage4_methods.json: (CIFAR10,proposed_minus_AU,123,0.25).trace[12]",37.077746868133545,results/make49/stage4_cache/CIFAR10.json:vae|CIFAR10|m256|s123|e300|es1|b0.25,True,not available,300,True
CIFAR10,proposed_minus_AU,777,0.25,anchor,vae|CIFAR10|m256|s777|e300|es1|b0.25,vae|m256|e300|es1|b0.25,33.76489734649658,"stage4_methods.json: (CIFAR10,proposed_minus_AU,777,0.25).trace[12]",33.76489734649658,results/make49/stage4_cache/CIFAR10.json:vae|CIFAR10|m256|s777|e300|es1|b0.25,,not available,300,True
CIFAR10,proposed_minus_AU,777,0.25,final,vae|CIFAR10|m256|s777|e300|es1|b0.25,vae|m256|e300|es1|b0.25,33.76489734649658,"stage4_methods.json: (CIFAR10,proposed_minus_AU,777,0.25).trace[12]",33.76489734649658,results/make49/stage4_cache/CIFAR10.json:vae|CIFAR10|m256|s777|e300|es1|b0.25,True,not available,300,True
CIFAR10,proposed_minus_AU,2024,0.25,anchor,vae|CIFAR10|m256|s2024|e300|es1|b0.25,vae|m256|e300|es1|b0.25,39.81458616256714,"stage4_methods.json: (CIFAR10,proposed_minus_AU,2024,0.25).trace[12]",39.81458616256714,results/make49/stage4_cache/CIFAR10.json:vae|CIFAR10|m256|s2024|e300|es1|b0.25,,not available,300,True
CIFAR10,proposed_minus_AU,2024,0.25,final,vae|CIFAR10|m256|s2024|e300|es1|b0.25,vae|m256|e300|es1|b0.25,39.81458616256714,"stage4_methods.json: (CIFAR10,proposed_minus_AU,2024,0.25).trace[12]",39.81458616256714,results/make49/stage4_cache/CIFAR10.json:vae|CIFAR10|m256|s2024|e300|es1|b0.25,True,not available,300,True
CIFAR10,proposed_minus_AU,31337,0.25,anchor,vae|CIFAR10|m256|s31337|e300|es1|b0.25,vae|m256|e300|es1|b0.25,33.78584575653076,"stage4_methods.json: (CIFAR10,proposed_minus_AU,31337,0.25).trace[12]",33.78584575653076,results/make49/stage4_cache/CIFAR10.json:vae|CIFAR10|m256|s31337|e300|es1|b0.25,,not available,300,True
CIFAR10,proposed_minus_AU,31337,0.25,final,vae|CIFAR10|m256|s31337|e300|es1|b0.25,vae|m256|e300|es1|b0.25,33.78584575653076,"stage4_methods.json: (CIFAR10,proposed_minus_AU,31337,0.25).trace[12]",33.78584575653076,results/make49/stage4_cache/CIFAR10.json:vae|CIFAR10|m256|s31337|e300|es1|b0.25,True,not available,300,True
CIFAR10,ascending_scan_Q,42,0.25,anchor,vae|CIFAR10|m256|s42|e300|es1|b0.25,vae|m256|e300|es1|b0.25,26.17818784713745,"stage4_methods.json: (CIFAR10,ascending_scan_Q,42,0.25).trace[0]",26.17818784713745,results/make49/stage4_cache/CIFAR10.json:vae|CIFAR10|m256|s42|e300|es1|b0.25,,not available,300,True
CIFAR10,ascending_scan_Q,42,0.25,final,vae|CIFAR10|m48|s42|e300|es1|b0.25,vae|m48|e300|es1|b0.25,51.05040764808655,"stage4_methods.json: (CIFAR10,ascending_scan_Q,42,0.25).trace[5]",51.05040764808655,results/make49/stage4_cache/CIFAR10.json:vae|CIFAR10|m48|s42|e300|es1|b0.25,True,not available,300,True
CIFAR10,ascending_scan_Q,123,0.25,anchor,vae|CIFAR10|m256|s123|e300|es1|b0.25,vae|m256|e300|es1|b0.25,37.077746868133545,"stage4_methods.json: (CIFAR10,ascending_scan_Q,123,0.25).trace[0]",37.077746868133545,results/make49/stage4_cache/CIFAR10.json:vae|CIFAR10|m256|s123|e300|es1|b0.25,,not available,300,True
CIFAR10,ascending_scan_Q,123,0.25,final,vae|CIFAR10|m96|s123|e300|es1|b0.25,vae|m96|e300|es1|b0.25,29.251317501068115,"stage4_methods.json: (CIFAR10,ascending_scan_Q,123,0.25).trace[7]",29.251317501068115,results/make49/stage4_cache/CIFAR10.json:vae|CIFAR10|m96|s123|e300|es1|b0.25,True,not available,300,True
CIFAR10,ascending_scan_Q,777,0.25,anchor,vae|CIFAR10|m256|s777|e300|es1|b0.25,vae|m256|e300|es1|b0.25,33.76489734649658,"stage4_methods.json: (CIFAR10,ascending_scan_Q,777,0.25).trace[0]",33.76489734649658,results/make49/stage4_cache/CIFAR10.json:vae|CIFAR10|m256|s777|e300|es1|b0.25,,not available,300,True
CIFAR10,ascending_scan_Q,777,0.25,final,vae|CIFAR10|m48|s777|e300|es1|b0.25,vae|m48|e300|es1|b0.25,60.57620859146118,"stage4_methods.json: (CIFAR10,ascending_scan_Q,777,0.25).trace[5]",60.57620859146118,results/make49/stage4_cache/CIFAR10.json:vae|CIFAR10|m48|s777|e300|es1|b0.25,True,not available,300,True
CIFAR10,ascending_scan_Q,2024,0.25,anchor,vae|CIFAR10|m256|s2024|e300|es1|b0.25,vae|m256|e300|es1|b0.25,39.81458616256714,"stage4_methods.json: (CIFAR10,ascending_scan_Q,2024,0.25).trace[0]",39.81458616256714,results/make49/stage4_cache/CIFAR10.json:vae|CIFAR10|m256|s2024|e300|es1|b0.25,,not available,300,True
CIFAR10,ascending_scan_Q,2024,0.25,final,vae|CIFAR10|m64|s2024|e300|es1|b0.25,vae|m64|e300|es1|b0.25,26.496299028396606,"stage4_methods.json: (CIFAR10,ascending_scan_Q,2024,0.25).trace[6]",26.496299028396606,results/make49/stage4_cache/CIFAR10.json:vae|CIFAR10|m64|s2024|e300|es1|b0.25,True,not available,300,True
CIFAR10,ascending_scan_Q,31337,0.25,anchor,vae|CIFAR10|m256|s31337|e300|es1|b0.25,vae|m256|e300|es1|b0.25,33.78584575653076,"stage4_methods.json: (CIFAR10,ascending_scan_Q,31337,0.25).trace[0]",33.78584575653076,results/make49/stage4_cache/CIFAR10.json:vae|CIFAR10|m256|s31337|e300|es1|b0.25,,not available,300,True
CIFAR10,ascending_scan_Q,31337,0.25,final,vae|CIFAR10|m48|s31337|e300|es1|b0.25,vae|m48|e300|es1|b0.25,26.494906902313232,"stage4_methods.json: (CIFAR10,ascending_scan_Q,31337,0.25).trace[5]",26.494906902313232,results/make49/stage4_cache/CIFAR10.json:vae|CIFAR10|m48|s31337|e300|es1|b0.25,True,not available,300,True
CIFAR10,B4_plus_Q,42,0.25,anchor,vae|CIFAR10|m256|s42|e300|es1|b0.25,vae|m256|e300|es1|b0.25,26.17818784713745,"stage4_methods.json: (CIFAR10,B4_plus_Q,42,0.25).trace[3]",26.17818784713745,results/make49/stage4_cache/CIFAR10.json:vae|CIFAR10|m256|s42|e300|es1|b0.25,,not available,300,True
CIFAR10,B4_plus_Q,42,0.25,final,vae|CIFAR10|m48|s42|e300|es1|b0.25,vae|m48|e300|es1|b0.25,51.05040764808655,"stage4_methods.json: (CIFAR10,B4_plus_Q,42,0.25).trace[2]",51.05040764808655,results/make49/stage4_cache/CIFAR10.json:vae|CIFAR10|m48|s42|e300|es1|b0.25,True,not available,300,True
CIFAR10,B4_plus_Q,123,0.25,anchor,vae|CIFAR10|m256|s123|e300|es1|b0.25,vae|m256|e300|es1|b0.25,37.077746868133545,"stage4_methods.json: (CIFAR10,B4_plus_Q,123,0.25).trace[3]",37.077746868133545,results/make49/stage4_cache/CIFAR10.json:vae|CIFAR10|m256|s123|e300|es1|b0.25,,not available,300,True
CIFAR10,B4_plus_Q,123,0.25,final,vae|CIFAR10|m256|s123|e300|es1|b0.25,vae|m256|e300|es1|b0.25,37.077746868133545,"stage4_methods.json: (CIFAR10,B4_plus_Q,123,0.25).trace[3]",37.077746868133545,results/make49/stage4_cache/CIFAR10.json:vae|CIFAR10|m256|s123|e300|es1|b0.25,True,not available,300,True
CIFAR10,B4_plus_Q,777,0.25,anchor,vae|CIFAR10|m256|s777|e300|es1|b0.25,vae|m256|e300|es1|b0.25,33.76489734649658,"stage4_methods.json: (CIFAR10,B4_plus_Q,777,0.25).trace[3]",33.76489734649658,results/make49/stage4_cache/CIFAR10.json:vae|CIFAR10|m256|s777|e300|es1|b0.25,,not available,300,True
CIFAR10,B4_plus_Q,777,0.25,final,vae|CIFAR10|m256|s777|e300|es1|b0.25,vae|m256|e300|es1|b0.25,33.76489734649658,"stage4_methods.json: (CIFAR10,B4_plus_Q,777,0.25).trace[3]",33.76489734649658,results/make49/stage4_cache/CIFAR10.json:vae|CIFAR10|m256|s777|e300|es1|b0.25,True,not available,300,True
CIFAR10,B4_plus_Q,2024,0.25,anchor,vae|CIFAR10|m256|s2024|e300|es1|b0.25,vae|m256|e300|es1|b0.25,39.81458616256714,"stage4_methods.json: (CIFAR10,B4_plus_Q,2024,0.25).trace[3]",39.81458616256714,results/make49/stage4_cache/CIFAR10.json:vae|CIFAR10|m256|s2024|e300|es1|b0.25,,not available,300,True
CIFAR10,B4_plus_Q,2024,0.25,final,vae|CIFAR10|m256|s2024|e300|es1|b0.25,vae|m256|e300|es1|b0.25,39.81458616256714,"stage4_methods.json: (CIFAR10,B4_plus_Q,2024,0.25).trace[3]",39.81458616256714,results/make49/stage4_cache/CIFAR10.json:vae|CIFAR10|m256|s2024|e300|es1|b0.25,True,not available,300,True
CIFAR10,B4_plus_Q,31337,0.25,anchor,vae|CIFAR10|m256|s31337|e300|es1|b0.25,vae|m256|e300|es1|b0.25,33.78584575653076,"stage4_methods.json: (CIFAR10,B4_plus_Q,31337,0.25).trace[3]",33.78584575653076,results/make49/stage4_cache/CIFAR10.json:vae|CIFAR10|m256|s31337|e300|es1|b0.25,,not available,300,True
CIFAR10,B4_plus_Q,31337,0.25,final,vae|CIFAR10|m256|s31337|e300|es1|b0.25,vae|m256|e300|es1|b0.25,33.78584575653076,"stage4_methods.json: (CIFAR10,B4_plus_Q,31337,0.25).trace[3]",33.78584575653076,results/make49/stage4_cache/CIFAR10.json:vae|CIFAR10|m256|s31337|e300|es1|b0.25,True,not available,300,True
CIFAR10,B6a_plus_Q,42,0.25,anchor,vae|CIFAR10|m256|s42|e300|es1|b0.25,vae|m256|e300|es1|b0.25,26.17818784713745,"stage4_methods.json: (CIFAR10,B6a_plus_Q,42,0.25).trace[6]",26.17818784713745,results/make49/stage4_cache/CIFAR10.json:vae|CIFAR10|m256|s42|e300|es1|b0.25,,not available,300,True
CIFAR10,B6a_plus_Q,42,0.25,final,vae|CIFAR10|m48|s42|e300|es1|b0.25,vae|m48|e300|es1|b0.25,51.05040764808655,"stage4_methods.json: (CIFAR10,B6a_plus_Q,42,0.25).trace[9]",51.05040764808655,results/make49/stage4_cache/CIFAR10.json:vae|CIFAR10|m48|s42|e300|es1|b0.25,True,not available,300,True
CIFAR10,B6a_plus_Q,123,0.25,anchor,vae|CIFAR10|m256|s123|e300|es1|b0.25,vae|m256|e300|es1|b0.25,37.077746868133545,"stage4_methods.json: (CIFAR10,B6a_plus_Q,123,0.25).trace[6]",37.077746868133545,results/make49/stage4_cache/CIFAR10.json:vae|CIFAR10|m256|s123|e300|es1|b0.25,,not available,300,True
CIFAR10,B6a_plus_Q,123,0.25,final,vae|CIFAR10|m96|s123|e300|es1|b0.25,vae|m96|e300|es1|b0.25,29.251317501068115,"stage4_methods.json: (CIFAR10,B6a_plus_Q,123,0.25).trace[11]",29.251317501068115,results/make49/stage4_cache/CIFAR10.json:vae|CIFAR10|m96|s123|e300|es1|b0.25,True,not available,300,True
CIFAR10,B6a_plus_Q,777,0.25,anchor,vae|CIFAR10|m256|s777|e300|es1|b0.25,vae|m256|e300|es1|b0.25,33.76489734649658,"stage4_methods.json: (CIFAR10,B6a_plus_Q,777,0.25).trace[6]",33.76489734649658,results/make49/stage4_cache/CIFAR10.json:vae|CIFAR10|m256|s777|e300|es1|b0.25,,not available,300,True
CIFAR10,B6a_plus_Q,777,0.25,final,vae|CIFAR10|m48|s777|e300|es1|b0.25,vae|m48|e300|es1|b0.25,60.57620859146118,"stage4_methods.json: (CIFAR10,B6a_plus_Q,777,0.25).trace[9]",60.57620859146118,results/make49/stage4_cache/CIFAR10.json:vae|CIFAR10|m48|s777|e300|es1|b0.25,True,not available,300,True
CIFAR10,B6a_plus_Q,2024,0.25,anchor,vae|CIFAR10|m256|s2024|e300|es1|b0.25,vae|m256|e300|es1|b0.25,39.81458616256714,"stage4_methods.json: (CIFAR10,B6a_plus_Q,2024,0.25).trace[6]",39.81458616256714,results/make49/stage4_cache/CIFAR10.json:vae|CIFAR10|m256|s2024|e300|es1|b0.25,,not available,300,True
CIFAR10,B6a_plus_Q,2024,0.25,final,vae|CIFAR10|m64|s2024|e300|es1|b0.25,vae|m64|e300|es1|b0.25,26.496299028396606,"stage4_methods.json: (CIFAR10,B6a_plus_Q,2024,0.25).trace[10]",26.496299028396606,results/make49/stage4_cache/CIFAR10.json:vae|CIFAR10|m64|s2024|e300|es1|b0.25,True,not available,300,True
CIFAR10,B6a_plus_Q,31337,0.25,anchor,vae|CIFAR10|m256|s31337|e300|es1|b0.25,vae|m256|e300|es1|b0.25,33.78584575653076,"stage4_methods.json: (CIFAR10,B6a_plus_Q,31337,0.25).trace[6]",33.78584575653076,results/make49/stage4_cache/CIFAR10.json:vae|CIFAR10|m256|s31337|e300|es1|b0.25,,not available,300,True
CIFAR10,B6a_plus_Q,31337,0.25,final,vae|CIFAR10|m48|s31337|e300|es1|b0.25,vae|m48|e300|es1|b0.25,26.494906902313232,"stage4_methods.json: (CIFAR10,B6a_plus_Q,31337,0.25).trace[9]",26.494906902313232,results/make49/stage4_cache/CIFAR10.json:vae|CIFAR10|m48|s31337|e300|es1|b0.25,True,not available,300,True
CIFAR10,B6b_plus_Q,42,0.25,anchor,vae|CIFAR10|m256|s42|e300|es1|b0.25,vae|m256|e300|es1|b0.25,26.17818784713745,"stage4_methods.json: (CIFAR10,B6b_plus_Q,42,0.25).trace[2]",26.17818784713745,results/make49/stage4_cache/CIFAR10.json:vae|CIFAR10|m256|s42|e300|es1|b0.25,,not available,300,True
CIFAR10,B6b_plus_Q,42,0.25,final,vae|CIFAR10|m96|s42|e300|es1|b0.25,vae|m96|e300|es1|b0.25,28.78088116645813,"stage4_methods.json: (CIFAR10,B6b_plus_Q,42,0.25).trace[3]",28.78088116645813,results/make49/stage4_cache/CIFAR10.json:vae|CIFAR10|m96|s42|e300|es1|b0.25,True,not available,300,True
CIFAR10,B6b_plus_Q,123,0.25,anchor,vae|CIFAR10|m256|s123|e300|es1|b0.25,vae|m256|e300|es1|b0.25,37.077746868133545,"stage4_methods.json: (CIFAR10,B6b_plus_Q,123,0.25).trace[2]",37.077746868133545,results/make49/stage4_cache/CIFAR10.json:vae|CIFAR10|m256|s123|e300|es1|b0.25,,not available,300,True
CIFAR10,B6b_plus_Q,123,0.25,final,vae|CIFAR10|m96|s123|e300|es1|b0.25,vae|m96|e300|es1|b0.25,29.251317501068115,"stage4_methods.json: (CIFAR10,B6b_plus_Q,123,0.25).trace[3]",29.251317501068115,results/make49/stage4_cache/CIFAR10.json:vae|CIFAR10|m96|s123|e300|es1|b0.25,True,not available,300,True
CIFAR10,B6b_plus_Q,777,0.25,anchor,vae|CIFAR10|m256|s777|e300|es1|b0.25,vae|m256|e300|es1|b0.25,33.76489734649658,"stage4_methods.json: (CIFAR10,B6b_plus_Q,777,0.25).trace[2]",33.76489734649658,results/make49/stage4_cache/CIFAR10.json:vae|CIFAR10|m256|s777|e300|es1|b0.25,,not available,300,True
CIFAR10,B6b_plus_Q,777,0.25,final,vae|CIFAR10|m96|s777|e300|es1|b0.25,vae|m96|e300|es1|b0.25,27.66536235809326,"stage4_methods.json: (CIFAR10,B6b_plus_Q,777,0.25).trace[3]",27.66536235809326,results/make49/stage4_cache/CIFAR10.json:vae|CIFAR10|m96|s777|e300|es1|b0.25,True,not available,300,True
CIFAR10,B6b_plus_Q,2024,0.25,anchor,vae|CIFAR10|m256|s2024|e300|es1|b0.25,vae|m256|e300|es1|b0.25,39.81458616256714,"stage4_methods.json: (CIFAR10,B6b_plus_Q,2024,0.25).trace[2]",39.81458616256714,results/make49/stage4_cache/CIFAR10.json:vae|CIFAR10|m256|s2024|e300|es1|b0.25,,not available,300,True
CIFAR10,B6b_plus_Q,2024,0.25,final,vae|CIFAR10|m96|s2024|e300|es1|b0.25,vae|m96|e300|es1|b0.25,26.826440811157227,"stage4_methods.json: (CIFAR10,B6b_plus_Q,2024,0.25).trace[3]",26.826440811157227,results/make49/stage4_cache/CIFAR10.json:vae|CIFAR10|m96|s2024|e300|es1|b0.25,True,not available,300,True
CIFAR10,B6b_plus_Q,31337,0.25,anchor,vae|CIFAR10|m256|s31337|e300|es1|b0.25,vae|m256|e300|es1|b0.25,33.78584575653076,"stage4_methods.json: (CIFAR10,B6b_plus_Q,31337,0.25).trace[2]",33.78584575653076,results/make49/stage4_cache/CIFAR10.json:vae|CIFAR10|m256|s31337|e300|es1|b0.25,,not available,300,True
CIFAR10,B6b_plus_Q,31337,0.25,final,vae|CIFAR10|m128|s31337|e300|es1|b0.25,vae|m128|e300|es1|b0.25,25.412851572036743,"stage4_methods.json: (CIFAR10,B6b_plus_Q,31337,0.25).trace[4]",25.412851572036743,results/make49/stage4_cache/CIFAR10.json:vae|CIFAR10|m128|s31337|e300|es1|b0.25,True,not available,300,True
CIFAR10,B1_full_mse,42,0.5,anchor,vae|CIFAR10|m256|s42|e300|es1|b0.5,vae|m256|e300|es1|b0.5,35.9989755153656,"stage4_methods.json: (CIFAR10,B1_full_mse,42,0.5).trace[9]",35.9989755153656,results/make49/stage4_cache/CIFAR10.json:vae|CIFAR10|m256|s42|e300|es1|b0.5,,not available,300,True
CIFAR10,B1_full_mse,42,0.5,final,vae|CIFAR10|m128|s42|e300|es1|b0.5,vae|m128|e300|es1|b0.5,43.05775427818298,"stage4_methods.json: (CIFAR10,B1_full_mse,42,0.5).trace[7]",43.05775427818298,results/make49/stage4_cache/CIFAR10.json:vae|CIFAR10|m128|s42|e300|es1|b0.5,True,not available,300,True
CIFAR10,B1_full_mse,123,0.5,anchor,vae|CIFAR10|m256|s123|e300|es1|b0.5,vae|m256|e300|es1|b0.5,38.20402693748474,"stage4_methods.json: (CIFAR10,B1_full_mse,123,0.5).trace[9]",38.20402693748474,results/make49/stage4_cache/CIFAR10.json:vae|CIFAR10|m256|s123|e300|es1|b0.5,,not available,300,True
CIFAR10,B1_full_mse,123,0.5,final,vae|CIFAR10|m192|s123|e300|es1|b0.5,vae|m192|e300|es1|b0.5,49.78114986419678,"stage4_methods.json: (CIFAR10,B1_full_mse,123,0.5).trace[8]",49.78114986419678,results/make49/stage4_cache/CIFAR10.json:vae|CIFAR10|m192|s123|e300|es1|b0.5,True,not available,300,True
CIFAR10,B1_full_mse,777,0.5,anchor,vae|CIFAR10|m256|s777|e300|es1|b0.5,vae|m256|e300|es1|b0.5,42.50229287147522,"stage4_methods.json: (CIFAR10,B1_full_mse,777,0.5).trace[9]",42.50229287147522,results/make49/stage4_cache/CIFAR10.json:vae|CIFAR10|m256|s777|e300|es1|b0.5,,not available,300,True
CIFAR10,B1_full_mse,777,0.5,final,vae|CIFAR10|m128|s777|e300|es1|b0.5,vae|m128|e300|es1|b0.5,42.01125121116638,"stage4_methods.json: (CIFAR10,B1_full_mse,777,0.5).trace[7]",42.01125121116638,results/make49/stage4_cache/CIFAR10.json:vae|CIFAR10|m128|s777|e300|es1|b0.5,True,not available,300,True
CIFAR10,B1_full_mse,2024,0.5,anchor,vae|CIFAR10|m256|s2024|e300|es1|b0.5,vae|m256|e300|es1|b0.5,51.343788862228394,"stage4_methods.json: (CIFAR10,B1_full_mse,2024,0.5).trace[9]",51.343788862228394,results/make49/stage4_cache/CIFAR10.json:vae|CIFAR10|m256|s2024|e300|es1|b0.5,,not available,300,True
CIFAR10,B1_full_mse,2024,0.5,final,vae|CIFAR10|m256|s2024|e300|es1|b0.5,vae|m256|e300|es1|b0.5,51.343788862228394,"stage4_methods.json: (CIFAR10,B1_full_mse,2024,0.5).trace[9]",51.343788862228394,results/make49/stage4_cache/CIFAR10.json:vae|CIFAR10|m256|s2024|e300|es1|b0.5,True,not available,300,True
CIFAR10,B1_full_mse,31337,0.5,anchor,vae|CIFAR10|m256|s31337|e300|es1|b0.5,vae|m256|e300|es1|b0.5,46.38076734542847,"stage4_methods.json: (CIFAR10,B1_full_mse,31337,0.5).trace[9]",46.38076734542847,results/make49/stage4_cache/CIFAR10.json:vae|CIFAR10|m256|s31337|e300|es1|b0.5,,not available,300,True
CIFAR10,B1_full_mse,31337,0.5,final,vae|CIFAR10|m256|s31337|e300|es1|b0.5,vae|m256|e300|es1|b0.5,46.38076734542847,"stage4_methods.json: (CIFAR10,B1_full_mse,31337,0.5).trace[9]",46.38076734542847,results/make49/stage4_cache/CIFAR10.json:vae|CIFAR10|m256|s31337|e300|es1|b0.5,True,not available,300,True
CIFAR10,B2_full_elbo,42,0.5,anchor,vae|CIFAR10|m256|s42|e300|es1|b0.5,vae|m256|e300|es1|b0.5,35.9989755153656,"stage4_methods.json: (CIFAR10,B2_full_elbo,42,0.5).trace[9]",35.9989755153656,results/make49/stage4_cache/CIFAR10.json:vae|CIFAR10|m256|s42|e300|es1|b0.5,,not available,300,True
CIFAR10,B2_full_elbo,42,0.5,final,vae|CIFAR10|m256|s42|e300|es1|b0.5,vae|m256|e300|es1|b0.5,35.9989755153656,"stage4_methods.json: (CIFAR10,B2_full_elbo,42,0.5).trace[9]",35.9989755153656,results/make49/stage4_cache/CIFAR10.json:vae|CIFAR10|m256|s42|e300|es1|b0.5,True,not available,300,True
CIFAR10,B2_full_elbo,123,0.5,anchor,vae|CIFAR10|m256|s123|e300|es1|b0.5,vae|m256|e300|es1|b0.5,38.20402693748474,"stage4_methods.json: (CIFAR10,B2_full_elbo,123,0.5).trace[9]",38.20402693748474,results/make49/stage4_cache/CIFAR10.json:vae|CIFAR10|m256|s123|e300|es1|b0.5,,not available,300,True
CIFAR10,B2_full_elbo,123,0.5,final,vae|CIFAR10|m128|s123|e300|es1|b0.5,vae|m128|e300|es1|b0.5,45.75789284706116,"stage4_methods.json: (CIFAR10,B2_full_elbo,123,0.5).trace[7]",45.75789284706116,results/make49/stage4_cache/CIFAR10.json:vae|CIFAR10|m128|s123|e300|es1|b0.5,True,not available,300,True
CIFAR10,B2_full_elbo,777,0.5,anchor,vae|CIFAR10|m256|s777|e300|es1|b0.5,vae|m256|e300|es1|b0.5,42.50229287147522,"stage4_methods.json: (CIFAR10,B2_full_elbo,777,0.5).trace[9]",42.50229287147522,results/make49/stage4_cache/CIFAR10.json:vae|CIFAR10|m256|s777|e300|es1|b0.5,,not available,300,True
CIFAR10,B2_full_elbo,777,0.5,final,vae|CIFAR10|m256|s777|e300|es1|b0.5,vae|m256|e300|es1|b0.5,42.50229287147522,"stage4_methods.json: (CIFAR10,B2_full_elbo,777,0.5).trace[9]",42.50229287147522,results/make49/stage4_cache/CIFAR10.json:vae|CIFAR10|m256|s777|e300|es1|b0.5,True,not available,300,True
CIFAR10,B2_full_elbo,2024,0.5,anchor,vae|CIFAR10|m256|s2024|e300|es1|b0.5,vae|m256|e300|es1|b0.5,51.343788862228394,"stage4_methods.json: (CIFAR10,B2_full_elbo,2024,0.5).trace[9]",51.343788862228394,results/make49/stage4_cache/CIFAR10.json:vae|CIFAR10|m256|s2024|e300|es1|b0.5,,not available,300,True
CIFAR10,B2_full_elbo,2024,0.5,final,vae|CIFAR10|m128|s2024|e300|es1|b0.5,vae|m128|e300|es1|b0.5,35.34649896621704,"stage4_methods.json: (CIFAR10,B2_full_elbo,2024,0.5).trace[7]",35.34649896621704,results/make49/stage4_cache/CIFAR10.json:vae|CIFAR10|m128|s2024|e300|es1|b0.5,True,not available,300,True
CIFAR10,B2_full_elbo,31337,0.5,anchor,vae|CIFAR10|m256|s31337|e300|es1|b0.5,vae|m256|e300|es1|b0.5,46.38076734542847,"stage4_methods.json: (CIFAR10,B2_full_elbo,31337,0.5).trace[9]",46.38076734542847,results/make49/stage4_cache/CIFAR10.json:vae|CIFAR10|m256|s31337|e300|es1|b0.5,,not available,300,True
CIFAR10,B2_full_elbo,31337,0.5,final,vae|CIFAR10|m128|s31337|e300|es1|b0.5,vae|m128|e300|es1|b0.5,37.991668701171875,"stage4_methods.json: (CIFAR10,B2_full_elbo,31337,0.5).trace[7]",37.991668701171875,results/make49/stage4_cache/CIFAR10.json:vae|CIFAR10|m128|s31337|e300|es1|b0.5,True,not available,300,True
CIFAR10,B3_full_downstream,42,0.5,anchor,vae|CIFAR10|m256|s42|e300|es1|b0.5,vae|m256|e300|es1|b0.5,35.9989755153656,"stage4_methods.json: (CIFAR10,B3_full_downstream,42,0.5).trace[9]",35.9989755153656,results/make49/stage4_cache/CIFAR10.json:vae|CIFAR10|m256|s42|e300|es1|b0.5,,not available,300,True
CIFAR10,B3_full_downstream,42,0.5,final,vae|CIFAR10|m256|s42|e300|es1|b0.5,vae|m256|e300|es1|b0.5,35.9989755153656,"stage4_methods.json: (CIFAR10,B3_full_downstream,42,0.5).trace[9]",35.9989755153656,results/make49/stage4_cache/CIFAR10.json:vae|CIFAR10|m256|s42|e300|es1|b0.5,True,not available,300,True
CIFAR10,B3_full_downstream,123,0.5,anchor,vae|CIFAR10|m256|s123|e300|es1|b0.5,vae|m256|e300|es1|b0.5,38.20402693748474,"stage4_methods.json: (CIFAR10,B3_full_downstream,123,0.5).trace[9]",38.20402693748474,results/make49/stage4_cache/CIFAR10.json:vae|CIFAR10|m256|s123|e300|es1|b0.5,,not available,300,True
CIFAR10,B3_full_downstream,123,0.5,final,vae|CIFAR10|m192|s123|e300|es1|b0.5,vae|m192|e300|es1|b0.5,49.78114986419678,"stage4_methods.json: (CIFAR10,B3_full_downstream,123,0.5).trace[8]",49.78114986419678,results/make49/stage4_cache/CIFAR10.json:vae|CIFAR10|m192|s123|e300|es1|b0.5,True,not available,300,True
CIFAR10,B3_full_downstream,777,0.5,anchor,vae|CIFAR10|m256|s777|e300|es1|b0.5,vae|m256|e300|es1|b0.5,42.50229287147522,"stage4_methods.json: (CIFAR10,B3_full_downstream,777,0.5).trace[9]",42.50229287147522,results/make49/stage4_cache/CIFAR10.json:vae|CIFAR10|m256|s777|e300|es1|b0.5,,not available,300,True
CIFAR10,B3_full_downstream,777,0.5,final,vae|CIFAR10|m256|s777|e300|es1|b0.5,vae|m256|e300|es1|b0.5,42.50229287147522,"stage4_methods.json: (CIFAR10,B3_full_downstream,777,0.5).trace[9]",42.50229287147522,results/make49/stage4_cache/CIFAR10.json:vae|CIFAR10|m256|s777|e300|es1|b0.5,True,not available,300,True
CIFAR10,B3_full_downstream,2024,0.5,anchor,vae|CIFAR10|m256|s2024|e300|es1|b0.5,vae|m256|e300|es1|b0.5,51.343788862228394,"stage4_methods.json: (CIFAR10,B3_full_downstream,2024,0.5).trace[9]",51.343788862228394,results/make49/stage4_cache/CIFAR10.json:vae|CIFAR10|m256|s2024|e300|es1|b0.5,,not available,300,True
CIFAR10,B3_full_downstream,2024,0.5,final,vae|CIFAR10|m256|s2024|e300|es1|b0.5,vae|m256|e300|es1|b0.5,51.343788862228394,"stage4_methods.json: (CIFAR10,B3_full_downstream,2024,0.5).trace[9]",51.343788862228394,results/make49/stage4_cache/CIFAR10.json:vae|CIFAR10|m256|s2024|e300|es1|b0.5,True,not available,300,True
CIFAR10,B3_full_downstream,31337,0.5,anchor,vae|CIFAR10|m256|s31337|e300|es1|b0.5,vae|m256|e300|es1|b0.5,46.38076734542847,"stage4_methods.json: (CIFAR10,B3_full_downstream,31337,0.5).trace[9]",46.38076734542847,results/make49/stage4_cache/CIFAR10.json:vae|CIFAR10|m256|s31337|e300|es1|b0.5,,not available,300,True
CIFAR10,B3_full_downstream,31337,0.5,final,vae|CIFAR10|m256|s31337|e300|es1|b0.5,vae|m256|e300|es1|b0.5,46.38076734542847,"stage4_methods.json: (CIFAR10,B3_full_downstream,31337,0.5).trace[9]",46.38076734542847,results/make49/stage4_cache/CIFAR10.json:vae|CIFAR10|m256|s31337|e300|es1|b0.5,True,not available,300,True
CIFAR10,B4_coarse,42,0.5,anchor,vae|CIFAR10|m256|s42|e300|es1|b0.5,vae|m256|e300|es1|b0.5,35.9989755153656,"stage4_methods.json: (CIFAR10,B4_coarse,42,0.5).trace[3]",35.9989755153656,results/make49/stage4_cache/CIFAR10.json:vae|CIFAR10|m256|s42|e300|es1|b0.5,,not available,300,True
CIFAR10,B4_coarse,42,0.5,final,vae|CIFAR10|m256|s42|e300|es1|b0.5,vae|m256|e300|es1|b0.5,35.9989755153656,"stage4_methods.json: (CIFAR10,B4_coarse,42,0.5).trace[3]",35.9989755153656,results/make49/stage4_cache/CIFAR10.json:vae|CIFAR10|m256|s42|e300|es1|b0.5,True,not available,300,True
CIFAR10,B4_coarse,123,0.5,anchor,vae|CIFAR10|m256|s123|e300|es1|b0.5,vae|m256|e300|es1|b0.5,38.20402693748474,"stage4_methods.json: (CIFAR10,B4_coarse,123,0.5).trace[3]",38.20402693748474,results/make49/stage4_cache/CIFAR10.json:vae|CIFAR10|m256|s123|e300|es1|b0.5,,not available,300,True
CIFAR10,B4_coarse,123,0.5,final,vae|CIFAR10|m256|s123|e300|es1|b0.5,vae|m256|e300|es1|b0.5,38.20402693748474,"stage4_methods.json: (CIFAR10,B4_coarse,123,0.5).trace[3]",38.20402693748474,results/make49/stage4_cache/CIFAR10.json:vae|CIFAR10|m256|s123|e300|es1|b0.5,True,not available,300,True
CIFAR10,B4_coarse,777,0.5,anchor,vae|CIFAR10|m256|s777|e300|es1|b0.5,vae|m256|e300|es1|b0.5,42.50229287147522,"stage4_methods.json: (CIFAR10,B4_coarse,777,0.5).trace[3]",42.50229287147522,results/make49/stage4_cache/CIFAR10.json:vae|CIFAR10|m256|s777|e300|es1|b0.5,,not available,300,True
CIFAR10,B4_coarse,777,0.5,final,vae|CIFAR10|m256|s777|e300|es1|b0.5,vae|m256|e300|es1|b0.5,42.50229287147522,"stage4_methods.json: (CIFAR10,B4_coarse,777,0.5).trace[3]",42.50229287147522,results/make49/stage4_cache/CIFAR10.json:vae|CIFAR10|m256|s777|e300|es1|b0.5,True,not available,300,True
CIFAR10,B4_coarse,2024,0.5,anchor,vae|CIFAR10|m256|s2024|e300|es1|b0.5,vae|m256|e300|es1|b0.5,51.343788862228394,"stage4_methods.json: (CIFAR10,B4_coarse,2024,0.5).trace[3]",51.343788862228394,results/make49/stage4_cache/CIFAR10.json:vae|CIFAR10|m256|s2024|e300|es1|b0.5,,not available,300,True
CIFAR10,B4_coarse,2024,0.5,final,vae|CIFAR10|m256|s2024|e300|es1|b0.5,vae|m256|e300|es1|b0.5,51.343788862228394,"stage4_methods.json: (CIFAR10,B4_coarse,2024,0.5).trace[3]",51.343788862228394,results/make49/stage4_cache/CIFAR10.json:vae|CIFAR10|m256|s2024|e300|es1|b0.5,True,not available,300,True
CIFAR10,B4_coarse,31337,0.5,anchor,vae|CIFAR10|m256|s31337|e300|es1|b0.5,vae|m256|e300|es1|b0.5,46.38076734542847,"stage4_methods.json: (CIFAR10,B4_coarse,31337,0.5).trace[3]",46.38076734542847,results/make49/stage4_cache/CIFAR10.json:vae|CIFAR10|m256|s31337|e300|es1|b0.5,,not available,300,True
CIFAR10,B4_coarse,31337,0.5,final,vae|CIFAR10|m256|s31337|e300|es1|b0.5,vae|m256|e300|es1|b0.5,46.38076734542847,"stage4_methods.json: (CIFAR10,B4_coarse,31337,0.5).trace[3]",46.38076734542847,results/make49/stage4_cache/CIFAR10.json:vae|CIFAR10|m256|s31337|e300|es1|b0.5,True,not available,300,True
CIFAR10,B5_fixed32,42,0.5,anchor,vae|CIFAR10|m256|s42|e300|es1|b0.5,not in trace,,not charged in original ledger; MAKE50 used current snapshot,35.9989755153656,results/make49/stage4_cache/CIFAR10.json:vae|CIFAR10|m256|s42|e300|es1|b0.5,,not available,300,True
CIFAR10,B5_fixed32,42,0.5,final,vae|CIFAR10|m32|s42|e300|es1|b0.5,vae|m32|e300|es1|b0.5,31.936123847961426,"stage4_methods.json: (CIFAR10,B5_fixed32,42,0.5).trace[0]",31.936123847961426,results/make49/stage4_cache/CIFAR10.json:vae|CIFAR10|m32|s42|e300|es1|b0.5,True,not available,300,True
CIFAR10,B5_fixed32,123,0.5,anchor,vae|CIFAR10|m256|s123|e300|es1|b0.5,not in trace,,not charged in original ledger; MAKE50 used current snapshot,38.20402693748474,results/make49/stage4_cache/CIFAR10.json:vae|CIFAR10|m256|s123|e300|es1|b0.5,,not available,300,True
CIFAR10,B5_fixed32,123,0.5,final,vae|CIFAR10|m32|s123|e300|es1|b0.5,vae|m32|e300|es1|b0.5,26.77366065979004,"stage4_methods.json: (CIFAR10,B5_fixed32,123,0.5).trace[0]",26.77366065979004,results/make49/stage4_cache/CIFAR10.json:vae|CIFAR10|m32|s123|e300|es1|b0.5,True,not available,300,True
CIFAR10,B5_fixed32,777,0.5,anchor,vae|CIFAR10|m256|s777|e300|es1|b0.5,not in trace,,not charged in original ledger; MAKE50 used current snapshot,42.50229287147522,results/make49/stage4_cache/CIFAR10.json:vae|CIFAR10|m256|s777|e300|es1|b0.5,,not available,300,True
CIFAR10,B5_fixed32,777,0.5,final,vae|CIFAR10|m32|s777|e300|es1|b0.5,vae|m32|e300|es1|b0.5,26.877021074295044,"stage4_methods.json: (CIFAR10,B5_fixed32,777,0.5).trace[0]",26.877021074295044,results/make49/stage4_cache/CIFAR10.json:vae|CIFAR10|m32|s777|e300|es1|b0.5,True,not available,300,True
CIFAR10,B5_fixed32,2024,0.5,anchor,vae|CIFAR10|m256|s2024|e300|es1|b0.5,not in trace,,not charged in original ledger; MAKE50 used current snapshot,51.343788862228394,results/make49/stage4_cache/CIFAR10.json:vae|CIFAR10|m256|s2024|e300|es1|b0.5,,not available,300,True
CIFAR10,B5_fixed32,2024,0.5,final,vae|CIFAR10|m32|s2024|e300|es1|b0.5,vae|m32|e300|es1|b0.5,39.12688446044922,"stage4_methods.json: (CIFAR10,B5_fixed32,2024,0.5).trace[0]",39.12688446044922,results/make49/stage4_cache/CIFAR10.json:vae|CIFAR10|m32|s2024|e300|es1|b0.5,True,not available,300,True
CIFAR10,B5_fixed32,31337,0.5,anchor,vae|CIFAR10|m256|s31337|e300|es1|b0.5,not in trace,,not charged in original ledger; MAKE50 used current snapshot,46.38076734542847,results/make49/stage4_cache/CIFAR10.json:vae|CIFAR10|m256|s31337|e300|es1|b0.5,,not available,300,True
CIFAR10,B5_fixed32,31337,0.5,final,vae|CIFAR10|m32|s31337|e300|es1|b0.5,vae|m32|e300|es1|b0.5,44.67064547538757,"stage4_methods.json: (CIFAR10,B5_fixed32,31337,0.5).trace[0]",44.67064547538757,results/make49/stage4_cache/CIFAR10.json:vae|CIFAR10|m32|s31337|e300|es1|b0.5,True,not available,300,True
CIFAR10,B6a_fondue,42,0.5,anchor,vae|CIFAR10|m256|s42|e300|es1|b0.5,not in trace,,not charged in original ledger; MAKE50 used current snapshot,35.9989755153656,results/make49/stage4_cache/CIFAR10.json:vae|CIFAR10|m256|s42|e300|es1|b0.5,,not available,300,True
CIFAR10,B6a_fondue,42,0.5,final,vae|CIFAR10|m17|s42|e300|es1|b0.5,vae|m17|e300|es1|b0.5,39.14920973777771,"stage4_methods.json: (CIFAR10,B6a_fondue,42,0.5).trace[5]",39.14920973777771,results/make49/stage4_cache/CIFAR10.json:vae|CIFAR10|m17|s42|e300|es1|b0.5,True,not available,300,True
CIFAR10,B6a_fondue,123,0.5,anchor,vae|CIFAR10|m256|s123|e300|es1|b0.5,not in trace,,not charged in original ledger; MAKE50 used current snapshot,38.20402693748474,results/make49/stage4_cache/CIFAR10.json:vae|CIFAR10|m256|s123|e300|es1|b0.5,,not available,300,True
CIFAR10,B6a_fondue,123,0.5,final,vae|CIFAR10|m16|s123|e300|es1|b0.5,vae|m16|e300|es1|b0.5,29.200637340545654,"stage4_methods.json: (CIFAR10,B6a_fondue,123,0.5).trace[5]",29.200637340545654,results/make49/stage4_cache/CIFAR10.json:vae|CIFAR10|m16|s123|e300|es1|b0.5,True,not available,300,True
CIFAR10,B6a_fondue,777,0.5,anchor,vae|CIFAR10|m256|s777|e300|es1|b0.5,not in trace,,not charged in original ledger; MAKE50 used current snapshot,42.50229287147522,results/make49/stage4_cache/CIFAR10.json:vae|CIFAR10|m256|s777|e300|es1|b0.5,,not available,300,True
CIFAR10,B6a_fondue,777,0.5,final,vae|CIFAR10|m17|s777|e300|es1|b0.5,vae|m17|e300|es1|b0.5,29.03990411758423,"stage4_methods.json: (CIFAR10,B6a_fondue,777,0.5).trace[5]",29.03990411758423,results/make49/stage4_cache/CIFAR10.json:vae|CIFAR10|m17|s777|e300|es1|b0.5,True,not available,300,True
CIFAR10,B6a_fondue,2024,0.5,anchor,vae|CIFAR10|m256|s2024|e300|es1|b0.5,not in trace,,not charged in original ledger; MAKE50 used current snapshot,51.343788862228394,results/make49/stage4_cache/CIFAR10.json:vae|CIFAR10|m256|s2024|e300|es1|b0.5,,not available,300,True
CIFAR10,B6a_fondue,2024,0.5,final,vae|CIFAR10|m16|s2024|e300|es1|b0.5,vae|m16|e300|es1|b0.5,26.19130229949951,"stage4_methods.json: (CIFAR10,B6a_fondue,2024,0.5).trace[5]",26.19130229949951,results/make49/stage4_cache/CIFAR10.json:vae|CIFAR10|m16|s2024|e300|es1|b0.5,True,not available,300,True
CIFAR10,B6a_fondue,31337,0.5,anchor,vae|CIFAR10|m256|s31337|e300|es1|b0.5,not in trace,,not charged in original ledger; MAKE50 used current snapshot,46.38076734542847,results/make49/stage4_cache/CIFAR10.json:vae|CIFAR10|m256|s31337|e300|es1|b0.5,,not available,300,True
CIFAR10,B6a_fondue,31337,0.5,final,vae|CIFAR10|m18|s31337|e300|es1|b0.5,vae|m18|e300|es1|b0.5,28.25612711906433,"stage4_methods.json: (CIFAR10,B6a_fondue,31337,0.5).trace[6]",28.25612711906433,results/make49/stage4_cache/CIFAR10.json:vae|CIFAR10|m18|s31337|e300|es1|b0.5,True,not available,300,True
CIFAR10,B6b_fondue_var,42,0.5,anchor,vae|CIFAR10|m256|s42|e300|es1|b0.5,not in trace,,not charged in original ledger; MAKE50 used current snapshot,35.9989755153656,results/make49/stage4_cache/CIFAR10.json:vae|CIFAR10|m256|s42|e300|es1|b0.5,,not available,300,True
CIFAR10,B6b_fondue_var,42,0.5,final,vae|CIFAR10|m71|s42|e300|es1|b0.5,vae|m71|e300|es1|b0.5,32.31262993812561,"stage4_methods.json: (CIFAR10,B6b_fondue_var,42,0.5).trace[2]",32.31262993812561,results/make49/stage4_cache/CIFAR10.json:vae|CIFAR10|m71|s42|e300|es1|b0.5,True,not available,300,True
CIFAR10,B6b_fondue_var,123,0.5,anchor,vae|CIFAR10|m256|s123|e300|es1|b0.5,not in trace,,not charged in original ledger; MAKE50 used current snapshot,38.20402693748474,results/make49/stage4_cache/CIFAR10.json:vae|CIFAR10|m256|s123|e300|es1|b0.5,,not available,300,True
CIFAR10,B6b_fondue_var,123,0.5,final,vae|CIFAR10|m39|s123|e300|es1|b0.5,vae|m39|e300|es1|b0.5,33.414037466049194,"stage4_methods.json: (CIFAR10,B6b_fondue_var,123,0.5).trace[1]",33.414037466049194,results/make49/stage4_cache/CIFAR10.json:vae|CIFAR10|m39|s123|e300|es1|b0.5,True,not available,300,True
CIFAR10,B6b_fondue_var,777,0.5,anchor,vae|CIFAR10|m256|s777|e300|es1|b0.5,not in trace,,not charged in original ledger; MAKE50 used current snapshot,42.50229287147522,results/make49/stage4_cache/CIFAR10.json:vae|CIFAR10|m256|s777|e300|es1|b0.5,,not available,300,True
CIFAR10,B6b_fondue_var,777,0.5,final,vae|CIFAR10|m37|s777|e300|es1|b0.5,vae|m37|e300|es1|b0.5,33.11698532104492,"stage4_methods.json: (CIFAR10,B6b_fondue_var,777,0.5).trace[1]",33.11698532104492,results/make49/stage4_cache/CIFAR10.json:vae|CIFAR10|m37|s777|e300|es1|b0.5,True,not available,300,True
CIFAR10,B6b_fondue_var,2024,0.5,anchor,vae|CIFAR10|m256|s2024|e300|es1|b0.5,not in trace,,not charged in original ledger; MAKE50 used current snapshot,51.343788862228394,results/make49/stage4_cache/CIFAR10.json:vae|CIFAR10|m256|s2024|e300|es1|b0.5,,not available,300,True
CIFAR10,B6b_fondue_var,2024,0.5,final,vae|CIFAR10|m40|s2024|e300|es1|b0.5,vae|m40|e300|es1|b0.5,32.548404932022095,"stage4_methods.json: (CIFAR10,B6b_fondue_var,2024,0.5).trace[1]",32.548404932022095,results/make49/stage4_cache/CIFAR10.json:vae|CIFAR10|m40|s2024|e300|es1|b0.5,True,not available,300,True
CIFAR10,B6b_fondue_var,31337,0.5,anchor,vae|CIFAR10|m256|s31337|e300|es1|b0.5,not in trace,,not charged in original ledger; MAKE50 used current snapshot,46.38076734542847,results/make49/stage4_cache/CIFAR10.json:vae|CIFAR10|m256|s31337|e300|es1|b0.5,,not available,300,True
CIFAR10,B6b_fondue_var,31337,0.5,final,vae|CIFAR10|m77|s31337|e300|es1|b0.5,vae|m77|e300|es1|b0.5,53.00593614578247,"stage4_methods.json: (CIFAR10,B6b_fondue_var,31337,0.5).trace[2]",53.00593614578247,results/make49/stage4_cache/CIFAR10.json:vae|CIFAR10|m77|s31337|e300|es1|b0.5,True,not available,300,True
CIFAR10,B6b_fondue_var_keepmixed_false,42,0.5,anchor,vae|CIFAR10|m256|s42|e300|es1|b0.5,not in trace,,not charged in original ledger; MAKE50 used current snapshot,35.9989755153656,results/make49/stage4_cache/CIFAR10.json:vae|CIFAR10|m256|s42|e300|es1|b0.5,,not available,300,True
CIFAR10,B6b_fondue_var_keepmixed_false,42,0.5,final,vae|CIFAR10|m6|s42|e300|es1|b0.5,vae|m6|e300|es1|b0.5,25.21991801261902,"stage4_methods.json: (CIFAR10,B6b_fondue_var_keepmixed_false,42,0.5).trace[1]",25.21991801261902,results/make49/stage4_cache/CIFAR10.json:vae|CIFAR10|m6|s42|e300|es1|b0.5,True,not available,300,True
CIFAR10,B6b_fondue_var_keepmixed_false,123,0.5,anchor,vae|CIFAR10|m256|s123|e300|es1|b0.5,not in trace,,not charged in original ledger; MAKE50 used current snapshot,38.20402693748474,results/make49/stage4_cache/CIFAR10.json:vae|CIFAR10|m256|s123|e300|es1|b0.5,,not available,300,True
CIFAR10,B6b_fondue_var_keepmixed_false,123,0.5,final,vae|CIFAR10|m4|s123|e300|es1|b0.5,vae|m4|e300|es1|b0.5,35.28288388252258,"stage4_methods.json: (CIFAR10,B6b_fondue_var_keepmixed_false,123,0.5).trace[1]",35.28288388252258,results/make49/stage4_cache/CIFAR10.json:vae|CIFAR10|m4|s123|e300|es1|b0.5,True,not available,300,True
CIFAR10,B6b_fondue_var_keepmixed_false,777,0.5,anchor,vae|CIFAR10|m256|s777|e300|es1|b0.5,not in trace,,not charged in original ledger; MAKE50 used current snapshot,42.50229287147522,results/make49/stage4_cache/CIFAR10.json:vae|CIFAR10|m256|s777|e300|es1|b0.5,,not available,300,True
CIFAR10,B6b_fondue_var_keepmixed_false,777,0.5,final,vae|CIFAR10|m7|s777|e300|es1|b0.5,vae|m7|e300|es1|b0.5,26.249558925628662,"stage4_methods.json: (CIFAR10,B6b_fondue_var_keepmixed_false,777,0.5).trace[1]",26.249558925628662,results/make49/stage4_cache/CIFAR10.json:vae|CIFAR10|m7|s777|e300|es1|b0.5,True,not available,300,True
CIFAR10,B6b_fondue_var_keepmixed_false,2024,0.5,anchor,vae|CIFAR10|m256|s2024|e300|es1|b0.5,not in trace,,not charged in original ledger; MAKE50 used current snapshot,51.343788862228394,results/make49/stage4_cache/CIFAR10.json:vae|CIFAR10|m256|s2024|e300|es1|b0.5,,not available,300,True
CIFAR10,B6b_fondue_var_keepmixed_false,2024,0.5,final,vae|CIFAR10|m4|s2024|e300|es1|b0.5,vae|m4|e300|es1|b0.5,27.237235069274902,"stage4_methods.json: (CIFAR10,B6b_fondue_var_keepmixed_false,2024,0.5).trace[1]",27.237235069274902,results/make49/stage4_cache/CIFAR10.json:vae|CIFAR10|m4|s2024|e300|es1|b0.5,True,not available,300,True
CIFAR10,B6b_fondue_var_keepmixed_false,31337,0.5,anchor,vae|CIFAR10|m256|s31337|e300|es1|b0.5,not in trace,,not charged in original ledger; MAKE50 used current snapshot,46.38076734542847,results/make49/stage4_cache/CIFAR10.json:vae|CIFAR10|m256|s31337|e300|es1|b0.5,,not available,300,True
CIFAR10,B6b_fondue_var_keepmixed_false,31337,0.5,final,vae|CIFAR10|m8|s31337|e300|es1|b0.5,vae|m8|e300|es1|b0.5,31.816515922546387,"stage4_methods.json: (CIFAR10,B6b_fondue_var_keepmixed_false,31337,0.5).trace[1]",31.816515922546387,results/make49/stage4_cache/CIFAR10.json:vae|CIFAR10|m8|s31337|e300|es1|b0.5,True,not available,300,True
CIFAR10,proposed,42,0.5,anchor,vae|CIFAR10|m256|s42|e300|es1|b0.5,vae|m256|e300|es1|b0.5,35.9989755153656,"stage4_methods.json: (CIFAR10,proposed,42,0.5).trace[12]",35.9989755153656,results/make49/stage4_cache/CIFAR10.json:vae|CIFAR10|m256|s42|e300|es1|b0.5,,not available,300,True
CIFAR10,proposed,42,0.5,final,vae|CIFAR10|m256|s42|e300|es1|b0.5,vae|m256|e300|es1|b0.5,35.9989755153656,"stage4_methods.json: (CIFAR10,proposed,42,0.5).trace[12]",35.9989755153656,results/make49/stage4_cache/CIFAR10.json:vae|CIFAR10|m256|s42|e300|es1|b0.5,True,not available,300,True
CIFAR10,proposed,123,0.5,anchor,vae|CIFAR10|m256|s123|e300|es1|b0.5,vae|m256|e300|es1|b0.5,38.20402693748474,"stage4_methods.json: (CIFAR10,proposed,123,0.5).trace[12]",38.20402693748474,results/make49/stage4_cache/CIFAR10.json:vae|CIFAR10|m256|s123|e300|es1|b0.5,,not available,300,True
CIFAR10,proposed,123,0.5,final,vae|CIFAR10|m256|s123|e300|es1|b0.5,vae|m256|e300|es1|b0.5,38.20402693748474,"stage4_methods.json: (CIFAR10,proposed,123,0.5).trace[12]",38.20402693748474,results/make49/stage4_cache/CIFAR10.json:vae|CIFAR10|m256|s123|e300|es1|b0.5,True,not available,300,True
CIFAR10,proposed,777,0.5,anchor,vae|CIFAR10|m256|s777|e300|es1|b0.5,vae|m256|e300|es1|b0.5,42.50229287147522,"stage4_methods.json: (CIFAR10,proposed,777,0.5).trace[12]",42.50229287147522,results/make49/stage4_cache/CIFAR10.json:vae|CIFAR10|m256|s777|e300|es1|b0.5,,not available,300,True
CIFAR10,proposed,777,0.5,final,vae|CIFAR10|m256|s777|e300|es1|b0.5,vae|m256|e300|es1|b0.5,42.50229287147522,"stage4_methods.json: (CIFAR10,proposed,777,0.5).trace[12]",42.50229287147522,results/make49/stage4_cache/CIFAR10.json:vae|CIFAR10|m256|s777|e300|es1|b0.5,True,not available,300,True
CIFAR10,proposed,2024,0.5,anchor,vae|CIFAR10|m256|s2024|e300|es1|b0.5,vae|m256|e300|es1|b0.5,51.343788862228394,"stage4_methods.json: (CIFAR10,proposed,2024,0.5).trace[12]",51.343788862228394,results/make49/stage4_cache/CIFAR10.json:vae|CIFAR10|m256|s2024|e300|es1|b0.5,,not available,300,True
CIFAR10,proposed,2024,0.5,final,vae|CIFAR10|m256|s2024|e300|es1|b0.5,vae|m256|e300|es1|b0.5,51.343788862228394,"stage4_methods.json: (CIFAR10,proposed,2024,0.5).trace[12]",51.343788862228394,results/make49/stage4_cache/CIFAR10.json:vae|CIFAR10|m256|s2024|e300|es1|b0.5,True,not available,300,True
CIFAR10,proposed,31337,0.5,anchor,vae|CIFAR10|m256|s31337|e300|es1|b0.5,vae|m256|e300|es1|b0.5,46.38076734542847,"stage4_methods.json: (CIFAR10,proposed,31337,0.5).trace[12]",46.38076734542847,results/make49/stage4_cache/CIFAR10.json:vae|CIFAR10|m256|s31337|e300|es1|b0.5,,not available,300,True
CIFAR10,proposed,31337,0.5,final,vae|CIFAR10|m256|s31337|e300|es1|b0.5,vae|m256|e300|es1|b0.5,46.38076734542847,"stage4_methods.json: (CIFAR10,proposed,31337,0.5).trace[12]",46.38076734542847,results/make49/stage4_cache/CIFAR10.json:vae|CIFAR10|m256|s31337|e300|es1|b0.5,True,not available,300,True
CIFAR10,proposed_minus_AU,42,0.5,anchor,vae|CIFAR10|m256|s42|e300|es1|b0.5,vae|m256|e300|es1|b0.5,35.9989755153656,"stage4_methods.json: (CIFAR10,proposed_minus_AU,42,0.5).trace[12]",35.9989755153656,results/make49/stage4_cache/CIFAR10.json:vae|CIFAR10|m256|s42|e300|es1|b0.5,,not available,300,True
CIFAR10,proposed_minus_AU,42,0.5,final,vae|CIFAR10|m256|s42|e300|es1|b0.5,vae|m256|e300|es1|b0.5,35.9989755153656,"stage4_methods.json: (CIFAR10,proposed_minus_AU,42,0.5).trace[12]",35.9989755153656,results/make49/stage4_cache/CIFAR10.json:vae|CIFAR10|m256|s42|e300|es1|b0.5,True,not available,300,True
CIFAR10,proposed_minus_AU,123,0.5,anchor,vae|CIFAR10|m256|s123|e300|es1|b0.5,vae|m256|e300|es1|b0.5,38.20402693748474,"stage4_methods.json: (CIFAR10,proposed_minus_AU,123,0.5).trace[12]",38.20402693748474,results/make49/stage4_cache/CIFAR10.json:vae|CIFAR10|m256|s123|e300|es1|b0.5,,not available,300,True
CIFAR10,proposed_minus_AU,123,0.5,final,vae|CIFAR10|m256|s123|e300|es1|b0.5,vae|m256|e300|es1|b0.5,38.20402693748474,"stage4_methods.json: (CIFAR10,proposed_minus_AU,123,0.5).trace[12]",38.20402693748474,results/make49/stage4_cache/CIFAR10.json:vae|CIFAR10|m256|s123|e300|es1|b0.5,True,not available,300,True
CIFAR10,proposed_minus_AU,777,0.5,anchor,vae|CIFAR10|m256|s777|e300|es1|b0.5,vae|m256|e300|es1|b0.5,42.50229287147522,"stage4_methods.json: (CIFAR10,proposed_minus_AU,777,0.5).trace[12]",42.50229287147522,results/make49/stage4_cache/CIFAR10.json:vae|CIFAR10|m256|s777|e300|es1|b0.5,,not available,300,True
CIFAR10,proposed_minus_AU,777,0.5,final,vae|CIFAR10|m256|s777|e300|es1|b0.5,vae|m256|e300|es1|b0.5,42.50229287147522,"stage4_methods.json: (CIFAR10,proposed_minus_AU,777,0.5).trace[12]",42.50229287147522,results/make49/stage4_cache/CIFAR10.json:vae|CIFAR10|m256|s777|e300|es1|b0.5,True,not available,300,True
CIFAR10,proposed_minus_AU,2024,0.5,anchor,vae|CIFAR10|m256|s2024|e300|es1|b0.5,vae|m256|e300|es1|b0.5,51.343788862228394,"stage4_methods.json: (CIFAR10,proposed_minus_AU,2024,0.5).trace[12]",51.343788862228394,results/make49/stage4_cache/CIFAR10.json:vae|CIFAR10|m256|s2024|e300|es1|b0.5,,not available,300,True
CIFAR10,proposed_minus_AU,2024,0.5,final,vae|CIFAR10|m256|s2024|e300|es1|b0.5,vae|m256|e300|es1|b0.5,51.343788862228394,"stage4_methods.json: (CIFAR10,proposed_minus_AU,2024,0.5).trace[12]",51.343788862228394,results/make49/stage4_cache/CIFAR10.json:vae|CIFAR10|m256|s2024|e300|es1|b0.5,True,not available,300,True
CIFAR10,proposed_minus_AU,31337,0.5,anchor,vae|CIFAR10|m256|s31337|e300|es1|b0.5,vae|m256|e300|es1|b0.5,46.38076734542847,"stage4_methods.json: (CIFAR10,proposed_minus_AU,31337,0.5).trace[12]",46.38076734542847,results/make49/stage4_cache/CIFAR10.json:vae|CIFAR10|m256|s31337|e300|es1|b0.5,,not available,300,True
CIFAR10,proposed_minus_AU,31337,0.5,final,vae|CIFAR10|m256|s31337|e300|es1|b0.5,vae|m256|e300|es1|b0.5,46.38076734542847,"stage4_methods.json: (CIFAR10,proposed_minus_AU,31337,0.5).trace[12]",46.38076734542847,results/make49/stage4_cache/CIFAR10.json:vae|CIFAR10|m256|s31337|e300|es1|b0.5,True,not available,300,True
CIFAR10,ascending_scan_Q,42,0.5,anchor,vae|CIFAR10|m256|s42|e300|es1|b0.5,vae|m256|e300|es1|b0.5,35.9989755153656,"stage4_methods.json: (CIFAR10,ascending_scan_Q,42,0.5).trace[0]",35.9989755153656,results/make49/stage4_cache/CIFAR10.json:vae|CIFAR10|m256|s42|e300|es1|b0.5,,not available,300,True
CIFAR10,ascending_scan_Q,42,0.5,final,vae|CIFAR10|m48|s42|e300|es1|b0.5,vae|m48|e300|es1|b0.5,32.69736075401306,"stage4_methods.json: (CIFAR10,ascending_scan_Q,42,0.5).trace[5]",32.69736075401306,results/make49/stage4_cache/CIFAR10.json:vae|CIFAR10|m48|s42|e300|es1|b0.5,True,not available,300,True
CIFAR10,ascending_scan_Q,123,0.5,anchor,vae|CIFAR10|m256|s123|e300|es1|b0.5,vae|m256|e300|es1|b0.5,38.20402693748474,"stage4_methods.json: (CIFAR10,ascending_scan_Q,123,0.5).trace[0]",38.20402693748474,results/make49/stage4_cache/CIFAR10.json:vae|CIFAR10|m256|s123|e300|es1|b0.5,,not available,300,True
CIFAR10,ascending_scan_Q,123,0.5,final,vae|CIFAR10|m48|s123|e300|es1|b0.5,vae|m48|e300|es1|b0.5,29.989787817001343,"stage4_methods.json: (CIFAR10,ascending_scan_Q,123,0.5).trace[5]",29.989787817001343,results/make49/stage4_cache/CIFAR10.json:vae|CIFAR10|m48|s123|e300|es1|b0.5,True,not available,300,True
CIFAR10,ascending_scan_Q,777,0.5,anchor,vae|CIFAR10|m256|s777|e300|es1|b0.5,vae|m256|e300|es1|b0.5,42.50229287147522,"stage4_methods.json: (CIFAR10,ascending_scan_Q,777,0.5).trace[0]",42.50229287147522,results/make49/stage4_cache/CIFAR10.json:vae|CIFAR10|m256|s777|e300|es1|b0.5,,not available,300,True
CIFAR10,ascending_scan_Q,777,0.5,final,vae|CIFAR10|m48|s777|e300|es1|b0.5,vae|m48|e300|es1|b0.5,27.159140586853027,"stage4_methods.json: (CIFAR10,ascending_scan_Q,777,0.5).trace[5]",27.159140586853027,results/make49/stage4_cache/CIFAR10.json:vae|CIFAR10|m48|s777|e300|es1|b0.5,True,not available,300,True
CIFAR10,ascending_scan_Q,2024,0.5,anchor,vae|CIFAR10|m256|s2024|e300|es1|b0.5,vae|m256|e300|es1|b0.5,51.343788862228394,"stage4_methods.json: (CIFAR10,ascending_scan_Q,2024,0.5).trace[0]",51.343788862228394,results/make49/stage4_cache/CIFAR10.json:vae|CIFAR10|m256|s2024|e300|es1|b0.5,,not available,300,True
CIFAR10,ascending_scan_Q,2024,0.5,final,vae|CIFAR10|m48|s2024|e300|es1|b0.5,vae|m48|e300|es1|b0.5,48.00505256652832,"stage4_methods.json: (CIFAR10,ascending_scan_Q,2024,0.5).trace[5]",48.00505256652832,results/make49/stage4_cache/CIFAR10.json:vae|CIFAR10|m48|s2024|e300|es1|b0.5,True,not available,300,True
CIFAR10,ascending_scan_Q,31337,0.5,anchor,vae|CIFAR10|m256|s31337|e300|es1|b0.5,vae|m256|e300|es1|b0.5,46.38076734542847,"stage4_methods.json: (CIFAR10,ascending_scan_Q,31337,0.5).trace[0]",46.38076734542847,results/make49/stage4_cache/CIFAR10.json:vae|CIFAR10|m256|s31337|e300|es1|b0.5,,not available,300,True
CIFAR10,ascending_scan_Q,31337,0.5,final,vae|CIFAR10|m48|s31337|e300|es1|b0.5,vae|m48|e300|es1|b0.5,26.535131454467773,"stage4_methods.json: (CIFAR10,ascending_scan_Q,31337,0.5).trace[5]",26.535131454467773,results/make49/stage4_cache/CIFAR10.json:vae|CIFAR10|m48|s31337|e300|es1|b0.5,True,not available,300,True
CIFAR10,B4_plus_Q,42,0.5,anchor,vae|CIFAR10|m256|s42|e300|es1|b0.5,vae|m256|e300|es1|b0.5,35.9989755153656,"stage4_methods.json: (CIFAR10,B4_plus_Q,42,0.5).trace[3]",35.9989755153656,results/make49/stage4_cache/CIFAR10.json:vae|CIFAR10|m256|s42|e300|es1|b0.5,,not available,300,True
CIFAR10,B4_plus_Q,42,0.5,final,vae|CIFAR10|m256|s42|e300|es1|b0.5,vae|m256|e300|es1|b0.5,35.9989755153656,"stage4_methods.json: (CIFAR10,B4_plus_Q,42,0.5).trace[3]",35.9989755153656,results/make49/stage4_cache/CIFAR10.json:vae|CIFAR10|m256|s42|e300|es1|b0.5,True,not available,300,True
CIFAR10,B4_plus_Q,123,0.5,anchor,vae|CIFAR10|m256|s123|e300|es1|b0.5,vae|m256|e300|es1|b0.5,38.20402693748474,"stage4_methods.json: (CIFAR10,B4_plus_Q,123,0.5).trace[3]",38.20402693748474,results/make49/stage4_cache/CIFAR10.json:vae|CIFAR10|m256|s123|e300|es1|b0.5,,not available,300,True
CIFAR10,B4_plus_Q,123,0.5,final,vae|CIFAR10|m256|s123|e300|es1|b0.5,vae|m256|e300|es1|b0.5,38.20402693748474,"stage4_methods.json: (CIFAR10,B4_plus_Q,123,0.5).trace[3]",38.20402693748474,results/make49/stage4_cache/CIFAR10.json:vae|CIFAR10|m256|s123|e300|es1|b0.5,True,not available,300,True
CIFAR10,B4_plus_Q,777,0.5,anchor,vae|CIFAR10|m256|s777|e300|es1|b0.5,vae|m256|e300|es1|b0.5,42.50229287147522,"stage4_methods.json: (CIFAR10,B4_plus_Q,777,0.5).trace[3]",42.50229287147522,results/make49/stage4_cache/CIFAR10.json:vae|CIFAR10|m256|s777|e300|es1|b0.5,,not available,300,True
CIFAR10,B4_plus_Q,777,0.5,final,vae|CIFAR10|m256|s777|e300|es1|b0.5,vae|m256|e300|es1|b0.5,42.50229287147522,"stage4_methods.json: (CIFAR10,B4_plus_Q,777,0.5).trace[3]",42.50229287147522,results/make49/stage4_cache/CIFAR10.json:vae|CIFAR10|m256|s777|e300|es1|b0.5,True,not available,300,True
CIFAR10,B4_plus_Q,2024,0.5,anchor,vae|CIFAR10|m256|s2024|e300|es1|b0.5,vae|m256|e300|es1|b0.5,51.343788862228394,"stage4_methods.json: (CIFAR10,B4_plus_Q,2024,0.5).trace[3]",51.343788862228394,results/make49/stage4_cache/CIFAR10.json:vae|CIFAR10|m256|s2024|e300|es1|b0.5,,not available,300,True
CIFAR10,B4_plus_Q,2024,0.5,final,vae|CIFAR10|m256|s2024|e300|es1|b0.5,vae|m256|e300|es1|b0.5,51.343788862228394,"stage4_methods.json: (CIFAR10,B4_plus_Q,2024,0.5).trace[3]",51.343788862228394,results/make49/stage4_cache/CIFAR10.json:vae|CIFAR10|m256|s2024|e300|es1|b0.5,True,not available,300,True
CIFAR10,B4_plus_Q,31337,0.5,anchor,vae|CIFAR10|m256|s31337|e300|es1|b0.5,vae|m256|e300|es1|b0.5,46.38076734542847,"stage4_methods.json: (CIFAR10,B4_plus_Q,31337,0.5).trace[3]",46.38076734542847,results/make49/stage4_cache/CIFAR10.json:vae|CIFAR10|m256|s31337|e300|es1|b0.5,,not available,300,True
CIFAR10,B4_plus_Q,31337,0.5,final,vae|CIFAR10|m256|s31337|e300|es1|b0.5,vae|m256|e300|es1|b0.5,46.38076734542847,"stage4_methods.json: (CIFAR10,B4_plus_Q,31337,0.5).trace[3]",46.38076734542847,results/make49/stage4_cache/CIFAR10.json:vae|CIFAR10|m256|s31337|e300|es1|b0.5,True,not available,300,True
CIFAR10,B6a_plus_Q,42,0.5,anchor,vae|CIFAR10|m256|s42|e300|es1|b0.5,vae|m256|e300|es1|b0.5,35.9989755153656,"stage4_methods.json: (CIFAR10,B6a_plus_Q,42,0.5).trace[5]",35.9989755153656,results/make49/stage4_cache/CIFAR10.json:vae|CIFAR10|m256|s42|e300|es1|b0.5,,not available,300,True
CIFAR10,B6a_plus_Q,42,0.5,final,vae|CIFAR10|m48|s42|e300|es1|b0.5,vae|m48|e300|es1|b0.5,32.69736075401306,"stage4_methods.json: (CIFAR10,B6a_plus_Q,42,0.5).trace[8]",32.69736075401306,results/make49/stage4_cache/CIFAR10.json:vae|CIFAR10|m48|s42|e300|es1|b0.5,True,not available,300,True
CIFAR10,B6a_plus_Q,123,0.5,anchor,vae|CIFAR10|m256|s123|e300|es1|b0.5,vae|m256|e300|es1|b0.5,38.20402693748474,"stage4_methods.json: (CIFAR10,B6a_plus_Q,123,0.5).trace[5]",38.20402693748474,results/make49/stage4_cache/CIFAR10.json:vae|CIFAR10|m256|s123|e300|es1|b0.5,,not available,300,True
CIFAR10,B6a_plus_Q,123,0.5,final,vae|CIFAR10|m48|s123|e300|es1|b0.5,vae|m48|e300|es1|b0.5,29.989787817001343,"stage4_methods.json: (CIFAR10,B6a_plus_Q,123,0.5).trace[9]",29.989787817001343,results/make49/stage4_cache/CIFAR10.json:vae|CIFAR10|m48|s123|e300|es1|b0.5,True,not available,300,True
CIFAR10,B6a_plus_Q,777,0.5,anchor,vae|CIFAR10|m256|s777|e300|es1|b0.5,vae|m256|e300|es1|b0.5,42.50229287147522,"stage4_methods.json: (CIFAR10,B6a_plus_Q,777,0.5).trace[5]",42.50229287147522,results/make49/stage4_cache/CIFAR10.json:vae|CIFAR10|m256|s777|e300|es1|b0.5,,not available,300,True
CIFAR10,B6a_plus_Q,777,0.5,final,vae|CIFAR10|m48|s777|e300|es1|b0.5,vae|m48|e300|es1|b0.5,27.159140586853027,"stage4_methods.json: (CIFAR10,B6a_plus_Q,777,0.5).trace[8]",27.159140586853027,results/make49/stage4_cache/CIFAR10.json:vae|CIFAR10|m48|s777|e300|es1|b0.5,True,not available,300,True
CIFAR10,B6a_plus_Q,2024,0.5,anchor,vae|CIFAR10|m256|s2024|e300|es1|b0.5,vae|m256|e300|es1|b0.5,51.343788862228394,"stage4_methods.json: (CIFAR10,B6a_plus_Q,2024,0.5).trace[5]",51.343788862228394,results/make49/stage4_cache/CIFAR10.json:vae|CIFAR10|m256|s2024|e300|es1|b0.5,,not available,300,True
CIFAR10,B6a_plus_Q,2024,0.5,final,vae|CIFAR10|m48|s2024|e300|es1|b0.5,vae|m48|e300|es1|b0.5,48.00505256652832,"stage4_methods.json: (CIFAR10,B6a_plus_Q,2024,0.5).trace[9]",48.00505256652832,results/make49/stage4_cache/CIFAR10.json:vae|CIFAR10|m48|s2024|e300|es1|b0.5,True,not available,300,True
CIFAR10,B6a_plus_Q,31337,0.5,anchor,vae|CIFAR10|m256|s31337|e300|es1|b0.5,vae|m256|e300|es1|b0.5,46.38076734542847,"stage4_methods.json: (CIFAR10,B6a_plus_Q,31337,0.5).trace[6]",46.38076734542847,results/make49/stage4_cache/CIFAR10.json:vae|CIFAR10|m256|s31337|e300|es1|b0.5,,not available,300,True
CIFAR10,B6a_plus_Q,31337,0.5,final,vae|CIFAR10|m48|s31337|e300|es1|b0.5,vae|m48|e300|es1|b0.5,26.535131454467773,"stage4_methods.json: (CIFAR10,B6a_plus_Q,31337,0.5).trace[9]",26.535131454467773,results/make49/stage4_cache/CIFAR10.json:vae|CIFAR10|m48|s31337|e300|es1|b0.5,True,not available,300,True
CIFAR10,B6b_plus_Q,42,0.5,anchor,vae|CIFAR10|m256|s42|e300|es1|b0.5,vae|m256|e300|es1|b0.5,35.9989755153656,"stage4_methods.json: (CIFAR10,B6b_plus_Q,42,0.5).trace[2]",35.9989755153656,results/make49/stage4_cache/CIFAR10.json:vae|CIFAR10|m256|s42|e300|es1|b0.5,,not available,300,True
CIFAR10,B6b_plus_Q,42,0.5,final,vae|CIFAR10|m96|s42|e300|es1|b0.5,vae|m96|e300|es1|b0.5,32.36474084854126,"stage4_methods.json: (CIFAR10,B6b_plus_Q,42,0.5).trace[3]",32.36474084854126,results/make49/stage4_cache/CIFAR10.json:vae|CIFAR10|m96|s42|e300|es1|b0.5,True,not available,300,True
CIFAR10,B6b_plus_Q,123,0.5,anchor,vae|CIFAR10|m256|s123|e300|es1|b0.5,vae|m256|e300|es1|b0.5,38.20402693748474,"stage4_methods.json: (CIFAR10,B6b_plus_Q,123,0.5).trace[1]",38.20402693748474,results/make49/stage4_cache/CIFAR10.json:vae|CIFAR10|m256|s123|e300|es1|b0.5,,not available,300,True
CIFAR10,B6b_plus_Q,123,0.5,final,vae|CIFAR10|m48|s123|e300|es1|b0.5,vae|m48|e300|es1|b0.5,29.989787817001343,"stage4_methods.json: (CIFAR10,B6b_plus_Q,123,0.5).trace[2]",29.989787817001343,results/make49/stage4_cache/CIFAR10.json:vae|CIFAR10|m48|s123|e300|es1|b0.5,True,not available,300,True
CIFAR10,B6b_plus_Q,777,0.5,anchor,vae|CIFAR10|m256|s777|e300|es1|b0.5,vae|m256|e300|es1|b0.5,42.50229287147522,"stage4_methods.json: (CIFAR10,B6b_plus_Q,777,0.5).trace[1]",42.50229287147522,results/make49/stage4_cache/CIFAR10.json:vae|CIFAR10|m256|s777|e300|es1|b0.5,,not available,300,True
CIFAR10,B6b_plus_Q,777,0.5,final,vae|CIFAR10|m48|s777|e300|es1|b0.5,vae|m48|e300|es1|b0.5,27.159140586853027,"stage4_methods.json: (CIFAR10,B6b_plus_Q,777,0.5).trace[2]",27.159140586853027,results/make49/stage4_cache/CIFAR10.json:vae|CIFAR10|m48|s777|e300|es1|b0.5,True,not available,300,True
CIFAR10,B6b_plus_Q,2024,0.5,anchor,vae|CIFAR10|m256|s2024|e300|es1|b0.5,vae|m256|e300|es1|b0.5,51.343788862228394,"stage4_methods.json: (CIFAR10,B6b_plus_Q,2024,0.5).trace[1]",51.343788862228394,results/make49/stage4_cache/CIFAR10.json:vae|CIFAR10|m256|s2024|e300|es1|b0.5,,not available,300,True
CIFAR10,B6b_plus_Q,2024,0.5,final,vae|CIFAR10|m48|s2024|e300|es1|b0.5,vae|m48|e300|es1|b0.5,48.00505256652832,"stage4_methods.json: (CIFAR10,B6b_plus_Q,2024,0.5).trace[2]",48.00505256652832,results/make49/stage4_cache/CIFAR10.json:vae|CIFAR10|m48|s2024|e300|es1|b0.5,True,not available,300,True
CIFAR10,B6b_plus_Q,31337,0.5,anchor,vae|CIFAR10|m256|s31337|e300|es1|b0.5,vae|m256|e300|es1|b0.5,46.38076734542847,"stage4_methods.json: (CIFAR10,B6b_plus_Q,31337,0.5).trace[2]",46.38076734542847,results/make49/stage4_cache/CIFAR10.json:vae|CIFAR10|m256|s31337|e300|es1|b0.5,,not available,300,True
CIFAR10,B6b_plus_Q,31337,0.5,final,vae|CIFAR10|m96|s31337|e300|es1|b0.5,vae|m96|e300|es1|b0.5,32.54354190826416,"stage4_methods.json: (CIFAR10,B6b_plus_Q,31337,0.5).trace[3]",32.54354190826416,results/make49/stage4_cache/CIFAR10.json:vae|CIFAR10|m96|s31337|e300|es1|b0.5,True,not available,300,True
CIFAR10,B1_full_mse,42,2.0,anchor,vae|CIFAR10|m256|s42|e300|es1|b2,vae|m256|e300|es1|b2,44.15496873855591,"stage4_methods.json: (CIFAR10,B1_full_mse,42,2).trace[9]",44.15496873855591,results/make49/stage4_cache/CIFAR10.json:vae|CIFAR10|m256|s42|e300|es1|b2,,not available,300,True
CIFAR10,B1_full_mse,42,2.0,final,vae|CIFAR10|m32|s42|e300|es1|b2,vae|m32|e300|es1|b2,64.30406618118286,"stage4_methods.json: (CIFAR10,B1_full_mse,42,2).trace[3]",64.30406618118286,results/make49/stage4_cache/CIFAR10.json:vae|CIFAR10|m32|s42|e300|es1|b2,True,not available,300,True
CIFAR10,B1_full_mse,123,2.0,anchor,vae|CIFAR10|m256|s123|e300|es1|b2,vae|m256|e300|es1|b2,77.37014365196228,"stage4_methods.json: (CIFAR10,B1_full_mse,123,2).trace[9]",77.37014365196228,results/make49/stage4_cache/CIFAR10.json:vae|CIFAR10|m256|s123|e300|es1|b2,,not available,300,True
CIFAR10,B1_full_mse,123,2.0,final,vae|CIFAR10|m192|s123|e300|es1|b2,vae|m192|e300|es1|b2,91.09751391410828,"stage4_methods.json: (CIFAR10,B1_full_mse,123,2).trace[8]",91.09751391410828,results/make49/stage4_cache/CIFAR10.json:vae|CIFAR10|m192|s123|e300|es1|b2,True,not available,300,True
CIFAR10,B1_full_mse,777,2.0,anchor,vae|CIFAR10|m256|s777|e300|es1|b2,vae|m256|e300|es1|b2,92.02225232124329,"stage4_methods.json: (CIFAR10,B1_full_mse,777,2).trace[9]",92.02225232124329,results/make49/stage4_cache/CIFAR10.json:vae|CIFAR10|m256|s777|e300|es1|b2,,not available,300,True
CIFAR10,B1_full_mse,777,2.0,final,vae|CIFAR10|m192|s777|e300|es1|b2,vae|m192|e300|es1|b2,78.1206283569336,"stage4_methods.json: (CIFAR10,B1_full_mse,777,2).trace[8]",78.1206283569336,results/make49/stage4_cache/CIFAR10.json:vae|CIFAR10|m192|s777|e300|es1|b2,True,not available,300,True
CIFAR10,B1_full_mse,2024,2.0,anchor,vae|CIFAR10|m256|s2024|e300|es1|b2,vae|m256|e300|es1|b2,62.044416666030884,"stage4_methods.json: (CIFAR10,B1_full_mse,2024,2).trace[9]",62.044416666030884,results/make49/stage4_cache/CIFAR10.json:vae|CIFAR10|m256|s2024|e300|es1|b2,,not available,300,True
CIFAR10,B1_full_mse,2024,2.0,final,vae|CIFAR10|m24|s2024|e300|es1|b2,vae|m24|e300|es1|b2,65.80126738548279,"stage4_methods.json: (CIFAR10,B1_full_mse,2024,2).trace[2]",65.80126738548279,results/make49/stage4_cache/CIFAR10.json:vae|CIFAR10|m24|s2024|e300|es1|b2,True,not available,300,True
CIFAR10,B1_full_mse,31337,2.0,anchor,vae|CIFAR10|m256|s31337|e300|es1|b2,vae|m256|e300|es1|b2,42.03680443763733,"stage4_methods.json: (CIFAR10,B1_full_mse,31337,2).trace[9]",42.03680443763733,results/make49/stage4_cache/CIFAR10.json:vae|CIFAR10|m256|s31337|e300|es1|b2,,not available,300,True
CIFAR10,B1_full_mse,31337,2.0,final,vae|CIFAR10|m64|s31337|e300|es1|b2,vae|m64|e300|es1|b2,43.16122651100159,"stage4_methods.json: (CIFAR10,B1_full_mse,31337,2).trace[5]",43.16122651100159,results/make49/stage4_cache/CIFAR10.json:vae|CIFAR10|m64|s31337|e300|es1|b2,True,not available,300,True
CIFAR10,B2_full_elbo,42,2.0,anchor,vae|CIFAR10|m256|s42|e300|es1|b2,vae|m256|e300|es1|b2,44.15496873855591,"stage4_methods.json: (CIFAR10,B2_full_elbo,42,2).trace[9]",44.15496873855591,results/make49/stage4_cache/CIFAR10.json:vae|CIFAR10|m256|s42|e300|es1|b2,,not available,300,True
CIFAR10,B2_full_elbo,42,2.0,final,vae|CIFAR10|m64|s42|e300|es1|b2,vae|m64|e300|es1|b2,53.59628677368164,"stage4_methods.json: (CIFAR10,B2_full_elbo,42,2).trace[5]",53.59628677368164,results/make49/stage4_cache/CIFAR10.json:vae|CIFAR10|m64|s42|e300|es1|b2,True,not available,300,True
CIFAR10,B2_full_elbo,123,2.0,anchor,vae|CIFAR10|m256|s123|e300|es1|b2,vae|m256|e300|es1|b2,77.37014365196228,"stage4_methods.json: (CIFAR10,B2_full_elbo,123,2).trace[9]",77.37014365196228,results/make49/stage4_cache/CIFAR10.json:vae|CIFAR10|m256|s123|e300|es1|b2,,not available,300,True
CIFAR10,B2_full_elbo,123,2.0,final,vae|CIFAR10|m128|s123|e300|es1|b2,vae|m128|e300|es1|b2,55.05352067947388,"stage4_methods.json: (CIFAR10,B2_full_elbo,123,2).trace[7]",55.05352067947388,results/make49/stage4_cache/CIFAR10.json:vae|CIFAR10|m128|s123|e300|es1|b2,True,not available,300,True
CIFAR10,B2_full_elbo,777,2.0,anchor,vae|CIFAR10|m256|s777|e300|es1|b2,vae|m256|e300|es1|b2,92.02225232124329,"stage4_methods.json: (CIFAR10,B2_full_elbo,777,2).trace[9]",92.02225232124329,results/make49/stage4_cache/CIFAR10.json:vae|CIFAR10|m256|s777|e300|es1|b2,,not available,300,True
CIFAR10,B2_full_elbo,777,2.0,final,vae|CIFAR10|m192|s777|e300|es1|b2,vae|m192|e300|es1|b2,78.1206283569336,"stage4_methods.json: (CIFAR10,B2_full_elbo,777,2).trace[8]",78.1206283569336,results/make49/stage4_cache/CIFAR10.json:vae|CIFAR10|m192|s777|e300|es1|b2,True,not available,300,True
CIFAR10,B2_full_elbo,2024,2.0,anchor,vae|CIFAR10|m256|s2024|e300|es1|b2,vae|m256|e300|es1|b2,62.044416666030884,"stage4_methods.json: (CIFAR10,B2_full_elbo,2024,2).trace[9]",62.044416666030884,results/make49/stage4_cache/CIFAR10.json:vae|CIFAR10|m256|s2024|e300|es1|b2,,not available,300,True
CIFAR10,B2_full_elbo,2024,2.0,final,vae|CIFAR10|m256|s2024|e300|es1|b2,vae|m256|e300|es1|b2,62.044416666030884,"stage4_methods.json: (CIFAR10,B2_full_elbo,2024,2).trace[9]",62.044416666030884,results/make49/stage4_cache/CIFAR10.json:vae|CIFAR10|m256|s2024|e300|es1|b2,True,not available,300,True
CIFAR10,B2_full_elbo,31337,2.0,anchor,vae|CIFAR10|m256|s31337|e300|es1|b2,vae|m256|e300|es1|b2,42.03680443763733,"stage4_methods.json: (CIFAR10,B2_full_elbo,31337,2).trace[9]",42.03680443763733,results/make49/stage4_cache/CIFAR10.json:vae|CIFAR10|m256|s31337|e300|es1|b2,,not available,300,True
CIFAR10,B2_full_elbo,31337,2.0,final,vae|CIFAR10|m64|s31337|e300|es1|b2,vae|m64|e300|es1|b2,43.16122651100159,"stage4_methods.json: (CIFAR10,B2_full_elbo,31337,2).trace[5]",43.16122651100159,results/make49/stage4_cache/CIFAR10.json:vae|CIFAR10|m64|s31337|e300|es1|b2,True,not available,300,True
CIFAR10,B3_full_downstream,42,2.0,anchor,vae|CIFAR10|m256|s42|e300|es1|b2,vae|m256|e300|es1|b2,44.15496873855591,"stage4_methods.json: (CIFAR10,B3_full_downstream,42,2).trace[9]",44.15496873855591,results/make49/stage4_cache/CIFAR10.json:vae|CIFAR10|m256|s42|e300|es1|b2,,not available,300,True
CIFAR10,B3_full_downstream,42,2.0,final,vae|CIFAR10|m192|s42|e300|es1|b2,vae|m192|e300|es1|b2,55.89900231361389,"stage4_methods.json: (CIFAR10,B3_full_downstream,42,2).trace[8]",55.89900231361389,results/make49/stage4_cache/CIFAR10.json:vae|CIFAR10|m192|s42|e300|es1|b2,True,not available,300,True
CIFAR10,B3_full_downstream,123,2.0,anchor,vae|CIFAR10|m256|s123|e300|es1|b2,vae|m256|e300|es1|b2,77.37014365196228,"stage4_methods.json: (CIFAR10,B3_full_downstream,123,2).trace[9]",77.37014365196228,results/make49/stage4_cache/CIFAR10.json:vae|CIFAR10|m256|s123|e300|es1|b2,,not available,300,True
CIFAR10,B3_full_downstream,123,2.0,final,vae|CIFAR10|m256|s123|e300|es1|b2,vae|m256|e300|es1|b2,77.37014365196228,"stage4_methods.json: (CIFAR10,B3_full_downstream,123,2).trace[9]",77.37014365196228,results/make49/stage4_cache/CIFAR10.json:vae|CIFAR10|m256|s123|e300|es1|b2,True,not available,300,True
CIFAR10,B3_full_downstream,777,2.0,anchor,vae|CIFAR10|m256|s777|e300|es1|b2,vae|m256|e300|es1|b2,92.02225232124329,"stage4_methods.json: (CIFAR10,B3_full_downstream,777,2).trace[9]",92.02225232124329,results/make49/stage4_cache/CIFAR10.json:vae|CIFAR10|m256|s777|e300|es1|b2,,not available,300,True
CIFAR10,B3_full_downstream,777,2.0,final,vae|CIFAR10|m256|s777|e300|es1|b2,vae|m256|e300|es1|b2,92.02225232124329,"stage4_methods.json: (CIFAR10,B3_full_downstream,777,2).trace[9]",92.02225232124329,results/make49/stage4_cache/CIFAR10.json:vae|CIFAR10|m256|s777|e300|es1|b2,True,not available,300,True
CIFAR10,B3_full_downstream,2024,2.0,anchor,vae|CIFAR10|m256|s2024|e300|es1|b2,vae|m256|e300|es1|b2,62.044416666030884,"stage4_methods.json: (CIFAR10,B3_full_downstream,2024,2).trace[9]",62.044416666030884,results/make49/stage4_cache/CIFAR10.json:vae|CIFAR10|m256|s2024|e300|es1|b2,,not available,300,True
CIFAR10,B3_full_downstream,2024,2.0,final,vae|CIFAR10|m256|s2024|e300|es1|b2,vae|m256|e300|es1|b2,62.044416666030884,"stage4_methods.json: (CIFAR10,B3_full_downstream,2024,2).trace[9]",62.044416666030884,results/make49/stage4_cache/CIFAR10.json:vae|CIFAR10|m256|s2024|e300|es1|b2,True,not available,300,True
CIFAR10,B3_full_downstream,31337,2.0,anchor,vae|CIFAR10|m256|s31337|e300|es1|b2,vae|m256|e300|es1|b2,42.03680443763733,"stage4_methods.json: (CIFAR10,B3_full_downstream,31337,2).trace[9]",42.03680443763733,results/make49/stage4_cache/CIFAR10.json:vae|CIFAR10|m256|s31337|e300|es1|b2,,not available,300,True
CIFAR10,B3_full_downstream,31337,2.0,final,vae|CIFAR10|m256|s31337|e300|es1|b2,vae|m256|e300|es1|b2,42.03680443763733,"stage4_methods.json: (CIFAR10,B3_full_downstream,31337,2).trace[9]",42.03680443763733,results/make49/stage4_cache/CIFAR10.json:vae|CIFAR10|m256|s31337|e300|es1|b2,True,not available,300,True
CIFAR10,B4_coarse,42,2.0,anchor,vae|CIFAR10|m256|s42|e300|es1|b2,vae|m256|e300|es1|b2,44.15496873855591,"stage4_methods.json: (CIFAR10,B4_coarse,42,2).trace[3]",44.15496873855591,results/make49/stage4_cache/CIFAR10.json:vae|CIFAR10|m256|s42|e300|es1|b2,,not available,300,True
CIFAR10,B4_coarse,42,2.0,final,vae|CIFAR10|m48|s42|e300|es1|b2,vae|m48|e300|es1|b2,36.68335795402527,"stage4_methods.json: (CIFAR10,B4_coarse,42,2).trace[2]",36.68335795402527,results/make49/stage4_cache/CIFAR10.json:vae|CIFAR10|m48|s42|e300|es1|b2,True,not available,300,True
CIFAR10,B4_coarse,123,2.0,anchor,vae|CIFAR10|m256|s123|e300|es1|b2,vae|m256|e300|es1|b2,77.37014365196228,"stage4_methods.json: (CIFAR10,B4_coarse,123,2).trace[3]",77.37014365196228,results/make49/stage4_cache/CIFAR10.json:vae|CIFAR10|m256|s123|e300|es1|b2,,not available,300,True
CIFAR10,B4_coarse,123,2.0,final,vae|CIFAR10|m48|s123|e300|es1|b2,vae|m48|e300|es1|b2,47.031254053115845,"stage4_methods.json: (CIFAR10,B4_coarse,123,2).trace[2]",47.031254053115845,results/make49/stage4_cache/CIFAR10.json:vae|CIFAR10|m48|s123|e300|es1|b2,True,not available,300,True
CIFAR10,B4_coarse,777,2.0,anchor,vae|CIFAR10|m256|s777|e300|es1|b2,vae|m256|e300|es1|b2,92.02225232124329,"stage4_methods.json: (CIFAR10,B4_coarse,777,2).trace[3]",92.02225232124329,results/make49/stage4_cache/CIFAR10.json:vae|CIFAR10|m256|s777|e300|es1|b2,,not available,300,True
CIFAR10,B4_coarse,777,2.0,final,vae|CIFAR10|m256|s777|e300|es1|b2,vae|m256|e300|es1|b2,92.02225232124329,"stage4_methods.json: (CIFAR10,B4_coarse,777,2).trace[3]",92.02225232124329,results/make49/stage4_cache/CIFAR10.json:vae|CIFAR10|m256|s777|e300|es1|b2,True,not available,300,True
CIFAR10,B4_coarse,2024,2.0,anchor,vae|CIFAR10|m256|s2024|e300|es1|b2,vae|m256|e300|es1|b2,62.044416666030884,"stage4_methods.json: (CIFAR10,B4_coarse,2024,2).trace[3]",62.044416666030884,results/make49/stage4_cache/CIFAR10.json:vae|CIFAR10|m256|s2024|e300|es1|b2,,not available,300,True
CIFAR10,B4_coarse,2024,2.0,final,vae|CIFAR10|m256|s2024|e300|es1|b2,vae|m256|e300|es1|b2,62.044416666030884,"stage4_methods.json: (CIFAR10,B4_coarse,2024,2).trace[3]",62.044416666030884,results/make49/stage4_cache/CIFAR10.json:vae|CIFAR10|m256|s2024|e300|es1|b2,True,not available,300,True
CIFAR10,B4_coarse,31337,2.0,anchor,vae|CIFAR10|m256|s31337|e300|es1|b2,vae|m256|e300|es1|b2,42.03680443763733,"stage4_methods.json: (CIFAR10,B4_coarse,31337,2).trace[3]",42.03680443763733,results/make49/stage4_cache/CIFAR10.json:vae|CIFAR10|m256|s31337|e300|es1|b2,,not available,300,True
CIFAR10,B4_coarse,31337,2.0,final,vae|CIFAR10|m48|s31337|e300|es1|b2,vae|m48|e300|es1|b2,42.20997142791748,"stage4_methods.json: (CIFAR10,B4_coarse,31337,2).trace[2]",42.20997142791748,results/make49/stage4_cache/CIFAR10.json:vae|CIFAR10|m48|s31337|e300|es1|b2,True,not available,300,True
CIFAR10,B5_fixed32,42,2.0,anchor,vae|CIFAR10|m256|s42|e300|es1|b2,not in trace,,not charged in original ledger; MAKE50 used current snapshot,44.15496873855591,results/make49/stage4_cache/CIFAR10.json:vae|CIFAR10|m256|s42|e300|es1|b2,,not available,300,True
CIFAR10,B5_fixed32,42,2.0,final,vae|CIFAR10|m32|s42|e300|es1|b2,vae|m32|e300|es1|b2,64.30406618118286,"stage4_methods.json: (CIFAR10,B5_fixed32,42,2).trace[0]",64.30406618118286,results/make49/stage4_cache/CIFAR10.json:vae|CIFAR10|m32|s42|e300|es1|b2,True,not available,300,True
CIFAR10,B5_fixed32,123,2.0,anchor,vae|CIFAR10|m256|s123|e300|es1|b2,not in trace,,not charged in original ledger; MAKE50 used current snapshot,77.37014365196228,results/make49/stage4_cache/CIFAR10.json:vae|CIFAR10|m256|s123|e300|es1|b2,,not available,300,True
CIFAR10,B5_fixed32,123,2.0,final,vae|CIFAR10|m32|s123|e300|es1|b2,vae|m32|e300|es1|b2,57.20627999305725,"stage4_methods.json: (CIFAR10,B5_fixed32,123,2).trace[0]",57.20627999305725,results/make49/stage4_cache/CIFAR10.json:vae|CIFAR10|m32|s123|e300|es1|b2,True,not available,300,True
CIFAR10,B5_fixed32,777,2.0,anchor,vae|CIFAR10|m256|s777|e300|es1|b2,not in trace,,not charged in original ledger; MAKE50 used current snapshot,92.02225232124329,results/make49/stage4_cache/CIFAR10.json:vae|CIFAR10|m256|s777|e300|es1|b2,,not available,300,True
CIFAR10,B5_fixed32,777,2.0,final,vae|CIFAR10|m32|s777|e300|es1|b2,vae|m32|e300|es1|b2,33.96086287498474,"stage4_methods.json: (CIFAR10,B5_fixed32,777,2).trace[0]",33.96086287498474,results/make49/stage4_cache/CIFAR10.json:vae|CIFAR10|m32|s777|e300|es1|b2,True,not available,300,True
CIFAR10,B5_fixed32,2024,2.0,anchor,vae|CIFAR10|m256|s2024|e300|es1|b2,not in trace,,not charged in original ledger; MAKE50 used current snapshot,62.044416666030884,results/make49/stage4_cache/CIFAR10.json:vae|CIFAR10|m256|s2024|e300|es1|b2,,not available,300,True
CIFAR10,B5_fixed32,2024,2.0,final,vae|CIFAR10|m32|s2024|e300|es1|b2,vae|m32|e300|es1|b2,46.655941009521484,"stage4_methods.json: (CIFAR10,B5_fixed32,2024,2).trace[0]",46.655941009521484,results/make49/stage4_cache/CIFAR10.json:vae|CIFAR10|m32|s2024|e300|es1|b2,True,not available,300,True
CIFAR10,B5_fixed32,31337,2.0,anchor,vae|CIFAR10|m256|s31337|e300|es1|b2,not in trace,,not charged in original ledger; MAKE50 used current snapshot,42.03680443763733,results/make49/stage4_cache/CIFAR10.json:vae|CIFAR10|m256|s31337|e300|es1|b2,,not available,300,True
CIFAR10,B5_fixed32,31337,2.0,final,vae|CIFAR10|m32|s31337|e300|es1|b2,vae|m32|e300|es1|b2,54.547319173812866,"stage4_methods.json: (CIFAR10,B5_fixed32,31337,2).trace[0]",54.547319173812866,results/make49/stage4_cache/CIFAR10.json:vae|CIFAR10|m32|s31337|e300|es1|b2,True,not available,300,True
CIFAR10,B6a_fondue,42,2.0,anchor,vae|CIFAR10|m256|s42|e300|es1|b2,not in trace,,not charged in original ledger; MAKE50 used current snapshot,44.15496873855591,results/make49/stage4_cache/CIFAR10.json:vae|CIFAR10|m256|s42|e300|es1|b2,,not available,300,True
CIFAR10,B6a_fondue,42,2.0,final,vae|CIFAR10|m14|s42|e300|es1|b2,vae|m14|e300|es1|b2,34.81712293624878,"stage4_methods.json: (CIFAR10,B6a_fondue,42,2).trace[6]",34.81712293624878,results/make49/stage4_cache/CIFAR10.json:vae|CIFAR10|m14|s42|e300|es1|b2,True,not available,300,True
CIFAR10,B6a_fondue,123,2.0,anchor,vae|CIFAR10|m256|s123|e300|es1|b2,not in trace,,not charged in original ledger; MAKE50 used current snapshot,77.37014365196228,results/make49/stage4_cache/CIFAR10.json:vae|CIFAR10|m256|s123|e300|es1|b2,,not available,300,True
CIFAR10,B6a_fondue,123,2.0,final,vae|CIFAR10|m13|s123|e300|es1|b2,vae|m13|e300|es1|b2,43.801867961883545,"stage4_methods.json: (CIFAR10,B6a_fondue,123,2).trace[6]",43.801867961883545,results/make49/stage4_cache/CIFAR10.json:vae|CIFAR10|m13|s123|e300|es1|b2,True,not available,300,True
CIFAR10,B6a_fondue,777,2.0,anchor,vae|CIFAR10|m256|s777|e300|es1|b2,not in trace,,not charged in original ledger; MAKE50 used current snapshot,92.02225232124329,results/make49/stage4_cache/CIFAR10.json:vae|CIFAR10|m256|s777|e300|es1|b2,,not available,300,True
CIFAR10,B6a_fondue,777,2.0,final,vae|CIFAR10|m14|s777|e300|es1|b2,vae|m14|e300|es1|b2,52.221299171447754,"stage4_methods.json: (CIFAR10,B6a_fondue,777,2).trace[6]",52.221299171447754,results/make49/stage4_cache/CIFAR10.json:vae|CIFAR10|m14|s777|e300|es1|b2,True,not available,300,True
CIFAR10,B6a_fondue,2024,2.0,anchor,vae|CIFAR10|m256|s2024|e300|es1|b2,not in trace,,not charged in original ledger; MAKE50 used current snapshot,62.044416666030884,results/make49/stage4_cache/CIFAR10.json:vae|CIFAR10|m256|s2024|e300|es1|b2,,not available,300,True
CIFAR10,B6a_fondue,2024,2.0,final,vae|CIFAR10|m13|s2024|e300|es1|b2,vae|m13|e300|es1|b2,40.588977575302124,"stage4_methods.json: (CIFAR10,B6a_fondue,2024,2).trace[6]",40.588977575302124,results/make49/stage4_cache/CIFAR10.json:vae|CIFAR10|m13|s2024|e300|es1|b2,True,not available,300,True
CIFAR10,B6a_fondue,31337,2.0,anchor,vae|CIFAR10|m256|s31337|e300|es1|b2,not in trace,,not charged in original ledger; MAKE50 used current snapshot,42.03680443763733,results/make49/stage4_cache/CIFAR10.json:vae|CIFAR10|m256|s31337|e300|es1|b2,,not available,300,True
CIFAR10,B6a_fondue,31337,2.0,final,vae|CIFAR10|m13|s31337|e300|es1|b2,vae|m13|e300|es1|b2,33.74705362319946,"stage4_methods.json: (CIFAR10,B6a_fondue,31337,2).trace[6]",33.74705362319946,results/make49/stage4_cache/CIFAR10.json:vae|CIFAR10|m13|s31337|e300|es1|b2,True,not available,300,True
CIFAR10,B6b_fondue_var,42,2.0,anchor,vae|CIFAR10|m256|s42|e300|es1|b2,not in trace,,not charged in original ledger; MAKE50 used current snapshot,44.15496873855591,results/make49/stage4_cache/CIFAR10.json:vae|CIFAR10|m256|s42|e300|es1|b2,,not available,300,True
CIFAR10,B6b_fondue_var,42,2.0,final,vae|CIFAR10|m17|s42|e300|es1|b2,vae|m17|e300|es1|b2,42.153268337249756,"stage4_methods.json: (CIFAR10,B6b_fondue_var,42,2).trace[1]",42.153268337249756,results/make49/stage4_cache/CIFAR10.json:vae|CIFAR10|m17|s42|e300|es1|b2,True,not available,300,True
CIFAR10,B6b_fondue_var,123,2.0,anchor,vae|CIFAR10|m256|s123|e300|es1|b2,not in trace,,not charged in original ledger; MAKE50 used current snapshot,77.37014365196228,results/make49/stage4_cache/CIFAR10.json:vae|CIFAR10|m256|s123|e300|es1|b2,,not available,300,True
CIFAR10,B6b_fondue_var,123,2.0,final,vae|CIFAR10|m24|s123|e300|es1|b2,vae|m24|e300|es1|b2,32.343379974365234,"stage4_methods.json: (CIFAR10,B6b_fondue_var,123,2).trace[1]",32.343379974365234,results/make49/stage4_cache/CIFAR10.json:vae|CIFAR10|m24|s123|e300|es1|b2,True,not available,300,True
CIFAR10,B6b_fondue_var,777,2.0,anchor,vae|CIFAR10|m256|s777|e300|es1|b2,not in trace,,not charged in original ledger; MAKE50 used current snapshot,92.02225232124329,results/make49/stage4_cache/CIFAR10.json:vae|CIFAR10|m256|s777|e300|es1|b2,,not available,300,True
CIFAR10,B6b_fondue_var,777,2.0,final,vae|CIFAR10|m29|s777|e300|es1|b2,vae|m29|e300|es1|b2,57.5562629699707,"stage4_methods.json: (CIFAR10,B6b_fondue_var,777,2).trace[1]",57.5562629699707,results/make49/stage4_cache/CIFAR10.json:vae|CIFAR10|m29|s777|e300|es1|b2,True,not available,300,True
CIFAR10,B6b_fondue_var,2024,2.0,anchor,vae|CIFAR10|m256|s2024|e300|es1|b2,not in trace,,not charged in original ledger; MAKE50 used current snapshot,62.044416666030884,results/make49/stage4_cache/CIFAR10.json:vae|CIFAR10|m256|s2024|e300|es1|b2,,not available,300,True
CIFAR10,B6b_fondue_var,2024,2.0,final,vae|CIFAR10|m24|s2024|e300|es1|b2,vae|m24|e300|es1|b2,65.80126738548279,"stage4_methods.json: (CIFAR10,B6b_fondue_var,2024,2).trace[1]",65.80126738548279,results/make49/stage4_cache/CIFAR10.json:vae|CIFAR10|m24|s2024|e300|es1|b2,True,not available,300,True
CIFAR10,B6b_fondue_var,31337,2.0,anchor,vae|CIFAR10|m256|s31337|e300|es1|b2,not in trace,,not charged in original ledger; MAKE50 used current snapshot,42.03680443763733,results/make49/stage4_cache/CIFAR10.json:vae|CIFAR10|m256|s31337|e300|es1|b2,,not available,300,True
CIFAR10,B6b_fondue_var,31337,2.0,final,vae|CIFAR10|m18|s31337|e300|es1|b2,vae|m18|e300|es1|b2,62.70181441307068,"stage4_methods.json: (CIFAR10,B6b_fondue_var,31337,2).trace[1]",62.70181441307068,results/make49/stage4_cache/CIFAR10.json:vae|CIFAR10|m18|s31337|e300|es1|b2,True,not available,300,True
CIFAR10,B6b_fondue_var_keepmixed_false,42,2.0,anchor,vae|CIFAR10|m256|s42|e300|es1|b2,not in trace,,not charged in original ledger; MAKE50 used current snapshot,44.15496873855591,results/make49/stage4_cache/CIFAR10.json:vae|CIFAR10|m256|s42|e300|es1|b2,,not available,300,True
CIFAR10,B6b_fondue_var_keepmixed_false,42,2.0,final,vae|CIFAR10|m4|s42|e300|es1|b2,vae|m4|e300|es1|b2,39.739299058914185,"stage4_methods.json: (CIFAR10,B6b_fondue_var_keepmixed_false,42,2).trace[1]",39.739299058914185,results/make49/stage4_cache/CIFAR10.json:vae|CIFAR10|m4|s42|e300|es1|b2,True,not available,300,True
CIFAR10,B6b_fondue_var_keepmixed_false,123,2.0,anchor,vae|CIFAR10|m256|s123|e300|es1|b2,not in trace,,not charged in original ledger; MAKE50 used current snapshot,77.37014365196228,results/make49/stage4_cache/CIFAR10.json:vae|CIFAR10|m256|s123|e300|es1|b2,,not available,300,True
CIFAR10,B6b_fondue_var_keepmixed_false,123,2.0,final,vae|CIFAR10|m3|s123|e300|es1|b2,vae|m3|e300|es1|b2,33.12472677230835,"stage4_methods.json: (CIFAR10,B6b_fondue_var_keepmixed_false,123,2).trace[1]",33.12472677230835,results/make49/stage4_cache/CIFAR10.json:vae|CIFAR10|m3|s123|e300|es1|b2,True,not available,300,True
CIFAR10,B6b_fondue_var_keepmixed_false,777,2.0,anchor,vae|CIFAR10|m256|s777|e300|es1|b2,not in trace,,not charged in original ledger; MAKE50 used current snapshot,92.02225232124329,results/make49/stage4_cache/CIFAR10.json:vae|CIFAR10|m256|s777|e300|es1|b2,,not available,300,True
CIFAR10,B6b_fondue_var_keepmixed_false,777,2.0,final,vae|CIFAR10|m2|s777|e300|es1|b2,vae|m2|e300|es1|b2,35.50352883338928,"stage4_methods.json: (CIFAR10,B6b_fondue_var_keepmixed_false,777,2).trace[1]",35.50352883338928,results/make49/stage4_cache/CIFAR10.json:vae|CIFAR10|m2|s777|e300|es1|b2,True,not available,300,True
CIFAR10,B6b_fondue_var_keepmixed_false,2024,2.0,anchor,vae|CIFAR10|m256|s2024|e300|es1|b2,not in trace,,not charged in original ledger; MAKE50 used current snapshot,62.044416666030884,results/make49/stage4_cache/CIFAR10.json:vae|CIFAR10|m256|s2024|e300|es1|b2,,not available,300,True
CIFAR10,B6b_fondue_var_keepmixed_false,2024,2.0,final,vae|CIFAR10|m2|s2024|e300|es1|b2,vae|m2|e300|es1|b2,40.61111116409302,"stage4_methods.json: (CIFAR10,B6b_fondue_var_keepmixed_false,2024,2).trace[1]",40.61111116409302,results/make49/stage4_cache/CIFAR10.json:vae|CIFAR10|m2|s2024|e300|es1|b2,True,not available,300,True
CIFAR10,B6b_fondue_var_keepmixed_false,31337,2.0,anchor,vae|CIFAR10|m256|s31337|e300|es1|b2,not in trace,,not charged in original ledger; MAKE50 used current snapshot,42.03680443763733,results/make49/stage4_cache/CIFAR10.json:vae|CIFAR10|m256|s31337|e300|es1|b2,,not available,300,True
CIFAR10,B6b_fondue_var_keepmixed_false,31337,2.0,final,vae|CIFAR10|m2|s31337|e300|es1|b2,vae|m2|e300|es1|b2,43.992876052856445,"stage4_methods.json: (CIFAR10,B6b_fondue_var_keepmixed_false,31337,2).trace[1]",43.992876052856445,results/make49/stage4_cache/CIFAR10.json:vae|CIFAR10|m2|s31337|e300|es1|b2,True,not available,300,True
CIFAR10,proposed,42,2.0,anchor,vae|CIFAR10|m256|s42|e300|es1|b2,vae|m256|e300|es1|b2,44.15496873855591,"stage4_methods.json: (CIFAR10,proposed,42,2).trace[12]",44.15496873855591,results/make49/stage4_cache/CIFAR10.json:vae|CIFAR10|m256|s42|e300|es1|b2,,not available,300,True
CIFAR10,proposed,42,2.0,final,vae|CIFAR10|m48|s42|e300|es1|b2,vae|m48|e300|es1|b2,36.68335795402527,"stage4_methods.json: (CIFAR10,proposed,42,2).trace[11]",36.68335795402527,results/make49/stage4_cache/CIFAR10.json:vae|CIFAR10|m48|s42|e300|es1|b2,True,not available,300,True
CIFAR10,proposed,123,2.0,anchor,vae|CIFAR10|m256|s123|e300|es1|b2,vae|m256|e300|es1|b2,77.37014365196228,"stage4_methods.json: (CIFAR10,proposed,123,2).trace[12]",77.37014365196228,results/make49/stage4_cache/CIFAR10.json:vae|CIFAR10|m256|s123|e300|es1|b2,,not available,300,True
CIFAR10,proposed,123,2.0,final,vae|CIFAR10|m48|s123|e300|es1|b2,vae|m48|e300|es1|b2,47.031254053115845,"stage4_methods.json: (CIFAR10,proposed,123,2).trace[11]",47.031254053115845,results/make49/stage4_cache/CIFAR10.json:vae|CIFAR10|m48|s123|e300|es1|b2,True,not available,300,True
CIFAR10,proposed,777,2.0,anchor,vae|CIFAR10|m256|s777|e300|es1|b2,vae|m256|e300|es1|b2,92.02225232124329,"stage4_methods.json: (CIFAR10,proposed,777,2).trace[12]",92.02225232124329,results/make49/stage4_cache/CIFAR10.json:vae|CIFAR10|m256|s777|e300|es1|b2,,not available,300,True
CIFAR10,proposed,777,2.0,final,vae|CIFAR10|m256|s777|e300|es1|b2,vae|m256|e300|es1|b2,92.02225232124329,"stage4_methods.json: (CIFAR10,proposed,777,2).trace[12]",92.02225232124329,results/make49/stage4_cache/CIFAR10.json:vae|CIFAR10|m256|s777|e300|es1|b2,True,not available,300,True
CIFAR10,proposed,2024,2.0,anchor,vae|CIFAR10|m256|s2024|e300|es1|b2,vae|m256|e300|es1|b2,62.044416666030884,"stage4_methods.json: (CIFAR10,proposed,2024,2).trace[12]",62.044416666030884,results/make49/stage4_cache/CIFAR10.json:vae|CIFAR10|m256|s2024|e300|es1|b2,,not available,300,True
CIFAR10,proposed,2024,2.0,final,vae|CIFAR10|m256|s2024|e300|es1|b2,vae|m256|e300|es1|b2,62.044416666030884,"stage4_methods.json: (CIFAR10,proposed,2024,2).trace[12]",62.044416666030884,results/make49/stage4_cache/CIFAR10.json:vae|CIFAR10|m256|s2024|e300|es1|b2,True,not available,300,True
CIFAR10,proposed,31337,2.0,anchor,vae|CIFAR10|m256|s31337|e300|es1|b2,vae|m256|e300|es1|b2,42.03680443763733,"stage4_methods.json: (CIFAR10,proposed,31337,2).trace[12]",42.03680443763733,results/make49/stage4_cache/CIFAR10.json:vae|CIFAR10|m256|s31337|e300|es1|b2,,not available,300,True
CIFAR10,proposed,31337,2.0,final,vae|CIFAR10|m48|s31337|e300|es1|b2,vae|m48|e300|es1|b2,42.20997142791748,"stage4_methods.json: (CIFAR10,proposed,31337,2).trace[11]",42.20997142791748,results/make49/stage4_cache/CIFAR10.json:vae|CIFAR10|m48|s31337|e300|es1|b2,True,not available,300,True
CIFAR10,proposed_minus_AU,42,2.0,anchor,vae|CIFAR10|m256|s42|e300|es1|b2,vae|m256|e300|es1|b2,44.15496873855591,"stage4_methods.json: (CIFAR10,proposed_minus_AU,42,2).trace[12]",44.15496873855591,results/make49/stage4_cache/CIFAR10.json:vae|CIFAR10|m256|s42|e300|es1|b2,,not available,300,True
CIFAR10,proposed_minus_AU,42,2.0,final,vae|CIFAR10|m48|s42|e300|es1|b2,vae|m48|e300|es1|b2,36.68335795402527,"stage4_methods.json: (CIFAR10,proposed_minus_AU,42,2).trace[11]",36.68335795402527,results/make49/stage4_cache/CIFAR10.json:vae|CIFAR10|m48|s42|e300|es1|b2,True,not available,300,True
CIFAR10,proposed_minus_AU,123,2.0,anchor,vae|CIFAR10|m256|s123|e300|es1|b2,vae|m256|e300|es1|b2,77.37014365196228,"stage4_methods.json: (CIFAR10,proposed_minus_AU,123,2).trace[12]",77.37014365196228,results/make49/stage4_cache/CIFAR10.json:vae|CIFAR10|m256|s123|e300|es1|b2,,not available,300,True
CIFAR10,proposed_minus_AU,123,2.0,final,vae|CIFAR10|m48|s123|e300|es1|b2,vae|m48|e300|es1|b2,47.031254053115845,"stage4_methods.json: (CIFAR10,proposed_minus_AU,123,2).trace[11]",47.031254053115845,results/make49/stage4_cache/CIFAR10.json:vae|CIFAR10|m48|s123|e300|es1|b2,True,not available,300,True
CIFAR10,proposed_minus_AU,777,2.0,anchor,vae|CIFAR10|m256|s777|e300|es1|b2,vae|m256|e300|es1|b2,92.02225232124329,"stage4_methods.json: (CIFAR10,proposed_minus_AU,777,2).trace[12]",92.02225232124329,results/make49/stage4_cache/CIFAR10.json:vae|CIFAR10|m256|s777|e300|es1|b2,,not available,300,True
CIFAR10,proposed_minus_AU,777,2.0,final,vae|CIFAR10|m256|s777|e300|es1|b2,vae|m256|e300|es1|b2,92.02225232124329,"stage4_methods.json: (CIFAR10,proposed_minus_AU,777,2).trace[12]",92.02225232124329,results/make49/stage4_cache/CIFAR10.json:vae|CIFAR10|m256|s777|e300|es1|b2,True,not available,300,True
CIFAR10,proposed_minus_AU,2024,2.0,anchor,vae|CIFAR10|m256|s2024|e300|es1|b2,vae|m256|e300|es1|b2,62.044416666030884,"stage4_methods.json: (CIFAR10,proposed_minus_AU,2024,2).trace[12]",62.044416666030884,results/make49/stage4_cache/CIFAR10.json:vae|CIFAR10|m256|s2024|e300|es1|b2,,not available,300,True
CIFAR10,proposed_minus_AU,2024,2.0,final,vae|CIFAR10|m256|s2024|e300|es1|b2,vae|m256|e300|es1|b2,62.044416666030884,"stage4_methods.json: (CIFAR10,proposed_minus_AU,2024,2).trace[12]",62.044416666030884,results/make49/stage4_cache/CIFAR10.json:vae|CIFAR10|m256|s2024|e300|es1|b2,True,not available,300,True
CIFAR10,proposed_minus_AU,31337,2.0,anchor,vae|CIFAR10|m256|s31337|e300|es1|b2,vae|m256|e300|es1|b2,42.03680443763733,"stage4_methods.json: (CIFAR10,proposed_minus_AU,31337,2).trace[12]",42.03680443763733,results/make49/stage4_cache/CIFAR10.json:vae|CIFAR10|m256|s31337|e300|es1|b2,,not available,300,True
CIFAR10,proposed_minus_AU,31337,2.0,final,vae|CIFAR10|m48|s31337|e300|es1|b2,vae|m48|e300|es1|b2,42.20997142791748,"stage4_methods.json: (CIFAR10,proposed_minus_AU,31337,2).trace[11]",42.20997142791748,results/make49/stage4_cache/CIFAR10.json:vae|CIFAR10|m48|s31337|e300|es1|b2,True,not available,300,True
CIFAR10,ascending_scan_Q,42,2.0,anchor,vae|CIFAR10|m256|s42|e300|es1|b2,vae|m256|e300|es1|b2,44.15496873855591,"stage4_methods.json: (CIFAR10,ascending_scan_Q,42,2).trace[0]",44.15496873855591,results/make49/stage4_cache/CIFAR10.json:vae|CIFAR10|m256|s42|e300|es1|b2,,not available,300,True
CIFAR10,ascending_scan_Q,42,2.0,final,vae|CIFAR10|m16|s42|e300|es1|b2,vae|m16|e300|es1|b2,46.465943336486816,"stage4_methods.json: (CIFAR10,ascending_scan_Q,42,2).trace[2]",46.465943336486816,results/make49/stage4_cache/CIFAR10.json:vae|CIFAR10|m16|s42|e300|es1|b2,True,not available,300,True
CIFAR10,ascending_scan_Q,123,2.0,anchor,vae|CIFAR10|m256|s123|e300|es1|b2,vae|m256|e300|es1|b2,77.37014365196228,"stage4_methods.json: (CIFAR10,ascending_scan_Q,123,2).trace[0]",77.37014365196228,results/make49/stage4_cache/CIFAR10.json:vae|CIFAR10|m256|s123|e300|es1|b2,,not available,300,True
CIFAR10,ascending_scan_Q,123,2.0,final,vae|CIFAR10|m16|s123|e300|es1|b2,vae|m16|e300|es1|b2,38.96873068809509,"stage4_methods.json: (CIFAR10,ascending_scan_Q,123,2).trace[2]",38.96873068809509,results/make49/stage4_cache/CIFAR10.json:vae|CIFAR10|m16|s123|e300|es1|b2,True,not available,300,True
CIFAR10,ascending_scan_Q,777,2.0,anchor,vae|CIFAR10|m256|s777|e300|es1|b2,vae|m256|e300|es1|b2,92.02225232124329,"stage4_methods.json: (CIFAR10,ascending_scan_Q,777,2).trace[0]",92.02225232124329,results/make49/stage4_cache/CIFAR10.json:vae|CIFAR10|m256|s777|e300|es1|b2,,not available,300,True
CIFAR10,ascending_scan_Q,777,2.0,final,vae|CIFAR10|m16|s777|e300|es1|b2,vae|m16|e300|es1|b2,28.795710802078247,"stage4_methods.json: (CIFAR10,ascending_scan_Q,777,2).trace[2]",28.795710802078247,results/make49/stage4_cache/CIFAR10.json:vae|CIFAR10|m16|s777|e300|es1|b2,True,not available,300,True
CIFAR10,ascending_scan_Q,2024,2.0,anchor,vae|CIFAR10|m256|s2024|e300|es1|b2,vae|m256|e300|es1|b2,62.044416666030884,"stage4_methods.json: (CIFAR10,ascending_scan_Q,2024,2).trace[0]",62.044416666030884,results/make49/stage4_cache/CIFAR10.json:vae|CIFAR10|m256|s2024|e300|es1|b2,,not available,300,True
CIFAR10,ascending_scan_Q,2024,2.0,final,vae|CIFAR10|m16|s2024|e300|es1|b2,vae|m16|e300|es1|b2,42.0234854221344,"stage4_methods.json: (CIFAR10,ascending_scan_Q,2024,2).trace[2]",42.0234854221344,results/make49/stage4_cache/CIFAR10.json:vae|CIFAR10|m16|s2024|e300|es1|b2,True,not available,300,True
CIFAR10,ascending_scan_Q,31337,2.0,anchor,vae|CIFAR10|m256|s31337|e300|es1|b2,vae|m256|e300|es1|b2,42.03680443763733,"stage4_methods.json: (CIFAR10,ascending_scan_Q,31337,2).trace[0]",42.03680443763733,results/make49/stage4_cache/CIFAR10.json:vae|CIFAR10|m256|s31337|e300|es1|b2,,not available,300,True
CIFAR10,ascending_scan_Q,31337,2.0,final,vae|CIFAR10|m16|s31337|e300|es1|b2,vae|m16|e300|es1|b2,37.813782691955566,"stage4_methods.json: (CIFAR10,ascending_scan_Q,31337,2).trace[2]",37.813782691955566,results/make49/stage4_cache/CIFAR10.json:vae|CIFAR10|m16|s31337|e300|es1|b2,True,not available,300,True
CIFAR10,B4_plus_Q,42,2.0,anchor,vae|CIFAR10|m256|s42|e300|es1|b2,vae|m256|e300|es1|b2,44.15496873855591,"stage4_methods.json: (CIFAR10,B4_plus_Q,42,2).trace[3]",44.15496873855591,results/make49/stage4_cache/CIFAR10.json:vae|CIFAR10|m256|s42|e300|es1|b2,,not available,300,True
CIFAR10,B4_plus_Q,42,2.0,final,vae|CIFAR10|m48|s42|e300|es1|b2,vae|m48|e300|es1|b2,36.68335795402527,"stage4_methods.json: (CIFAR10,B4_plus_Q,42,2).trace[2]",36.68335795402527,results/make49/stage4_cache/CIFAR10.json:vae|CIFAR10|m48|s42|e300|es1|b2,True,not available,300,True
CIFAR10,B4_plus_Q,123,2.0,anchor,vae|CIFAR10|m256|s123|e300|es1|b2,vae|m256|e300|es1|b2,77.37014365196228,"stage4_methods.json: (CIFAR10,B4_plus_Q,123,2).trace[3]",77.37014365196228,results/make49/stage4_cache/CIFAR10.json:vae|CIFAR10|m256|s123|e300|es1|b2,,not available,300,True
CIFAR10,B4_plus_Q,123,2.0,final,vae|CIFAR10|m48|s123|e300|es1|b2,vae|m48|e300|es1|b2,47.031254053115845,"stage4_methods.json: (CIFAR10,B4_plus_Q,123,2).trace[2]",47.031254053115845,results/make49/stage4_cache/CIFAR10.json:vae|CIFAR10|m48|s123|e300|es1|b2,True,not available,300,True
CIFAR10,B4_plus_Q,777,2.0,anchor,vae|CIFAR10|m256|s777|e300|es1|b2,vae|m256|e300|es1|b2,92.02225232124329,"stage4_methods.json: (CIFAR10,B4_plus_Q,777,2).trace[3]",92.02225232124329,results/make49/stage4_cache/CIFAR10.json:vae|CIFAR10|m256|s777|e300|es1|b2,,not available,300,True
CIFAR10,B4_plus_Q,777,2.0,final,vae|CIFAR10|m256|s777|e300|es1|b2,vae|m256|e300|es1|b2,92.02225232124329,"stage4_methods.json: (CIFAR10,B4_plus_Q,777,2).trace[3]",92.02225232124329,results/make49/stage4_cache/CIFAR10.json:vae|CIFAR10|m256|s777|e300|es1|b2,True,not available,300,True
CIFAR10,B4_plus_Q,2024,2.0,anchor,vae|CIFAR10|m256|s2024|e300|es1|b2,vae|m256|e300|es1|b2,62.044416666030884,"stage4_methods.json: (CIFAR10,B4_plus_Q,2024,2).trace[3]",62.044416666030884,results/make49/stage4_cache/CIFAR10.json:vae|CIFAR10|m256|s2024|e300|es1|b2,,not available,300,True
CIFAR10,B4_plus_Q,2024,2.0,final,vae|CIFAR10|m256|s2024|e300|es1|b2,vae|m256|e300|es1|b2,62.044416666030884,"stage4_methods.json: (CIFAR10,B4_plus_Q,2024,2).trace[3]",62.044416666030884,results/make49/stage4_cache/CIFAR10.json:vae|CIFAR10|m256|s2024|e300|es1|b2,True,not available,300,True
CIFAR10,B4_plus_Q,31337,2.0,anchor,vae|CIFAR10|m256|s31337|e300|es1|b2,vae|m256|e300|es1|b2,42.03680443763733,"stage4_methods.json: (CIFAR10,B4_plus_Q,31337,2).trace[3]",42.03680443763733,results/make49/stage4_cache/CIFAR10.json:vae|CIFAR10|m256|s31337|e300|es1|b2,,not available,300,True
CIFAR10,B4_plus_Q,31337,2.0,final,vae|CIFAR10|m48|s31337|e300|es1|b2,vae|m48|e300|es1|b2,42.20997142791748,"stage4_methods.json: (CIFAR10,B4_plus_Q,31337,2).trace[2]",42.20997142791748,results/make49/stage4_cache/CIFAR10.json:vae|CIFAR10|m48|s31337|e300|es1|b2,True,not available,300,True
CIFAR10,B6a_plus_Q,42,2.0,anchor,vae|CIFAR10|m256|s42|e300|es1|b2,vae|m256|e300|es1|b2,44.15496873855591,"stage4_methods.json: (CIFAR10,B6a_plus_Q,42,2).trace[6]",44.15496873855591,results/make49/stage4_cache/CIFAR10.json:vae|CIFAR10|m256|s42|e300|es1|b2,,not available,300,True
CIFAR10,B6a_plus_Q,42,2.0,final,vae|CIFAR10|m16|s42|e300|es1|b2,vae|m16|e300|es1|b2,46.465943336486816,"stage4_methods.json: (CIFAR10,B6a_plus_Q,42,2).trace[7]",46.465943336486816,results/make49/stage4_cache/CIFAR10.json:vae|CIFAR10|m16|s42|e300|es1|b2,True,not available,300,True
CIFAR10,B6a_plus_Q,123,2.0,anchor,vae|CIFAR10|m256|s123|e300|es1|b2,vae|m256|e300|es1|b2,77.37014365196228,"stage4_methods.json: (CIFAR10,B6a_plus_Q,123,2).trace[6]",77.37014365196228,results/make49/stage4_cache/CIFAR10.json:vae|CIFAR10|m256|s123|e300|es1|b2,,not available,300,True
CIFAR10,B6a_plus_Q,123,2.0,final,vae|CIFAR10|m16|s123|e300|es1|b2,vae|m16|e300|es1|b2,38.96873068809509,"stage4_methods.json: (CIFAR10,B6a_plus_Q,123,2).trace[7]",38.96873068809509,results/make49/stage4_cache/CIFAR10.json:vae|CIFAR10|m16|s123|e300|es1|b2,True,not available,300,True
CIFAR10,B6a_plus_Q,777,2.0,anchor,vae|CIFAR10|m256|s777|e300|es1|b2,vae|m256|e300|es1|b2,92.02225232124329,"stage4_methods.json: (CIFAR10,B6a_plus_Q,777,2).trace[6]",92.02225232124329,results/make49/stage4_cache/CIFAR10.json:vae|CIFAR10|m256|s777|e300|es1|b2,,not available,300,True
CIFAR10,B6a_plus_Q,777,2.0,final,vae|CIFAR10|m16|s777|e300|es1|b2,vae|m16|e300|es1|b2,28.795710802078247,"stage4_methods.json: (CIFAR10,B6a_plus_Q,777,2).trace[7]",28.795710802078247,results/make49/stage4_cache/CIFAR10.json:vae|CIFAR10|m16|s777|e300|es1|b2,True,not available,300,True
CIFAR10,B6a_plus_Q,2024,2.0,anchor,vae|CIFAR10|m256|s2024|e300|es1|b2,vae|m256|e300|es1|b2,62.044416666030884,"stage4_methods.json: (CIFAR10,B6a_plus_Q,2024,2).trace[6]",62.044416666030884,results/make49/stage4_cache/CIFAR10.json:vae|CIFAR10|m256|s2024|e300|es1|b2,,not available,300,True
CIFAR10,B6a_plus_Q,2024,2.0,final,vae|CIFAR10|m16|s2024|e300|es1|b2,vae|m16|e300|es1|b2,42.0234854221344,"stage4_methods.json: (CIFAR10,B6a_plus_Q,2024,2).trace[7]",42.0234854221344,results/make49/stage4_cache/CIFAR10.json:vae|CIFAR10|m16|s2024|e300|es1|b2,True,not available,300,True
CIFAR10,B6a_plus_Q,31337,2.0,anchor,vae|CIFAR10|m256|s31337|e300|es1|b2,vae|m256|e300|es1|b2,42.03680443763733,"stage4_methods.json: (CIFAR10,B6a_plus_Q,31337,2).trace[6]",42.03680443763733,results/make49/stage4_cache/CIFAR10.json:vae|CIFAR10|m256|s31337|e300|es1|b2,,not available,300,True
CIFAR10,B6a_plus_Q,31337,2.0,final,vae|CIFAR10|m16|s31337|e300|es1|b2,vae|m16|e300|es1|b2,37.813782691955566,"stage4_methods.json: (CIFAR10,B6a_plus_Q,31337,2).trace[7]",37.813782691955566,results/make49/stage4_cache/CIFAR10.json:vae|CIFAR10|m16|s31337|e300|es1|b2,True,not available,300,True
CIFAR10,B6b_plus_Q,42,2.0,anchor,vae|CIFAR10|m256|s42|e300|es1|b2,vae|m256|e300|es1|b2,44.15496873855591,"stage4_methods.json: (CIFAR10,B6b_plus_Q,42,2).trace[1]",44.15496873855591,results/make49/stage4_cache/CIFAR10.json:vae|CIFAR10|m256|s42|e300|es1|b2,,not available,300,True
CIFAR10,B6b_plus_Q,42,2.0,final,vae|CIFAR10|m24|s42|e300|es1|b2,vae|m24|e300|es1|b2,47.124165058135986,"stage4_methods.json: (CIFAR10,B6b_plus_Q,42,2).trace[2]",47.124165058135986,results/make49/stage4_cache/CIFAR10.json:vae|CIFAR10|m24|s42|e300|es1|b2,True,not available,300,True
CIFAR10,B6b_plus_Q,123,2.0,anchor,vae|CIFAR10|m256|s123|e300|es1|b2,vae|m256|e300|es1|b2,77.37014365196228,"stage4_methods.json: (CIFAR10,B6b_plus_Q,123,2).trace[1]",77.37014365196228,results/make49/stage4_cache/CIFAR10.json:vae|CIFAR10|m256|s123|e300|es1|b2,,not available,300,True
CIFAR10,B6b_plus_Q,123,2.0,final,vae|CIFAR10|m24|s123|e300|es1|b2,vae|m24|e300|es1|b2,32.343379974365234,"stage4_methods.json: (CIFAR10,B6b_plus_Q,123,2).trace[2]",32.343379974365234,results/make49/stage4_cache/CIFAR10.json:vae|CIFAR10|m24|s123|e300|es1|b2,True,not available,300,True
CIFAR10,B6b_plus_Q,777,2.0,anchor,vae|CIFAR10|m256|s777|e300|es1|b2,vae|m256|e300|es1|b2,92.02225232124329,"stage4_methods.json: (CIFAR10,B6b_plus_Q,777,2).trace[1]",92.02225232124329,results/make49/stage4_cache/CIFAR10.json:vae|CIFAR10|m256|s777|e300|es1|b2,,not available,300,True
CIFAR10,B6b_plus_Q,777,2.0,final,vae|CIFAR10|m32|s777|e300|es1|b2,vae|m32|e300|es1|b2,33.96086287498474,"stage4_methods.json: (CIFAR10,B6b_plus_Q,777,2).trace[2]",33.96086287498474,results/make49/stage4_cache/CIFAR10.json:vae|CIFAR10|m32|s777|e300|es1|b2,True,not available,300,True
CIFAR10,B6b_plus_Q,2024,2.0,anchor,vae|CIFAR10|m256|s2024|e300|es1|b2,vae|m256|e300|es1|b2,62.044416666030884,"stage4_methods.json: (CIFAR10,B6b_plus_Q,2024,2).trace[1]",62.044416666030884,results/make49/stage4_cache/CIFAR10.json:vae|CIFAR10|m256|s2024|e300|es1|b2,,not available,300,True
CIFAR10,B6b_plus_Q,2024,2.0,final,vae|CIFAR10|m24|s2024|e300|es1|b2,vae|m24|e300|es1|b2,65.80126738548279,"stage4_methods.json: (CIFAR10,B6b_plus_Q,2024,2).trace[2]",65.80126738548279,results/make49/stage4_cache/CIFAR10.json:vae|CIFAR10|m24|s2024|e300|es1|b2,True,not available,300,True
CIFAR10,B6b_plus_Q,31337,2.0,anchor,vae|CIFAR10|m256|s31337|e300|es1|b2,vae|m256|e300|es1|b2,42.03680443763733,"stage4_methods.json: (CIFAR10,B6b_plus_Q,31337,2).trace[1]",42.03680443763733,results/make49/stage4_cache/CIFAR10.json:vae|CIFAR10|m256|s31337|e300|es1|b2,,not available,300,True
CIFAR10,B6b_plus_Q,31337,2.0,final,vae|CIFAR10|m24|s31337|e300|es1|b2,vae|m24|e300|es1|b2,35.45513725280762,"stage4_methods.json: (CIFAR10,B6b_plus_Q,31337,2).trace[2]",35.45513725280762,results/make49/stage4_cache/CIFAR10.json:vae|CIFAR10|m24|s31337|e300|es1|b2,True,not available,300,True
CIFAR10,B1_full_mse,42,4.0,anchor,vae|CIFAR10|m256|s42|e300|es1|b4,vae|m256|e300|es1|b4,70.8081705570221,"stage4_methods.json: (CIFAR10,B1_full_mse,42,4).trace[9]",70.8081705570221,results/make49/stage4_cache/CIFAR10.json:vae|CIFAR10|m256|s42|e300|es1|b4,,not available,300,True
CIFAR10,B1_full_mse,42,4.0,final,vae|CIFAR10|m192|s42|e300|es1|b4,vae|m192|e300|es1|b4,68.19387888908386,"stage4_methods.json: (CIFAR10,B1_full_mse,42,4).trace[8]",68.19387888908386,results/make49/stage4_cache/CIFAR10.json:vae|CIFAR10|m192|s42|e300|es1|b4,True,not available,300,True
CIFAR10,B1_full_mse,123,4.0,anchor,vae|CIFAR10|m256|s123|e300|es1|b4,vae|m256|e300|es1|b4,61.02980899810791,"stage4_methods.json: (CIFAR10,B1_full_mse,123,4).trace[9]",61.02980899810791,results/make49/stage4_cache/CIFAR10.json:vae|CIFAR10|m256|s123|e300|es1|b4,,not available,300,True
CIFAR10,B1_full_mse,123,4.0,final,vae|CIFAR10|m96|s123|e300|es1|b4,vae|m96|e300|es1|b4,56.41597867012024,"stage4_methods.json: (CIFAR10,B1_full_mse,123,4).trace[6]",56.41597867012024,results/make49/stage4_cache/CIFAR10.json:vae|CIFAR10|m96|s123|e300|es1|b4,True,not available,300,True
CIFAR10,B1_full_mse,777,4.0,anchor,vae|CIFAR10|m256|s777|e300|es1|b4,vae|m256|e300|es1|b4,60.47077798843384,"stage4_methods.json: (CIFAR10,B1_full_mse,777,4).trace[9]",60.47077798843384,results/make49/stage4_cache/CIFAR10.json:vae|CIFAR10|m256|s777|e300|es1|b4,,not available,300,True
CIFAR10,B1_full_mse,777,4.0,final,vae|CIFAR10|m128|s777|e300|es1|b4,vae|m128|e300|es1|b4,56.46193766593933,"stage4_methods.json: (CIFAR10,B1_full_mse,777,4).trace[7]",56.46193766593933,results/make49/stage4_cache/CIFAR10.json:vae|CIFAR10|m128|s777|e300|es1|b4,True,not available,300,True
CIFAR10,B1_full_mse,2024,4.0,anchor,vae|CIFAR10|m256|s2024|e300|es1|b4,vae|m256|e300|es1|b4,47.932132720947266,"stage4_methods.json: (CIFAR10,B1_full_mse,2024,4).trace[9]",47.932132720947266,results/make49/stage4_cache/CIFAR10.json:vae|CIFAR10|m256|s2024|e300|es1|b4,,not available,300,True
CIFAR10,B1_full_mse,2024,4.0,final,vae|CIFAR10|m24|s2024|e300|es1|b4,vae|m24|e300|es1|b4,52.03743886947632,"stage4_methods.json: (CIFAR10,B1_full_mse,2024,4).trace[2]",52.03743886947632,results/make49/stage4_cache/CIFAR10.json:vae|CIFAR10|m24|s2024|e300|es1|b4,True,not available,300,True
CIFAR10,B1_full_mse,31337,4.0,anchor,vae|CIFAR10|m256|s31337|e300|es1|b4,vae|m256|e300|es1|b4,68.00399208068848,"stage4_methods.json: (CIFAR10,B1_full_mse,31337,4).trace[9]",68.00399208068848,results/make49/stage4_cache/CIFAR10.json:vae|CIFAR10|m256|s31337|e300|es1|b4,,not available,300,True
CIFAR10,B1_full_mse,31337,4.0,final,vae|CIFAR10|m96|s31337|e300|es1|b4,vae|m96|e300|es1|b4,54.59409952163696,"stage4_methods.json: (CIFAR10,B1_full_mse,31337,4).trace[6]",54.59409952163696,results/make49/stage4_cache/CIFAR10.json:vae|CIFAR10|m96|s31337|e300|es1|b4,True,not available,300,True
CIFAR10,B2_full_elbo,42,4.0,anchor,vae|CIFAR10|m256|s42|e300|es1|b4,vae|m256|e300|es1|b4,70.8081705570221,"stage4_methods.json: (CIFAR10,B2_full_elbo,42,4).trace[9]",70.8081705570221,results/make49/stage4_cache/CIFAR10.json:vae|CIFAR10|m256|s42|e300|es1|b4,,not available,300,True
CIFAR10,B2_full_elbo,42,4.0,final,vae|CIFAR10|m192|s42|e300|es1|b4,vae|m192|e300|es1|b4,68.19387888908386,"stage4_methods.json: (CIFAR10,B2_full_elbo,42,4).trace[8]",68.19387888908386,results/make49/stage4_cache/CIFAR10.json:vae|CIFAR10|m192|s42|e300|es1|b4,True,not available,300,True
CIFAR10,B2_full_elbo,123,4.0,anchor,vae|CIFAR10|m256|s123|e300|es1|b4,vae|m256|e300|es1|b4,61.02980899810791,"stage4_methods.json: (CIFAR10,B2_full_elbo,123,4).trace[9]",61.02980899810791,results/make49/stage4_cache/CIFAR10.json:vae|CIFAR10|m256|s123|e300|es1|b4,,not available,300,True
CIFAR10,B2_full_elbo,123,4.0,final,vae|CIFAR10|m96|s123|e300|es1|b4,vae|m96|e300|es1|b4,56.41597867012024,"stage4_methods.json: (CIFAR10,B2_full_elbo,123,4).trace[6]",56.41597867012024,results/make49/stage4_cache/CIFAR10.json:vae|CIFAR10|m96|s123|e300|es1|b4,True,not available,300,True
CIFAR10,B2_full_elbo,777,4.0,anchor,vae|CIFAR10|m256|s777|e300|es1|b4,vae|m256|e300|es1|b4,60.47077798843384,"stage4_methods.json: (CIFAR10,B2_full_elbo,777,4).trace[9]",60.47077798843384,results/make49/stage4_cache/CIFAR10.json:vae|CIFAR10|m256|s777|e300|es1|b4,,not available,300,True
CIFAR10,B2_full_elbo,777,4.0,final,vae|CIFAR10|m128|s777|e300|es1|b4,vae|m128|e300|es1|b4,56.46193766593933,"stage4_methods.json: (CIFAR10,B2_full_elbo,777,4).trace[7]",56.46193766593933,results/make49/stage4_cache/CIFAR10.json:vae|CIFAR10|m128|s777|e300|es1|b4,True,not available,300,True
CIFAR10,B2_full_elbo,2024,4.0,anchor,vae|CIFAR10|m256|s2024|e300|es1|b4,vae|m256|e300|es1|b4,47.932132720947266,"stage4_methods.json: (CIFAR10,B2_full_elbo,2024,4).trace[9]",47.932132720947266,results/make49/stage4_cache/CIFAR10.json:vae|CIFAR10|m256|s2024|e300|es1|b4,,not available,300,True
CIFAR10,B2_full_elbo,2024,4.0,final,vae|CIFAR10|m64|s2024|e300|es1|b4,vae|m64|e300|es1|b4,36.66357183456421,"stage4_methods.json: (CIFAR10,B2_full_elbo,2024,4).trace[5]",36.66357183456421,results/make49/stage4_cache/CIFAR10.json:vae|CIFAR10|m64|s2024|e300|es1|b4,True,not available,300,True
CIFAR10,B2_full_elbo,31337,4.0,anchor,vae|CIFAR10|m256|s31337|e300|es1|b4,vae|m256|e300|es1|b4,68.00399208068848,"stage4_methods.json: (CIFAR10,B2_full_elbo,31337,4).trace[9]",68.00399208068848,results/make49/stage4_cache/CIFAR10.json:vae|CIFAR10|m256|s31337|e300|es1|b4,,not available,300,True
CIFAR10,B2_full_elbo,31337,4.0,final,vae|CIFAR10|m128|s31337|e300|es1|b4,vae|m128|e300|es1|b4,77.32747721672058,"stage4_methods.json: (CIFAR10,B2_full_elbo,31337,4).trace[7]",77.32747721672058,results/make49/stage4_cache/CIFAR10.json:vae|CIFAR10|m128|s31337|e300|es1|b4,True,not available,300,True
CIFAR10,B3_full_downstream,42,4.0,anchor,vae|CIFAR10|m256|s42|e300|es1|b4,vae|m256|e300|es1|b4,70.8081705570221,"stage4_methods.json: (CIFAR10,B3_full_downstream,42,4).trace[9]",70.8081705570221,results/make49/stage4_cache/CIFAR10.json:vae|CIFAR10|m256|s42|e300|es1|b4,,not available,300,True
CIFAR10,B3_full_downstream,42,4.0,final,vae|CIFAR10|m256|s42|e300|es1|b4,vae|m256|e300|es1|b4,70.8081705570221,"stage4_methods.json: (CIFAR10,B3_full_downstream,42,4).trace[9]",70.8081705570221,results/make49/stage4_cache/CIFAR10.json:vae|CIFAR10|m256|s42|e300|es1|b4,True,not available,300,True
CIFAR10,B3_full_downstream,123,4.0,anchor,vae|CIFAR10|m256|s123|e300|es1|b4,vae|m256|e300|es1|b4,61.02980899810791,"stage4_methods.json: (CIFAR10,B3_full_downstream,123,4).trace[9]",61.02980899810791,results/make49/stage4_cache/CIFAR10.json:vae|CIFAR10|m256|s123|e300|es1|b4,,not available,300,True
CIFAR10,B3_full_downstream,123,4.0,final,vae|CIFAR10|m256|s123|e300|es1|b4,vae|m256|e300|es1|b4,61.02980899810791,"stage4_methods.json: (CIFAR10,B3_full_downstream,123,4).trace[9]",61.02980899810791,results/make49/stage4_cache/CIFAR10.json:vae|CIFAR10|m256|s123|e300|es1|b4,True,not available,300,True
CIFAR10,B3_full_downstream,777,4.0,anchor,vae|CIFAR10|m256|s777|e300|es1|b4,vae|m256|e300|es1|b4,60.47077798843384,"stage4_methods.json: (CIFAR10,B3_full_downstream,777,4).trace[9]",60.47077798843384,results/make49/stage4_cache/CIFAR10.json:vae|CIFAR10|m256|s777|e300|es1|b4,,not available,300,True
CIFAR10,B3_full_downstream,777,4.0,final,vae|CIFAR10|m256|s777|e300|es1|b4,vae|m256|e300|es1|b4,60.47077798843384,"stage4_methods.json: (CIFAR10,B3_full_downstream,777,4).trace[9]",60.47077798843384,results/make49/stage4_cache/CIFAR10.json:vae|CIFAR10|m256|s777|e300|es1|b4,True,not available,300,True
CIFAR10,B3_full_downstream,2024,4.0,anchor,vae|CIFAR10|m256|s2024|e300|es1|b4,vae|m256|e300|es1|b4,47.932132720947266,"stage4_methods.json: (CIFAR10,B3_full_downstream,2024,4).trace[9]",47.932132720947266,results/make49/stage4_cache/CIFAR10.json:vae|CIFAR10|m256|s2024|e300|es1|b4,,not available,300,True
CIFAR10,B3_full_downstream,2024,4.0,final,vae|CIFAR10|m256|s2024|e300|es1|b4,vae|m256|e300|es1|b4,47.932132720947266,"stage4_methods.json: (CIFAR10,B3_full_downstream,2024,4).trace[9]",47.932132720947266,results/make49/stage4_cache/CIFAR10.json:vae|CIFAR10|m256|s2024|e300|es1|b4,True,not available,300,True
CIFAR10,B3_full_downstream,31337,4.0,anchor,vae|CIFAR10|m256|s31337|e300|es1|b4,vae|m256|e300|es1|b4,68.00399208068848,"stage4_methods.json: (CIFAR10,B3_full_downstream,31337,4).trace[9]",68.00399208068848,results/make49/stage4_cache/CIFAR10.json:vae|CIFAR10|m256|s31337|e300|es1|b4,,not available,300,True
CIFAR10,B3_full_downstream,31337,4.0,final,vae|CIFAR10|m256|s31337|e300|es1|b4,vae|m256|e300|es1|b4,68.00399208068848,"stage4_methods.json: (CIFAR10,B3_full_downstream,31337,4).trace[9]",68.00399208068848,results/make49/stage4_cache/CIFAR10.json:vae|CIFAR10|m256|s31337|e300|es1|b4,True,not available,300,True
CIFAR10,B4_coarse,42,4.0,anchor,vae|CIFAR10|m256|s42|e300|es1|b4,vae|m256|e300|es1|b4,70.8081705570221,"stage4_methods.json: (CIFAR10,B4_coarse,42,4).trace[3]",70.8081705570221,results/make49/stage4_cache/CIFAR10.json:vae|CIFAR10|m256|s42|e300|es1|b4,,not available,300,True
CIFAR10,B4_coarse,42,4.0,final,vae|CIFAR10|m48|s42|e300|es1|b4,vae|m48|e300|es1|b4,47.66442131996155,"stage4_methods.json: (CIFAR10,B4_coarse,42,4).trace[2]",47.66442131996155,results/make49/stage4_cache/CIFAR10.json:vae|CIFAR10|m48|s42|e300|es1|b4,True,not available,300,True
CIFAR10,B4_coarse,123,4.0,anchor,vae|CIFAR10|m256|s123|e300|es1|b4,vae|m256|e300|es1|b4,61.02980899810791,"stage4_methods.json: (CIFAR10,B4_coarse,123,4).trace[3]",61.02980899810791,results/make49/stage4_cache/CIFAR10.json:vae|CIFAR10|m256|s123|e300|es1|b4,,not available,300,True
CIFAR10,B4_coarse,123,4.0,final,vae|CIFAR10|m48|s123|e300|es1|b4,vae|m48|e300|es1|b4,40.13737654685974,"stage4_methods.json: (CIFAR10,B4_coarse,123,4).trace[2]",40.13737654685974,results/make49/stage4_cache/CIFAR10.json:vae|CIFAR10|m48|s123|e300|es1|b4,True,not available,300,True
CIFAR10,B4_coarse,777,4.0,anchor,vae|CIFAR10|m256|s777|e300|es1|b4,vae|m256|e300|es1|b4,60.47077798843384,"stage4_methods.json: (CIFAR10,B4_coarse,777,4).trace[3]",60.47077798843384,results/make49/stage4_cache/CIFAR10.json:vae|CIFAR10|m256|s777|e300|es1|b4,,not available,300,True
CIFAR10,B4_coarse,777,4.0,final,vae|CIFAR10|m48|s777|e300|es1|b4,vae|m48|e300|es1|b4,49.386807680130005,"stage4_methods.json: (CIFAR10,B4_coarse,777,4).trace[2]",49.386807680130005,results/make49/stage4_cache/CIFAR10.json:vae|CIFAR10|m48|s777|e300|es1|b4,True,not available,300,True
CIFAR10,B4_coarse,2024,4.0,anchor,vae|CIFAR10|m256|s2024|e300|es1|b4,vae|m256|e300|es1|b4,47.932132720947266,"stage4_methods.json: (CIFAR10,B4_coarse,2024,4).trace[3]",47.932132720947266,results/make49/stage4_cache/CIFAR10.json:vae|CIFAR10|m256|s2024|e300|es1|b4,,not available,300,True
CIFAR10,B4_coarse,2024,4.0,final,vae|CIFAR10|m48|s2024|e300|es1|b4,vae|m48|e300|es1|b4,47.816659450531006,"stage4_methods.json: (CIFAR10,B4_coarse,2024,4).trace[2]",47.816659450531006,results/make49/stage4_cache/CIFAR10.json:vae|CIFAR10|m48|s2024|e300|es1|b4,True,not available,300,True
CIFAR10,B4_coarse,31337,4.0,anchor,vae|CIFAR10|m256|s31337|e300|es1|b4,vae|m256|e300|es1|b4,68.00399208068848,"stage4_methods.json: (CIFAR10,B4_coarse,31337,4).trace[3]",68.00399208068848,results/make49/stage4_cache/CIFAR10.json:vae|CIFAR10|m256|s31337|e300|es1|b4,,not available,300,True
CIFAR10,B4_coarse,31337,4.0,final,vae|CIFAR10|m16|s31337|e300|es1|b4,vae|m16|e300|es1|b4,55.94209408760071,"stage4_methods.json: (CIFAR10,B4_coarse,31337,4).trace[1]",55.94209408760071,results/make49/stage4_cache/CIFAR10.json:vae|CIFAR10|m16|s31337|e300|es1|b4,True,not available,300,True
CIFAR10,B5_fixed32,42,4.0,anchor,vae|CIFAR10|m256|s42|e300|es1|b4,not in trace,,not charged in original ledger; MAKE50 used current snapshot,70.8081705570221,results/make49/stage4_cache/CIFAR10.json:vae|CIFAR10|m256|s42|e300|es1|b4,,not available,300,True
CIFAR10,B5_fixed32,42,4.0,final,vae|CIFAR10|m32|s42|e300|es1|b4,vae|m32|e300|es1|b4,46.43876814842224,"stage4_methods.json: (CIFAR10,B5_fixed32,42,4).trace[0]",46.43876814842224,results/make49/stage4_cache/CIFAR10.json:vae|CIFAR10|m32|s42|e300|es1|b4,True,not available,300,True
CIFAR10,B5_fixed32,123,4.0,anchor,vae|CIFAR10|m256|s123|e300|es1|b4,not in trace,,not charged in original ledger; MAKE50 used current snapshot,61.02980899810791,results/make49/stage4_cache/CIFAR10.json:vae|CIFAR10|m256|s123|e300|es1|b4,,not available,300,True
CIFAR10,B5_fixed32,123,4.0,final,vae|CIFAR10|m32|s123|e300|es1|b4,vae|m32|e300|es1|b4,44.946245193481445,"stage4_methods.json: (CIFAR10,B5_fixed32,123,4).trace[0]",44.946245193481445,results/make49/stage4_cache/CIFAR10.json:vae|CIFAR10|m32|s123|e300|es1|b4,True,not available,300,True
CIFAR10,B5_fixed32,777,4.0,anchor,vae|CIFAR10|m256|s777|e300|es1|b4,not in trace,,not charged in original ledger; MAKE50 used current snapshot,60.47077798843384,results/make49/stage4_cache/CIFAR10.json:vae|CIFAR10|m256|s777|e300|es1|b4,,not available,300,True
CIFAR10,B5_fixed32,777,4.0,final,vae|CIFAR10|m32|s777|e300|es1|b4,vae|m32|e300|es1|b4,60.19111204147339,"stage4_methods.json: (CIFAR10,B5_fixed32,777,4).trace[0]",60.19111204147339,results/make49/stage4_cache/CIFAR10.json:vae|CIFAR10|m32|s777|e300|es1|b4,True,not available,300,True
CIFAR10,B5_fixed32,2024,4.0,anchor,vae|CIFAR10|m256|s2024|e300|es1|b4,not in trace,,not charged in original ledger; MAKE50 used current snapshot,47.932132720947266,results/make49/stage4_cache/CIFAR10.json:vae|CIFAR10|m256|s2024|e300|es1|b4,,not available,300,True
CIFAR10,B5_fixed32,2024,4.0,final,vae|CIFAR10|m32|s2024|e300|es1|b4,vae|m32|e300|es1|b4,59.53500199317932,"stage4_methods.json: (CIFAR10,B5_fixed32,2024,4).trace[0]",59.53500199317932,results/make49/stage4_cache/CIFAR10.json:vae|CIFAR10|m32|s2024|e300|es1|b4,True,not available,300,True
CIFAR10,B5_fixed32,31337,4.0,anchor,vae|CIFAR10|m256|s31337|e300|es1|b4,not in trace,,not charged in original ledger; MAKE50 used current snapshot,68.00399208068848,results/make49/stage4_cache/CIFAR10.json:vae|CIFAR10|m256|s31337|e300|es1|b4,,not available,300,True
CIFAR10,B5_fixed32,31337,4.0,final,vae|CIFAR10|m32|s31337|e300|es1|b4,vae|m32|e300|es1|b4,50.54720449447632,"stage4_methods.json: (CIFAR10,B5_fixed32,31337,4).trace[0]",50.54720449447632,results/make49/stage4_cache/CIFAR10.json:vae|CIFAR10|m32|s31337|e300|es1|b4,True,not available,300,True
CIFAR10,B6a_fondue,42,4.0,anchor,vae|CIFAR10|m256|s42|e300|es1|b4,not in trace,,not charged in original ledger; MAKE50 used current snapshot,70.8081705570221,results/make49/stage4_cache/CIFAR10.json:vae|CIFAR10|m256|s42|e300|es1|b4,,not available,300,True
CIFAR10,B6a_fondue,42,4.0,final,vae|CIFAR10|m13|s42|e300|es1|b4,vae|m13|e300|es1|b4,60.09803247451782,"stage4_methods.json: (CIFAR10,B6a_fondue,42,4).trace[6]",60.09803247451782,results/make49/stage4_cache/CIFAR10.json:vae|CIFAR10|m13|s42|e300|es1|b4,True,not available,300,True
CIFAR10,B6a_fondue,123,4.0,anchor,vae|CIFAR10|m256|s123|e300|es1|b4,not in trace,,not charged in original ledger; MAKE50 used current snapshot,61.02980899810791,results/make49/stage4_cache/CIFAR10.json:vae|CIFAR10|m256|s123|e300|es1|b4,,not available,300,True
CIFAR10,B6a_fondue,123,4.0,final,vae|CIFAR10|m12|s123|e300|es1|b4,vae|m12|e300|es1|b4,41.11130738258362,"stage4_methods.json: (CIFAR10,B6a_fondue,123,4).trace[5]",41.11130738258362,results/make49/stage4_cache/CIFAR10.json:vae|CIFAR10|m12|s123|e300|es1|b4,True,not available,300,True
CIFAR10,B6a_fondue,777,4.0,anchor,vae|CIFAR10|m256|s777|e300|es1|b4,not in trace,,not charged in original ledger; MAKE50 used current snapshot,60.47077798843384,results/make49/stage4_cache/CIFAR10.json:vae|CIFAR10|m256|s777|e300|es1|b4,,not available,300,True
CIFAR10,B6a_fondue,777,4.0,final,vae|CIFAR10|m13|s777|e300|es1|b4,vae|m13|e300|es1|b4,55.803125619888306,"stage4_methods.json: (CIFAR10,B6a_fondue,777,4).trace[6]",55.803125619888306,results/make49/stage4_cache/CIFAR10.json:vae|CIFAR10|m13|s777|e300|es1|b4,True,not available,300,True
CIFAR10,B6a_fondue,2024,4.0,anchor,vae|CIFAR10|m256|s2024|e300|es1|b4,not in trace,,not charged in original ledger; MAKE50 used current snapshot,47.932132720947266,results/make49/stage4_cache/CIFAR10.json:vae|CIFAR10|m256|s2024|e300|es1|b4,,not available,300,True
CIFAR10,B6a_fondue,2024,4.0,final,vae|CIFAR10|m13|s2024|e300|es1|b4,vae|m13|e300|es1|b4,35.94980978965759,"stage4_methods.json: (CIFAR10,B6a_fondue,2024,4).trace[6]",35.94980978965759,results/make49/stage4_cache/CIFAR10.json:vae|CIFAR10|m13|s2024|e300|es1|b4,True,not available,300,True
CIFAR10,B6a_fondue,31337,4.0,anchor,vae|CIFAR10|m256|s31337|e300|es1|b4,not in trace,,not charged in original ledger; MAKE50 used current snapshot,68.00399208068848,results/make49/stage4_cache/CIFAR10.json:vae|CIFAR10|m256|s31337|e300|es1|b4,,not available,300,True
CIFAR10,B6a_fondue,31337,4.0,final,vae|CIFAR10|m12|s31337|e300|es1|b4,vae|m12|e300|es1|b4,56.89051914215088,"stage4_methods.json: (CIFAR10,B6a_fondue,31337,4).trace[5]",56.89051914215088,results/make49/stage4_cache/CIFAR10.json:vae|CIFAR10|m12|s31337|e300|es1|b4,True,not available,300,True
CIFAR10,B6b_fondue_var,42,4.0,anchor,vae|CIFAR10|m256|s42|e300|es1|b4,not in trace,,not charged in original ledger; MAKE50 used current snapshot,70.8081705570221,results/make49/stage4_cache/CIFAR10.json:vae|CIFAR10|m256|s42|e300|es1|b4,,not available,300,True
CIFAR10,B6b_fondue_var,42,4.0,final,vae|CIFAR10|m11|s42|e300|es1|b4,vae|m11|e300|es1|b4,68.67105031013489,"stage4_methods.json: (CIFAR10,B6b_fondue_var,42,4).trace[1]",68.67105031013489,results/make49/stage4_cache/CIFAR10.json:vae|CIFAR10|m11|s42|e300|es1|b4,True,not available,300,True
CIFAR10,B6b_fondue_var,123,4.0,anchor,vae|CIFAR10|m256|s123|e300|es1|b4,not in trace,,not charged in original ledger; MAKE50 used current snapshot,61.02980899810791,results/make49/stage4_cache/CIFAR10.json:vae|CIFAR10|m256|s123|e300|es1|b4,,not available,300,True
CIFAR10,B6b_fondue_var,123,4.0,final,vae|CIFAR10|m15|s123|e300|es1|b4,vae|m15|e300|es1|b4,33.76364350318909,"stage4_methods.json: (CIFAR10,B6b_fondue_var,123,4).trace[1]",33.76364350318909,results/make49/stage4_cache/CIFAR10.json:vae|CIFAR10|m15|s123|e300|es1|b4,True,not available,300,True
CIFAR10,B6b_fondue_var,777,4.0,anchor,vae|CIFAR10|m256|s777|e300|es1|b4,not in trace,,not charged in original ledger; MAKE50 used current snapshot,60.47077798843384,results/make49/stage4_cache/CIFAR10.json:vae|CIFAR10|m256|s777|e300|es1|b4,,not available,300,True
CIFAR10,B6b_fondue_var,777,4.0,final,vae|CIFAR10|m9|s777|e300|es1|b4,vae|m9|e300|es1|b4,33.69678449630737,"stage4_methods.json: (CIFAR10,B6b_fondue_var,777,4).trace[1]",33.69678449630737,results/make49/stage4_cache/CIFAR10.json:vae|CIFAR10|m9|s777|e300|es1|b4,True,not available,300,True
CIFAR10,B6b_fondue_var,2024,4.0,anchor,vae|CIFAR10|m256|s2024|e300|es1|b4,not in trace,,not charged in original ledger; MAKE50 used current snapshot,47.932132720947266,results/make49/stage4_cache/CIFAR10.json:vae|CIFAR10|m256|s2024|e300|es1|b4,,not available,300,True
CIFAR10,B6b_fondue_var,2024,4.0,final,vae|CIFAR10|m8|s2024|e300|es1|b4,vae|m8|e300|es1|b4,62.86979103088379,"stage4_methods.json: (CIFAR10,B6b_fondue_var,2024,4).trace[1]",62.86979103088379,results/make49/stage4_cache/CIFAR10.json:vae|CIFAR10|m8|s2024|e300|es1|b4,True,not available,300,True
CIFAR10,B6b_fondue_var,31337,4.0,anchor,vae|CIFAR10|m256|s31337|e300|es1|b4,not in trace,,not charged in original ledger; MAKE50 used current snapshot,68.00399208068848,results/make49/stage4_cache/CIFAR10.json:vae|CIFAR10|m256|s31337|e300|es1|b4,,not available,300,True
CIFAR10,B6b_fondue_var,31337,4.0,final,vae|CIFAR10|m15|s31337|e300|es1|b4,vae|m15|e300|es1|b4,32.15016412734985,"stage4_methods.json: (CIFAR10,B6b_fondue_var,31337,4).trace[1]",32.15016412734985,results/make49/stage4_cache/CIFAR10.json:vae|CIFAR10|m15|s31337|e300|es1|b4,True,not available,300,True
CIFAR10,B6b_fondue_var_keepmixed_false,42,4.0,anchor,vae|CIFAR10|m256|s42|e300|es1|b4,not in trace,,not charged in original ledger; MAKE50 used current snapshot,70.8081705570221,results/make49/stage4_cache/CIFAR10.json:vae|CIFAR10|m256|s42|e300|es1|b4,,not available,300,True
CIFAR10,B6b_fondue_var_keepmixed_false,42,4.0,final,vae|CIFAR10|m1|s42|e300|es1|b4,vae|m1|e300|es1|b4,32.69300937652588,"stage4_methods.json: (CIFAR10,B6b_fondue_var_keepmixed_false,42,4).trace[1]",32.69300937652588,results/make49/stage4_cache/CIFAR10.json:vae|CIFAR10|m1|s42|e300|es1|b4,True,not available,300,True
CIFAR10,B6b_fondue_var_keepmixed_false,123,4.0,anchor,vae|CIFAR10|m256|s123|e300|es1|b4,not in trace,,not charged in original ledger; MAKE50 used current snapshot,61.02980899810791,results/make49/stage4_cache/CIFAR10.json:vae|CIFAR10|m256|s123|e300|es1|b4,,not available,300,True
CIFAR10,B6b_fondue_var_keepmixed_false,123,4.0,final,vae|CIFAR10|m2|s123|e300|es1|b4,vae|m2|e300|es1|b4,43.739935636520386,"stage4_methods.json: (CIFAR10,B6b_fondue_var_keepmixed_false,123,4).trace[1]",43.739935636520386,results/make49/stage4_cache/CIFAR10.json:vae|CIFAR10|m2|s123|e300|es1|b4,True,not available,300,True
CIFAR10,B6b_fondue_var_keepmixed_false,777,4.0,anchor,vae|CIFAR10|m256|s777|e300|es1|b4,not in trace,,not charged in original ledger; MAKE50 used current snapshot,60.47077798843384,results/make49/stage4_cache/CIFAR10.json:vae|CIFAR10|m256|s777|e300|es1|b4,,not available,300,True
CIFAR10,B6b_fondue_var_keepmixed_false,777,4.0,final,vae|CIFAR10|m1|s777|e300|es1|b4,vae|m1|e300|es1|b4,35.232789516448975,"stage4_methods.json: (CIFAR10,B6b_fondue_var_keepmixed_false,777,4).trace[1]",35.232789516448975,results/make49/stage4_cache/CIFAR10.json:vae|CIFAR10|m1|s777|e300|es1|b4,True,not available,300,True
CIFAR10,B6b_fondue_var_keepmixed_false,2024,4.0,anchor,vae|CIFAR10|m256|s2024|e300|es1|b4,not in trace,,not charged in original ledger; MAKE50 used current snapshot,47.932132720947266,results/make49/stage4_cache/CIFAR10.json:vae|CIFAR10|m256|s2024|e300|es1|b4,,not available,300,True
CIFAR10,B6b_fondue_var_keepmixed_false,2024,4.0,final,vae|CIFAR10|m2|s2024|e300|es1|b4,vae|m2|e300|es1|b4,44.6029326915741,"stage4_methods.json: (CIFAR10,B6b_fondue_var_keepmixed_false,2024,4).trace[1]",44.6029326915741,results/make49/stage4_cache/CIFAR10.json:vae|CIFAR10|m2|s2024|e300|es1|b4,True,not available,300,True
CIFAR10,B6b_fondue_var_keepmixed_false,31337,4.0,anchor,vae|CIFAR10|m256|s31337|e300|es1|b4,not in trace,,not charged in original ledger; MAKE50 used current snapshot,68.00399208068848,results/make49/stage4_cache/CIFAR10.json:vae|CIFAR10|m256|s31337|e300|es1|b4,,not available,300,True
CIFAR10,B6b_fondue_var_keepmixed_false,31337,4.0,final,vae|CIFAR10|m2|s31337|e300|es1|b4,vae|m2|e300|es1|b4,43.27997040748596,"stage4_methods.json: (CIFAR10,B6b_fondue_var_keepmixed_false,31337,4).trace[1]",43.27997040748596,results/make49/stage4_cache/CIFAR10.json:vae|CIFAR10|m2|s31337|e300|es1|b4,True,not available,300,True
CIFAR10,proposed,42,4.0,anchor,vae|CIFAR10|m256|s42|e300|es1|b4,vae|m256|e300|es1|b4,70.8081705570221,"stage4_methods.json: (CIFAR10,proposed,42,4).trace[12]",70.8081705570221,results/make49/stage4_cache/CIFAR10.json:vae|CIFAR10|m256|s42|e300|es1|b4,,not available,300,True
CIFAR10,proposed,42,4.0,final,vae|CIFAR10|m48|s42|e300|es1|b4,vae|m48|e300|es1|b4,47.66442131996155,"stage4_methods.json: (CIFAR10,proposed,42,4).trace[11]",47.66442131996155,results/make49/stage4_cache/CIFAR10.json:vae|CIFAR10|m48|s42|e300|es1|b4,True,not available,300,True
CIFAR10,proposed,123,4.0,anchor,vae|CIFAR10|m256|s123|e300|es1|b4,vae|m256|e300|es1|b4,61.02980899810791,"stage4_methods.json: (CIFAR10,proposed,123,4).trace[12]",61.02980899810791,results/make49/stage4_cache/CIFAR10.json:vae|CIFAR10|m256|s123|e300|es1|b4,,not available,300,True
CIFAR10,proposed,123,4.0,final,vae|CIFAR10|m48|s123|e300|es1|b4,vae|m48|e300|es1|b4,40.13737654685974,"stage4_methods.json: (CIFAR10,proposed,123,4).trace[11]",40.13737654685974,results/make49/stage4_cache/CIFAR10.json:vae|CIFAR10|m48|s123|e300|es1|b4,True,not available,300,True
CIFAR10,proposed,777,4.0,anchor,vae|CIFAR10|m256|s777|e300|es1|b4,vae|m256|e300|es1|b4,60.47077798843384,"stage4_methods.json: (CIFAR10,proposed,777,4).trace[12]",60.47077798843384,results/make49/stage4_cache/CIFAR10.json:vae|CIFAR10|m256|s777|e300|es1|b4,,not available,300,True
CIFAR10,proposed,777,4.0,final,vae|CIFAR10|m48|s777|e300|es1|b4,vae|m48|e300|es1|b4,49.386807680130005,"stage4_methods.json: (CIFAR10,proposed,777,4).trace[11]",49.386807680130005,results/make49/stage4_cache/CIFAR10.json:vae|CIFAR10|m48|s777|e300|es1|b4,True,not available,300,True
CIFAR10,proposed,2024,4.0,anchor,vae|CIFAR10|m256|s2024|e300|es1|b4,vae|m256|e300|es1|b4,47.932132720947266,"stage4_methods.json: (CIFAR10,proposed,2024,4).trace[12]",47.932132720947266,results/make49/stage4_cache/CIFAR10.json:vae|CIFAR10|m256|s2024|e300|es1|b4,,not available,300,True
CIFAR10,proposed,2024,4.0,final,vae|CIFAR10|m48|s2024|e300|es1|b4,vae|m48|e300|es1|b4,47.816659450531006,"stage4_methods.json: (CIFAR10,proposed,2024,4).trace[11]",47.816659450531006,results/make49/stage4_cache/CIFAR10.json:vae|CIFAR10|m48|s2024|e300|es1|b4,True,not available,300,True
CIFAR10,proposed,31337,4.0,anchor,vae|CIFAR10|m256|s31337|e300|es1|b4,vae|m256|e300|es1|b4,68.00399208068848,"stage4_methods.json: (CIFAR10,proposed,31337,4).trace[12]",68.00399208068848,results/make49/stage4_cache/CIFAR10.json:vae|CIFAR10|m256|s31337|e300|es1|b4,,not available,300,True
CIFAR10,proposed,31337,4.0,final,vae|CIFAR10|m16|s31337|e300|es1|b4,vae|m16|e300|es1|b4,55.94209408760071,"stage4_methods.json: (CIFAR10,proposed,31337,4).trace[10]",55.94209408760071,results/make49/stage4_cache/CIFAR10.json:vae|CIFAR10|m16|s31337|e300|es1|b4,True,not available,300,True
CIFAR10,proposed_minus_AU,42,4.0,anchor,vae|CIFAR10|m256|s42|e300|es1|b4,vae|m256|e300|es1|b4,70.8081705570221,"stage4_methods.json: (CIFAR10,proposed_minus_AU,42,4).trace[12]",70.8081705570221,results/make49/stage4_cache/CIFAR10.json:vae|CIFAR10|m256|s42|e300|es1|b4,,not available,300,True
CIFAR10,proposed_minus_AU,42,4.0,final,vae|CIFAR10|m48|s42|e300|es1|b4,vae|m48|e300|es1|b4,47.66442131996155,"stage4_methods.json: (CIFAR10,proposed_minus_AU,42,4).trace[11]",47.66442131996155,results/make49/stage4_cache/CIFAR10.json:vae|CIFAR10|m48|s42|e300|es1|b4,True,not available,300,True
CIFAR10,proposed_minus_AU,123,4.0,anchor,vae|CIFAR10|m256|s123|e300|es1|b4,vae|m256|e300|es1|b4,61.02980899810791,"stage4_methods.json: (CIFAR10,proposed_minus_AU,123,4).trace[12]",61.02980899810791,results/make49/stage4_cache/CIFAR10.json:vae|CIFAR10|m256|s123|e300|es1|b4,,not available,300,True
CIFAR10,proposed_minus_AU,123,4.0,final,vae|CIFAR10|m48|s123|e300|es1|b4,vae|m48|e300|es1|b4,40.13737654685974,"stage4_methods.json: (CIFAR10,proposed_minus_AU,123,4).trace[11]",40.13737654685974,results/make49/stage4_cache/CIFAR10.json:vae|CIFAR10|m48|s123|e300|es1|b4,True,not available,300,True
CIFAR10,proposed_minus_AU,777,4.0,anchor,vae|CIFAR10|m256|s777|e300|es1|b4,vae|m256|e300|es1|b4,60.47077798843384,"stage4_methods.json: (CIFAR10,proposed_minus_AU,777,4).trace[12]",60.47077798843384,results/make49/stage4_cache/CIFAR10.json:vae|CIFAR10|m256|s777|e300|es1|b4,,not available,300,True
CIFAR10,proposed_minus_AU,777,4.0,final,vae|CIFAR10|m48|s777|e300|es1|b4,vae|m48|e300|es1|b4,49.386807680130005,"stage4_methods.json: (CIFAR10,proposed_minus_AU,777,4).trace[11]",49.386807680130005,results/make49/stage4_cache/CIFAR10.json:vae|CIFAR10|m48|s777|e300|es1|b4,True,not available,300,True
CIFAR10,proposed_minus_AU,2024,4.0,anchor,vae|CIFAR10|m256|s2024|e300|es1|b4,vae|m256|e300|es1|b4,47.932132720947266,"stage4_methods.json: (CIFAR10,proposed_minus_AU,2024,4).trace[12]",47.932132720947266,results/make49/stage4_cache/CIFAR10.json:vae|CIFAR10|m256|s2024|e300|es1|b4,,not available,300,True
CIFAR10,proposed_minus_AU,2024,4.0,final,vae|CIFAR10|m48|s2024|e300|es1|b4,vae|m48|e300|es1|b4,47.816659450531006,"stage4_methods.json: (CIFAR10,proposed_minus_AU,2024,4).trace[11]",47.816659450531006,results/make49/stage4_cache/CIFAR10.json:vae|CIFAR10|m48|s2024|e300|es1|b4,True,not available,300,True
CIFAR10,proposed_minus_AU,31337,4.0,anchor,vae|CIFAR10|m256|s31337|e300|es1|b4,vae|m256|e300|es1|b4,68.00399208068848,"stage4_methods.json: (CIFAR10,proposed_minus_AU,31337,4).trace[12]",68.00399208068848,results/make49/stage4_cache/CIFAR10.json:vae|CIFAR10|m256|s31337|e300|es1|b4,,not available,300,True
CIFAR10,proposed_minus_AU,31337,4.0,final,vae|CIFAR10|m16|s31337|e300|es1|b4,vae|m16|e300|es1|b4,55.94209408760071,"stage4_methods.json: (CIFAR10,proposed_minus_AU,31337,4).trace[10]",55.94209408760071,results/make49/stage4_cache/CIFAR10.json:vae|CIFAR10|m16|s31337|e300|es1|b4,True,not available,300,True
CIFAR10,ascending_scan_Q,42,4.0,anchor,vae|CIFAR10|m256|s42|e300|es1|b4,vae|m256|e300|es1|b4,70.8081705570221,"stage4_methods.json: (CIFAR10,ascending_scan_Q,42,4).trace[0]",70.8081705570221,results/make49/stage4_cache/CIFAR10.json:vae|CIFAR10|m256|s42|e300|es1|b4,,not available,300,True
CIFAR10,ascending_scan_Q,42,4.0,final,vae|CIFAR10|m8|s42|e300|es1|b4,vae|m8|e300|es1|b4,39.05300307273865,"stage4_methods.json: (CIFAR10,ascending_scan_Q,42,4).trace[1]",39.05300307273865,results/make49/stage4_cache/CIFAR10.json:vae|CIFAR10|m8|s42|e300|es1|b4,True,not available,300,True
CIFAR10,ascending_scan_Q,123,4.0,anchor,vae|CIFAR10|m256|s123|e300|es1|b4,vae|m256|e300|es1|b4,61.02980899810791,"stage4_methods.json: (CIFAR10,ascending_scan_Q,123,4).trace[0]",61.02980899810791,results/make49/stage4_cache/CIFAR10.json:vae|CIFAR10|m256|s123|e300|es1|b4,,not available,300,True
CIFAR10,ascending_scan_Q,123,4.0,final,vae|CIFAR10|m8|s123|e300|es1|b4,vae|m8|e300|es1|b4,53.325363636016846,"stage4_methods.json: (CIFAR10,ascending_scan_Q,123,4).trace[1]",53.325363636016846,results/make49/stage4_cache/CIFAR10.json:vae|CIFAR10|m8|s123|e300|es1|b4,True,not available,300,True
CIFAR10,ascending_scan_Q,777,4.0,anchor,vae|CIFAR10|m256|s777|e300|es1|b4,vae|m256|e300|es1|b4,60.47077798843384,"stage4_methods.json: (CIFAR10,ascending_scan_Q,777,4).trace[0]",60.47077798843384,results/make49/stage4_cache/CIFAR10.json:vae|CIFAR10|m256|s777|e300|es1|b4,,not available,300,True
CIFAR10,ascending_scan_Q,777,4.0,final,vae|CIFAR10|m8|s777|e300|es1|b4,vae|m8|e300|es1|b4,37.786436557769775,"stage4_methods.json: (CIFAR10,ascending_scan_Q,777,4).trace[1]",37.786436557769775,results/make49/stage4_cache/CIFAR10.json:vae|CIFAR10|m8|s777|e300|es1|b4,True,not available,300,True
CIFAR10,ascending_scan_Q,2024,4.0,anchor,vae|CIFAR10|m256|s2024|e300|es1|b4,vae|m256|e300|es1|b4,47.932132720947266,"stage4_methods.json: (CIFAR10,ascending_scan_Q,2024,4).trace[0]",47.932132720947266,results/make49/stage4_cache/CIFAR10.json:vae|CIFAR10|m256|s2024|e300|es1|b4,,not available,300,True
CIFAR10,ascending_scan_Q,2024,4.0,final,vae|CIFAR10|m8|s2024|e300|es1|b4,vae|m8|e300|es1|b4,62.86979103088379,"stage4_methods.json: (CIFAR10,ascending_scan_Q,2024,4).trace[1]",62.86979103088379,results/make49/stage4_cache/CIFAR10.json:vae|CIFAR10|m8|s2024|e300|es1|b4,True,not available,300,True
CIFAR10,ascending_scan_Q,31337,4.0,anchor,vae|CIFAR10|m256|s31337|e300|es1|b4,vae|m256|e300|es1|b4,68.00399208068848,"stage4_methods.json: (CIFAR10,ascending_scan_Q,31337,4).trace[0]",68.00399208068848,results/make49/stage4_cache/CIFAR10.json:vae|CIFAR10|m256|s31337|e300|es1|b4,,not available,300,True
CIFAR10,ascending_scan_Q,31337,4.0,final,vae|CIFAR10|m8|s31337|e300|es1|b4,vae|m8|e300|es1|b4,46.851744413375854,"stage4_methods.json: (CIFAR10,ascending_scan_Q,31337,4).trace[1]",46.851744413375854,results/make49/stage4_cache/CIFAR10.json:vae|CIFAR10|m8|s31337|e300|es1|b4,True,not available,300,True
CIFAR10,B4_plus_Q,42,4.0,anchor,vae|CIFAR10|m256|s42|e300|es1|b4,vae|m256|e300|es1|b4,70.8081705570221,"stage4_methods.json: (CIFAR10,B4_plus_Q,42,4).trace[3]",70.8081705570221,results/make49/stage4_cache/CIFAR10.json:vae|CIFAR10|m256|s42|e300|es1|b4,,not available,300,True
CIFAR10,B4_plus_Q,42,4.0,final,vae|CIFAR10|m48|s42|e300|es1|b4,vae|m48|e300|es1|b4,47.66442131996155,"stage4_methods.json: (CIFAR10,B4_plus_Q,42,4).trace[2]",47.66442131996155,results/make49/stage4_cache/CIFAR10.json:vae|CIFAR10|m48|s42|e300|es1|b4,True,not available,300,True
CIFAR10,B4_plus_Q,123,4.0,anchor,vae|CIFAR10|m256|s123|e300|es1|b4,vae|m256|e300|es1|b4,61.02980899810791,"stage4_methods.json: (CIFAR10,B4_plus_Q,123,4).trace[3]",61.02980899810791,results/make49/stage4_cache/CIFAR10.json:vae|CIFAR10|m256|s123|e300|es1|b4,,not available,300,True
CIFAR10,B4_plus_Q,123,4.0,final,vae|CIFAR10|m48|s123|e300|es1|b4,vae|m48|e300|es1|b4,40.13737654685974,"stage4_methods.json: (CIFAR10,B4_plus_Q,123,4).trace[2]",40.13737654685974,results/make49/stage4_cache/CIFAR10.json:vae|CIFAR10|m48|s123|e300|es1|b4,True,not available,300,True
CIFAR10,B4_plus_Q,777,4.0,anchor,vae|CIFAR10|m256|s777|e300|es1|b4,vae|m256|e300|es1|b4,60.47077798843384,"stage4_methods.json: (CIFAR10,B4_plus_Q,777,4).trace[3]",60.47077798843384,results/make49/stage4_cache/CIFAR10.json:vae|CIFAR10|m256|s777|e300|es1|b4,,not available,300,True
CIFAR10,B4_plus_Q,777,4.0,final,vae|CIFAR10|m48|s777|e300|es1|b4,vae|m48|e300|es1|b4,49.386807680130005,"stage4_methods.json: (CIFAR10,B4_plus_Q,777,4).trace[2]",49.386807680130005,results/make49/stage4_cache/CIFAR10.json:vae|CIFAR10|m48|s777|e300|es1|b4,True,not available,300,True
CIFAR10,B4_plus_Q,2024,4.0,anchor,vae|CIFAR10|m256|s2024|e300|es1|b4,vae|m256|e300|es1|b4,47.932132720947266,"stage4_methods.json: (CIFAR10,B4_plus_Q,2024,4).trace[3]",47.932132720947266,results/make49/stage4_cache/CIFAR10.json:vae|CIFAR10|m256|s2024|e300|es1|b4,,not available,300,True
CIFAR10,B4_plus_Q,2024,4.0,final,vae|CIFAR10|m48|s2024|e300|es1|b4,vae|m48|e300|es1|b4,47.816659450531006,"stage4_methods.json: (CIFAR10,B4_plus_Q,2024,4).trace[2]",47.816659450531006,results/make49/stage4_cache/CIFAR10.json:vae|CIFAR10|m48|s2024|e300|es1|b4,True,not available,300,True
CIFAR10,B4_plus_Q,31337,4.0,anchor,vae|CIFAR10|m256|s31337|e300|es1|b4,vae|m256|e300|es1|b4,68.00399208068848,"stage4_methods.json: (CIFAR10,B4_plus_Q,31337,4).trace[3]",68.00399208068848,results/make49/stage4_cache/CIFAR10.json:vae|CIFAR10|m256|s31337|e300|es1|b4,,not available,300,True
CIFAR10,B4_plus_Q,31337,4.0,final,vae|CIFAR10|m16|s31337|e300|es1|b4,vae|m16|e300|es1|b4,55.94209408760071,"stage4_methods.json: (CIFAR10,B4_plus_Q,31337,4).trace[1]",55.94209408760071,results/make49/stage4_cache/CIFAR10.json:vae|CIFAR10|m16|s31337|e300|es1|b4,True,not available,300,True
CIFAR10,B6a_plus_Q,42,4.0,anchor,vae|CIFAR10|m256|s42|e300|es1|b4,vae|m256|e300|es1|b4,70.8081705570221,"stage4_methods.json: (CIFAR10,B6a_plus_Q,42,4).trace[6]",70.8081705570221,results/make49/stage4_cache/CIFAR10.json:vae|CIFAR10|m256|s42|e300|es1|b4,,not available,300,True
CIFAR10,B6a_plus_Q,42,4.0,final,vae|CIFAR10|m16|s42|e300|es1|b4,vae|m16|e300|es1|b4,62.12762713432312,"stage4_methods.json: (CIFAR10,B6a_plus_Q,42,4).trace[7]",62.12762713432312,results/make49/stage4_cache/CIFAR10.json:vae|CIFAR10|m16|s42|e300|es1|b4,True,not available,300,True
CIFAR10,B6a_plus_Q,123,4.0,anchor,vae|CIFAR10|m256|s123|e300|es1|b4,vae|m256|e300|es1|b4,61.02980899810791,"stage4_methods.json: (CIFAR10,B6a_plus_Q,123,4).trace[5]",61.02980899810791,results/make49/stage4_cache/CIFAR10.json:vae|CIFAR10|m256|s123|e300|es1|b4,,not available,300,True
CIFAR10,B6a_plus_Q,123,4.0,final,vae|CIFAR10|m16|s123|e300|es1|b4,vae|m16|e300|es1|b4,43.527015209198,"stage4_methods.json: (CIFAR10,B6a_plus_Q,123,4).trace[6]",43.527015209198,results/make49/stage4_cache/CIFAR10.json:vae|CIFAR10|m16|s123|e300|es1|b4,True,not available,300,True
CIFAR10,B6a_plus_Q,777,4.0,anchor,vae|CIFAR10|m256|s777|e300|es1|b4,vae|m256|e300|es1|b4,60.47077798843384,"stage4_methods.json: (CIFAR10,B6a_plus_Q,777,4).trace[6]",60.47077798843384,results/make49/stage4_cache/CIFAR10.json:vae|CIFAR10|m256|s777|e300|es1|b4,,not available,300,True
CIFAR10,B6a_plus_Q,777,4.0,final,vae|CIFAR10|m16|s777|e300|es1|b4,vae|m16|e300|es1|b4,35.333575963974,"stage4_methods.json: (CIFAR10,B6a_plus_Q,777,4).trace[7]",35.333575963974,results/make49/stage4_cache/CIFAR10.json:vae|CIFAR10|m16|s777|e300|es1|b4,True,not available,300,True
CIFAR10,B6a_plus_Q,2024,4.0,anchor,vae|CIFAR10|m256|s2024|e300|es1|b4,vae|m256|e300|es1|b4,47.932132720947266,"stage4_methods.json: (CIFAR10,B6a_plus_Q,2024,4).trace[6]",47.932132720947266,results/make49/stage4_cache/CIFAR10.json:vae|CIFAR10|m256|s2024|e300|es1|b4,,not available,300,True
CIFAR10,B6a_plus_Q,2024,4.0,final,vae|CIFAR10|m16|s2024|e300|es1|b4,vae|m16|e300|es1|b4,48.25973129272461,"stage4_methods.json: (CIFAR10,B6a_plus_Q,2024,4).trace[7]",48.25973129272461,results/make49/stage4_cache/CIFAR10.json:vae|CIFAR10|m16|s2024|e300|es1|b4,True,not available,300,True
CIFAR10,B6a_plus_Q,31337,4.0,anchor,vae|CIFAR10|m256|s31337|e300|es1|b4,vae|m256|e300|es1|b4,68.00399208068848,"stage4_methods.json: (CIFAR10,B6a_plus_Q,31337,4).trace[5]",68.00399208068848,results/make49/stage4_cache/CIFAR10.json:vae|CIFAR10|m256|s31337|e300|es1|b4,,not available,300,True
CIFAR10,B6a_plus_Q,31337,4.0,final,vae|CIFAR10|m16|s31337|e300|es1|b4,vae|m16|e300|es1|b4,55.94209408760071,"stage4_methods.json: (CIFAR10,B6a_plus_Q,31337,4).trace[6]",55.94209408760071,results/make49/stage4_cache/CIFAR10.json:vae|CIFAR10|m16|s31337|e300|es1|b4,True,not available,300,True
CIFAR10,B6b_plus_Q,42,4.0,anchor,vae|CIFAR10|m256|s42|e300|es1|b4,vae|m256|e300|es1|b4,70.8081705570221,"stage4_methods.json: (CIFAR10,B6b_plus_Q,42,4).trace[1]",70.8081705570221,results/make49/stage4_cache/CIFAR10.json:vae|CIFAR10|m256|s42|e300|es1|b4,,not available,300,True
CIFAR10,B6b_plus_Q,42,4.0,final,vae|CIFAR10|m16|s42|e300|es1|b4,vae|m16|e300|es1|b4,62.12762713432312,"stage4_methods.json: (CIFAR10,B6b_plus_Q,42,4).trace[2]",62.12762713432312,results/make49/stage4_cache/CIFAR10.json:vae|CIFAR10|m16|s42|e300|es1|b4,True,not available,300,True
CIFAR10,B6b_plus_Q,123,4.0,anchor,vae|CIFAR10|m256|s123|e300|es1|b4,vae|m256|e300|es1|b4,61.02980899810791,"stage4_methods.json: (CIFAR10,B6b_plus_Q,123,4).trace[1]",61.02980899810791,results/make49/stage4_cache/CIFAR10.json:vae|CIFAR10|m256|s123|e300|es1|b4,,not available,300,True
CIFAR10,B6b_plus_Q,123,4.0,final,vae|CIFAR10|m16|s123|e300|es1|b4,vae|m16|e300|es1|b4,43.527015209198,"stage4_methods.json: (CIFAR10,B6b_plus_Q,123,4).trace[2]",43.527015209198,results/make49/stage4_cache/CIFAR10.json:vae|CIFAR10|m16|s123|e300|es1|b4,True,not available,300,True
CIFAR10,B6b_plus_Q,777,4.0,anchor,vae|CIFAR10|m256|s777|e300|es1|b4,vae|m256|e300|es1|b4,60.47077798843384,"stage4_methods.json: (CIFAR10,B6b_plus_Q,777,4).trace[1]",60.47077798843384,results/make49/stage4_cache/CIFAR10.json:vae|CIFAR10|m256|s777|e300|es1|b4,,not available,300,True
CIFAR10,B6b_plus_Q,777,4.0,final,vae|CIFAR10|m16|s777|e300|es1|b4,vae|m16|e300|es1|b4,35.333575963974,"stage4_methods.json: (CIFAR10,B6b_plus_Q,777,4).trace[2]",35.333575963974,results/make49/stage4_cache/CIFAR10.json:vae|CIFAR10|m16|s777|e300|es1|b4,True,not available,300,True
CIFAR10,B6b_plus_Q,2024,4.0,anchor,vae|CIFAR10|m256|s2024|e300|es1|b4,vae|m256|e300|es1|b4,47.932132720947266,"stage4_methods.json: (CIFAR10,B6b_plus_Q,2024,4).trace[1]",47.932132720947266,results/make49/stage4_cache/CIFAR10.json:vae|CIFAR10|m256|s2024|e300|es1|b4,,not available,300,True
CIFAR10,B6b_plus_Q,2024,4.0,final,vae|CIFAR10|m8|s2024|e300|es1|b4,vae|m8|e300|es1|b4,62.86979103088379,"stage4_methods.json: (CIFAR10,B6b_plus_Q,2024,4).trace[2]",62.86979103088379,results/make49/stage4_cache/CIFAR10.json:vae|CIFAR10|m8|s2024|e300|es1|b4,True,not available,300,True
CIFAR10,B6b_plus_Q,31337,4.0,anchor,vae|CIFAR10|m256|s31337|e300|es1|b4,vae|m256|e300|es1|b4,68.00399208068848,"stage4_methods.json: (CIFAR10,B6b_plus_Q,31337,4).trace[1]",68.00399208068848,results/make49/stage4_cache/CIFAR10.json:vae|CIFAR10|m256|s31337|e300|es1|b4,,not available,300,True
CIFAR10,B6b_plus_Q,31337,4.0,final,vae|CIFAR10|m16|s31337|e300|es1|b4,vae|m16|e300|es1|b4,55.94209408760071,"stage4_methods.json: (CIFAR10,B6b_plus_Q,31337,4).trace[2]",55.94209408760071,results/make49/stage4_cache/CIFAR10.json:vae|CIFAR10|m16|s31337|e300|es1|b4,True,not available,300,True
MNIST,B7_geco_l0,42,1.0,anchor,vae|MNIST|m64|s42|e300|es1|b1,not in trace,,not charged in original ledger; MAKE50 used current snapshot,66.05860233306885,results/make49/stage4_cache/MNIST.json:vae|MNIST|m64|s42|e300|es1|b1,,not available,300,True
MNIST,B7_geco_l0,42,1.0,final,vae|MNIST|m6|s42|e300|es1|b1,wrapper candidate key reconstructed,35.225024700164795,"stage7_b7b8.json: (MNIST,B7_geco_l0,42,1).final_train_seconds",35.225024700164795,results/make49/stage4_cache/MNIST.json:vae|MNIST|m6|s42|e300|es1|b1,True,not available,300,True
MNIST,B8_ard_vae,42,1.0,anchor,vae|MNIST|m64|s42|e300|es1|b1,not in trace,,not charged in original ledger; MAKE50 used current snapshot,66.05860233306885,results/make49/stage4_cache/MNIST.json:vae|MNIST|m64|s42|e300|es1|b1,,not available,300,True
MNIST,B8_ard_vae,42,1.0,final,vae|MNIST|m6|s42|e300|es1|b1,wrapper candidate key reconstructed,35.225024700164795,"stage7_b7b8.json: (MNIST,B8_ard_vae,42,1).final_train_seconds",35.225024700164795,results/make49/stage4_cache/MNIST.json:vae|MNIST|m6|s42|e300|es1|b1,True,not available,300,True
MNIST,B7_geco_l0,123,1.0,anchor,vae|MNIST|m64|s123|e300|es1|b1,not in trace,,not charged in original ledger; MAKE50 used current snapshot,45.33538007736206,results/make49/stage4_cache/MNIST.json:vae|MNIST|m64|s123|e300|es1|b1,,not available,300,True
MNIST,B7_geco_l0,123,1.0,final,vae|MNIST|m6|s123|e300|es1|b1,wrapper candidate key reconstructed,36.609304428100586,"stage7_b7b8.json: (MNIST,B7_geco_l0,123,1).final_train_seconds",36.609304428100586,results/make49/stage4_cache/MNIST.json:vae|MNIST|m6|s123|e300|es1|b1,True,not available,300,True
MNIST,B8_ard_vae,123,1.0,anchor,vae|MNIST|m64|s123|e300|es1|b1,not in trace,,not charged in original ledger; MAKE50 used current snapshot,45.33538007736206,results/make49/stage4_cache/MNIST.json:vae|MNIST|m64|s123|e300|es1|b1,,not available,300,True
MNIST,B8_ard_vae,123,1.0,final,vae|MNIST|m6|s123|e300|es1|b1,wrapper candidate key reconstructed,36.609304428100586,"stage7_b7b8.json: (MNIST,B8_ard_vae,123,1).final_train_seconds",36.609304428100586,results/make49/stage4_cache/MNIST.json:vae|MNIST|m6|s123|e300|es1|b1,True,not available,300,True
MNIST,B7_geco_l0,777,1.0,anchor,vae|MNIST|m64|s777|e300|es1|b1,not in trace,,not charged in original ledger; MAKE50 used current snapshot,66.14485359191895,results/make49/stage4_cache/MNIST.json:vae|MNIST|m64|s777|e300|es1|b1,,not available,300,True
MNIST,B7_geco_l0,777,1.0,final,vae|MNIST|m6|s777|e300|es1|b1,wrapper candidate key reconstructed,37.029944896698,"stage7_b7b8.json: (MNIST,B7_geco_l0,777,1).final_train_seconds",37.029944896698,results/make49/stage4_cache/MNIST.json:vae|MNIST|m6|s777|e300|es1|b1,True,not available,300,True
MNIST,B8_ard_vae,777,1.0,anchor,vae|MNIST|m64|s777|e300|es1|b1,not in trace,,not charged in original ledger; MAKE50 used current snapshot,66.14485359191895,results/make49/stage4_cache/MNIST.json:vae|MNIST|m64|s777|e300|es1|b1,,not available,300,True
MNIST,B8_ard_vae,777,1.0,final,vae|MNIST|m6|s777|e300|es1|b1,wrapper candidate key reconstructed,37.029944896698,"stage7_b7b8.json: (MNIST,B8_ard_vae,777,1).final_train_seconds",37.029944896698,results/make49/stage4_cache/MNIST.json:vae|MNIST|m6|s777|e300|es1|b1,True,not available,300,True
MNIST,B7_geco_l0,2024,1.0,anchor,vae|MNIST|m64|s2024|e300|es1|b1,not in trace,,not charged in original ledger; MAKE50 used current snapshot,62.86958146095276,results/make49/stage4_cache/MNIST.json:vae|MNIST|m64|s2024|e300|es1|b1,,not available,300,True
MNIST,B7_geco_l0,2024,1.0,final,vae|MNIST|m6|s2024|e300|es1|b1,wrapper candidate key reconstructed,38.03678321838379,"stage7_b7b8.json: (MNIST,B7_geco_l0,2024,1).final_train_seconds",38.03678321838379,results/make49/stage4_cache/MNIST.json:vae|MNIST|m6|s2024|e300|es1|b1,True,not available,300,True
MNIST,B8_ard_vae,2024,1.0,anchor,vae|MNIST|m64|s2024|e300|es1|b1,not in trace,,not charged in original ledger; MAKE50 used current snapshot,62.86958146095276,results/make49/stage4_cache/MNIST.json:vae|MNIST|m64|s2024|e300|es1|b1,,not available,300,True
MNIST,B8_ard_vae,2024,1.0,final,vae|MNIST|m6|s2024|e300|es1|b1,wrapper candidate key reconstructed,38.03678321838379,"stage7_b7b8.json: (MNIST,B8_ard_vae,2024,1).final_train_seconds",38.03678321838379,results/make49/stage4_cache/MNIST.json:vae|MNIST|m6|s2024|e300|es1|b1,True,not available,300,True
MNIST,B7_geco_l0,31337,1.0,anchor,vae|MNIST|m64|s31337|e300|es1|b1,not in trace,,not charged in original ledger; MAKE50 used current snapshot,72.526198387146,results/make49/stage4_cache/MNIST.json:vae|MNIST|m64|s31337|e300|es1|b1,,not available,300,True
MNIST,B7_geco_l0,31337,1.0,final,vae|MNIST|m8|s31337|e300|es1|b1,wrapper candidate key reconstructed,51.109251260757446,"stage7_b7b8.json: (MNIST,B7_geco_l0,31337,1).final_train_seconds",51.109251260757446,results/make49/stage4_cache/MNIST.json:vae|MNIST|m8|s31337|e300|es1|b1,True,not available,300,True
MNIST,B8_ard_vae,31337,1.0,anchor,vae|MNIST|m64|s31337|e300|es1|b1,not in trace,,not charged in original ledger; MAKE50 used current snapshot,72.526198387146,results/make49/stage4_cache/MNIST.json:vae|MNIST|m64|s31337|e300|es1|b1,,not available,300,True
MNIST,B8_ard_vae,31337,1.0,final,vae|MNIST|m6|s31337|e300|es1|b1,wrapper candidate key reconstructed,41.02596306800842,"stage7_b7b8.json: (MNIST,B8_ard_vae,31337,1).final_train_seconds",41.02596306800842,results/make49/stage4_cache/MNIST.json:vae|MNIST|m6|s31337|e300|es1|b1,True,not available,300,True
FashionMNIST,B7_geco_l0,42,1.0,anchor,vae|FashionMNIST|m64|s42|e300|es1|b1,not in trace,,not charged in original ledger; MAKE50 used current snapshot,53.408743143081665,results/make49/stage4_cache/FashionMNIST.json:vae|FashionMNIST|m64|s42|e300|es1|b1,,not available,300,True
FashionMNIST,B7_geco_l0,42,1.0,final,vae|FashionMNIST|m4|s42|e300|es1|b1,wrapper candidate key reconstructed,105.1015031337738,"stage7_b7b8.json: (FashionMNIST,B7_geco_l0,42,1).final_train_seconds",105.1015031337738,results/make49/stage4_cache/FashionMNIST.json:vae|FashionMNIST|m4|s42|e300|es1|b1,True,not available,300,True
FashionMNIST,B8_ard_vae,42,1.0,anchor,vae|FashionMNIST|m64|s42|e300|es1|b1,not in trace,,not charged in original ledger; MAKE50 used current snapshot,53.408743143081665,results/make49/stage4_cache/FashionMNIST.json:vae|FashionMNIST|m64|s42|e300|es1|b1,,not available,300,True
FashionMNIST,B8_ard_vae,42,1.0,final,vae|FashionMNIST|m4|s42|e300|es1|b1,wrapper candidate key reconstructed,105.1015031337738,"stage7_b7b8.json: (FashionMNIST,B8_ard_vae,42,1).final_train_seconds",105.1015031337738,results/make49/stage4_cache/FashionMNIST.json:vae|FashionMNIST|m4|s42|e300|es1|b1,True,not available,300,True
FashionMNIST,B7_geco_l0,123,1.0,anchor,vae|FashionMNIST|m64|s123|e300|es1|b1,not in trace,,not charged in original ledger; MAKE50 used current snapshot,43.8092725276947,results/make49/stage4_cache/FashionMNIST.json:vae|FashionMNIST|m64|s123|e300|es1|b1,,not available,300,True
FashionMNIST,B7_geco_l0,123,1.0,final,vae|FashionMNIST|m4|s123|e300|es1|b1,wrapper candidate key reconstructed,68.20109057426453,"stage7_b7b8.json: (FashionMNIST,B7_geco_l0,123,1).final_train_seconds",68.20109057426453,results/make49/stage4_cache/FashionMNIST.json:vae|FashionMNIST|m4|s123|e300|es1|b1,True,not available,300,True
FashionMNIST,B8_ard_vae,123,1.0,anchor,vae|FashionMNIST|m64|s123|e300|es1|b1,not in trace,,not charged in original ledger; MAKE50 used current snapshot,43.8092725276947,results/make49/stage4_cache/FashionMNIST.json:vae|FashionMNIST|m64|s123|e300|es1|b1,,not available,300,True
FashionMNIST,B8_ard_vae,123,1.0,final,vae|FashionMNIST|m4|s123|e300|es1|b1,wrapper candidate key reconstructed,68.20109057426453,"stage7_b7b8.json: (FashionMNIST,B8_ard_vae,123,1).final_train_seconds",68.20109057426453,results/make49/stage4_cache/FashionMNIST.json:vae|FashionMNIST|m4|s123|e300|es1|b1,True,not available,300,True
FashionMNIST,B7_geco_l0,777,1.0,anchor,vae|FashionMNIST|m64|s777|e300|es1|b1,not in trace,,not charged in original ledger; MAKE50 used current snapshot,66.28704190254211,results/make49/stage4_cache/FashionMNIST.json:vae|FashionMNIST|m64|s777|e300|es1|b1,,not available,300,True
FashionMNIST,B7_geco_l0,777,1.0,final,vae|FashionMNIST|m4|s777|e300|es1|b1,wrapper candidate key reconstructed,112.82939291000366,"stage7_b7b8.json: (FashionMNIST,B7_geco_l0,777,1).final_train_seconds",112.82939291000366,results/make49/stage4_cache/FashionMNIST.json:vae|FashionMNIST|m4|s777|e300|es1|b1,True,not available,300,True
FashionMNIST,B8_ard_vae,777,1.0,anchor,vae|FashionMNIST|m64|s777|e300|es1|b1,not in trace,,not charged in original ledger; MAKE50 used current snapshot,66.28704190254211,results/make49/stage4_cache/FashionMNIST.json:vae|FashionMNIST|m64|s777|e300|es1|b1,,not available,300,True
FashionMNIST,B8_ard_vae,777,1.0,final,vae|FashionMNIST|m2|s777|e300|es1|b1,wrapper candidate key reconstructed,55.59188199043274,"stage7_b7b8.json: (FashionMNIST,B8_ard_vae,777,1).final_train_seconds",55.59188199043274,results/make49/stage4_cache/FashionMNIST.json:vae|FashionMNIST|m2|s777|e300|es1|b1,True,not available,300,True
FashionMNIST,B7_geco_l0,2024,1.0,anchor,vae|FashionMNIST|m64|s2024|e300|es1|b1,not in trace,,not charged in original ledger; MAKE50 used current snapshot,50.94355344772339,results/make49/stage4_cache/FashionMNIST.json:vae|FashionMNIST|m64|s2024|e300|es1|b1,,not available,300,True
FashionMNIST,B7_geco_l0,2024,1.0,final,vae|FashionMNIST|m4|s2024|e300|es1|b1,wrapper candidate key reconstructed,75.0333731174469,"stage7_b7b8.json: (FashionMNIST,B7_geco_l0,2024,1).final_train_seconds",75.0333731174469,results/make49/stage4_cache/FashionMNIST.json:vae|FashionMNIST|m4|s2024|e300|es1|b1,True,not available,300,True
FashionMNIST,B8_ard_vae,2024,1.0,anchor,vae|FashionMNIST|m64|s2024|e300|es1|b1,not in trace,,not charged in original ledger; MAKE50 used current snapshot,50.94355344772339,results/make49/stage4_cache/FashionMNIST.json:vae|FashionMNIST|m64|s2024|e300|es1|b1,,not available,300,True
FashionMNIST,B8_ard_vae,2024,1.0,final,vae|FashionMNIST|m4|s2024|e300|es1|b1,wrapper candidate key reconstructed,75.0333731174469,"stage7_b7b8.json: (FashionMNIST,B8_ard_vae,2024,1).final_train_seconds",75.0333731174469,results/make49/stage4_cache/FashionMNIST.json:vae|FashionMNIST|m4|s2024|e300|es1|b1,True,not available,300,True
FashionMNIST,B7_geco_l0,31337,1.0,anchor,vae|FashionMNIST|m64|s31337|e300|es1|b1,not in trace,,not charged in original ledger; MAKE50 used current snapshot,55.783231019973755,results/make49/stage4_cache/FashionMNIST.json:vae|FashionMNIST|m64|s31337|e300|es1|b1,,not available,300,True
FashionMNIST,B7_geco_l0,31337,1.0,final,vae|FashionMNIST|m4|s31337|e300|es1|b1,wrapper candidate key reconstructed,88.83291554450989,"stage7_b7b8.json: (FashionMNIST,B7_geco_l0,31337,1).final_train_seconds",88.83291554450989,results/make49/stage4_cache/FashionMNIST.json:vae|FashionMNIST|m4|s31337|e300|es1|b1,True,not available,300,True
FashionMNIST,B8_ard_vae,31337,1.0,anchor,vae|FashionMNIST|m64|s31337|e300|es1|b1,not in trace,,not charged in original ledger; MAKE50 used current snapshot,55.783231019973755,results/make49/stage4_cache/FashionMNIST.json:vae|FashionMNIST|m64|s31337|e300|es1|b1,,not available,300,True
FashionMNIST,B8_ard_vae,31337,1.0,final,vae|FashionMNIST|m4|s31337|e300|es1|b1,wrapper candidate key reconstructed,88.83291554450989,"stage7_b7b8.json: (FashionMNIST,B8_ard_vae,31337,1).final_train_seconds",88.83291554450989,results/make49/stage4_cache/FashionMNIST.json:vae|FashionMNIST|m4|s31337|e300|es1|b1,True,not available,300,True
dSprites,B7_geco_l0,42,1.0,anchor,vae|dSprites|m64|s42|e300|es1|b1,not in trace,,not charged in original ledger; MAKE50 used current snapshot,253.12427306175232,results/make49/stage4_cache/dSprites.json:vae|dSprites|m64|s42|e300|es1|b1,,not available,300,True
dSprites,B7_geco_l0,42,1.0,final,vae|dSprites|m64|s42|e300|es1|b1,wrapper candidate key reconstructed,253.12427306175232,"stage7_b7b8.json: (dSprites,B7_geco_l0,42,1).final_train_seconds",253.12427306175232,results/make49/stage4_cache/dSprites.json:vae|dSprites|m64|s42|e300|es1|b1,True,not available,300,True
dSprites,B8_ard_vae,42,1.0,anchor,vae|dSprites|m64|s42|e300|es1|b1,not in trace,,not charged in original ledger; MAKE50 used current snapshot,253.12427306175232,results/make49/stage4_cache/dSprites.json:vae|dSprites|m64|s42|e300|es1|b1,,not available,300,True
dSprites,B8_ard_vae,42,1.0,final,vae|dSprites|m8|s42|e300|es1|b1,wrapper candidate key reconstructed,238.67095375061035,"stage7_b7b8.json: (dSprites,B8_ard_vae,42,1).final_train_seconds",238.67095375061035,results/make49/stage4_cache/dSprites.json:vae|dSprites|m8|s42|e300|es1|b1,True,not available,300,True
dSprites,B7_geco_l0,123,1.0,anchor,vae|dSprites|m64|s123|e300|es1|b1,not in trace,,not charged in original ledger; MAKE50 used current snapshot,235.1435785293579,results/make49/stage4_cache/dSprites.json:vae|dSprites|m64|s123|e300|es1|b1,,not available,300,True
dSprites,B7_geco_l0,123,1.0,final,vae|dSprites|m64|s123|e300|es1|b1,wrapper candidate key reconstructed,235.1435785293579,"stage7_b7b8.json: (dSprites,B7_geco_l0,123,1).final_train_seconds",235.1435785293579,results/make49/stage4_cache/dSprites.json:vae|dSprites|m64|s123|e300|es1|b1,True,not available,300,True
dSprites,B8_ard_vae,123,1.0,anchor,vae|dSprites|m64|s123|e300|es1|b1,not in trace,,not charged in original ledger; MAKE50 used current snapshot,235.1435785293579,results/make49/stage4_cache/dSprites.json:vae|dSprites|m64|s123|e300|es1|b1,,not available,300,True
dSprites,B8_ard_vae,123,1.0,final,vae|dSprites|m10|s123|e300|es1|b1,wrapper candidate key reconstructed,226.01872491836548,"stage7_b7b8.json: (dSprites,B8_ard_vae,123,1).final_train_seconds",226.01872491836548,results/make49/stage4_cache/dSprites.json:vae|dSprites|m10|s123|e300|es1|b1,True,not available,300,True
dSprites,B7_geco_l0,777,1.0,anchor,vae|dSprites|m64|s777|e300|es1|b1,not in trace,,not charged in original ledger; MAKE50 used current snapshot,237.41397619247437,results/make49/stage4_cache/dSprites.json:vae|dSprites|m64|s777|e300|es1|b1,,not available,300,True
dSprites,B7_geco_l0,777,1.0,final,vae|dSprites|m64|s777|e300|es1|b1,wrapper candidate key reconstructed,237.41397619247437,"stage7_b7b8.json: (dSprites,B7_geco_l0,777,1).final_train_seconds",237.41397619247437,results/make49/stage4_cache/dSprites.json:vae|dSprites|m64|s777|e300|es1|b1,True,not available,300,True
dSprites,B8_ard_vae,777,1.0,anchor,vae|dSprites|m64|s777|e300|es1|b1,not in trace,,not charged in original ledger; MAKE50 used current snapshot,237.41397619247437,results/make49/stage4_cache/dSprites.json:vae|dSprites|m64|s777|e300|es1|b1,,not available,300,True
dSprites,B8_ard_vae,777,1.0,final,vae|dSprites|m6|s777|e300|es1|b1,wrapper candidate key reconstructed,177.40878009796143,"stage7_b7b8.json: (dSprites,B8_ard_vae,777,1).final_train_seconds",177.40878009796143,results/make49/stage4_cache/dSprites.json:vae|dSprites|m6|s777|e300|es1|b1,True,not available,300,True
dSprites,B7_geco_l0,2024,1.0,anchor,vae|dSprites|m64|s2024|e300|es1|b1,not in trace,,not charged in original ledger; MAKE50 used current snapshot,238.429931640625,results/make49/stage4_cache/dSprites.json:vae|dSprites|m64|s2024|e300|es1|b1,,not available,300,True
dSprites,B7_geco_l0,2024,1.0,final,vae|dSprites|m64|s2024|e300|es1|b1,wrapper candidate key reconstructed,238.429931640625,"stage7_b7b8.json: (dSprites,B7_geco_l0,2024,1).final_train_seconds",238.429931640625,results/make49/stage4_cache/dSprites.json:vae|dSprites|m64|s2024|e300|es1|b1,True,not available,300,True
dSprites,B8_ard_vae,2024,1.0,anchor,vae|dSprites|m64|s2024|e300|es1|b1,not in trace,,not charged in original ledger; MAKE50 used current snapshot,238.429931640625,results/make49/stage4_cache/dSprites.json:vae|dSprites|m64|s2024|e300|es1|b1,,not available,300,True
dSprites,B8_ard_vae,2024,1.0,final,vae|dSprites|m10|s2024|e300|es1|b1,wrapper candidate key reconstructed,213.86164927482605,"stage7_b7b8.json: (dSprites,B8_ard_vae,2024,1).final_train_seconds",213.86164927482605,results/make49/stage4_cache/dSprites.json:vae|dSprites|m10|s2024|e300|es1|b1,True,not available,300,True
dSprites,B7_geco_l0,31337,1.0,anchor,vae|dSprites|m64|s31337|e300|es1|b1,not in trace,,not charged in original ledger; MAKE50 used current snapshot,223.92378115653992,results/make49/stage4_cache/dSprites.json:vae|dSprites|m64|s31337|e300|es1|b1,,not available,300,True
dSprites,B7_geco_l0,31337,1.0,final,vae|dSprites|m64|s31337|e300|es1|b1,wrapper candidate key reconstructed,223.92378115653992,"stage7_b7b8.json: (dSprites,B7_geco_l0,31337,1).final_train_seconds",223.92378115653992,results/make49/stage4_cache/dSprites.json:vae|dSprites|m64|s31337|e300|es1|b1,True,not available,300,True
dSprites,B8_ard_vae,31337,1.0,anchor,vae|dSprites|m64|s31337|e300|es1|b1,not in trace,,not charged in original ledger; MAKE50 used current snapshot,223.92378115653992,results/make49/stage4_cache/dSprites.json:vae|dSprites|m64|s31337|e300|es1|b1,,not available,300,True
dSprites,B8_ard_vae,31337,1.0,final,vae|dSprites|m8|s31337|e300|es1|b1,wrapper candidate key reconstructed,191.88123631477356,"stage7_b7b8.json: (dSprites,B8_ard_vae,31337,1).final_train_seconds",191.88123631477356,results/make49/stage4_cache/dSprites.json:vae|dSprites|m8|s31337|e300|es1|b1,True,not available,300,True
CIFAR10,B7_geco_l0,42,1.0,anchor,vae|CIFAR10|m256|s42|e300|es1|b1,not in trace,,not charged in original ledger; MAKE50 used current snapshot,52.41294550895691,results/make49/stage4_cache/CIFAR10.json:vae|CIFAR10|m256|s42|e300|es1|b1,,not available,300,True
CIFAR10,B7_geco_l0,42,1.0,final,vae|CIFAR10|m16|s42|e300|es1|b1,wrapper candidate key reconstructed,47.469271659851074,"stage7_b7b8.json: (CIFAR10,B7_geco_l0,42,1).final_train_seconds",47.469271659851074,results/make49/stage4_cache/CIFAR10.json:vae|CIFAR10|m16|s42|e300|es1|b1,True,not available,300,True
CIFAR10,B8_ard_vae,42,1.0,anchor,vae|CIFAR10|m256|s42|e300|es1|b1,not in trace,,not charged in original ledger; MAKE50 used current snapshot,52.41294550895691,results/make49/stage4_cache/CIFAR10.json:vae|CIFAR10|m256|s42|e300|es1|b1,,not available,300,True
CIFAR10,B8_ard_vae,42,1.0,final,vae|CIFAR10|m16|s42|e300|es1|b1,wrapper candidate key reconstructed,47.469271659851074,"stage7_b7b8.json: (CIFAR10,B8_ard_vae,42,1).final_train_seconds",47.469271659851074,results/make49/stage4_cache/CIFAR10.json:vae|CIFAR10|m16|s42|e300|es1|b1,True,not available,300,True
CIFAR10,B7_geco_l0,123,1.0,anchor,vae|CIFAR10|m256|s123|e300|es1|b1,not in trace,,not charged in original ledger; MAKE50 used current snapshot,46.40355634689331,results/make49/stage4_cache/CIFAR10.json:vae|CIFAR10|m256|s123|e300|es1|b1,,not available,300,True
CIFAR10,B7_geco_l0,123,1.0,final,vae|CIFAR10|m16|s123|e300|es1|b1,wrapper candidate key reconstructed,33.36165428161621,"stage7_b7b8.json: (CIFAR10,B7_geco_l0,123,1).final_train_seconds",33.36165428161621,results/make49/stage4_cache/CIFAR10.json:vae|CIFAR10|m16|s123|e300|es1|b1,True,not available,300,True
CIFAR10,B8_ard_vae,123,1.0,anchor,vae|CIFAR10|m256|s123|e300|es1|b1,not in trace,,not charged in original ledger; MAKE50 used current snapshot,46.40355634689331,results/make49/stage4_cache/CIFAR10.json:vae|CIFAR10|m256|s123|e300|es1|b1,,not available,300,True
CIFAR10,B8_ard_vae,123,1.0,final,vae|CIFAR10|m16|s123|e300|es1|b1,wrapper candidate key reconstructed,33.36165428161621,"stage7_b7b8.json: (CIFAR10,B8_ard_vae,123,1).final_train_seconds",33.36165428161621,results/make49/stage4_cache/CIFAR10.json:vae|CIFAR10|m16|s123|e300|es1|b1,True,not available,300,True
CIFAR10,B7_geco_l0,777,1.0,anchor,vae|CIFAR10|m256|s777|e300|es1|b1,not in trace,,not charged in original ledger; MAKE50 used current snapshot,42.488953590393066,results/make49/stage4_cache/CIFAR10.json:vae|CIFAR10|m256|s777|e300|es1|b1,,not available,300,True
CIFAR10,B7_geco_l0,777,1.0,final,vae|CIFAR10|m16|s777|e300|es1|b1,wrapper candidate key reconstructed,28.80190944671631,"stage7_b7b8.json: (CIFAR10,B7_geco_l0,777,1).final_train_seconds",28.80190944671631,results/make49/stage4_cache/CIFAR10.json:vae|CIFAR10|m16|s777|e300|es1|b1,True,not available,300,True
CIFAR10,B8_ard_vae,777,1.0,anchor,vae|CIFAR10|m256|s777|e300|es1|b1,not in trace,,not charged in original ledger; MAKE50 used current snapshot,42.488953590393066,results/make49/stage4_cache/CIFAR10.json:vae|CIFAR10|m256|s777|e300|es1|b1,,not available,300,True
CIFAR10,B8_ard_vae,777,1.0,final,vae|CIFAR10|m16|s777|e300|es1|b1,wrapper candidate key reconstructed,28.80190944671631,"stage7_b7b8.json: (CIFAR10,B8_ard_vae,777,1).final_train_seconds",28.80190944671631,results/make49/stage4_cache/CIFAR10.json:vae|CIFAR10|m16|s777|e300|es1|b1,True,not available,300,True
CIFAR10,B7_geco_l0,2024,1.0,anchor,vae|CIFAR10|m256|s2024|e300|es1|b1,not in trace,,not charged in original ledger; MAKE50 used current snapshot,52.974677085876465,results/make49/stage4_cache/CIFAR10.json:vae|CIFAR10|m256|s2024|e300|es1|b1,,not available,300,True
CIFAR10,B7_geco_l0,2024,1.0,final,vae|CIFAR10|m24|s2024|e300|es1|b1,wrapper candidate key reconstructed,46.45950961112976,"stage7_b7b8.json: (CIFAR10,B7_geco_l0,2024,1).final_train_seconds",46.45950961112976,results/make49/stage4_cache/CIFAR10.json:vae|CIFAR10|m24|s2024|e300|es1|b1,True,not available,300,True
CIFAR10,B8_ard_vae,2024,1.0,anchor,vae|CIFAR10|m256|s2024|e300|es1|b1,not in trace,,not charged in original ledger; MAKE50 used current snapshot,52.974677085876465,results/make49/stage4_cache/CIFAR10.json:vae|CIFAR10|m256|s2024|e300|es1|b1,,not available,300,True
CIFAR10,B8_ard_vae,2024,1.0,final,vae|CIFAR10|m16|s2024|e300|es1|b1,wrapper candidate key reconstructed,32.829200983047485,"stage7_b7b8.json: (CIFAR10,B8_ard_vae,2024,1).final_train_seconds",32.829200983047485,results/make49/stage4_cache/CIFAR10.json:vae|CIFAR10|m16|s2024|e300|es1|b1,True,not available,300,True
CIFAR10,B7_geco_l0,31337,1.0,anchor,vae|CIFAR10|m256|s31337|e300|es1|b1,not in trace,,not charged in original ledger; MAKE50 used current snapshot,67.78465390205383,results/make49/stage4_cache/CIFAR10.json:vae|CIFAR10|m256|s31337|e300|es1|b1,,not available,300,True
CIFAR10,B7_geco_l0,31337,1.0,final,vae|CIFAR10|m24|s31337|e300|es1|b1,wrapper candidate key reconstructed,43.97810459136963,"stage7_b7b8.json: (CIFAR10,B7_geco_l0,31337,1).final_train_seconds",43.97810459136963,results/make49/stage4_cache/CIFAR10.json:vae|CIFAR10|m24|s31337|e300|es1|b1,True,not available,300,True
CIFAR10,B8_ard_vae,31337,1.0,anchor,vae|CIFAR10|m256|s31337|e300|es1|b1,not in trace,,not charged in original ledger; MAKE50 used current snapshot,67.78465390205383,results/make49/stage4_cache/CIFAR10.json:vae|CIFAR10|m256|s31337|e300|es1|b1,,not available,300,True
CIFAR10,B8_ard_vae,31337,1.0,final,vae|CIFAR10|m16|s31337|e300|es1|b1,wrapper candidate key reconstructed,28.747224807739258,"stage7_b7b8.json: (CIFAR10,B8_ard_vae,31337,1).final_train_seconds",28.747224807739258,results/make49/stage4_cache/CIFAR10.json:vae|CIFAR10|m16|s31337|e300|es1|b1,True,not available,300,True
MNIST,B7_geco_l0,42,0.25,anchor,vae|MNIST|m64|s42|e300|es1|b0.25,not in trace,,not charged in original ledger; MAKE50 used current snapshot,29.022923707962036,results/make49/stage4_cache/MNIST.json:vae|MNIST|m64|s42|e300|es1|b0.25,,not available,300,True
MNIST,B7_geco_l0,42,0.25,final,vae|MNIST|m12|s42|e300|es1|b0.25,wrapper candidate key reconstructed,29.844139337539673,"stage7_b7b8.json: (MNIST,B7_geco_l0,42,0.25).final_train_seconds",29.844139337539673,results/make49/stage4_cache/MNIST.json:vae|MNIST|m12|s42|e300|es1|b0.25,True,not available,300,True
MNIST,B8_ard_vae,42,0.25,anchor,vae|MNIST|m64|s42|e300|es1|b0.25,not in trace,,not charged in original ledger; MAKE50 used current snapshot,29.022923707962036,results/make49/stage4_cache/MNIST.json:vae|MNIST|m64|s42|e300|es1|b0.25,,not available,300,True
MNIST,B8_ard_vae,42,0.25,final,vae|MNIST|m6|s42|e300|es1|b0.25,wrapper candidate key reconstructed,34.023850440979004,"stage7_b7b8.json: (MNIST,B8_ard_vae,42,0.25).final_train_seconds",34.023850440979004,results/make49/stage4_cache/MNIST.json:vae|MNIST|m6|s42|e300|es1|b0.25,True,not available,300,True
MNIST,B7_geco_l0,123,0.25,anchor,vae|MNIST|m64|s123|e300|es1|b0.25,not in trace,,not charged in original ledger; MAKE50 used current snapshot,41.33712840080261,results/make49/stage4_cache/MNIST.json:vae|MNIST|m64|s123|e300|es1|b0.25,,not available,300,True
MNIST,B7_geco_l0,123,0.25,final,vae|MNIST|m12|s123|e300|es1|b0.25,wrapper candidate key reconstructed,30.374875783920288,"stage7_b7b8.json: (MNIST,B7_geco_l0,123,0.25).final_train_seconds",30.374875783920288,results/make49/stage4_cache/MNIST.json:vae|MNIST|m12|s123|e300|es1|b0.25,True,not available,300,True
MNIST,B8_ard_vae,123,0.25,anchor,vae|MNIST|m64|s123|e300|es1|b0.25,not in trace,,not charged in original ledger; MAKE50 used current snapshot,41.33712840080261,results/make49/stage4_cache/MNIST.json:vae|MNIST|m64|s123|e300|es1|b0.25,,not available,300,True
MNIST,B8_ard_vae,123,0.25,final,vae|MNIST|m6|s123|e300|es1|b0.25,wrapper candidate key reconstructed,35.90526580810547,"stage7_b7b8.json: (MNIST,B8_ard_vae,123,0.25).final_train_seconds",35.90526580810547,results/make49/stage4_cache/MNIST.json:vae|MNIST|m6|s123|e300|es1|b0.25,True,not available,300,True
MNIST,B7_geco_l0,777,0.25,anchor,vae|MNIST|m64|s777|e300|es1|b0.25,not in trace,,not charged in original ledger; MAKE50 used current snapshot,52.16759943962097,results/make49/stage4_cache/MNIST.json:vae|MNIST|m64|s777|e300|es1|b0.25,,not available,300,True
MNIST,B7_geco_l0,777,0.25,final,vae|MNIST|m12|s777|e300|es1|b0.25,wrapper candidate key reconstructed,33.71924877166748,"stage7_b7b8.json: (MNIST,B7_geco_l0,777,0.25).final_train_seconds",33.71924877166748,results/make49/stage4_cache/MNIST.json:vae|MNIST|m12|s777|e300|es1|b0.25,True,not available,300,True
MNIST,B8_ard_vae,777,0.25,anchor,vae|MNIST|m64|s777|e300|es1|b0.25,not in trace,,not charged in original ledger; MAKE50 used current snapshot,52.16759943962097,results/make49/stage4_cache/MNIST.json:vae|MNIST|m64|s777|e300|es1|b0.25,,not available,300,True
MNIST,B8_ard_vae,777,0.25,final,vae|MNIST|m6|s777|e300|es1|b0.25,wrapper candidate key reconstructed,22.479230403900146,"stage7_b7b8.json: (MNIST,B8_ard_vae,777,0.25).final_train_seconds",22.479230403900146,results/make49/stage4_cache/MNIST.json:vae|MNIST|m6|s777|e300|es1|b0.25,True,not available,300,True
MNIST,B7_geco_l0,2024,0.25,anchor,vae|MNIST|m64|s2024|e300|es1|b0.25,not in trace,,not charged in original ledger; MAKE50 used current snapshot,33.468570709228516,results/make49/stage4_cache/MNIST.json:vae|MNIST|m64|s2024|e300|es1|b0.25,,not available,300,True
MNIST,B7_geco_l0,2024,0.25,final,vae|MNIST|m10|s2024|e300|es1|b0.25,wrapper candidate key reconstructed,29.70371127128601,"stage7_b7b8.json: (MNIST,B7_geco_l0,2024,0.25).final_train_seconds",29.70371127128601,results/make49/stage4_cache/MNIST.json:vae|MNIST|m10|s2024|e300|es1|b0.25,True,not available,300,True
MNIST,B8_ard_vae,2024,0.25,anchor,vae|MNIST|m64|s2024|e300|es1|b0.25,not in trace,,not charged in original ledger; MAKE50 used current snapshot,33.468570709228516,results/make49/stage4_cache/MNIST.json:vae|MNIST|m64|s2024|e300|es1|b0.25,,not available,300,True
MNIST,B8_ard_vae,2024,0.25,final,vae|MNIST|m6|s2024|e300|es1|b0.25,wrapper candidate key reconstructed,33.449432134628296,"stage7_b7b8.json: (MNIST,B8_ard_vae,2024,0.25).final_train_seconds",33.449432134628296,results/make49/stage4_cache/MNIST.json:vae|MNIST|m6|s2024|e300|es1|b0.25,True,not available,300,True
MNIST,B7_geco_l0,31337,0.25,anchor,vae|MNIST|m64|s31337|e300|es1|b0.25,not in trace,,not charged in original ledger; MAKE50 used current snapshot,32.876134634017944,results/make49/stage4_cache/MNIST.json:vae|MNIST|m64|s31337|e300|es1|b0.25,,not available,300,True
MNIST,B7_geco_l0,31337,0.25,final,vae|MNIST|m10|s31337|e300|es1|b0.25,wrapper candidate key reconstructed,46.78917074203491,"stage7_b7b8.json: (MNIST,B7_geco_l0,31337,0.25).final_train_seconds",46.78917074203491,results/make49/stage4_cache/MNIST.json:vae|MNIST|m10|s31337|e300|es1|b0.25,True,not available,300,True
MNIST,B8_ard_vae,31337,0.25,anchor,vae|MNIST|m64|s31337|e300|es1|b0.25,not in trace,,not charged in original ledger; MAKE50 used current snapshot,32.876134634017944,results/make49/stage4_cache/MNIST.json:vae|MNIST|m64|s31337|e300|es1|b0.25,,not available,300,True
MNIST,B8_ard_vae,31337,0.25,final,vae|MNIST|m6|s31337|e300|es1|b0.25,wrapper candidate key reconstructed,28.227957010269165,"stage7_b7b8.json: (MNIST,B8_ard_vae,31337,0.25).final_train_seconds",28.227957010269165,results/make49/stage4_cache/MNIST.json:vae|MNIST|m6|s31337|e300|es1|b0.25,True,not available,300,True
MNIST,B7_geco_l0,42,0.5,anchor,vae|MNIST|m64|s42|e300|es1|b0.5,not in trace,,not charged in original ledger; MAKE50 used current snapshot,50.790653228759766,results/make49/stage4_cache/MNIST.json:vae|MNIST|m64|s42|e300|es1|b0.5,,not available,300,True
MNIST,B7_geco_l0,42,0.5,final,vae|MNIST|m10|s42|e300|es1|b0.5,wrapper candidate key reconstructed,45.57834577560425,"stage7_b7b8.json: (MNIST,B7_geco_l0,42,0.5).final_train_seconds",45.57834577560425,results/make49/stage4_cache/MNIST.json:vae|MNIST|m10|s42|e300|es1|b0.5,True,not available,300,True
MNIST,B8_ard_vae,42,0.5,anchor,vae|MNIST|m64|s42|e300|es1|b0.5,not in trace,,not charged in original ledger; MAKE50 used current snapshot,50.790653228759766,results/make49/stage4_cache/MNIST.json:vae|MNIST|m64|s42|e300|es1|b0.5,,not available,300,True
MNIST,B8_ard_vae,42,0.5,final,vae|MNIST|m6|s42|e300|es1|b0.5,wrapper candidate key reconstructed,32.70734739303589,"stage7_b7b8.json: (MNIST,B8_ard_vae,42,0.5).final_train_seconds",32.70734739303589,results/make49/stage4_cache/MNIST.json:vae|MNIST|m6|s42|e300|es1|b0.5,True,not available,300,True
MNIST,B7_geco_l0,123,0.5,anchor,vae|MNIST|m64|s123|e300|es1|b0.5,not in trace,,not charged in original ledger; MAKE50 used current snapshot,37.346638917922974,results/make49/stage4_cache/MNIST.json:vae|MNIST|m64|s123|e300|es1|b0.5,,not available,300,True
MNIST,B7_geco_l0,123,0.5,final,vae|MNIST|m10|s123|e300|es1|b0.5,wrapper candidate key reconstructed,30.157569885253906,"stage7_b7b8.json: (MNIST,B7_geco_l0,123,0.5).final_train_seconds",30.157569885253906,results/make49/stage4_cache/MNIST.json:vae|MNIST|m10|s123|e300|es1|b0.5,True,not available,300,True
MNIST,B8_ard_vae,123,0.5,anchor,vae|MNIST|m64|s123|e300|es1|b0.5,not in trace,,not charged in original ledger; MAKE50 used current snapshot,37.346638917922974,results/make49/stage4_cache/MNIST.json:vae|MNIST|m64|s123|e300|es1|b0.5,,not available,300,True
MNIST,B8_ard_vae,123,0.5,final,vae|MNIST|m6|s123|e300|es1|b0.5,wrapper candidate key reconstructed,37.98566174507141,"stage7_b7b8.json: (MNIST,B8_ard_vae,123,0.5).final_train_seconds",37.98566174507141,results/make49/stage4_cache/MNIST.json:vae|MNIST|m6|s123|e300|es1|b0.5,True,not available,300,True
MNIST,B7_geco_l0,777,0.5,anchor,vae|MNIST|m64|s777|e300|es1|b0.5,not in trace,,not charged in original ledger; MAKE50 used current snapshot,54.6531023979187,results/make49/stage4_cache/MNIST.json:vae|MNIST|m64|s777|e300|es1|b0.5,,not available,300,True
MNIST,B7_geco_l0,777,0.5,final,vae|MNIST|m8|s777|e300|es1|b0.5,wrapper candidate key reconstructed,38.521657943725586,"stage7_b7b8.json: (MNIST,B7_geco_l0,777,0.5).final_train_seconds",38.521657943725586,results/make49/stage4_cache/MNIST.json:vae|MNIST|m8|s777|e300|es1|b0.5,True,not available,300,True
MNIST,B8_ard_vae,777,0.5,anchor,vae|MNIST|m64|s777|e300|es1|b0.5,not in trace,,not charged in original ledger; MAKE50 used current snapshot,54.6531023979187,results/make49/stage4_cache/MNIST.json:vae|MNIST|m64|s777|e300|es1|b0.5,,not available,300,True
MNIST,B8_ard_vae,777,0.5,final,vae|MNIST|m6|s777|e300|es1|b0.5,wrapper candidate key reconstructed,39.20682215690613,"stage7_b7b8.json: (MNIST,B8_ard_vae,777,0.5).final_train_seconds",39.20682215690613,results/make49/stage4_cache/MNIST.json:vae|MNIST|m6|s777|e300|es1|b0.5,True,not available,300,True
MNIST,B7_geco_l0,2024,0.5,anchor,vae|MNIST|m64|s2024|e300|es1|b0.5,not in trace,,not charged in original ledger; MAKE50 used current snapshot,53.15495705604553,results/make49/stage4_cache/MNIST.json:vae|MNIST|m64|s2024|e300|es1|b0.5,,not available,300,True
MNIST,B7_geco_l0,2024,0.5,final,vae|MNIST|m8|s2024|e300|es1|b0.5,wrapper candidate key reconstructed,27.003715753555298,"stage7_b7b8.json: (MNIST,B7_geco_l0,2024,0.5).final_train_seconds",27.003715753555298,results/make49/stage4_cache/MNIST.json:vae|MNIST|m8|s2024|e300|es1|b0.5,True,not available,300,True
MNIST,B8_ard_vae,2024,0.5,anchor,vae|MNIST|m64|s2024|e300|es1|b0.5,not in trace,,not charged in original ledger; MAKE50 used current snapshot,53.15495705604553,results/make49/stage4_cache/MNIST.json:vae|MNIST|m64|s2024|e300|es1|b0.5,,not available,300,True
MNIST,B8_ard_vae,2024,0.5,final,vae|MNIST|m6|s2024|e300|es1|b0.5,wrapper candidate key reconstructed,36.10679626464844,"stage7_b7b8.json: (MNIST,B8_ard_vae,2024,0.5).final_train_seconds",36.10679626464844,results/make49/stage4_cache/MNIST.json:vae|MNIST|m6|s2024|e300|es1|b0.5,True,not available,300,True
MNIST,B7_geco_l0,31337,0.5,anchor,vae|MNIST|m64|s31337|e300|es1|b0.5,not in trace,,not charged in original ledger; MAKE50 used current snapshot,69.16624283790588,results/make49/stage4_cache/MNIST.json:vae|MNIST|m64|s31337|e300|es1|b0.5,,not available,300,True
MNIST,B7_geco_l0,31337,0.5,final,vae|MNIST|m8|s31337|e300|es1|b0.5,wrapper candidate key reconstructed,30.277597904205322,"stage7_b7b8.json: (MNIST,B7_geco_l0,31337,0.5).final_train_seconds",30.277597904205322,results/make49/stage4_cache/MNIST.json:vae|MNIST|m8|s31337|e300|es1|b0.5,True,not available,300,True
MNIST,B8_ard_vae,31337,0.5,anchor,vae|MNIST|m64|s31337|e300|es1|b0.5,not in trace,,not charged in original ledger; MAKE50 used current snapshot,69.16624283790588,results/make49/stage4_cache/MNIST.json:vae|MNIST|m64|s31337|e300|es1|b0.5,,not available,300,True
MNIST,B8_ard_vae,31337,0.5,final,vae|MNIST|m6|s31337|e300|es1|b0.5,wrapper candidate key reconstructed,31.91476607322693,"stage7_b7b8.json: (MNIST,B8_ard_vae,31337,0.5).final_train_seconds",31.91476607322693,results/make49/stage4_cache/MNIST.json:vae|MNIST|m6|s31337|e300|es1|b0.5,True,not available,300,True
MNIST,B7_geco_l0,42,2.0,anchor,vae|MNIST|m64|s42|e300|es1|b2,not in trace,,not charged in original ledger; MAKE50 used current snapshot,75.97730684280396,results/make49/stage4_cache/MNIST.json:vae|MNIST|m64|s42|e300|es1|b2,,not available,300,True
MNIST,B7_geco_l0,42,2.0,final,vae|MNIST|m6|s42|e300|es1|b2,wrapper candidate key reconstructed,78.80380773544312,"stage7_b7b8.json: (MNIST,B7_geco_l0,42,2).final_train_seconds",78.80380773544312,results/make49/stage4_cache/MNIST.json:vae|MNIST|m6|s42|e300|es1|b2,True,not available,300,True
MNIST,B8_ard_vae,42,2.0,anchor,vae|MNIST|m64|s42|e300|es1|b2,not in trace,,not charged in original ledger; MAKE50 used current snapshot,75.97730684280396,results/make49/stage4_cache/MNIST.json:vae|MNIST|m64|s42|e300|es1|b2,,not available,300,True
MNIST,B8_ard_vae,42,2.0,final,vae|MNIST|m6|s42|e300|es1|b2,wrapper candidate key reconstructed,78.80380773544312,"stage7_b7b8.json: (MNIST,B8_ard_vae,42,2).final_train_seconds",78.80380773544312,results/make49/stage4_cache/MNIST.json:vae|MNIST|m6|s42|e300|es1|b2,True,not available,300,True
MNIST,B7_geco_l0,123,2.0,anchor,vae|MNIST|m64|s123|e300|es1|b2,not in trace,,not charged in original ledger; MAKE50 used current snapshot,86.2633683681488,results/make49/stage4_cache/MNIST.json:vae|MNIST|m64|s123|e300|es1|b2,,not available,300,True
MNIST,B7_geco_l0,123,2.0,final,vae|MNIST|m4|s123|e300|es1|b2,wrapper candidate key reconstructed,33.35966181755066,"stage7_b7b8.json: (MNIST,B7_geco_l0,123,2).final_train_seconds",33.35966181755066,results/make49/stage4_cache/MNIST.json:vae|MNIST|m4|s123|e300|es1|b2,True,not available,300,True
MNIST,B8_ard_vae,123,2.0,anchor,vae|MNIST|m64|s123|e300|es1|b2,not in trace,,not charged in original ledger; MAKE50 used current snapshot,86.2633683681488,results/make49/stage4_cache/MNIST.json:vae|MNIST|m64|s123|e300|es1|b2,,not available,300,True
MNIST,B8_ard_vae,123,2.0,final,vae|MNIST|m6|s123|e300|es1|b2,wrapper candidate key reconstructed,86.5057463645935,"stage7_b7b8.json: (MNIST,B8_ard_vae,123,2).final_train_seconds",86.5057463645935,results/make49/stage4_cache/MNIST.json:vae|MNIST|m6|s123|e300|es1|b2,True,not available,300,True
MNIST,B7_geco_l0,777,2.0,anchor,vae|MNIST|m64|s777|e300|es1|b2,not in trace,,not charged in original ledger; MAKE50 used current snapshot,94.23901462554932,results/make49/stage4_cache/MNIST.json:vae|MNIST|m64|s777|e300|es1|b2,,not available,300,True
MNIST,B7_geco_l0,777,2.0,final,vae|MNIST|m6|s777|e300|es1|b2,wrapper candidate key reconstructed,65.41620111465454,"stage7_b7b8.json: (MNIST,B7_geco_l0,777,2).final_train_seconds",65.41620111465454,results/make49/stage4_cache/MNIST.json:vae|MNIST|m6|s777|e300|es1|b2,True,not available,300,True
MNIST,B8_ard_vae,777,2.0,anchor,vae|MNIST|m64|s777|e300|es1|b2,not in trace,,not charged in original ledger; MAKE50 used current snapshot,94.23901462554932,results/make49/stage4_cache/MNIST.json:vae|MNIST|m64|s777|e300|es1|b2,,not available,300,True
MNIST,B8_ard_vae,777,2.0,final,vae|MNIST|m6|s777|e300|es1|b2,wrapper candidate key reconstructed,65.41620111465454,"stage7_b7b8.json: (MNIST,B8_ard_vae,777,2).final_train_seconds",65.41620111465454,results/make49/stage4_cache/MNIST.json:vae|MNIST|m6|s777|e300|es1|b2,True,not available,300,True
MNIST,B7_geco_l0,2024,2.0,anchor,vae|MNIST|m64|s2024|e300|es1|b2,not in trace,,not charged in original ledger; MAKE50 used current snapshot,53.768423080444336,results/make49/stage4_cache/MNIST.json:vae|MNIST|m64|s2024|e300|es1|b2,,not available,300,True
MNIST,B7_geco_l0,2024,2.0,final,vae|MNIST|m4|s2024|e300|es1|b2,wrapper candidate key reconstructed,67.15273833274841,"stage7_b7b8.json: (MNIST,B7_geco_l0,2024,2).final_train_seconds",67.15273833274841,results/make49/stage4_cache/MNIST.json:vae|MNIST|m4|s2024|e300|es1|b2,True,not available,300,True
MNIST,B8_ard_vae,2024,2.0,anchor,vae|MNIST|m64|s2024|e300|es1|b2,not in trace,,not charged in original ledger; MAKE50 used current snapshot,53.768423080444336,results/make49/stage4_cache/MNIST.json:vae|MNIST|m64|s2024|e300|es1|b2,,not available,300,True
MNIST,B8_ard_vae,2024,2.0,final,vae|MNIST|m6|s2024|e300|es1|b2,wrapper candidate key reconstructed,84.74501085281372,"stage7_b7b8.json: (MNIST,B8_ard_vae,2024,2).final_train_seconds",84.74501085281372,results/make49/stage4_cache/MNIST.json:vae|MNIST|m6|s2024|e300|es1|b2,True,not available,300,True
MNIST,B7_geco_l0,31337,2.0,anchor,vae|MNIST|m64|s31337|e300|es1|b2,not in trace,,not charged in original ledger; MAKE50 used current snapshot,75.0671215057373,results/make49/stage4_cache/MNIST.json:vae|MNIST|m64|s31337|e300|es1|b2,,not available,300,True
MNIST,B7_geco_l0,31337,2.0,final,vae|MNIST|m6|s31337|e300|es1|b2,wrapper candidate key reconstructed,56.70196795463562,"stage7_b7b8.json: (MNIST,B7_geco_l0,31337,2).final_train_seconds",56.70196795463562,results/make49/stage4_cache/MNIST.json:vae|MNIST|m6|s31337|e300|es1|b2,True,not available,300,True
MNIST,B8_ard_vae,31337,2.0,anchor,vae|MNIST|m64|s31337|e300|es1|b2,not in trace,,not charged in original ledger; MAKE50 used current snapshot,75.0671215057373,results/make49/stage4_cache/MNIST.json:vae|MNIST|m64|s31337|e300|es1|b2,,not available,300,True
MNIST,B8_ard_vae,31337,2.0,final,vae|MNIST|m6|s31337|e300|es1|b2,wrapper candidate key reconstructed,56.70196795463562,"stage7_b7b8.json: (MNIST,B8_ard_vae,31337,2).final_train_seconds",56.70196795463562,results/make49/stage4_cache/MNIST.json:vae|MNIST|m6|s31337|e300|es1|b2,True,not available,300,True
MNIST,B7_geco_l0,42,4.0,anchor,vae|MNIST|m64|s42|e300|es1|b4,not in trace,,not charged in original ledger; MAKE50 used current snapshot,95.81261610984802,results/make49/stage4_cache/MNIST.json:vae|MNIST|m64|s42|e300|es1|b4,,not available,300,True
MNIST,B7_geco_l0,42,4.0,final,vae|MNIST|m2|s42|e300|es1|b4,wrapper candidate key reconstructed,95.03375768661499,"stage7_b7b8.json: (MNIST,B7_geco_l0,42,4).final_train_seconds",95.03375768661499,results/make49/stage4_cache/MNIST.json:vae|MNIST|m2|s42|e300|es1|b4,True,not available,300,True
MNIST,B8_ard_vae,42,4.0,anchor,vae|MNIST|m64|s42|e300|es1|b4,not in trace,,not charged in original ledger; MAKE50 used current snapshot,95.81261610984802,results/make49/stage4_cache/MNIST.json:vae|MNIST|m64|s42|e300|es1|b4,,not available,300,True
MNIST,B8_ard_vae,42,4.0,final,vae|MNIST|m6|s42|e300|es1|b4,wrapper candidate key reconstructed,63.549097299575806,"stage7_b7b8.json: (MNIST,B8_ard_vae,42,4).final_train_seconds",63.549097299575806,results/make49/stage4_cache/MNIST.json:vae|MNIST|m6|s42|e300|es1|b4,True,not available,300,True
MNIST,B7_geco_l0,123,4.0,anchor,vae|MNIST|m64|s123|e300|es1|b4,not in trace,,not charged in original ledger; MAKE50 used current snapshot,77.17379426956177,results/make49/stage4_cache/MNIST.json:vae|MNIST|m64|s123|e300|es1|b4,,not available,300,True
MNIST,B7_geco_l0,123,4.0,final,vae|MNIST|m2|s123|e300|es1|b4,wrapper candidate key reconstructed,95.56903910636902,"stage7_b7b8.json: (MNIST,B7_geco_l0,123,4).final_train_seconds",95.56903910636902,results/make49/stage4_cache/MNIST.json:vae|MNIST|m2|s123|e300|es1|b4,True,not available,300,True
MNIST,B8_ard_vae,123,4.0,anchor,vae|MNIST|m64|s123|e300|es1|b4,not in trace,,not charged in original ledger; MAKE50 used current snapshot,77.17379426956177,results/make49/stage4_cache/MNIST.json:vae|MNIST|m64|s123|e300|es1|b4,,not available,300,True
MNIST,B8_ard_vae,123,4.0,final,vae|MNIST|m6|s123|e300|es1|b4,wrapper candidate key reconstructed,55.65691256523132,"stage7_b7b8.json: (MNIST,B8_ard_vae,123,4).final_train_seconds",55.65691256523132,results/make49/stage4_cache/MNIST.json:vae|MNIST|m6|s123|e300|es1|b4,True,not available,300,True
MNIST,B7_geco_l0,777,4.0,anchor,vae|MNIST|m64|s777|e300|es1|b4,not in trace,,not charged in original ledger; MAKE50 used current snapshot,93.39641547203064,results/make49/stage4_cache/MNIST.json:vae|MNIST|m64|s777|e300|es1|b4,,not available,300,True
MNIST,B7_geco_l0,777,4.0,final,vae|MNIST|m2|s777|e300|es1|b4,wrapper candidate key reconstructed,93.70935201644897,"stage7_b7b8.json: (MNIST,B7_geco_l0,777,4).final_train_seconds",93.70935201644897,results/make49/stage4_cache/MNIST.json:vae|MNIST|m2|s777|e300|es1|b4,True,not available,300,True
MNIST,B8_ard_vae,777,4.0,anchor,vae|MNIST|m64|s777|e300|es1|b4,not in trace,,not charged in original ledger; MAKE50 used current snapshot,93.39641547203064,results/make49/stage4_cache/MNIST.json:vae|MNIST|m64|s777|e300|es1|b4,,not available,300,True
MNIST,B8_ard_vae,777,4.0,final,vae|MNIST|m6|s777|e300|es1|b4,wrapper candidate key reconstructed,93.21254205703735,"stage7_b7b8.json: (MNIST,B8_ard_vae,777,4).final_train_seconds",93.21254205703735,results/make49/stage4_cache/MNIST.json:vae|MNIST|m6|s777|e300|es1|b4,True,not available,300,True
MNIST,B7_geco_l0,2024,4.0,anchor,vae|MNIST|m64|s2024|e300|es1|b4,not in trace,,not charged in original ledger; MAKE50 used current snapshot,97.94245433807373,results/make49/stage4_cache/MNIST.json:vae|MNIST|m64|s2024|e300|es1|b4,,not available,300,True
MNIST,B7_geco_l0,2024,4.0,final,vae|MNIST|m2|s2024|e300|es1|b4,wrapper candidate key reconstructed,89.43852734565735,"stage7_b7b8.json: (MNIST,B7_geco_l0,2024,4).final_train_seconds",89.43852734565735,results/make49/stage4_cache/MNIST.json:vae|MNIST|m2|s2024|e300|es1|b4,True,not available,300,True
MNIST,B8_ard_vae,2024,4.0,anchor,vae|MNIST|m64|s2024|e300|es1|b4,not in trace,,not charged in original ledger; MAKE50 used current snapshot,97.94245433807373,results/make49/stage4_cache/MNIST.json:vae|MNIST|m64|s2024|e300|es1|b4,,not available,300,True
MNIST,B8_ard_vae,2024,4.0,final,vae|MNIST|m6|s2024|e300|es1|b4,wrapper candidate key reconstructed,93.55815815925598,"stage7_b7b8.json: (MNIST,B8_ard_vae,2024,4).final_train_seconds",93.55815815925598,results/make49/stage4_cache/MNIST.json:vae|MNIST|m6|s2024|e300|es1|b4,True,not available,300,True
MNIST,B7_geco_l0,31337,4.0,anchor,vae|MNIST|m64|s31337|e300|es1|b4,not in trace,,not charged in original ledger; MAKE50 used current snapshot,76.10970902442932,results/make49/stage4_cache/MNIST.json:vae|MNIST|m64|s31337|e300|es1|b4,,not available,300,True
MNIST,B7_geco_l0,31337,4.0,final,vae|MNIST|m2|s31337|e300|es1|b4,wrapper candidate key reconstructed,93.97406506538391,"stage7_b7b8.json: (MNIST,B7_geco_l0,31337,4).final_train_seconds",93.97406506538391,results/make49/stage4_cache/MNIST.json:vae|MNIST|m2|s31337|e300|es1|b4,True,not available,300,True
MNIST,B8_ard_vae,31337,4.0,anchor,vae|MNIST|m64|s31337|e300|es1|b4,not in trace,,not charged in original ledger; MAKE50 used current snapshot,76.10970902442932,results/make49/stage4_cache/MNIST.json:vae|MNIST|m64|s31337|e300|es1|b4,,not available,300,True
MNIST,B8_ard_vae,31337,4.0,final,vae|MNIST|m6|s31337|e300|es1|b4,wrapper candidate key reconstructed,75.0812132358551,"stage7_b7b8.json: (MNIST,B8_ard_vae,31337,4).final_train_seconds",75.0812132358551,results/make49/stage4_cache/MNIST.json:vae|MNIST|m6|s31337|e300|es1|b4,True,not available,300,True
FashionMNIST,B7_geco_l0,42,0.25,anchor,vae|FashionMNIST|m64|s42|e300|es1|b0.25,not in trace,,not charged in original ledger; MAKE50 used current snapshot,25.051440954208374,results/make49/stage4_cache/FashionMNIST.json:vae|FashionMNIST|m64|s42|e300|es1|b0.25,,not available,300,True
FashionMNIST,B7_geco_l0,42,0.25,final,vae|FashionMNIST|m4|s42|e300|es1|b0.25,wrapper candidate key reconstructed,25.742683172225952,"stage7_b7b8.json: (FashionMNIST,B7_geco_l0,42,0.25).final_train_seconds",25.742683172225952,results/make49/stage4_cache/FashionMNIST.json:vae|FashionMNIST|m4|s42|e300|es1|b0.25,True,not available,300,True
FashionMNIST,B8_ard_vae,42,0.25,anchor,vae|FashionMNIST|m64|s42|e300|es1|b0.25,not in trace,,not charged in original ledger; MAKE50 used current snapshot,25.051440954208374,results/make49/stage4_cache/FashionMNIST.json:vae|FashionMNIST|m64|s42|e300|es1|b0.25,,not available,300,True
FashionMNIST,B8_ard_vae,42,0.25,final,vae|FashionMNIST|m4|s42|e300|es1|b0.25,wrapper candidate key reconstructed,25.742683172225952,"stage7_b7b8.json: (FashionMNIST,B8_ard_vae,42,0.25).final_train_seconds",25.742683172225952,results/make49/stage4_cache/FashionMNIST.json:vae|FashionMNIST|m4|s42|e300|es1|b0.25,True,not available,300,True
FashionMNIST,B7_geco_l0,123,0.25,anchor,vae|FashionMNIST|m64|s123|e300|es1|b0.25,not in trace,,not charged in original ledger; MAKE50 used current snapshot,25.07490086555481,results/make49/stage4_cache/FashionMNIST.json:vae|FashionMNIST|m64|s123|e300|es1|b0.25,,not available,300,True
FashionMNIST,B7_geco_l0,123,0.25,final,vae|FashionMNIST|m6|s123|e300|es1|b0.25,wrapper candidate key reconstructed,27.844092845916748,"stage7_b7b8.json: (FashionMNIST,B7_geco_l0,123,0.25).final_train_seconds",27.844092845916748,results/make49/stage4_cache/FashionMNIST.json:vae|FashionMNIST|m6|s123|e300|es1|b0.25,True,not available,300,True
FashionMNIST,B8_ard_vae,123,0.25,anchor,vae|FashionMNIST|m64|s123|e300|es1|b0.25,not in trace,,not charged in original ledger; MAKE50 used current snapshot,25.07490086555481,results/make49/stage4_cache/FashionMNIST.json:vae|FashionMNIST|m64|s123|e300|es1|b0.25,,not available,300,True
FashionMNIST,B8_ard_vae,123,0.25,final,vae|FashionMNIST|m4|s123|e300|es1|b0.25,wrapper candidate key reconstructed,15.312469005584717,"stage7_b7b8.json: (FashionMNIST,B8_ard_vae,123,0.25).final_train_seconds",15.312469005584717,results/make49/stage4_cache/FashionMNIST.json:vae|FashionMNIST|m4|s123|e300|es1|b0.25,True,not available,300,True
FashionMNIST,B7_geco_l0,777,0.25,anchor,vae|FashionMNIST|m64|s777|e300|es1|b0.25,not in trace,,not charged in original ledger; MAKE50 used current snapshot,22.793286323547363,results/make49/stage4_cache/FashionMNIST.json:vae|FashionMNIST|m64|s777|e300|es1|b0.25,,not available,300,True
FashionMNIST,B7_geco_l0,777,0.25,final,vae|FashionMNIST|m6|s777|e300|es1|b0.25,wrapper candidate key reconstructed,30.090903520584106,"stage7_b7b8.json: (FashionMNIST,B7_geco_l0,777,0.25).final_train_seconds",30.090903520584106,results/make49/stage4_cache/FashionMNIST.json:vae|FashionMNIST|m6|s777|e300|es1|b0.25,True,not available,300,True
FashionMNIST,B8_ard_vae,777,0.25,anchor,vae|FashionMNIST|m64|s777|e300|es1|b0.25,not in trace,,not charged in original ledger; MAKE50 used current snapshot,22.793286323547363,results/make49/stage4_cache/FashionMNIST.json:vae|FashionMNIST|m64|s777|e300|es1|b0.25,,not available,300,True
FashionMNIST,B8_ard_vae,777,0.25,final,vae|FashionMNIST|m2|s777|e300|es1|b0.25,wrapper candidate key reconstructed,27.504699230194092,"stage7_b7b8.json: (FashionMNIST,B8_ard_vae,777,0.25).final_train_seconds",27.504699230194092,results/make49/stage4_cache/FashionMNIST.json:vae|FashionMNIST|m2|s777|e300|es1|b0.25,True,not available,300,True
FashionMNIST,B7_geco_l0,2024,0.25,anchor,vae|FashionMNIST|m64|s2024|e300|es1|b0.25,not in trace,,not charged in original ledger; MAKE50 used current snapshot,30.687610626220703,results/make49/stage4_cache/FashionMNIST.json:vae|FashionMNIST|m64|s2024|e300|es1|b0.25,,not available,300,True
FashionMNIST,B7_geco_l0,2024,0.25,final,vae|FashionMNIST|m6|s2024|e300|es1|b0.25,wrapper candidate key reconstructed,21.976524353027344,"stage7_b7b8.json: (FashionMNIST,B7_geco_l0,2024,0.25).final_train_seconds",21.976524353027344,results/make49/stage4_cache/FashionMNIST.json:vae|FashionMNIST|m6|s2024|e300|es1|b0.25,True,not available,300,True
FashionMNIST,B8_ard_vae,2024,0.25,anchor,vae|FashionMNIST|m64|s2024|e300|es1|b0.25,not in trace,,not charged in original ledger; MAKE50 used current snapshot,30.687610626220703,results/make49/stage4_cache/FashionMNIST.json:vae|FashionMNIST|m64|s2024|e300|es1|b0.25,,not available,300,True
FashionMNIST,B8_ard_vae,2024,0.25,final,vae|FashionMNIST|m4|s2024|e300|es1|b0.25,wrapper candidate key reconstructed,23.146467208862305,"stage7_b7b8.json: (FashionMNIST,B8_ard_vae,2024,0.25).final_train_seconds",23.146467208862305,results/make49/stage4_cache/FashionMNIST.json:vae|FashionMNIST|m4|s2024|e300|es1|b0.25,True,not available,300,True
FashionMNIST,B7_geco_l0,31337,0.25,anchor,vae|FashionMNIST|m64|s31337|e300|es1|b0.25,not in trace,,not charged in original ledger; MAKE50 used current snapshot,31.27903389930725,results/make49/stage4_cache/FashionMNIST.json:vae|FashionMNIST|m64|s31337|e300|es1|b0.25,,not available,300,True
FashionMNIST,B7_geco_l0,31337,0.25,final,vae|FashionMNIST|m6|s31337|e300|es1|b0.25,wrapper candidate key reconstructed,24.25027370452881,"stage7_b7b8.json: (FashionMNIST,B7_geco_l0,31337,0.25).final_train_seconds",24.25027370452881,results/make49/stage4_cache/FashionMNIST.json:vae|FashionMNIST|m6|s31337|e300|es1|b0.25,True,not available,300,True
FashionMNIST,B8_ard_vae,31337,0.25,anchor,vae|FashionMNIST|m64|s31337|e300|es1|b0.25,not in trace,,not charged in original ledger; MAKE50 used current snapshot,31.27903389930725,results/make49/stage4_cache/FashionMNIST.json:vae|FashionMNIST|m64|s31337|e300|es1|b0.25,,not available,300,True
FashionMNIST,B8_ard_vae,31337,0.25,final,vae|FashionMNIST|m4|s31337|e300|es1|b0.25,wrapper candidate key reconstructed,40.08127760887146,"stage7_b7b8.json: (FashionMNIST,B8_ard_vae,31337,0.25).final_train_seconds",40.08127760887146,results/make49/stage4_cache/FashionMNIST.json:vae|FashionMNIST|m4|s31337|e300|es1|b0.25,True,not available,300,True
FashionMNIST,B7_geco_l0,42,0.5,anchor,vae|FashionMNIST|m64|s42|e300|es1|b0.5,not in trace,,not charged in original ledger; MAKE50 used current snapshot,29.465437412261963,results/make49/stage4_cache/FashionMNIST.json:vae|FashionMNIST|m64|s42|e300|es1|b0.5,,not available,300,True
FashionMNIST,B7_geco_l0,42,0.5,final,vae|FashionMNIST|m4|s42|e300|es1|b0.5,wrapper candidate key reconstructed,31.84492564201355,"stage7_b7b8.json: (FashionMNIST,B7_geco_l0,42,0.5).final_train_seconds",31.84492564201355,results/make49/stage4_cache/FashionMNIST.json:vae|FashionMNIST|m4|s42|e300|es1|b0.5,True,not available,300,True
FashionMNIST,B8_ard_vae,42,0.5,anchor,vae|FashionMNIST|m64|s42|e300|es1|b0.5,not in trace,,not charged in original ledger; MAKE50 used current snapshot,29.465437412261963,results/make49/stage4_cache/FashionMNIST.json:vae|FashionMNIST|m64|s42|e300|es1|b0.5,,not available,300,True
FashionMNIST,B8_ard_vae,42,0.5,final,vae|FashionMNIST|m4|s42|e300|es1|b0.5,wrapper candidate key reconstructed,31.84492564201355,"stage7_b7b8.json: (FashionMNIST,B8_ard_vae,42,0.5).final_train_seconds",31.84492564201355,results/make49/stage4_cache/FashionMNIST.json:vae|FashionMNIST|m4|s42|e300|es1|b0.5,True,not available,300,True
FashionMNIST,B7_geco_l0,123,0.5,anchor,vae|FashionMNIST|m64|s123|e300|es1|b0.5,not in trace,,not charged in original ledger; MAKE50 used current snapshot,36.22773098945618,results/make49/stage4_cache/FashionMNIST.json:vae|FashionMNIST|m64|s123|e300|es1|b0.5,,not available,300,True
FashionMNIST,B7_geco_l0,123,0.5,final,vae|FashionMNIST|m6|s123|e300|es1|b0.5,wrapper candidate key reconstructed,30.96337056159973,"stage7_b7b8.json: (FashionMNIST,B7_geco_l0,123,0.5).final_train_seconds",30.96337056159973,results/make49/stage4_cache/FashionMNIST.json:vae|FashionMNIST|m6|s123|e300|es1|b0.5,True,not available,300,True
FashionMNIST,B8_ard_vae,123,0.5,anchor,vae|FashionMNIST|m64|s123|e300|es1|b0.5,not in trace,,not charged in original ledger; MAKE50 used current snapshot,36.22773098945618,results/make49/stage4_cache/FashionMNIST.json:vae|FashionMNIST|m64|s123|e300|es1|b0.5,,not available,300,True
FashionMNIST,B8_ard_vae,123,0.5,final,vae|FashionMNIST|m4|s123|e300|es1|b0.5,wrapper candidate key reconstructed,34.343934059143066,"stage7_b7b8.json: (FashionMNIST,B8_ard_vae,123,0.5).final_train_seconds",34.343934059143066,results/make49/stage4_cache/FashionMNIST.json:vae|FashionMNIST|m4|s123|e300|es1|b0.5,True,not available,300,True
FashionMNIST,B7_geco_l0,777,0.5,anchor,vae|FashionMNIST|m64|s777|e300|es1|b0.5,not in trace,,not charged in original ledger; MAKE50 used current snapshot,34.40027332305908,results/make49/stage4_cache/FashionMNIST.json:vae|FashionMNIST|m64|s777|e300|es1|b0.5,,not available,300,True
FashionMNIST,B7_geco_l0,777,0.5,final,vae|FashionMNIST|m4|s777|e300|es1|b0.5,wrapper candidate key reconstructed,21.40840983390808,"stage7_b7b8.json: (FashionMNIST,B7_geco_l0,777,0.5).final_train_seconds",21.40840983390808,results/make49/stage4_cache/FashionMNIST.json:vae|FashionMNIST|m4|s777|e300|es1|b0.5,True,not available,300,True
FashionMNIST,B8_ard_vae,777,0.5,anchor,vae|FashionMNIST|m64|s777|e300|es1|b0.5,not in trace,,not charged in original ledger; MAKE50 used current snapshot,34.40027332305908,results/make49/stage4_cache/FashionMNIST.json:vae|FashionMNIST|m64|s777|e300|es1|b0.5,,not available,300,True
FashionMNIST,B8_ard_vae,777,0.5,final,vae|FashionMNIST|m2|s777|e300|es1|b0.5,wrapper candidate key reconstructed,59.03777623176575,"stage7_b7b8.json: (FashionMNIST,B8_ard_vae,777,0.5).final_train_seconds",59.03777623176575,results/make49/stage4_cache/FashionMNIST.json:vae|FashionMNIST|m2|s777|e300|es1|b0.5,True,not available,300,True
FashionMNIST,B7_geco_l0,2024,0.5,anchor,vae|FashionMNIST|m64|s2024|e300|es1|b0.5,not in trace,,not charged in original ledger; MAKE50 used current snapshot,34.76712465286255,results/make49/stage4_cache/FashionMNIST.json:vae|FashionMNIST|m64|s2024|e300|es1|b0.5,,not available,300,True
FashionMNIST,B7_geco_l0,2024,0.5,final,vae|FashionMNIST|m4|s2024|e300|es1|b0.5,wrapper candidate key reconstructed,20.72752046585083,"stage7_b7b8.json: (FashionMNIST,B7_geco_l0,2024,0.5).final_train_seconds",20.72752046585083,results/make49/stage4_cache/FashionMNIST.json:vae|FashionMNIST|m4|s2024|e300|es1|b0.5,True,not available,300,True
FashionMNIST,B8_ard_vae,2024,0.5,anchor,vae|FashionMNIST|m64|s2024|e300|es1|b0.5,not in trace,,not charged in original ledger; MAKE50 used current snapshot,34.76712465286255,results/make49/stage4_cache/FashionMNIST.json:vae|FashionMNIST|m64|s2024|e300|es1|b0.5,,not available,300,True
FashionMNIST,B8_ard_vae,2024,0.5,final,vae|FashionMNIST|m4|s2024|e300|es1|b0.5,wrapper candidate key reconstructed,20.72752046585083,"stage7_b7b8.json: (FashionMNIST,B8_ard_vae,2024,0.5).final_train_seconds",20.72752046585083,results/make49/stage4_cache/FashionMNIST.json:vae|FashionMNIST|m4|s2024|e300|es1|b0.5,True,not available,300,True
FashionMNIST,B7_geco_l0,31337,0.5,anchor,vae|FashionMNIST|m64|s31337|e300|es1|b0.5,not in trace,,not charged in original ledger; MAKE50 used current snapshot,34.648279428482056,results/make49/stage4_cache/FashionMNIST.json:vae|FashionMNIST|m64|s31337|e300|es1|b0.5,,not available,300,True
FashionMNIST,B7_geco_l0,31337,0.5,final,vae|FashionMNIST|m4|s31337|e300|es1|b0.5,wrapper candidate key reconstructed,37.34431529045105,"stage7_b7b8.json: (FashionMNIST,B7_geco_l0,31337,0.5).final_train_seconds",37.34431529045105,results/make49/stage4_cache/FashionMNIST.json:vae|FashionMNIST|m4|s31337|e300|es1|b0.5,True,not available,300,True
FashionMNIST,B8_ard_vae,31337,0.5,anchor,vae|FashionMNIST|m64|s31337|e300|es1|b0.5,not in trace,,not charged in original ledger; MAKE50 used current snapshot,34.648279428482056,results/make49/stage4_cache/FashionMNIST.json:vae|FashionMNIST|m64|s31337|e300|es1|b0.5,,not available,300,True
FashionMNIST,B8_ard_vae,31337,0.5,final,vae|FashionMNIST|m4|s31337|e300|es1|b0.5,wrapper candidate key reconstructed,37.34431529045105,"stage7_b7b8.json: (FashionMNIST,B8_ard_vae,31337,0.5).final_train_seconds",37.34431529045105,results/make49/stage4_cache/FashionMNIST.json:vae|FashionMNIST|m4|s31337|e300|es1|b0.5,True,not available,300,True
FashionMNIST,B7_geco_l0,42,2.0,anchor,vae|FashionMNIST|m64|s42|e300|es1|b2,not in trace,,not charged in original ledger; MAKE50 used current snapshot,50.01973009109497,results/make49/stage4_cache/FashionMNIST.json:vae|FashionMNIST|m64|s42|e300|es1|b2,,not available,300,True
FashionMNIST,B7_geco_l0,42,2.0,final,vae|FashionMNIST|m4|s42|e300|es1|b2,wrapper candidate key reconstructed,45.87470245361328,"stage7_b7b8.json: (FashionMNIST,B7_geco_l0,42,2).final_train_seconds",45.87470245361328,results/make49/stage4_cache/FashionMNIST.json:vae|FashionMNIST|m4|s42|e300|es1|b2,True,not available,300,True
FashionMNIST,B8_ard_vae,42,2.0,anchor,vae|FashionMNIST|m64|s42|e300|es1|b2,not in trace,,not charged in original ledger; MAKE50 used current snapshot,50.01973009109497,results/make49/stage4_cache/FashionMNIST.json:vae|FashionMNIST|m64|s42|e300|es1|b2,,not available,300,True
FashionMNIST,B8_ard_vae,42,2.0,final,vae|FashionMNIST|m4|s42|e300|es1|b2,wrapper candidate key reconstructed,45.87470245361328,"stage7_b7b8.json: (FashionMNIST,B8_ard_vae,42,2).final_train_seconds",45.87470245361328,results/make49/stage4_cache/FashionMNIST.json:vae|FashionMNIST|m4|s42|e300|es1|b2,True,not available,300,True
FashionMNIST,B7_geco_l0,123,2.0,anchor,vae|FashionMNIST|m64|s123|e300|es1|b2,not in trace,,not charged in original ledger; MAKE50 used current snapshot,54.069788455963135,results/make49/stage4_cache/FashionMNIST.json:vae|FashionMNIST|m64|s123|e300|es1|b2,,not available,300,True
FashionMNIST,B7_geco_l0,123,2.0,final,vae|FashionMNIST|m4|s123|e300|es1|b2,wrapper candidate key reconstructed,40.14346408843994,"stage7_b7b8.json: (FashionMNIST,B7_geco_l0,123,2).final_train_seconds",40.14346408843994,results/make49/stage4_cache/FashionMNIST.json:vae|FashionMNIST|m4|s123|e300|es1|b2,True,not available,300,True
FashionMNIST,B8_ard_vae,123,2.0,anchor,vae|FashionMNIST|m64|s123|e300|es1|b2,not in trace,,not charged in original ledger; MAKE50 used current snapshot,54.069788455963135,results/make49/stage4_cache/FashionMNIST.json:vae|FashionMNIST|m64|s123|e300|es1|b2,,not available,300,True
FashionMNIST,B8_ard_vae,123,2.0,final,vae|FashionMNIST|m4|s123|e300|es1|b2,wrapper candidate key reconstructed,40.14346408843994,"stage7_b7b8.json: (FashionMNIST,B8_ard_vae,123,2).final_train_seconds",40.14346408843994,results/make49/stage4_cache/FashionMNIST.json:vae|FashionMNIST|m4|s123|e300|es1|b2,True,not available,300,True
FashionMNIST,B7_geco_l0,777,2.0,anchor,vae|FashionMNIST|m64|s777|e300|es1|b2,not in trace,,not charged in original ledger; MAKE50 used current snapshot,37.464256286621094,results/make49/stage4_cache/FashionMNIST.json:vae|FashionMNIST|m64|s777|e300|es1|b2,,not available,300,True
FashionMNIST,B7_geco_l0,777,2.0,final,vae|FashionMNIST|m2|s777|e300|es1|b2,wrapper candidate key reconstructed,57.718936920166016,"stage7_b7b8.json: (FashionMNIST,B7_geco_l0,777,2).final_train_seconds",57.718936920166016,results/make49/stage4_cache/FashionMNIST.json:vae|FashionMNIST|m2|s777|e300|es1|b2,True,not available,300,True
FashionMNIST,B8_ard_vae,777,2.0,anchor,vae|FashionMNIST|m64|s777|e300|es1|b2,not in trace,,not charged in original ledger; MAKE50 used current snapshot,37.464256286621094,results/make49/stage4_cache/FashionMNIST.json:vae|FashionMNIST|m64|s777|e300|es1|b2,,not available,300,True
FashionMNIST,B8_ard_vae,777,2.0,final,vae|FashionMNIST|m2|s777|e300|es1|b2,wrapper candidate key reconstructed,57.718936920166016,"stage7_b7b8.json: (FashionMNIST,B8_ard_vae,777,2).final_train_seconds",57.718936920166016,results/make49/stage4_cache/FashionMNIST.json:vae|FashionMNIST|m2|s777|e300|es1|b2,True,not available,300,True
FashionMNIST,B7_geco_l0,2024,2.0,anchor,vae|FashionMNIST|m64|s2024|e300|es1|b2,not in trace,,not charged in original ledger; MAKE50 used current snapshot,61.85872530937195,results/make49/stage4_cache/FashionMNIST.json:vae|FashionMNIST|m64|s2024|e300|es1|b2,,not available,300,True
FashionMNIST,B7_geco_l0,2024,2.0,final,vae|FashionMNIST|m4|s2024|e300|es1|b2,wrapper candidate key reconstructed,55.619856119155884,"stage7_b7b8.json: (FashionMNIST,B7_geco_l0,2024,2).final_train_seconds",55.619856119155884,results/make49/stage4_cache/FashionMNIST.json:vae|FashionMNIST|m4|s2024|e300|es1|b2,True,not available,300,True
FashionMNIST,B8_ard_vae,2024,2.0,anchor,vae|FashionMNIST|m64|s2024|e300|es1|b2,not in trace,,not charged in original ledger; MAKE50 used current snapshot,61.85872530937195,results/make49/stage4_cache/FashionMNIST.json:vae|FashionMNIST|m64|s2024|e300|es1|b2,,not available,300,True
FashionMNIST,B8_ard_vae,2024,2.0,final,vae|FashionMNIST|m4|s2024|e300|es1|b2,wrapper candidate key reconstructed,55.619856119155884,"stage7_b7b8.json: (FashionMNIST,B8_ard_vae,2024,2).final_train_seconds",55.619856119155884,results/make49/stage4_cache/FashionMNIST.json:vae|FashionMNIST|m4|s2024|e300|es1|b2,True,not available,300,True
FashionMNIST,B7_geco_l0,31337,2.0,anchor,vae|FashionMNIST|m64|s31337|e300|es1|b2,not in trace,,not charged in original ledger; MAKE50 used current snapshot,46.059919357299805,results/make49/stage4_cache/FashionMNIST.json:vae|FashionMNIST|m64|s31337|e300|es1|b2,,not available,300,True
FashionMNIST,B7_geco_l0,31337,2.0,final,vae|FashionMNIST|m4|s31337|e300|es1|b2,wrapper candidate key reconstructed,47.843727827072144,"stage7_b7b8.json: (FashionMNIST,B7_geco_l0,31337,2).final_train_seconds",47.843727827072144,results/make49/stage4_cache/FashionMNIST.json:vae|FashionMNIST|m4|s31337|e300|es1|b2,True,not available,300,True
FashionMNIST,B8_ard_vae,31337,2.0,anchor,vae|FashionMNIST|m64|s31337|e300|es1|b2,not in trace,,not charged in original ledger; MAKE50 used current snapshot,46.059919357299805,results/make49/stage4_cache/FashionMNIST.json:vae|FashionMNIST|m64|s31337|e300|es1|b2,,not available,300,True
FashionMNIST,B8_ard_vae,31337,2.0,final,vae|FashionMNIST|m4|s31337|e300|es1|b2,wrapper candidate key reconstructed,47.843727827072144,"stage7_b7b8.json: (FashionMNIST,B8_ard_vae,31337,2).final_train_seconds",47.843727827072144,results/make49/stage4_cache/FashionMNIST.json:vae|FashionMNIST|m4|s31337|e300|es1|b2,True,not available,300,True
FashionMNIST,B7_geco_l0,42,4.0,anchor,vae|FashionMNIST|m64|s42|e300|es1|b4,not in trace,,not charged in original ledger; MAKE50 used current snapshot,68.61338806152344,results/make49/stage4_cache/FashionMNIST.json:vae|FashionMNIST|m64|s42|e300|es1|b4,,not available,300,True
FashionMNIST,B7_geco_l0,42,4.0,final,vae|FashionMNIST|m4|s42|e300|es1|b4,wrapper candidate key reconstructed,54.267472982406616,"stage7_b7b8.json: (FashionMNIST,B7_geco_l0,42,4).final_train_seconds",54.267472982406616,results/make49/stage4_cache/FashionMNIST.json:vae|FashionMNIST|m4|s42|e300|es1|b4,True,not available,300,True
FashionMNIST,B8_ard_vae,42,4.0,anchor,vae|FashionMNIST|m64|s42|e300|es1|b4,not in trace,,not charged in original ledger; MAKE50 used current snapshot,68.61338806152344,results/make49/stage4_cache/FashionMNIST.json:vae|FashionMNIST|m64|s42|e300|es1|b4,,not available,300,True
FashionMNIST,B8_ard_vae,42,4.0,final,vae|FashionMNIST|m4|s42|e300|es1|b4,wrapper candidate key reconstructed,54.267472982406616,"stage7_b7b8.json: (FashionMNIST,B8_ard_vae,42,4).final_train_seconds",54.267472982406616,results/make49/stage4_cache/FashionMNIST.json:vae|FashionMNIST|m4|s42|e300|es1|b4,True,not available,300,True
FashionMNIST,B7_geco_l0,123,4.0,anchor,vae|FashionMNIST|m64|s123|e300|es1|b4,not in trace,,not charged in original ledger; MAKE50 used current snapshot,75.71917796134949,results/make49/stage4_cache/FashionMNIST.json:vae|FashionMNIST|m64|s123|e300|es1|b4,,not available,300,True
FashionMNIST,B7_geco_l0,123,4.0,final,vae|FashionMNIST|m4|s123|e300|es1|b4,wrapper candidate key reconstructed,49.974661350250244,"stage7_b7b8.json: (FashionMNIST,B7_geco_l0,123,4).final_train_seconds",49.974661350250244,results/make49/stage4_cache/FashionMNIST.json:vae|FashionMNIST|m4|s123|e300|es1|b4,True,not available,300,True
FashionMNIST,B8_ard_vae,123,4.0,anchor,vae|FashionMNIST|m64|s123|e300|es1|b4,not in trace,,not charged in original ledger; MAKE50 used current snapshot,75.71917796134949,results/make49/stage4_cache/FashionMNIST.json:vae|FashionMNIST|m64|s123|e300|es1|b4,,not available,300,True
FashionMNIST,B8_ard_vae,123,4.0,final,vae|FashionMNIST|m4|s123|e300|es1|b4,wrapper candidate key reconstructed,49.974661350250244,"stage7_b7b8.json: (FashionMNIST,B8_ard_vae,123,4).final_train_seconds",49.974661350250244,results/make49/stage4_cache/FashionMNIST.json:vae|FashionMNIST|m4|s123|e300|es1|b4,True,not available,300,True
FashionMNIST,B7_geco_l0,777,4.0,anchor,vae|FashionMNIST|m64|s777|e300|es1|b4,not in trace,,not charged in original ledger; MAKE50 used current snapshot,95.93929958343506,results/make49/stage4_cache/FashionMNIST.json:vae|FashionMNIST|m64|s777|e300|es1|b4,,not available,300,True
FashionMNIST,B7_geco_l0,777,4.0,final,vae|FashionMNIST|m2|s777|e300|es1|b4,wrapper candidate key reconstructed,66.35574436187744,"stage7_b7b8.json: (FashionMNIST,B7_geco_l0,777,4).final_train_seconds",66.35574436187744,results/make49/stage4_cache/FashionMNIST.json:vae|FashionMNIST|m2|s777|e300|es1|b4,True,not available,300,True
FashionMNIST,B8_ard_vae,777,4.0,anchor,vae|FashionMNIST|m64|s777|e300|es1|b4,not in trace,,not charged in original ledger; MAKE50 used current snapshot,95.93929958343506,results/make49/stage4_cache/FashionMNIST.json:vae|FashionMNIST|m64|s777|e300|es1|b4,,not available,300,True
FashionMNIST,B8_ard_vae,777,4.0,final,vae|FashionMNIST|m2|s777|e300|es1|b4,wrapper candidate key reconstructed,66.35574436187744,"stage7_b7b8.json: (FashionMNIST,B8_ard_vae,777,4).final_train_seconds",66.35574436187744,results/make49/stage4_cache/FashionMNIST.json:vae|FashionMNIST|m2|s777|e300|es1|b4,True,not available,300,True
FashionMNIST,B7_geco_l0,2024,4.0,anchor,vae|FashionMNIST|m64|s2024|e300|es1|b4,not in trace,,not charged in original ledger; MAKE50 used current snapshot,48.963399171829224,results/make49/stage4_cache/FashionMNIST.json:vae|FashionMNIST|m64|s2024|e300|es1|b4,,not available,300,True
FashionMNIST,B7_geco_l0,2024,4.0,final,vae|FashionMNIST|m4|s2024|e300|es1|b4,wrapper candidate key reconstructed,50.95027756690979,"stage7_b7b8.json: (FashionMNIST,B7_geco_l0,2024,4).final_train_seconds",50.95027756690979,results/make49/stage4_cache/FashionMNIST.json:vae|FashionMNIST|m4|s2024|e300|es1|b4,True,not available,300,True
FashionMNIST,B8_ard_vae,2024,4.0,anchor,vae|FashionMNIST|m64|s2024|e300|es1|b4,not in trace,,not charged in original ledger; MAKE50 used current snapshot,48.963399171829224,results/make49/stage4_cache/FashionMNIST.json:vae|FashionMNIST|m64|s2024|e300|es1|b4,,not available,300,True
FashionMNIST,B8_ard_vae,2024,4.0,final,vae|FashionMNIST|m4|s2024|e300|es1|b4,wrapper candidate key reconstructed,50.95027756690979,"stage7_b7b8.json: (FashionMNIST,B8_ard_vae,2024,4).final_train_seconds",50.95027756690979,results/make49/stage4_cache/FashionMNIST.json:vae|FashionMNIST|m4|s2024|e300|es1|b4,True,not available,300,True
FashionMNIST,B7_geco_l0,31337,4.0,anchor,vae|FashionMNIST|m64|s31337|e300|es1|b4,not in trace,,not charged in original ledger; MAKE50 used current snapshot,68.910879611969,results/make49/stage4_cache/FashionMNIST.json:vae|FashionMNIST|m64|s31337|e300|es1|b4,,not available,300,True
FashionMNIST,B7_geco_l0,31337,4.0,final,vae|FashionMNIST|m2|s31337|e300|es1|b4,wrapper candidate key reconstructed,50.502535820007324,"stage7_b7b8.json: (FashionMNIST,B7_geco_l0,31337,4).final_train_seconds",50.502535820007324,results/make49/stage4_cache/FashionMNIST.json:vae|FashionMNIST|m2|s31337|e300|es1|b4,True,not available,300,True
FashionMNIST,B8_ard_vae,31337,4.0,anchor,vae|FashionMNIST|m64|s31337|e300|es1|b4,not in trace,,not charged in original ledger; MAKE50 used current snapshot,68.910879611969,results/make49/stage4_cache/FashionMNIST.json:vae|FashionMNIST|m64|s31337|e300|es1|b4,,not available,300,True
FashionMNIST,B8_ard_vae,31337,4.0,final,vae|FashionMNIST|m4|s31337|e300|es1|b4,wrapper candidate key reconstructed,41.29743814468384,"stage7_b7b8.json: (FashionMNIST,B8_ard_vae,31337,4).final_train_seconds",41.29743814468384,results/make49/stage4_cache/FashionMNIST.json:vae|FashionMNIST|m4|s31337|e300|es1|b4,True,not available,300,True
dSprites,B7_geco_l0,42,0.25,anchor,vae|dSprites|m64|s42|e300|es1|b0.25,not in trace,,not charged in original ledger; MAKE50 used current snapshot,274.4781684875488,results/make49/stage4_cache/dSprites.json:vae|dSprites|m64|s42|e300|es1|b0.25,,not available,300,True
dSprites,B7_geco_l0,42,0.25,final,vae|dSprites|m64|s42|e300|es1|b0.25,wrapper candidate key reconstructed,274.4781684875488,"stage7_b7b8.json: (dSprites,B7_geco_l0,42,0.25).final_train_seconds",274.4781684875488,results/make49/stage4_cache/dSprites.json:vae|dSprites|m64|s42|e300|es1|b0.25,True,not available,300,True
dSprites,B8_ard_vae,42,0.25,anchor,vae|dSprites|m64|s42|e300|es1|b0.25,not in trace,,not charged in original ledger; MAKE50 used current snapshot,274.4781684875488,results/make49/stage4_cache/dSprites.json:vae|dSprites|m64|s42|e300|es1|b0.25,,not available,300,True
dSprites,B8_ard_vae,42,0.25,final,vae|dSprites|m8|s42|e300|es1|b0.25,wrapper candidate key reconstructed,384.07067823410034,"stage7_b7b8.json: (dSprites,B8_ard_vae,42,0.25).final_train_seconds",384.07067823410034,results/make49/stage4_cache/dSprites.json:vae|dSprites|m8|s42|e300|es1|b0.25,True,not available,300,True
dSprites,B7_geco_l0,123,0.25,anchor,vae|dSprites|m64|s123|e300|es1|b0.25,not in trace,,not charged in original ledger; MAKE50 used current snapshot,236.22031927108765,results/make49/stage4_cache/dSprites.json:vae|dSprites|m64|s123|e300|es1|b0.25,,not available,300,True
dSprites,B7_geco_l0,123,0.25,final,vae|dSprites|m64|s123|e300|es1|b0.25,wrapper candidate key reconstructed,236.22031927108765,"stage7_b7b8.json: (dSprites,B7_geco_l0,123,0.25).final_train_seconds",236.22031927108765,results/make49/stage4_cache/dSprites.json:vae|dSprites|m64|s123|e300|es1|b0.25,True,not available,300,True
dSprites,B8_ard_vae,123,0.25,anchor,vae|dSprites|m64|s123|e300|es1|b0.25,not in trace,,not charged in original ledger; MAKE50 used current snapshot,236.22031927108765,results/make49/stage4_cache/dSprites.json:vae|dSprites|m64|s123|e300|es1|b0.25,,not available,300,True
dSprites,B8_ard_vae,123,0.25,final,vae|dSprites|m10|s123|e300|es1|b0.25,wrapper candidate key reconstructed,326.8946852684021,"stage7_b7b8.json: (dSprites,B8_ard_vae,123,0.25).final_train_seconds",326.8946852684021,results/make49/stage4_cache/dSprites.json:vae|dSprites|m10|s123|e300|es1|b0.25,True,not available,300,True
dSprites,B7_geco_l0,777,0.25,anchor,vae|dSprites|m64|s777|e300|es1|b0.25,not in trace,,not charged in original ledger; MAKE50 used current snapshot,222.87895941734314,results/make49/stage4_cache/dSprites.json:vae|dSprites|m64|s777|e300|es1|b0.25,,not available,300,True
dSprites,B7_geco_l0,777,0.25,final,vae|dSprites|m64|s777|e300|es1|b0.25,wrapper candidate key reconstructed,222.87895941734314,"stage7_b7b8.json: (dSprites,B7_geco_l0,777,0.25).final_train_seconds",222.87895941734314,results/make49/stage4_cache/dSprites.json:vae|dSprites|m64|s777|e300|es1|b0.25,True,not available,300,True
dSprites,B8_ard_vae,777,0.25,anchor,vae|dSprites|m64|s777|e300|es1|b0.25,not in trace,,not charged in original ledger; MAKE50 used current snapshot,222.87895941734314,results/make49/stage4_cache/dSprites.json:vae|dSprites|m64|s777|e300|es1|b0.25,,not available,300,True
dSprites,B8_ard_vae,777,0.25,final,vae|dSprites|m6|s777|e300|es1|b0.25,wrapper candidate key reconstructed,219.51582741737366,"stage7_b7b8.json: (dSprites,B8_ard_vae,777,0.25).final_train_seconds",219.51582741737366,results/make49/stage4_cache/dSprites.json:vae|dSprites|m6|s777|e300|es1|b0.25,True,not available,300,True
dSprites,B7_geco_l0,2024,0.25,anchor,vae|dSprites|m64|s2024|e300|es1|b0.25,not in trace,,not charged in original ledger; MAKE50 used current snapshot,174.7495255470276,results/make49/stage4_cache/dSprites.json:vae|dSprites|m64|s2024|e300|es1|b0.25,,not available,300,True
dSprites,B7_geco_l0,2024,0.25,final,vae|dSprites|m64|s2024|e300|es1|b0.25,wrapper candidate key reconstructed,174.7495255470276,"stage7_b7b8.json: (dSprites,B7_geco_l0,2024,0.25).final_train_seconds",174.7495255470276,results/make49/stage4_cache/dSprites.json:vae|dSprites|m64|s2024|e300|es1|b0.25,True,not available,300,True
dSprites,B8_ard_vae,2024,0.25,anchor,vae|dSprites|m64|s2024|e300|es1|b0.25,not in trace,,not charged in original ledger; MAKE50 used current snapshot,174.7495255470276,results/make49/stage4_cache/dSprites.json:vae|dSprites|m64|s2024|e300|es1|b0.25,,not available,300,True
dSprites,B8_ard_vae,2024,0.25,final,vae|dSprites|m10|s2024|e300|es1|b0.25,wrapper candidate key reconstructed,307.2828345298767,"stage7_b7b8.json: (dSprites,B8_ard_vae,2024,0.25).final_train_seconds",307.2828345298767,results/make49/stage4_cache/dSprites.json:vae|dSprites|m10|s2024|e300|es1|b0.25,True,not available,300,True
dSprites,B7_geco_l0,31337,0.25,anchor,vae|dSprites|m64|s31337|e300|es1|b0.25,not in trace,,not charged in original ledger; MAKE50 used current snapshot,249.7917263507843,results/make49/stage4_cache/dSprites.json:vae|dSprites|m64|s31337|e300|es1|b0.25,,not available,300,True
dSprites,B7_geco_l0,31337,0.25,final,vae|dSprites|m64|s31337|e300|es1|b0.25,wrapper candidate key reconstructed,249.7917263507843,"stage7_b7b8.json: (dSprites,B7_geco_l0,31337,0.25).final_train_seconds",249.7917263507843,results/make49/stage4_cache/dSprites.json:vae|dSprites|m64|s31337|e300|es1|b0.25,True,not available,300,True
dSprites,B8_ard_vae,31337,0.25,anchor,vae|dSprites|m64|s31337|e300|es1|b0.25,not in trace,,not charged in original ledger; MAKE50 used current snapshot,249.7917263507843,results/make49/stage4_cache/dSprites.json:vae|dSprites|m64|s31337|e300|es1|b0.25,,not available,300,True
dSprites,B8_ard_vae,31337,0.25,final,vae|dSprites|m8|s31337|e300|es1|b0.25,wrapper candidate key reconstructed,302.0059971809387,"stage7_b7b8.json: (dSprites,B8_ard_vae,31337,0.25).final_train_seconds",302.0059971809387,results/make49/stage4_cache/dSprites.json:vae|dSprites|m8|s31337|e300|es1|b0.25,True,not available,300,True
dSprites,B7_geco_l0,42,0.5,anchor,vae|dSprites|m64|s42|e300|es1|b0.5,not in trace,,not charged in original ledger; MAKE50 used current snapshot,238.78831338882446,results/make49/stage4_cache/dSprites.json:vae|dSprites|m64|s42|e300|es1|b0.5,,not available,300,True
dSprites,B7_geco_l0,42,0.5,final,vae|dSprites|m64|s42|e300|es1|b0.5,wrapper candidate key reconstructed,238.78831338882446,"stage7_b7b8.json: (dSprites,B7_geco_l0,42,0.5).final_train_seconds",238.78831338882446,results/make49/stage4_cache/dSprites.json:vae|dSprites|m64|s42|e300|es1|b0.5,True,not available,300,True
dSprites,B8_ard_vae,42,0.5,anchor,vae|dSprites|m64|s42|e300|es1|b0.5,not in trace,,not charged in original ledger; MAKE50 used current snapshot,238.78831338882446,results/make49/stage4_cache/dSprites.json:vae|dSprites|m64|s42|e300|es1|b0.5,,not available,300,True
dSprites,B8_ard_vae,42,0.5,final,vae|dSprites|m8|s42|e300|es1|b0.5,wrapper candidate key reconstructed,153.54884505271912,"stage7_b7b8.json: (dSprites,B8_ard_vae,42,0.5).final_train_seconds",153.54884505271912,results/make49/stage4_cache/dSprites.json:vae|dSprites|m8|s42|e300|es1|b0.5,True,not available,300,True
dSprites,B7_geco_l0,123,0.5,anchor,vae|dSprites|m64|s123|e300|es1|b0.5,not in trace,,not charged in original ledger; MAKE50 used current snapshot,262.2150764465332,results/make49/stage4_cache/dSprites.json:vae|dSprites|m64|s123|e300|es1|b0.5,,not available,300,True
dSprites,B7_geco_l0,123,0.5,final,vae|dSprites|m64|s123|e300|es1|b0.5,wrapper candidate key reconstructed,262.2150764465332,"stage7_b7b8.json: (dSprites,B7_geco_l0,123,0.5).final_train_seconds",262.2150764465332,results/make49/stage4_cache/dSprites.json:vae|dSprites|m64|s123|e300|es1|b0.5,True,not available,300,True
dSprites,B8_ard_vae,123,0.5,anchor,vae|dSprites|m64|s123|e300|es1|b0.5,not in trace,,not charged in original ledger; MAKE50 used current snapshot,262.2150764465332,results/make49/stage4_cache/dSprites.json:vae|dSprites|m64|s123|e300|es1|b0.5,,not available,300,True
dSprites,B8_ard_vae,123,0.5,final,vae|dSprites|m10|s123|e300|es1|b0.5,wrapper candidate key reconstructed,178.02555346488953,"stage7_b7b8.json: (dSprites,B8_ard_vae,123,0.5).final_train_seconds",178.02555346488953,results/make49/stage4_cache/dSprites.json:vae|dSprites|m10|s123|e300|es1|b0.5,True,not available,300,True
dSprites,B7_geco_l0,777,0.5,anchor,vae|dSprites|m64|s777|e300|es1|b0.5,not in trace,,not charged in original ledger; MAKE50 used current snapshot,230.91503381729126,results/make49/stage4_cache/dSprites.json:vae|dSprites|m64|s777|e300|es1|b0.5,,not available,300,True
dSprites,B7_geco_l0,777,0.5,final,vae|dSprites|m64|s777|e300|es1|b0.5,wrapper candidate key reconstructed,230.91503381729126,"stage7_b7b8.json: (dSprites,B7_geco_l0,777,0.5).final_train_seconds",230.91503381729126,results/make49/stage4_cache/dSprites.json:vae|dSprites|m64|s777|e300|es1|b0.5,True,not available,300,True
dSprites,B8_ard_vae,777,0.5,anchor,vae|dSprites|m64|s777|e300|es1|b0.5,not in trace,,not charged in original ledger; MAKE50 used current snapshot,230.91503381729126,results/make49/stage4_cache/dSprites.json:vae|dSprites|m64|s777|e300|es1|b0.5,,not available,300,True
dSprites,B8_ard_vae,777,0.5,final,vae|dSprites|m6|s777|e300|es1|b0.5,wrapper candidate key reconstructed,188.66418838500977,"stage7_b7b8.json: (dSprites,B8_ard_vae,777,0.5).final_train_seconds",188.66418838500977,results/make49/stage4_cache/dSprites.json:vae|dSprites|m6|s777|e300|es1|b0.5,True,not available,300,True
dSprites,B7_geco_l0,2024,0.5,anchor,vae|dSprites|m64|s2024|e300|es1|b0.5,not in trace,,not charged in original ledger; MAKE50 used current snapshot,246.53905868530273,results/make49/stage4_cache/dSprites.json:vae|dSprites|m64|s2024|e300|es1|b0.5,,not available,300,True
dSprites,B7_geco_l0,2024,0.5,final,vae|dSprites|m64|s2024|e300|es1|b0.5,wrapper candidate key reconstructed,246.53905868530273,"stage7_b7b8.json: (dSprites,B7_geco_l0,2024,0.5).final_train_seconds",246.53905868530273,results/make49/stage4_cache/dSprites.json:vae|dSprites|m64|s2024|e300|es1|b0.5,True,not available,300,True
dSprites,B8_ard_vae,2024,0.5,anchor,vae|dSprites|m64|s2024|e300|es1|b0.5,not in trace,,not charged in original ledger; MAKE50 used current snapshot,246.53905868530273,results/make49/stage4_cache/dSprites.json:vae|dSprites|m64|s2024|e300|es1|b0.5,,not available,300,True
dSprites,B8_ard_vae,2024,0.5,final,vae|dSprites|m10|s2024|e300|es1|b0.5,wrapper candidate key reconstructed,160.39006161689758,"stage7_b7b8.json: (dSprites,B8_ard_vae,2024,0.5).final_train_seconds",160.39006161689758,results/make49/stage4_cache/dSprites.json:vae|dSprites|m10|s2024|e300|es1|b0.5,True,not available,300,True
dSprites,B7_geco_l0,31337,0.5,anchor,vae|dSprites|m64|s31337|e300|es1|b0.5,not in trace,,not charged in original ledger; MAKE50 used current snapshot,215.1226303577423,results/make49/stage4_cache/dSprites.json:vae|dSprites|m64|s31337|e300|es1|b0.5,,not available,300,True
dSprites,B7_geco_l0,31337,0.5,final,vae|dSprites|m64|s31337|e300|es1|b0.5,wrapper candidate key reconstructed,215.1226303577423,"stage7_b7b8.json: (dSprites,B7_geco_l0,31337,0.5).final_train_seconds",215.1226303577423,results/make49/stage4_cache/dSprites.json:vae|dSprites|m64|s31337|e300|es1|b0.5,True,not available,300,True
dSprites,B8_ard_vae,31337,0.5,anchor,vae|dSprites|m64|s31337|e300|es1|b0.5,not in trace,,not charged in original ledger; MAKE50 used current snapshot,215.1226303577423,results/make49/stage4_cache/dSprites.json:vae|dSprites|m64|s31337|e300|es1|b0.5,,not available,300,True
dSprites,B8_ard_vae,31337,0.5,final,vae|dSprites|m8|s31337|e300|es1|b0.5,wrapper candidate key reconstructed,162.39740371704102,"stage7_b7b8.json: (dSprites,B8_ard_vae,31337,0.5).final_train_seconds",162.39740371704102,results/make49/stage4_cache/dSprites.json:vae|dSprites|m8|s31337|e300|es1|b0.5,True,not available,300,True
dSprites,B7_geco_l0,42,2.0,anchor,vae|dSprites|m64|s42|e300|es1|b2,not in trace,,not charged in original ledger; MAKE50 used current snapshot,336.23955154418945,results/make49/stage4_cache/dSprites.json:vae|dSprites|m64|s42|e300|es1|b2,,not available,300,True
dSprites,B7_geco_l0,42,2.0,final,vae|dSprites|m64|s42|e300|es1|b2,wrapper candidate key reconstructed,336.23955154418945,"stage7_b7b8.json: (dSprites,B7_geco_l0,42,2).final_train_seconds",336.23955154418945,results/make49/stage4_cache/dSprites.json:vae|dSprites|m64|s42|e300|es1|b2,True,not available,300,True
dSprites,B8_ard_vae,42,2.0,anchor,vae|dSprites|m64|s42|e300|es1|b2,not in trace,,not charged in original ledger; MAKE50 used current snapshot,336.23955154418945,results/make49/stage4_cache/dSprites.json:vae|dSprites|m64|s42|e300|es1|b2,,not available,300,True
dSprites,B8_ard_vae,42,2.0,final,vae|dSprites|m8|s42|e300|es1|b2,wrapper candidate key reconstructed,275.27634954452515,"stage7_b7b8.json: (dSprites,B8_ard_vae,42,2).final_train_seconds",275.27634954452515,results/make49/stage4_cache/dSprites.json:vae|dSprites|m8|s42|e300|es1|b2,True,not available,300,True
dSprites,B7_geco_l0,123,2.0,anchor,vae|dSprites|m64|s123|e300|es1|b2,not in trace,,not charged in original ledger; MAKE50 used current snapshot,300.3118562698364,results/make49/stage4_cache/dSprites.json:vae|dSprites|m64|s123|e300|es1|b2,,not available,300,True
dSprites,B7_geco_l0,123,2.0,final,vae|dSprites|m64|s123|e300|es1|b2,wrapper candidate key reconstructed,300.3118562698364,"stage7_b7b8.json: (dSprites,B7_geco_l0,123,2).final_train_seconds",300.3118562698364,results/make49/stage4_cache/dSprites.json:vae|dSprites|m64|s123|e300|es1|b2,True,not available,300,True
dSprites,B8_ard_vae,123,2.0,anchor,vae|dSprites|m64|s123|e300|es1|b2,not in trace,,not charged in original ledger; MAKE50 used current snapshot,300.3118562698364,results/make49/stage4_cache/dSprites.json:vae|dSprites|m64|s123|e300|es1|b2,,not available,300,True
dSprites,B8_ard_vae,123,2.0,final,vae|dSprites|m10|s123|e300|es1|b2,wrapper candidate key reconstructed,234.0861086845398,"stage7_b7b8.json: (dSprites,B8_ard_vae,123,2).final_train_seconds",234.0861086845398,results/make49/stage4_cache/dSprites.json:vae|dSprites|m10|s123|e300|es1|b2,True,not available,300,True
dSprites,B7_geco_l0,777,2.0,anchor,vae|dSprites|m64|s777|e300|es1|b2,not in trace,,not charged in original ledger; MAKE50 used current snapshot,276.85637617111206,results/make49/stage4_cache/dSprites.json:vae|dSprites|m64|s777|e300|es1|b2,,not available,300,True
dSprites,B7_geco_l0,777,2.0,final,vae|dSprites|m64|s777|e300|es1|b2,wrapper candidate key reconstructed,276.85637617111206,"stage7_b7b8.json: (dSprites,B7_geco_l0,777,2).final_train_seconds",276.85637617111206,results/make49/stage4_cache/dSprites.json:vae|dSprites|m64|s777|e300|es1|b2,True,not available,300,True
dSprites,B8_ard_vae,777,2.0,anchor,vae|dSprites|m64|s777|e300|es1|b2,not in trace,,not charged in original ledger; MAKE50 used current snapshot,276.85637617111206,results/make49/stage4_cache/dSprites.json:vae|dSprites|m64|s777|e300|es1|b2,,not available,300,True
dSprites,B8_ard_vae,777,2.0,final,vae|dSprites|m6|s777|e300|es1|b2,wrapper candidate key reconstructed,244.5138111114502,"stage7_b7b8.json: (dSprites,B8_ard_vae,777,2).final_train_seconds",244.5138111114502,results/make49/stage4_cache/dSprites.json:vae|dSprites|m6|s777|e300|es1|b2,True,not available,300,True
dSprites,B7_geco_l0,2024,2.0,anchor,vae|dSprites|m64|s2024|e300|es1|b2,not in trace,,not charged in original ledger; MAKE50 used current snapshot,336.11714148521423,results/make49/stage4_cache/dSprites.json:vae|dSprites|m64|s2024|e300|es1|b2,,not available,300,True
dSprites,B7_geco_l0,2024,2.0,final,vae|dSprites|m64|s2024|e300|es1|b2,wrapper candidate key reconstructed,336.11714148521423,"stage7_b7b8.json: (dSprites,B7_geco_l0,2024,2).final_train_seconds",336.11714148521423,results/make49/stage4_cache/dSprites.json:vae|dSprites|m64|s2024|e300|es1|b2,True,not available,300,True
dSprites,B8_ard_vae,2024,2.0,anchor,vae|dSprites|m64|s2024|e300|es1|b2,not in trace,,not charged in original ledger; MAKE50 used current snapshot,336.11714148521423,results/make49/stage4_cache/dSprites.json:vae|dSprites|m64|s2024|e300|es1|b2,,not available,300,True
dSprites,B8_ard_vae,2024,2.0,final,vae|dSprites|m10|s2024|e300|es1|b2,wrapper candidate key reconstructed,313.42001008987427,"stage7_b7b8.json: (dSprites,B8_ard_vae,2024,2).final_train_seconds",313.42001008987427,results/make49/stage4_cache/dSprites.json:vae|dSprites|m10|s2024|e300|es1|b2,True,not available,300,True
dSprites,B7_geco_l0,31337,2.0,anchor,vae|dSprites|m64|s31337|e300|es1|b2,not in trace,,not charged in original ledger; MAKE50 used current snapshot,336.18436646461487,results/make49/stage4_cache/dSprites.json:vae|dSprites|m64|s31337|e300|es1|b2,,not available,300,True
dSprites,B7_geco_l0,31337,2.0,final,vae|dSprites|m64|s31337|e300|es1|b2,wrapper candidate key reconstructed,336.18436646461487,"stage7_b7b8.json: (dSprites,B7_geco_l0,31337,2).final_train_seconds",336.18436646461487,results/make49/stage4_cache/dSprites.json:vae|dSprites|m64|s31337|e300|es1|b2,True,not available,300,True
dSprites,B8_ard_vae,31337,2.0,anchor,vae|dSprites|m64|s31337|e300|es1|b2,not in trace,,not charged in original ledger; MAKE50 used current snapshot,336.18436646461487,results/make49/stage4_cache/dSprites.json:vae|dSprites|m64|s31337|e300|es1|b2,,not available,300,True
dSprites,B8_ard_vae,31337,2.0,final,vae|dSprites|m8|s31337|e300|es1|b2,wrapper candidate key reconstructed,320.6612892150879,"stage7_b7b8.json: (dSprites,B8_ard_vae,31337,2).final_train_seconds",320.6612892150879,results/make49/stage4_cache/dSprites.json:vae|dSprites|m8|s31337|e300|es1|b2,True,not available,300,True
dSprites,B7_geco_l0,42,4.0,anchor,vae|dSprites|m64|s42|e300|es1|b4,not in trace,,not charged in original ledger; MAKE50 used current snapshot,335.816773891449,results/make49/stage4_cache/dSprites.json:vae|dSprites|m64|s42|e300|es1|b4,,not available,300,True
dSprites,B7_geco_l0,42,4.0,final,vae|dSprites|m64|s42|e300|es1|b4,wrapper candidate key reconstructed,335.816773891449,"stage7_b7b8.json: (dSprites,B7_geco_l0,42,4).final_train_seconds",335.816773891449,results/make49/stage4_cache/dSprites.json:vae|dSprites|m64|s42|e300|es1|b4,True,not available,300,True
dSprites,B8_ard_vae,42,4.0,anchor,vae|dSprites|m64|s42|e300|es1|b4,not in trace,,not charged in original ledger; MAKE50 used current snapshot,335.816773891449,results/make49/stage4_cache/dSprites.json:vae|dSprites|m64|s42|e300|es1|b4,,not available,300,True
dSprites,B8_ard_vae,42,4.0,final,vae|dSprites|m8|s42|e300|es1|b4,wrapper candidate key reconstructed,329.05126214027405,"stage7_b7b8.json: (dSprites,B8_ard_vae,42,4).final_train_seconds",329.05126214027405,results/make49/stage4_cache/dSprites.json:vae|dSprites|m8|s42|e300|es1|b4,True,not available,300,True
dSprites,B7_geco_l0,123,4.0,anchor,vae|dSprites|m64|s123|e300|es1|b4,not in trace,,not charged in original ledger; MAKE50 used current snapshot,336.1480040550232,results/make49/stage4_cache/dSprites.json:vae|dSprites|m64|s123|e300|es1|b4,,not available,300,True
dSprites,B7_geco_l0,123,4.0,final,vae|dSprites|m64|s123|e300|es1|b4,wrapper candidate key reconstructed,336.1480040550232,"stage7_b7b8.json: (dSprites,B7_geco_l0,123,4).final_train_seconds",336.1480040550232,results/make49/stage4_cache/dSprites.json:vae|dSprites|m64|s123|e300|es1|b4,True,not available,300,True
dSprites,B8_ard_vae,123,4.0,anchor,vae|dSprites|m64|s123|e300|es1|b4,not in trace,,not charged in original ledger; MAKE50 used current snapshot,336.1480040550232,results/make49/stage4_cache/dSprites.json:vae|dSprites|m64|s123|e300|es1|b4,,not available,300,True
dSprites,B8_ard_vae,123,4.0,final,vae|dSprites|m10|s123|e300|es1|b4,wrapper candidate key reconstructed,329.5979993343353,"stage7_b7b8.json: (dSprites,B8_ard_vae,123,4).final_train_seconds",329.5979993343353,results/make49/stage4_cache/dSprites.json:vae|dSprites|m10|s123|e300|es1|b4,True,not available,300,True
dSprites,B7_geco_l0,777,4.0,anchor,vae|dSprites|m64|s777|e300|es1|b4,not in trace,,not charged in original ledger; MAKE50 used current snapshot,336.7512528896332,results/make49/stage4_cache/dSprites.json:vae|dSprites|m64|s777|e300|es1|b4,,not available,300,True
dSprites,B7_geco_l0,777,4.0,final,vae|dSprites|m64|s777|e300|es1|b4,wrapper candidate key reconstructed,336.7512528896332,"stage7_b7b8.json: (dSprites,B7_geco_l0,777,4).final_train_seconds",336.7512528896332,results/make49/stage4_cache/dSprites.json:vae|dSprites|m64|s777|e300|es1|b4,True,not available,300,True
dSprites,B8_ard_vae,777,4.0,anchor,vae|dSprites|m64|s777|e300|es1|b4,not in trace,,not charged in original ledger; MAKE50 used current snapshot,336.7512528896332,results/make49/stage4_cache/dSprites.json:vae|dSprites|m64|s777|e300|es1|b4,,not available,300,True
dSprites,B8_ard_vae,777,4.0,final,vae|dSprites|m6|s777|e300|es1|b4,wrapper candidate key reconstructed,329.5380210876465,"stage7_b7b8.json: (dSprites,B8_ard_vae,777,4).final_train_seconds",329.5380210876465,results/make49/stage4_cache/dSprites.json:vae|dSprites|m6|s777|e300|es1|b4,True,not available,300,True
dSprites,B7_geco_l0,2024,4.0,anchor,vae|dSprites|m64|s2024|e300|es1|b4,not in trace,,not charged in original ledger; MAKE50 used current snapshot,336.21560883522034,results/make49/stage4_cache/dSprites.json:vae|dSprites|m64|s2024|e300|es1|b4,,not available,300,True
dSprites,B7_geco_l0,2024,4.0,final,vae|dSprites|m64|s2024|e300|es1|b4,wrapper candidate key reconstructed,336.21560883522034,"stage7_b7b8.json: (dSprites,B7_geco_l0,2024,4).final_train_seconds",336.21560883522034,results/make49/stage4_cache/dSprites.json:vae|dSprites|m64|s2024|e300|es1|b4,True,not available,300,True
dSprites,B8_ard_vae,2024,4.0,anchor,vae|dSprites|m64|s2024|e300|es1|b4,not in trace,,not charged in original ledger; MAKE50 used current snapshot,336.21560883522034,results/make49/stage4_cache/dSprites.json:vae|dSprites|m64|s2024|e300|es1|b4,,not available,300,True
dSprites,B8_ard_vae,2024,4.0,final,vae|dSprites|m10|s2024|e300|es1|b4,wrapper candidate key reconstructed,329.9245228767395,"stage7_b7b8.json: (dSprites,B8_ard_vae,2024,4).final_train_seconds",329.9245228767395,results/make49/stage4_cache/dSprites.json:vae|dSprites|m10|s2024|e300|es1|b4,True,not available,300,True
dSprites,B7_geco_l0,31337,4.0,anchor,vae|dSprites|m64|s31337|e300|es1|b4,not in trace,,not charged in original ledger; MAKE50 used current snapshot,336.2193920612335,results/make49/stage4_cache/dSprites.json:vae|dSprites|m64|s31337|e300|es1|b4,,not available,300,True
dSprites,B7_geco_l0,31337,4.0,final,vae|dSprites|m64|s31337|e300|es1|b4,wrapper candidate key reconstructed,336.2193920612335,"stage7_b7b8.json: (dSprites,B7_geco_l0,31337,4).final_train_seconds",336.2193920612335,results/make49/stage4_cache/dSprites.json:vae|dSprites|m64|s31337|e300|es1|b4,True,not available,300,True
dSprites,B8_ard_vae,31337,4.0,anchor,vae|dSprites|m64|s31337|e300|es1|b4,not in trace,,not charged in original ledger; MAKE50 used current snapshot,336.2193920612335,results/make49/stage4_cache/dSprites.json:vae|dSprites|m64|s31337|e300|es1|b4,,not available,300,True
dSprites,B8_ard_vae,31337,4.0,final,vae|dSprites|m8|s31337|e300|es1|b4,wrapper candidate key reconstructed,329.3383343219757,"stage7_b7b8.json: (dSprites,B8_ard_vae,31337,4).final_train_seconds",329.3383343219757,results/make49/stage4_cache/dSprites.json:vae|dSprites|m8|s31337|e300|es1|b4,True,not available,300,True
CIFAR10,B7_geco_l0,42,0.25,anchor,vae|CIFAR10|m256|s42|e300|es1|b0.25,not in trace,,not charged in original ledger; MAKE50 used current snapshot,26.17818784713745,results/make49/stage4_cache/CIFAR10.json:vae|CIFAR10|m256|s42|e300|es1|b0.25,,not available,300,True
CIFAR10,B7_geco_l0,42,0.25,final,vae|CIFAR10|m32|s42|e300|es1|b0.25,wrapper candidate key reconstructed,35.40563082695007,"stage7_b7b8.json: (CIFAR10,B7_geco_l0,42,0.25).final_train_seconds",35.40563082695007,results/make49/stage4_cache/CIFAR10.json:vae|CIFAR10|m32|s42|e300|es1|b0.25,True,not available,300,True
CIFAR10,B8_ard_vae,42,0.25,anchor,vae|CIFAR10|m256|s42|e300|es1|b0.25,not in trace,,not charged in original ledger; MAKE50 used current snapshot,26.17818784713745,results/make49/stage4_cache/CIFAR10.json:vae|CIFAR10|m256|s42|e300|es1|b0.25,,not available,300,True
CIFAR10,B8_ard_vae,42,0.25,final,vae|CIFAR10|m16|s42|e300|es1|b0.25,wrapper candidate key reconstructed,34.73032808303833,"stage7_b7b8.json: (CIFAR10,B8_ard_vae,42,0.25).final_train_seconds",34.73032808303833,results/make49/stage4_cache/CIFAR10.json:vae|CIFAR10|m16|s42|e300|es1|b0.25,True,not available,300,True
CIFAR10,B7_geco_l0,123,0.25,anchor,vae|CIFAR10|m256|s123|e300|es1|b0.25,not in trace,,not charged in original ledger; MAKE50 used current snapshot,37.077746868133545,results/make49/stage4_cache/CIFAR10.json:vae|CIFAR10|m256|s123|e300|es1|b0.25,,not available,300,True
CIFAR10,B7_geco_l0,123,0.25,final,vae|CIFAR10|m48|s123|e300|es1|b0.25,wrapper candidate key reconstructed,49.92435073852539,"stage7_b7b8.json: (CIFAR10,B7_geco_l0,123,0.25).final_train_seconds",49.92435073852539,results/make49/stage4_cache/CIFAR10.json:vae|CIFAR10|m48|s123|e300|es1|b0.25,True,not available,300,True
CIFAR10,B8_ard_vae,123,0.25,anchor,vae|CIFAR10|m256|s123|e300|es1|b0.25,not in trace,,not charged in original ledger; MAKE50 used current snapshot,37.077746868133545,results/make49/stage4_cache/CIFAR10.json:vae|CIFAR10|m256|s123|e300|es1|b0.25,,not available,300,True
CIFAR10,B8_ard_vae,123,0.25,final,vae|CIFAR10|m16|s123|e300|es1|b0.25,wrapper candidate key reconstructed,29.152022123336792,"stage7_b7b8.json: (CIFAR10,B8_ard_vae,123,0.25).final_train_seconds",29.152022123336792,results/make49/stage4_cache/CIFAR10.json:vae|CIFAR10|m16|s123|e300|es1|b0.25,True,not available,300,True
CIFAR10,B7_geco_l0,777,0.25,anchor,vae|CIFAR10|m256|s777|e300|es1|b0.25,not in trace,,not charged in original ledger; MAKE50 used current snapshot,33.76489734649658,results/make49/stage4_cache/CIFAR10.json:vae|CIFAR10|m256|s777|e300|es1|b0.25,,not available,300,True
CIFAR10,B7_geco_l0,777,0.25,final,vae|CIFAR10|m48|s777|e300|es1|b0.25,wrapper candidate key reconstructed,60.57620859146118,"stage7_b7b8.json: (CIFAR10,B7_geco_l0,777,0.25).final_train_seconds",60.57620859146118,results/make49/stage4_cache/CIFAR10.json:vae|CIFAR10|m48|s777|e300|es1|b0.25,True,not available,300,True
CIFAR10,B8_ard_vae,777,0.25,anchor,vae|CIFAR10|m256|s777|e300|es1|b0.25,not in trace,,not charged in original ledger; MAKE50 used current snapshot,33.76489734649658,results/make49/stage4_cache/CIFAR10.json:vae|CIFAR10|m256|s777|e300|es1|b0.25,,not available,300,True
CIFAR10,B8_ard_vae,777,0.25,final,vae|CIFAR10|m16|s777|e300|es1|b0.25,wrapper candidate key reconstructed,30.80518674850464,"stage7_b7b8.json: (CIFAR10,B8_ard_vae,777,0.25).final_train_seconds",30.80518674850464,results/make49/stage4_cache/CIFAR10.json:vae|CIFAR10|m16|s777|e300|es1|b0.25,True,not available,300,True
CIFAR10,B7_geco_l0,2024,0.25,anchor,vae|CIFAR10|m256|s2024|e300|es1|b0.25,not in trace,,not charged in original ledger; MAKE50 used current snapshot,39.81458616256714,results/make49/stage4_cache/CIFAR10.json:vae|CIFAR10|m256|s2024|e300|es1|b0.25,,not available,300,True
CIFAR10,B7_geco_l0,2024,0.25,final,vae|CIFAR10|m48|s2024|e300|es1|b0.25,wrapper candidate key reconstructed,23.925934553146362,"stage7_b7b8.json: (CIFAR10,B7_geco_l0,2024,0.25).final_train_seconds",23.925934553146362,results/make49/stage4_cache/CIFAR10.json:vae|CIFAR10|m48|s2024|e300|es1|b0.25,True,not available,300,True
CIFAR10,B8_ard_vae,2024,0.25,anchor,vae|CIFAR10|m256|s2024|e300|es1|b0.25,not in trace,,not charged in original ledger; MAKE50 used current snapshot,39.81458616256714,results/make49/stage4_cache/CIFAR10.json:vae|CIFAR10|m256|s2024|e300|es1|b0.25,,not available,300,True
CIFAR10,B8_ard_vae,2024,0.25,final,vae|CIFAR10|m16|s2024|e300|es1|b0.25,wrapper candidate key reconstructed,31.633179187774658,"stage7_b7b8.json: (CIFAR10,B8_ard_vae,2024,0.25).final_train_seconds",31.633179187774658,results/make49/stage4_cache/CIFAR10.json:vae|CIFAR10|m16|s2024|e300|es1|b0.25,True,not available,300,True
CIFAR10,B7_geco_l0,31337,0.25,anchor,vae|CIFAR10|m256|s31337|e300|es1|b0.25,not in trace,,not charged in original ledger; MAKE50 used current snapshot,33.78584575653076,results/make49/stage4_cache/CIFAR10.json:vae|CIFAR10|m256|s31337|e300|es1|b0.25,,not available,300,True
CIFAR10,B7_geco_l0,31337,0.25,final,vae|CIFAR10|m48|s31337|e300|es1|b0.25,wrapper candidate key reconstructed,26.494906902313232,"stage7_b7b8.json: (CIFAR10,B7_geco_l0,31337,0.25).final_train_seconds",26.494906902313232,results/make49/stage4_cache/CIFAR10.json:vae|CIFAR10|m48|s31337|e300|es1|b0.25,True,not available,300,True
CIFAR10,B8_ard_vae,31337,0.25,anchor,vae|CIFAR10|m256|s31337|e300|es1|b0.25,not in trace,,not charged in original ledger; MAKE50 used current snapshot,33.78584575653076,results/make49/stage4_cache/CIFAR10.json:vae|CIFAR10|m256|s31337|e300|es1|b0.25,,not available,300,True
CIFAR10,B8_ard_vae,31337,0.25,final,vae|CIFAR10|m16|s31337|e300|es1|b0.25,wrapper candidate key reconstructed,28.935370683670044,"stage7_b7b8.json: (CIFAR10,B8_ard_vae,31337,0.25).final_train_seconds",28.935370683670044,results/make49/stage4_cache/CIFAR10.json:vae|CIFAR10|m16|s31337|e300|es1|b0.25,True,not available,300,True
CIFAR10,B7_geco_l0,42,0.5,anchor,vae|CIFAR10|m256|s42|e300|es1|b0.5,not in trace,,not charged in original ledger; MAKE50 used current snapshot,35.9989755153656,results/make49/stage4_cache/CIFAR10.json:vae|CIFAR10|m256|s42|e300|es1|b0.5,,not available,300,True
CIFAR10,B7_geco_l0,42,0.5,final,vae|CIFAR10|m32|s42|e300|es1|b0.5,wrapper candidate key reconstructed,31.936123847961426,"stage7_b7b8.json: (CIFAR10,B7_geco_l0,42,0.5).final_train_seconds",31.936123847961426,results/make49/stage4_cache/CIFAR10.json:vae|CIFAR10|m32|s42|e300|es1|b0.5,True,not available,300,True
CIFAR10,B8_ard_vae,42,0.5,anchor,vae|CIFAR10|m256|s42|e300|es1|b0.5,not in trace,,not charged in original ledger; MAKE50 used current snapshot,35.9989755153656,results/make49/stage4_cache/CIFAR10.json:vae|CIFAR10|m256|s42|e300|es1|b0.5,,not available,300,True
CIFAR10,B8_ard_vae,42,0.5,final,vae|CIFAR10|m16|s42|e300|es1|b0.5,wrapper candidate key reconstructed,34.779316902160645,"stage7_b7b8.json: (CIFAR10,B8_ard_vae,42,0.5).final_train_seconds",34.779316902160645,results/make49/stage4_cache/CIFAR10.json:vae|CIFAR10|m16|s42|e300|es1|b0.5,True,not available,300,True
CIFAR10,B7_geco_l0,123,0.5,anchor,vae|CIFAR10|m256|s123|e300|es1|b0.5,not in trace,,not charged in original ledger; MAKE50 used current snapshot,38.20402693748474,results/make49/stage4_cache/CIFAR10.json:vae|CIFAR10|m256|s123|e300|es1|b0.5,,not available,300,True
CIFAR10,B7_geco_l0,123,0.5,final,vae|CIFAR10|m32|s123|e300|es1|b0.5,wrapper candidate key reconstructed,26.77366065979004,"stage7_b7b8.json: (CIFAR10,B7_geco_l0,123,0.5).final_train_seconds",26.77366065979004,results/make49/stage4_cache/CIFAR10.json:vae|CIFAR10|m32|s123|e300|es1|b0.5,True,not available,300,True
CIFAR10,B8_ard_vae,123,0.5,anchor,vae|CIFAR10|m256|s123|e300|es1|b0.5,not in trace,,not charged in original ledger; MAKE50 used current snapshot,38.20402693748474,results/make49/stage4_cache/CIFAR10.json:vae|CIFAR10|m256|s123|e300|es1|b0.5,,not available,300,True
CIFAR10,B8_ard_vae,123,0.5,final,vae|CIFAR10|m16|s123|e300|es1|b0.5,wrapper candidate key reconstructed,29.200637340545654,"stage7_b7b8.json: (CIFAR10,B8_ard_vae,123,0.5).final_train_seconds",29.200637340545654,results/make49/stage4_cache/CIFAR10.json:vae|CIFAR10|m16|s123|e300|es1|b0.5,True,not available,300,True
CIFAR10,B7_geco_l0,777,0.5,anchor,vae|CIFAR10|m256|s777|e300|es1|b0.5,not in trace,,not charged in original ledger; MAKE50 used current snapshot,42.50229287147522,results/make49/stage4_cache/CIFAR10.json:vae|CIFAR10|m256|s777|e300|es1|b0.5,,not available,300,True
CIFAR10,B7_geco_l0,777,0.5,final,vae|CIFAR10|m32|s777|e300|es1|b0.5,wrapper candidate key reconstructed,26.877021074295044,"stage7_b7b8.json: (CIFAR10,B7_geco_l0,777,0.5).final_train_seconds",26.877021074295044,results/make49/stage4_cache/CIFAR10.json:vae|CIFAR10|m32|s777|e300|es1|b0.5,True,not available,300,True
CIFAR10,B8_ard_vae,777,0.5,anchor,vae|CIFAR10|m256|s777|e300|es1|b0.5,not in trace,,not charged in original ledger; MAKE50 used current snapshot,42.50229287147522,results/make49/stage4_cache/CIFAR10.json:vae|CIFAR10|m256|s777|e300|es1|b0.5,,not available,300,True
CIFAR10,B8_ard_vae,777,0.5,final,vae|CIFAR10|m16|s777|e300|es1|b0.5,wrapper candidate key reconstructed,27.65813636779785,"stage7_b7b8.json: (CIFAR10,B8_ard_vae,777,0.5).final_train_seconds",27.65813636779785,results/make49/stage4_cache/CIFAR10.json:vae|CIFAR10|m16|s777|e300|es1|b0.5,True,not available,300,True
CIFAR10,B7_geco_l0,2024,0.5,anchor,vae|CIFAR10|m256|s2024|e300|es1|b0.5,not in trace,,not charged in original ledger; MAKE50 used current snapshot,51.343788862228394,results/make49/stage4_cache/CIFAR10.json:vae|CIFAR10|m256|s2024|e300|es1|b0.5,,not available,300,True
CIFAR10,B7_geco_l0,2024,0.5,final,vae|CIFAR10|m32|s2024|e300|es1|b0.5,wrapper candidate key reconstructed,39.12688446044922,"stage7_b7b8.json: (CIFAR10,B7_geco_l0,2024,0.5).final_train_seconds",39.12688446044922,results/make49/stage4_cache/CIFAR10.json:vae|CIFAR10|m32|s2024|e300|es1|b0.5,True,not available,300,True
CIFAR10,B8_ard_vae,2024,0.5,anchor,vae|CIFAR10|m256|s2024|e300|es1|b0.5,not in trace,,not charged in original ledger; MAKE50 used current snapshot,51.343788862228394,results/make49/stage4_cache/CIFAR10.json:vae|CIFAR10|m256|s2024|e300|es1|b0.5,,not available,300,True
CIFAR10,B8_ard_vae,2024,0.5,final,vae|CIFAR10|m16|s2024|e300|es1|b0.5,wrapper candidate key reconstructed,26.19130229949951,"stage7_b7b8.json: (CIFAR10,B8_ard_vae,2024,0.5).final_train_seconds",26.19130229949951,results/make49/stage4_cache/CIFAR10.json:vae|CIFAR10|m16|s2024|e300|es1|b0.5,True,not available,300,True
CIFAR10,B7_geco_l0,31337,0.5,anchor,vae|CIFAR10|m256|s31337|e300|es1|b0.5,not in trace,,not charged in original ledger; MAKE50 used current snapshot,46.38076734542847,results/make49/stage4_cache/CIFAR10.json:vae|CIFAR10|m256|s31337|e300|es1|b0.5,,not available,300,True
CIFAR10,B7_geco_l0,31337,0.5,final,vae|CIFAR10|m32|s31337|e300|es1|b0.5,wrapper candidate key reconstructed,44.67064547538757,"stage7_b7b8.json: (CIFAR10,B7_geco_l0,31337,0.5).final_train_seconds",44.67064547538757,results/make49/stage4_cache/CIFAR10.json:vae|CIFAR10|m32|s31337|e300|es1|b0.5,True,not available,300,True
CIFAR10,B8_ard_vae,31337,0.5,anchor,vae|CIFAR10|m256|s31337|e300|es1|b0.5,not in trace,,not charged in original ledger; MAKE50 used current snapshot,46.38076734542847,results/make49/stage4_cache/CIFAR10.json:vae|CIFAR10|m256|s31337|e300|es1|b0.5,,not available,300,True
CIFAR10,B8_ard_vae,31337,0.5,final,vae|CIFAR10|m16|s31337|e300|es1|b0.5,wrapper candidate key reconstructed,26.90904998779297,"stage7_b7b8.json: (CIFAR10,B8_ard_vae,31337,0.5).final_train_seconds",26.90904998779297,results/make49/stage4_cache/CIFAR10.json:vae|CIFAR10|m16|s31337|e300|es1|b0.5,True,not available,300,True
CIFAR10,B7_geco_l0,42,2.0,anchor,vae|CIFAR10|m256|s42|e300|es1|b2,not in trace,,not charged in original ledger; MAKE50 used current snapshot,44.15496873855591,results/make49/stage4_cache/CIFAR10.json:vae|CIFAR10|m256|s42|e300|es1|b2,,not available,300,True
CIFAR10,B7_geco_l0,42,2.0,final,vae|CIFAR10|m16|s42|e300|es1|b2,wrapper candidate key reconstructed,46.465943336486816,"stage7_b7b8.json: (CIFAR10,B7_geco_l0,42,2).final_train_seconds",46.465943336486816,results/make49/stage4_cache/CIFAR10.json:vae|CIFAR10|m16|s42|e300|es1|b2,True,not available,300,True
CIFAR10,B8_ard_vae,42,2.0,anchor,vae|CIFAR10|m256|s42|e300|es1|b2,not in trace,,not charged in original ledger; MAKE50 used current snapshot,44.15496873855591,results/make49/stage4_cache/CIFAR10.json:vae|CIFAR10|m256|s42|e300|es1|b2,,not available,300,True
CIFAR10,B8_ard_vae,42,2.0,final,vae|CIFAR10|m16|s42|e300|es1|b2,wrapper candidate key reconstructed,46.465943336486816,"stage7_b7b8.json: (CIFAR10,B8_ard_vae,42,2).final_train_seconds",46.465943336486816,results/make49/stage4_cache/CIFAR10.json:vae|CIFAR10|m16|s42|e300|es1|b2,True,not available,300,True
CIFAR10,B7_geco_l0,123,2.0,anchor,vae|CIFAR10|m256|s123|e300|es1|b2,not in trace,,not charged in original ledger; MAKE50 used current snapshot,77.37014365196228,results/make49/stage4_cache/CIFAR10.json:vae|CIFAR10|m256|s123|e300|es1|b2,,not available,300,True
CIFAR10,B7_geco_l0,123,2.0,final,vae|CIFAR10|m16|s123|e300|es1|b2,wrapper candidate key reconstructed,38.96873068809509,"stage7_b7b8.json: (CIFAR10,B7_geco_l0,123,2).final_train_seconds",38.96873068809509,results/make49/stage4_cache/CIFAR10.json:vae|CIFAR10|m16|s123|e300|es1|b2,True,not available,300,True
CIFAR10,B8_ard_vae,123,2.0,anchor,vae|CIFAR10|m256|s123|e300|es1|b2,not in trace,,not charged in original ledger; MAKE50 used current snapshot,77.37014365196228,results/make49/stage4_cache/CIFAR10.json:vae|CIFAR10|m256|s123|e300|es1|b2,,not available,300,True
CIFAR10,B8_ard_vae,123,2.0,final,vae|CIFAR10|m16|s123|e300|es1|b2,wrapper candidate key reconstructed,38.96873068809509,"stage7_b7b8.json: (CIFAR10,B8_ard_vae,123,2).final_train_seconds",38.96873068809509,results/make49/stage4_cache/CIFAR10.json:vae|CIFAR10|m16|s123|e300|es1|b2,True,not available,300,True
CIFAR10,B7_geco_l0,777,2.0,anchor,vae|CIFAR10|m256|s777|e300|es1|b2,not in trace,,not charged in original ledger; MAKE50 used current snapshot,92.02225232124329,results/make49/stage4_cache/CIFAR10.json:vae|CIFAR10|m256|s777|e300|es1|b2,,not available,300,True
CIFAR10,B7_geco_l0,777,2.0,final,vae|CIFAR10|m16|s777|e300|es1|b2,wrapper candidate key reconstructed,28.795710802078247,"stage7_b7b8.json: (CIFAR10,B7_geco_l0,777,2).final_train_seconds",28.795710802078247,results/make49/stage4_cache/CIFAR10.json:vae|CIFAR10|m16|s777|e300|es1|b2,True,not available,300,True
CIFAR10,B8_ard_vae,777,2.0,anchor,vae|CIFAR10|m256|s777|e300|es1|b2,not in trace,,not charged in original ledger; MAKE50 used current snapshot,92.02225232124329,results/make49/stage4_cache/CIFAR10.json:vae|CIFAR10|m256|s777|e300|es1|b2,,not available,300,True
CIFAR10,B8_ard_vae,777,2.0,final,vae|CIFAR10|m16|s777|e300|es1|b2,wrapper candidate key reconstructed,28.795710802078247,"stage7_b7b8.json: (CIFAR10,B8_ard_vae,777,2).final_train_seconds",28.795710802078247,results/make49/stage4_cache/CIFAR10.json:vae|CIFAR10|m16|s777|e300|es1|b2,True,not available,300,True
CIFAR10,B7_geco_l0,2024,2.0,anchor,vae|CIFAR10|m256|s2024|e300|es1|b2,not in trace,,not charged in original ledger; MAKE50 used current snapshot,62.044416666030884,results/make49/stage4_cache/CIFAR10.json:vae|CIFAR10|m256|s2024|e300|es1|b2,,not available,300,True
CIFAR10,B7_geco_l0,2024,2.0,final,vae|CIFAR10|m16|s2024|e300|es1|b2,wrapper candidate key reconstructed,42.0234854221344,"stage7_b7b8.json: (CIFAR10,B7_geco_l0,2024,2).final_train_seconds",42.0234854221344,results/make49/stage4_cache/CIFAR10.json:vae|CIFAR10|m16|s2024|e300|es1|b2,True,not available,300,True
CIFAR10,B8_ard_vae,2024,2.0,anchor,vae|CIFAR10|m256|s2024|e300|es1|b2,not in trace,,not charged in original ledger; MAKE50 used current snapshot,62.044416666030884,results/make49/stage4_cache/CIFAR10.json:vae|CIFAR10|m256|s2024|e300|es1|b2,,not available,300,True
CIFAR10,B8_ard_vae,2024,2.0,final,vae|CIFAR10|m16|s2024|e300|es1|b2,wrapper candidate key reconstructed,42.0234854221344,"stage7_b7b8.json: (CIFAR10,B8_ard_vae,2024,2).final_train_seconds",42.0234854221344,results/make49/stage4_cache/CIFAR10.json:vae|CIFAR10|m16|s2024|e300|es1|b2,True,not available,300,True
CIFAR10,B7_geco_l0,31337,2.0,anchor,vae|CIFAR10|m256|s31337|e300|es1|b2,not in trace,,not charged in original ledger; MAKE50 used current snapshot,42.03680443763733,results/make49/stage4_cache/CIFAR10.json:vae|CIFAR10|m256|s31337|e300|es1|b2,,not available,300,True
CIFAR10,B7_geco_l0,31337,2.0,final,vae|CIFAR10|m16|s31337|e300|es1|b2,wrapper candidate key reconstructed,37.813782691955566,"stage7_b7b8.json: (CIFAR10,B7_geco_l0,31337,2).final_train_seconds",37.813782691955566,results/make49/stage4_cache/CIFAR10.json:vae|CIFAR10|m16|s31337|e300|es1|b2,True,not available,300,True
CIFAR10,B8_ard_vae,31337,2.0,anchor,vae|CIFAR10|m256|s31337|e300|es1|b2,not in trace,,not charged in original ledger; MAKE50 used current snapshot,42.03680443763733,results/make49/stage4_cache/CIFAR10.json:vae|CIFAR10|m256|s31337|e300|es1|b2,,not available,300,True
CIFAR10,B8_ard_vae,31337,2.0,final,vae|CIFAR10|m16|s31337|e300|es1|b2,wrapper candidate key reconstructed,37.813782691955566,"stage7_b7b8.json: (CIFAR10,B8_ard_vae,31337,2).final_train_seconds",37.813782691955566,results/make49/stage4_cache/CIFAR10.json:vae|CIFAR10|m16|s31337|e300|es1|b2,True,not available,300,True
CIFAR10,B7_geco_l0,42,4.0,anchor,vae|CIFAR10|m256|s42|e300|es1|b4,not in trace,,not charged in original ledger; MAKE50 used current snapshot,70.8081705570221,results/make49/stage4_cache/CIFAR10.json:vae|CIFAR10|m256|s42|e300|es1|b4,,not available,300,True
CIFAR10,B7_geco_l0,42,4.0,final,vae|CIFAR10|m8|s42|e300|es1|b4,wrapper candidate key reconstructed,39.05300307273865,"stage7_b7b8.json: (CIFAR10,B7_geco_l0,42,4).final_train_seconds",39.05300307273865,results/make49/stage4_cache/CIFAR10.json:vae|CIFAR10|m8|s42|e300|es1|b4,True,not available,300,True
CIFAR10,B8_ard_vae,42,4.0,anchor,vae|CIFAR10|m256|s42|e300|es1|b4,not in trace,,not charged in original ledger; MAKE50 used current snapshot,70.8081705570221,results/make49/stage4_cache/CIFAR10.json:vae|CIFAR10|m256|s42|e300|es1|b4,,not available,300,True
CIFAR10,B8_ard_vae,42,4.0,final,vae|CIFAR10|m16|s42|e300|es1|b4,wrapper candidate key reconstructed,62.12762713432312,"stage7_b7b8.json: (CIFAR10,B8_ard_vae,42,4).final_train_seconds",62.12762713432312,results/make49/stage4_cache/CIFAR10.json:vae|CIFAR10|m16|s42|e300|es1|b4,True,not available,300,True
CIFAR10,B7_geco_l0,123,4.0,anchor,vae|CIFAR10|m256|s123|e300|es1|b4,not in trace,,not charged in original ledger; MAKE50 used current snapshot,61.02980899810791,results/make49/stage4_cache/CIFAR10.json:vae|CIFAR10|m256|s123|e300|es1|b4,,not available,300,True
CIFAR10,B7_geco_l0,123,4.0,final,vae|CIFAR10|m8|s123|e300|es1|b4,wrapper candidate key reconstructed,53.325363636016846,"stage7_b7b8.json: (CIFAR10,B7_geco_l0,123,4).final_train_seconds",53.325363636016846,results/make49/stage4_cache/CIFAR10.json:vae|CIFAR10|m8|s123|e300|es1|b4,True,not available,300,True
CIFAR10,B8_ard_vae,123,4.0,anchor,vae|CIFAR10|m256|s123|e300|es1|b4,not in trace,,not charged in original ledger; MAKE50 used current snapshot,61.02980899810791,results/make49/stage4_cache/CIFAR10.json:vae|CIFAR10|m256|s123|e300|es1|b4,,not available,300,True
CIFAR10,B8_ard_vae,123,4.0,final,vae|CIFAR10|m16|s123|e300|es1|b4,wrapper candidate key reconstructed,43.527015209198,"stage7_b7b8.json: (CIFAR10,B8_ard_vae,123,4).final_train_seconds",43.527015209198,results/make49/stage4_cache/CIFAR10.json:vae|CIFAR10|m16|s123|e300|es1|b4,True,not available,300,True
CIFAR10,B7_geco_l0,777,4.0,anchor,vae|CIFAR10|m256|s777|e300|es1|b4,not in trace,,not charged in original ledger; MAKE50 used current snapshot,60.47077798843384,results/make49/stage4_cache/CIFAR10.json:vae|CIFAR10|m256|s777|e300|es1|b4,,not available,300,True
CIFAR10,B7_geco_l0,777,4.0,final,vae|CIFAR10|m8|s777|e300|es1|b4,wrapper candidate key reconstructed,37.786436557769775,"stage7_b7b8.json: (CIFAR10,B7_geco_l0,777,4).final_train_seconds",37.786436557769775,results/make49/stage4_cache/CIFAR10.json:vae|CIFAR10|m8|s777|e300|es1|b4,True,not available,300,True
CIFAR10,B8_ard_vae,777,4.0,anchor,vae|CIFAR10|m256|s777|e300|es1|b4,not in trace,,not charged in original ledger; MAKE50 used current snapshot,60.47077798843384,results/make49/stage4_cache/CIFAR10.json:vae|CIFAR10|m256|s777|e300|es1|b4,,not available,300,True
CIFAR10,B8_ard_vae,777,4.0,final,vae|CIFAR10|m16|s777|e300|es1|b4,wrapper candidate key reconstructed,35.333575963974,"stage7_b7b8.json: (CIFAR10,B8_ard_vae,777,4).final_train_seconds",35.333575963974,results/make49/stage4_cache/CIFAR10.json:vae|CIFAR10|m16|s777|e300|es1|b4,True,not available,300,True
CIFAR10,B7_geco_l0,2024,4.0,anchor,vae|CIFAR10|m256|s2024|e300|es1|b4,not in trace,,not charged in original ledger; MAKE50 used current snapshot,47.932132720947266,results/make49/stage4_cache/CIFAR10.json:vae|CIFAR10|m256|s2024|e300|es1|b4,,not available,300,True
CIFAR10,B7_geco_l0,2024,4.0,final,vae|CIFAR10|m8|s2024|e300|es1|b4,wrapper candidate key reconstructed,62.86979103088379,"stage7_b7b8.json: (CIFAR10,B7_geco_l0,2024,4).final_train_seconds",62.86979103088379,results/make49/stage4_cache/CIFAR10.json:vae|CIFAR10|m8|s2024|e300|es1|b4,True,not available,300,True
CIFAR10,B8_ard_vae,2024,4.0,anchor,vae|CIFAR10|m256|s2024|e300|es1|b4,not in trace,,not charged in original ledger; MAKE50 used current snapshot,47.932132720947266,results/make49/stage4_cache/CIFAR10.json:vae|CIFAR10|m256|s2024|e300|es1|b4,,not available,300,True
CIFAR10,B8_ard_vae,2024,4.0,final,vae|CIFAR10|m16|s2024|e300|es1|b4,wrapper candidate key reconstructed,48.25973129272461,"stage7_b7b8.json: (CIFAR10,B8_ard_vae,2024,4).final_train_seconds",48.25973129272461,results/make49/stage4_cache/CIFAR10.json:vae|CIFAR10|m16|s2024|e300|es1|b4,True,not available,300,True
CIFAR10,B7_geco_l0,31337,4.0,anchor,vae|CIFAR10|m256|s31337|e300|es1|b4,not in trace,,not charged in original ledger; MAKE50 used current snapshot,68.00399208068848,results/make49/stage4_cache/CIFAR10.json:vae|CIFAR10|m256|s31337|e300|es1|b4,,not available,300,True
CIFAR10,B7_geco_l0,31337,4.0,final,vae|CIFAR10|m8|s31337|e300|es1|b4,wrapper candidate key reconstructed,46.851744413375854,"stage7_b7b8.json: (CIFAR10,B7_geco_l0,31337,4).final_train_seconds",46.851744413375854,results/make49/stage4_cache/CIFAR10.json:vae|CIFAR10|m8|s31337|e300|es1|b4,True,not available,300,True
CIFAR10,B8_ard_vae,31337,4.0,anchor,vae|CIFAR10|m256|s31337|e300|es1|b4,not in trace,,not charged in original ledger; MAKE50 used current snapshot,68.00399208068848,results/make49/stage4_cache/CIFAR10.json:vae|CIFAR10|m256|s31337|e300|es1|b4,,not available,300,True
CIFAR10,B8_ard_vae,31337,4.0,final,vae|CIFAR10|m16|s31337|e300|es1|b4,wrapper candidate key reconstructed,55.94209408760071,"stage7_b7b8.json: (CIFAR10,B8_ard_vae,31337,4).final_train_seconds",55.94209408760071,results/make49/stage4_cache/CIFAR10.json:vae|CIFAR10|m16|s31337|e300|es1|b4,True,not available,300,True
