dataset,method,seed,beta,selected_raw,final_m,anchor_m,D_anchor,T_D,val_mse,test_mse,quality_met,original_seconds,added_anchor_seconds,accounted_seconds,state,id_fallback,budget_exhausted,compact,calibration_seconds,final_constraint_ma
MNIST,B1_full_mse,42,1.0,8,8,64,0.023851687684351083,0.02623685645278619,0.02116786972357302,0.020691342100805164,True,610.3513901233673,0.0,610.3513901233673,SUCCESS,False,False,True,0.0,
MNIST,B1_full_mse,123,1.0,24,24,64,0.02427723039899554,0.02670495343889509,0.021253844592036032,0.02076728582057823,True,643.1506254673004,0.0,643.1506254673004,SUCCESS,False,False,True,0.0,
MNIST,B1_full_mse,777,1.0,12,12,64,0.022899083974410078,0.025188992371851085,0.020660642974230706,0.020194686993449725,True,659.7772653102875,0.0,659.7772653102875,SUCCESS,False,False,True,0.0,
MNIST,B1_full_mse,2024,1.0,10,10,64,0.023515710947464925,0.025867282042211417,0.020839620784837372,0.02026402583738574,True,575.1190836429596,0.0,575.1190836429596,SUCCESS,False,False,True,0.0,
MNIST,B1_full_mse,31337,1.0,10,10,64,0.024017999765824295,0.026419799742406724,0.020997278330277425,0.020562927661298892,True,649.1248335838318,0.0,649.1248335838318,SUCCESS,False,False,True,0.0,
MNIST,B2_full_elbo,42,1.0,8,8,64,0.023851687684351083,0.02623685645278619,0.02116786972357302,0.020691342100805164,True,610.3513901233673,0.0,610.3513901233673,SUCCESS,False,False,True,0.0,
MNIST,B2_full_elbo,123,1.0,8,8,64,0.02427723039899554,0.02670495343889509,0.021275372874980072,0.020833733591092685,True,643.1506254673004,0.0,643.1506254673004,SUCCESS,False,False,True,0.0,
MNIST,B2_full_elbo,777,1.0,12,12,64,0.022899083974410078,0.025188992371851085,0.020660642974230706,0.020194686993449725,True,659.7772653102875,0.0,659.7772653102875,SUCCESS,False,False,True,0.0,
MNIST,B2_full_elbo,2024,1.0,12,12,64,0.023515710947464925,0.025867282042211417,0.02087516722387197,0.02042577938157685,True,575.1190836429596,0.0,575.1190836429596,SUCCESS,False,False,True,0.0,
MNIST,B2_full_elbo,31337,1.0,10,10,64,0.024017999765824295,0.026419799742406724,0.020997278330277425,0.020562927661298892,True,649.1248335838318,0.0,649.1248335838318,SUCCESS,False,False,True,0.0,
MNIST,B3_full_downstream,42,1.0,64,64,64,0.023851687684351083,0.02623685645278619,0.023851687684351083,0.02330713928637861,True,669.8520848751068,0.0,669.8520848751068,SUCCESS,False,False,False,0.0,
MNIST,B3_full_downstream,123,1.0,64,64,64,0.02427723039899554,0.02670495343889509,0.02427723039899554,0.023587228372794432,True,717.2208054065704,0.0,717.2208054065704,SUCCESS,False,False,False,0.0,
MNIST,B3_full_downstream,777,1.0,32,32,64,0.022899083974410078,0.025188992371851085,0.02331759332150829,0.022911530163823343,True,728.8375904560089,0.0,728.8375904560089,SUCCESS,False,False,True,0.0,
MNIST,B3_full_downstream,2024,1.0,48,48,64,0.023515710947464925,0.025867282042211417,0.0225036508988361,0.022127951070564946,True,646.0209631919861,0.0,646.0209631919861,SUCCESS,False,False,True,0.0,
MNIST,B3_full_downstream,31337,1.0,48,48,64,0.024017999765824295,0.026419799742406724,0.023566033188177613,0.023118886519451532,True,718.808004617691,0.0,718.808004617691,SUCCESS,False,False,True,0.0,
MNIST,B4_coarse,42,1.0,10,10,64,0.023851687684351083,0.02623685645278619,0.02227104529555963,0.021972516533468857,True,193.43292236328125,0.0,193.43292236328125,SUCCESS,False,False,True,0.0,
MNIST,B4_coarse,123,1.0,10,10,64,0.02427723039899554,0.02670495343889509,0.022213239397321432,0.021771542296117663,True,164.06798148155212,0.0,164.06798148155212,SUCCESS,False,False,True,0.0,
MNIST,B4_coarse,777,1.0,10,10,64,0.022899083974410078,0.025188992371851085,0.02265717736069037,0.02221377521956048,True,184.76379323005676,0.0,184.76379323005676,SUCCESS,False,False,True,0.0,
MNIST,B4_coarse,2024,1.0,10,10,64,0.023515710947464925,0.025867282042211417,0.020839620784837372,0.02026402583738574,True,199.19554543495178,0.0,199.19554543495178,SUCCESS,False,False,True,0.0,
MNIST,B4_coarse,31337,1.0,10,10,64,0.024017999765824295,0.026419799742406724,0.020997278330277425,0.020562927661298892,True,209.3287148475647,0.0,209.3287148475647,SUCCESS,False,False,True,0.0,
MNIST,B5_fixed32,42,1.0,32,32,64,0.023851687684351083,0.02623685645278619,0.02336780407963967,0.022936931584157102,True,68.3561692237854,66.05860233306885,134.41477155685425,SUCCESS,False,False,True,0.0,
MNIST,B5_fixed32,123,1.0,32,32,64,0.02427723039899554,0.02670495343889509,0.023557929214166135,0.023139312744140626,True,53.129618883132935,45.33538007736206,98.464998960495,SUCCESS,False,False,True,0.0,
MNIST,B5_fixed32,777,1.0,32,32,64,0.022899083974410078,0.025188992371851085,0.02331759332150829,0.022911530163823343,True,52.999956369400024,66.14485359191895,119.14480996131897,SUCCESS,False,False,True,0.0,
MNIST,B5_fixed32,2024,1.0,32,32,64,0.023515710947464925,0.025867282042211417,0.02360118258729273,0.023130655094068874,True,46.923726320266724,62.86958146095276,109.79330778121948,SUCCESS,False,False,True,0.0,
MNIST,B5_fixed32,31337,1.0,32,32,64,0.024017999765824295,0.026419799742406724,0.023295148577008932,0.02281989148198342,True,56.77252721786499,72.526198387146,129.298725605011,SUCCESS,False,False,True,0.0,
MNIST,B6a_fondue,42,1.0,7,7,64,0.023851687684351083,0.02623685645278619,0.02138538158183195,0.02094980169802296,True,39.049826860427856,66.05860233306885,105.1084291934967,SUCCESS,False,False,True,4.144804000854492,
MNIST,B6a_fondue,123,1.0,7,7,64,0.02427723039899554,0.02670495343889509,0.022344547193877552,0.02197312916865965,True,45.14638566970825,45.33538007736206,90.48176574707031,SUCCESS,False,False,True,4.144804000854492,
MNIST,B6a_fondue,777,1.0,7,7,64,0.022899083974410078,0.025188992371851085,0.02084966885313696,0.02047895366642751,True,40.448813915252686,66.14485359191895,106.59366750717163,SUCCESS,False,False,True,4.144804000854492,
MNIST,B6a_fondue,2024,1.0,7,7,64,0.023515710947464925,0.025867282042211417,0.022511799715003188,0.022029934007294326,True,42.67811846733093,62.86958146095276,105.54769992828369,SUCCESS,False,False,True,4.144804000854492,
MNIST,B6a_fondue,31337,1.0,7,7,64,0.024017999765824295,0.026419799742406724,0.022550596587511955,0.022251461314506272,True,39.298835039138794,72.526198387146,111.82503342628479,SUCCESS,False,False,True,4.144804000854492,
MNIST,B6b_fondue_var,42,1.0,25,25,64,0.023851687684351083,0.02623685645278619,0.02283254693478954,0.022341927664620533,True,76.87359118461609,66.05860233306885,142.93219351768494,SUCCESS,False,False,True,4.144804000854492,
MNIST,B6b_fondue_var,123,1.0,6,6,64,0.02427723039899554,0.02670495343889509,0.022411734444754465,0.02202388550635098,True,36.68694519996643,45.33538007736206,82.02232527732849,SUCCESS,False,False,True,4.144804000854492,
MNIST,B6b_fondue_var,777,1.0,5,5,64,0.022899083974410078,0.025188992371851085,0.02462919025031888,0.02410103103741497,True,56.8343231678009,66.14485359191895,122.97917675971985,SUCCESS,False,False,True,4.144804000854492,
MNIST,B6b_fondue_var,2024,1.0,6,6,64,0.023515710947464925,0.025867282042211417,0.022447507897201853,0.02193109836708121,True,43.00226426124573,62.86958146095276,105.87184572219849,SUCCESS,False,False,True,4.144804000854492,
MNIST,B6b_fondue_var,31337,1.0,7,7,64,0.024017999765824295,0.026419799742406724,0.022550596587511955,0.022251461314506272,True,38.28154110908508,72.526198387146,110.80773949623108,SUCCESS,False,False,True,4.144804000854492,
MNIST,B6b_fondue_var_keepmixed_false,42,1.0,0,,64,0.023851687684351083,0.02623685645278619,,,False,0.3766665458679199,66.05860233306885,66.43526887893677,DEGENERATE_SELECTION,False,False,False,4.144804000854492,
MNIST,B6b_fondue_var_keepmixed_false,123,1.0,0,,64,0.02427723039899554,0.02670495343889509,,,False,0.31678152084350586,45.33538007736206,45.652161598205566,DEGENERATE_SELECTION,False,False,False,4.144804000854492,
MNIST,B6b_fondue_var_keepmixed_false,777,1.0,0,,64,0.022899083974410078,0.025188992371851085,,,False,0.3029923439025879,66.14485359191895,66.44784593582153,DEGENERATE_SELECTION,False,False,False,4.144804000854492,
MNIST,B6b_fondue_var_keepmixed_false,2024,1.0,0,,64,0.023515710947464925,0.025867282042211417,,,False,0.34503936767578125,62.86958146095276,63.21462082862854,DEGENERATE_SELECTION,False,False,False,4.144804000854492,
MNIST,B6b_fondue_var_keepmixed_false,31337,1.0,0,,64,0.024017999765824295,0.026419799742406724,,,False,0.3676280975341797,72.526198387146,72.89382648468018,DEGENERATE_SELECTION,False,False,False,4.144804000854492,
MNIST,proposed,42,1.0,6,6,64,0.023851687684351083,0.02623685645278619,0.022674509165238364,0.022301241504902744,True,690.6300055980682,0.0,690.6300055980682,SUCCESS,False,False,True,0.0,
MNIST,proposed,123,1.0,6,6,64,0.02427723039899554,0.02670495343889509,0.022411734444754465,0.02202388550635098,True,743.2905471324921,0.0,743.2905471324921,SUCCESS,False,False,True,0.0,
MNIST,proposed,777,1.0,6,6,64,0.022899083974410078,0.025188992371851085,0.02243539771255182,0.022122164148862672,True,744.9798667430878,0.0,744.9798667430878,SUCCESS,False,False,True,0.0,
MNIST,proposed,2024,1.0,6,6,64,0.023515710947464925,0.025867282042211417,0.022447507897201853,0.02193109836708121,True,660.9651679992676,0.0,660.9651679992676,SUCCESS,False,False,True,0.0,
MNIST,proposed,31337,1.0,6,6,64,0.024017999765824295,0.026419799742406724,0.022243900532625163,0.021856735540896045,True,736.916511297226,0.0,736.916511297226,SUCCESS,False,False,True,0.0,
MNIST,proposed_minus_AU,42,1.0,6,6,64,0.023851687684351083,0.02623685645278619,0.022674509165238364,0.022301241504902744,True,690.6300055980682,0.0,690.6300055980682,SUCCESS,False,False,True,0.0,
MNIST,proposed_minus_AU,123,1.0,6,6,64,0.02427723039899554,0.02670495343889509,0.022411734444754465,0.02202388550635098,True,743.2905471324921,0.0,743.2905471324921,SUCCESS,False,False,True,0.0,
MNIST,proposed_minus_AU,777,1.0,6,6,64,0.022899083974410078,0.025188992371851085,0.02243539771255182,0.022122164148862672,True,744.9798667430878,0.0,744.9798667430878,SUCCESS,False,False,True,0.0,
MNIST,proposed_minus_AU,2024,1.0,6,6,64,0.023515710947464925,0.025867282042211417,0.022447507897201853,0.02193109836708121,True,660.9651679992676,0.0,660.9651679992676,SUCCESS,False,False,True,0.0,
MNIST,proposed_minus_AU,31337,1.0,6,6,64,0.024017999765824295,0.026419799742406724,0.022243900532625163,0.021856735540896045,True,736.916511297226,0.0,736.916511297226,SUCCESS,False,False,True,0.0,
MNIST,B4_plus_Q,42,1.0,10,10,64,0.023851687684351083,0.02623685645278619,0.02227104529555963,0.021972516533468857,True,193.43292236328125,0.0,193.43292236328125,SUCCESS,False,False,True,0.0,
MNIST,B4_plus_Q,123,1.0,10,10,64,0.02427723039899554,0.02670495343889509,0.022213239397321432,0.021771542296117663,True,164.06798148155212,0.0,164.06798148155212,SUCCESS,False,False,True,0.0,
MNIST,B4_plus_Q,777,1.0,10,10,64,0.022899083974410078,0.025188992371851085,0.02265717736069037,0.02221377521956048,True,184.76379323005676,0.0,184.76379323005676,SUCCESS,False,False,True,0.0,
MNIST,B4_plus_Q,2024,1.0,10,10,64,0.023515710947464925,0.025867282042211417,0.020839620784837372,0.02026402583738574,True,199.19554543495178,0.0,199.19554543495178,SUCCESS,False,False,True,0.0,
MNIST,B4_plus_Q,31337,1.0,10,10,64,0.024017999765824295,0.026419799742406724,0.020997278330277425,0.020562927661298892,True,209.3287148475647,0.0,209.3287148475647,SUCCESS,False,False,True,0.0,
MNIST,B6a_plus_Q,42,1.0,8,8,64,0.023851687684351083,0.02623685645278619,0.02116786972357302,0.020691342100805164,True,128.47601127624512,0.0,128.47601127624512,SUCCESS,False,False,True,4.144804000854492,
MNIST,B6a_plus_Q,123,1.0,8,8,64,0.02427723039899554,0.02670495343889509,0.021275372874980072,0.020833733591092685,True,96.834139585495,0.0,96.834139585495,SUCCESS,False,False,True,4.144804000854492,
MNIST,B6a_plus_Q,777,1.0,8,8,64,0.022899083974410078,0.025188992371851085,0.021768647485849807,0.021482282158468858,True,147.66974544525146,0.0,147.66974544525146,SUCCESS,False,False,True,4.144804000854492,
MNIST,B6a_plus_Q,2024,1.0,8,8,64,0.023515710947464925,0.025867282042211417,0.02233706509337133,0.02197784195465296,True,118.9452645778656,0.0,118.9452645778656,SUCCESS,False,False,True,4.144804000854492,
MNIST,B6a_plus_Q,31337,1.0,8,8,64,0.024017999765824295,0.026419799742406724,0.02203950531628667,0.02164341061131484,True,137.7078583240509,0.0,137.7078583240509,SUCCESS,False,False,True,4.144804000854492,
MNIST,B6b_plus_Q,42,1.0,32,32,64,0.023851687684351083,0.02623685645278619,0.02336780407963967,0.022936931584157102,True,136.89623379707336,0.0,136.89623379707336,SUCCESS,False,False,True,4.144804000854492,
MNIST,B6b_plus_Q,123,1.0,6,6,64,0.02427723039899554,0.02670495343889509,0.022411734444754465,0.02202388550635098,True,87.65095686912537,0.0,87.65095686912537,SUCCESS,False,False,True,4.144804000854492,
MNIST,B6b_plus_Q,777,1.0,6,6,64,0.022899083974410078,0.025188992371851085,0.02243539771255182,0.022122164148862672,True,115.39864587783813,0.0,115.39864587783813,SUCCESS,False,False,True,4.144804000854492,
MNIST,B6b_plus_Q,2024,1.0,6,6,64,0.023515710947464925,0.025867282042211417,0.022447507897201853,0.02193109836708121,True,114.8989577293396,0.0,114.8989577293396,SUCCESS,False,False,True,4.144804000854492,
MNIST,B6b_plus_Q,31337,1.0,8,8,64,0.024017999765824295,0.026419799742406724,0.02203950531628667,0.02164341061131484,True,136.6905643939972,0.0,136.6905643939972,SUCCESS,False,False,True,4.144804000854492,
dSprites,B1_full_mse,42,1.0,64,64,64,0.0011661780774593353,0.0012827958852052689,0.0011661780774593353,0.001149588018655777,True,2653.6566400527954,0.0,2653.6566400527954,SUCCESS,False,False,False,0.0,
dSprites,B1_full_mse,123,1.0,64,64,64,0.001138049766421318,0.00125185474306345,0.001138049766421318,0.0011252888143062593,True,2581.0312643051147,0.0,2581.0312643051147,SUCCESS,False,False,False,0.0,
dSprites,B1_full_mse,777,1.0,32,32,64,0.0012045322060585022,0.0013249854266643524,0.0011675848215818405,0.0011483644843101502,True,2548.360376358032,0.0,2548.360376358032,SUCCESS,False,False,True,0.0,
dSprites,B1_full_mse,2024,1.0,64,64,64,0.00116694313287735,0.001283637446165085,0.00116694313287735,0.001154283086458842,True,2606.2951407432556,0.0,2606.2951407432556,SUCCESS,False,False,False,0.0,
dSprites,B1_full_mse,31337,1.0,64,64,64,0.0011734385192394257,0.0012907823711633684,0.0011734385192394257,0.001165797789891561,True,2434.499723672867,0.0,2434.499723672867,SUCCESS,False,False,False,0.0,
dSprites,B2_full_elbo,42,1.0,64,64,64,0.0011661780774593353,0.0012827958852052689,0.0011661780774593353,0.001149588018655777,True,2653.6566400527954,0.0,2653.6566400527954,SUCCESS,False,False,False,0.0,
dSprites,B2_full_elbo,123,1.0,64,64,64,0.001138049766421318,0.00125185474306345,0.001138049766421318,0.0011252888143062593,True,2581.0312643051147,0.0,2581.0312643051147,SUCCESS,False,False,False,0.0,
dSprites,B2_full_elbo,777,1.0,32,32,64,0.0012045322060585022,0.0013249854266643524,0.0011675848215818405,0.0011483644843101502,True,2548.360376358032,0.0,2548.360376358032,SUCCESS,False,False,True,0.0,
dSprites,B2_full_elbo,2024,1.0,64,64,64,0.00116694313287735,0.001283637446165085,0.00116694313287735,0.001154283086458842,True,2606.2951407432556,0.0,2606.2951407432556,SUCCESS,False,False,False,0.0,
dSprites,B2_full_elbo,31337,1.0,64,64,64,0.0011734385192394257,0.0012907823711633684,0.0011734385192394257,0.001165797789891561,True,2434.499723672867,0.0,2434.499723672867,SUCCESS,False,False,False,0.0,
dSprites,B3_full_downstream,42,1.0,64,64,64,0.0011661780774593353,0.0012827958852052689,0.0011661780774593353,0.001149588018655777,True,2678.323821544647,0.0,2678.323821544647,SUCCESS,False,False,False,0.0,
dSprites,B3_full_downstream,123,1.0,64,64,64,0.001138049766421318,0.00125185474306345,0.001138049766421318,0.0011252888143062593,True,2602.8799934387207,0.0,2602.8799934387207,SUCCESS,False,False,False,0.0,
dSprites,B3_full_downstream,777,1.0,64,64,64,0.0012045322060585022,0.0013249854266643524,0.0012045322060585022,0.0011939948399861653,True,2571.037334918976,0.0,2571.037334918976,SUCCESS,False,False,False,0.0,
dSprites,B3_full_downstream,2024,1.0,64,64,64,0.00116694313287735,0.001283637446165085,0.00116694313287735,0.001154283086458842,True,2635.245918750763,0.0,2635.245918750763,SUCCESS,False,False,False,0.0,
dSprites,B3_full_downstream,31337,1.0,64,64,64,0.0011734385192394257,0.0012907823711633684,0.0011734385192394257,0.001165797789891561,True,2457.131895542145,0.0,2457.131895542145,SUCCESS,False,False,False,0.0,
dSprites,B4_coarse,42,1.0,64,64,64,0.0011661780774593353,0.0012827958852052689,0.0011661780774593353,0.001149588018655777,True,750.9688410758972,0.0,750.9688410758972,SUCCESS,False,False,False,0.0,
dSprites,B4_coarse,123,1.0,64,64,64,0.001138049766421318,0.00125185474306345,0.001138049766421318,0.0011252888143062593,True,702.2340269088745,0.0,702.2340269088745,SUCCESS,False,False,False,0.0,
dSprites,B4_coarse,777,1.0,64,64,64,0.0012045322060585022,0.0013249854266643524,0.0012045322060585022,0.0011939948399861653,True,720.6051435470581,0.0,720.6051435470581,SUCCESS,False,False,False,0.0,
dSprites,B4_coarse,2024,1.0,64,64,64,0.00116694313287735,0.001283637446165085,0.00116694313287735,0.001154283086458842,True,648.2244968414307,0.0,648.2244968414307,SUCCESS,False,False,False,0.0,
dSprites,B4_coarse,31337,1.0,64,64,64,0.0011734385192394257,0.0012907823711633684,0.0011734385192394257,0.001165797789891561,True,697.7905130386353,0.0,697.7905130386353,SUCCESS,False,False,False,0.0,
dSprites,B5_fixed32,42,1.0,32,32,64,0.0011661780774593353,0.0012827958852052689,0.0012058041840791703,0.0011949124733606974,True,300.85364055633545,253.12427306175232,553.9779136180878,SUCCESS,False,False,True,0.0,
dSprites,B5_fixed32,123,1.0,32,32,64,0.001138049766421318,0.00125185474306345,0.0012023587822914124,0.0011807373762130738,True,257.73280668258667,235.1435785293579,492.8763852119446,SUCCESS,False,False,True,0.0,
dSprites,B5_fixed32,777,1.0,32,32,64,0.0012045322060585022,0.0013249854266643524,0.0011675848215818405,0.0011483644843101502,True,219.167742729187,237.41397619247437,456.5817189216614,SUCCESS,False,False,True,0.0,
dSprites,B5_fixed32,2024,1.0,32,32,64,0.00116694313287735,0.001283637446165085,0.001214679643511772,0.0012085370322068533,True,223.58219361305237,238.429931640625,462.01212525367737,SUCCESS,False,False,True,0.0,
dSprites,B5_fixed32,31337,1.0,32,32,64,0.0011734385192394257,0.0012907823711633684,0.0013131544291973113,0.001296436846256256,False,287.65005922317505,223.92378115653992,511.57384037971497,SUCCESS,False,False,True,0.0,
dSprites,B6a_fondue,42,1.0,5,5,64,0.0011661780774593353,0.0012827958852052689,0.003194322228431702,0.0031783090829849243,False,167.6730649471283,253.12427306175232,420.7973380088806,SUCCESS,False,False,True,0.0,
dSprites,B6a_fondue,123,1.0,4,4,64,0.001138049766421318,0.00125185474306345,0.005738624572753906,0.005569814602533976,False,139.13136911392212,235.1435785293579,374.27494764328003,SUCCESS,False,False,True,0.0,
dSprites,B6a_fondue,777,1.0,4,4,64,0.0012045322060585022,0.0013249854266643524,0.006227087497711181,0.006137393991152445,False,138.00329303741455,237.41397619247437,375.4172692298889,SUCCESS,False,False,True,0.0,
dSprites,B6a_fondue,2024,1.0,4,4,64,0.00116694313287735,0.001283637446165085,0.006272036671638489,0.0062215158144632975,False,113.86109495162964,238.429931640625,352.29102659225464,SUCCESS,False,False,True,0.0,
dSprites,B6a_fondue,31337,1.0,4,4,64,0.0011734385192394257,0.0012907823711633684,0.0060902277231216434,0.006014536102612813,False,145.02403807640076,223.92378115653992,368.9478192329407,SUCCESS,False,False,True,0.0,
dSprites,B6b_fondue_var,42,1.0,0,,64,0.0011661780774593353,0.0012827958852052689,,,False,1.1003727912902832,253.12427306175232,254.2246458530426,DEGENERATE_SELECTION,False,False,False,0.0,
dSprites,B6b_fondue_var,123,1.0,114,114,64,0.001138049766421318,0.00125185474306345,0.0011028150618076324,0.001102010856072108,True,304.8657371997833,235.1435785293579,540.0093157291412,SUCCESS,False,False,False,0.0,
dSprites,B6b_fondue_var,777,1.0,1,1,64,0.0012045322060585022,0.0013249854266643524,0.01743708872795105,0.017714587529500326,False,173.78371667861938,237.41397619247437,411.19769287109375,SUCCESS,False,False,True,0.0,
dSprites,B6b_fondue_var,2024,1.0,14,14,64,0.00116694313287735,0.001283637446165085,0.0013464214503765106,0.0013113853335380554,False,272.8064498901367,238.429931640625,511.2363815307617,SUCCESS,False,False,True,0.0,
dSprites,B6b_fondue_var,31337,1.0,1,1,64,0.0011734385192394257,0.0012907823711633684,0.01768085241317749,0.018010844389597574,False,120.07664799690247,223.92378115653992,344.0004291534424,SUCCESS,False,False,True,0.0,
dSprites,B6b_fondue_var_keepmixed_false,42,1.0,0,,64,0.0011661780774593353,0.0012827958852052689,,,False,1.1003727912902832,253.12427306175232,254.2246458530426,DEGENERATE_SELECTION,False,False,False,0.0,
dSprites,B6b_fondue_var_keepmixed_false,123,1.0,0,,64,0.001138049766421318,0.00125185474306345,,,False,1.1133391857147217,235.1435785293579,236.25691771507263,DEGENERATE_SELECTION,False,False,False,0.0,
dSprites,B6b_fondue_var_keepmixed_false,777,1.0,3,3,64,0.0012045322060585022,0.0013249854266643524,0.0076669021844863895,0.0077173653443654375,False,109.5195574760437,237.41397619247437,346.93353366851807,SUCCESS,False,False,True,0.0,
dSprites,B6b_fondue_var_keepmixed_false,2024,1.0,0,,64,0.00116694313287735,0.001283637446165085,,,False,1.1011435985565186,238.429931640625,239.53107523918152,DEGENERATE_SELECTION,False,False,False,0.0,
dSprites,B6b_fondue_var_keepmixed_false,31337,1.0,3,3,64,0.0011734385192394257,0.0012907823711633684,0.007659621357917786,0.007692993481953939,False,89.41206312179565,223.92378115653992,313.33584427833557,SUCCESS,False,False,True,0.0,
dSprites,proposed,42,1.0,64,64,64,0.0011661780774593353,0.0012827958852052689,0.0011661780774593353,0.001149588018655777,True,1048.112284898758,0.0,1048.112284898758,ID_UNRELIABLE,True,False,False,0.0,
dSprites,proposed,123,1.0,64,64,64,0.001138049766421318,0.00125185474306345,0.001138049766421318,0.0011252888143062593,True,999.3774707317352,0.0,999.3774707317352,ID_UNRELIABLE,True,False,False,0.0,
dSprites,proposed,777,1.0,64,64,64,0.0012045322060585022,0.0013249854266643524,0.0012045322060585022,0.0011939948399861653,True,1017.7485873699188,0.0,1017.7485873699188,ID_UNRELIABLE,True,False,False,0.0,
dSprites,proposed,2024,1.0,64,64,64,0.00116694313287735,0.001283637446165085,0.00116694313287735,0.001154283086458842,True,945.3679406642914,0.0,945.3679406642914,ID_UNRELIABLE,True,False,False,0.0,
dSprites,proposed,31337,1.0,64,64,64,0.0011734385192394257,0.0012907823711633684,0.0011734385192394257,0.001165797789891561,True,994.933956861496,0.0,994.933956861496,ID_UNRELIABLE,True,False,False,0.0,
dSprites,proposed_minus_AU,42,1.0,64,64,64,0.0011661780774593353,0.0012827958852052689,0.0011661780774593353,0.001149588018655777,True,1048.112284898758,0.0,1048.112284898758,ID_UNRELIABLE,True,False,False,0.0,
dSprites,proposed_minus_AU,123,1.0,64,64,64,0.001138049766421318,0.00125185474306345,0.001138049766421318,0.0011252888143062593,True,999.3774707317352,0.0,999.3774707317352,ID_UNRELIABLE,True,False,False,0.0,
dSprites,proposed_minus_AU,777,1.0,64,64,64,0.0012045322060585022,0.0013249854266643524,0.0012045322060585022,0.0011939948399861653,True,1017.7485873699188,0.0,1017.7485873699188,ID_UNRELIABLE,True,False,False,0.0,
dSprites,proposed_minus_AU,2024,1.0,64,64,64,0.00116694313287735,0.001283637446165085,0.00116694313287735,0.001154283086458842,True,945.3679406642914,0.0,945.3679406642914,ID_UNRELIABLE,True,False,False,0.0,
dSprites,proposed_minus_AU,31337,1.0,64,64,64,0.0011734385192394257,0.0012907823711633684,0.0011734385192394257,0.001165797789891561,True,994.933956861496,0.0,994.933956861496,ID_UNRELIABLE,True,False,False,0.0,
dSprites,B4_plus_Q,42,1.0,64,64,64,0.0011661780774593353,0.0012827958852052689,0.0011661780774593353,0.001149588018655777,True,750.9688410758972,0.0,750.9688410758972,NO_COMPACT_ALTERNATIVE_FOUND,False,False,False,0.0,
dSprites,B4_plus_Q,123,1.0,64,64,64,0.001138049766421318,0.00125185474306345,0.001138049766421318,0.0011252888143062593,True,702.2340269088745,0.0,702.2340269088745,NO_COMPACT_ALTERNATIVE_FOUND,False,False,False,0.0,
dSprites,B4_plus_Q,777,1.0,64,64,64,0.0012045322060585022,0.0013249854266643524,0.0012045322060585022,0.0011939948399861653,True,720.6051435470581,0.0,720.6051435470581,NO_COMPACT_ALTERNATIVE_FOUND,False,False,False,0.0,
dSprites,B4_plus_Q,2024,1.0,64,64,64,0.00116694313287735,0.001283637446165085,0.00116694313287735,0.001154283086458842,True,648.2244968414307,0.0,648.2244968414307,NO_COMPACT_ALTERNATIVE_FOUND,False,False,False,0.0,
dSprites,B4_plus_Q,31337,1.0,64,64,64,0.0011734385192394257,0.0012907823711633684,0.0011734385192394257,0.001165797789891561,True,697.7905130386353,0.0,697.7905130386353,NO_COMPACT_ALTERNATIVE_FOUND,False,False,False,0.0,
dSprites,B6a_plus_Q,42,1.0,24,24,64,0.0011661780774593353,0.0012827958852052689,0.0012682644426822661,0.0012576948901017507,True,1852.0926568508148,0.0,1852.0926568508148,SUCCESS,False,False,True,0.0,
dSprites,B6a_plus_Q,123,1.0,20,20,64,0.001138049766421318,0.00125185474306345,0.001183832734823227,0.0011632334192593892,True,1770.2110948562622,0.0,1770.2110948562622,SUCCESS,False,False,True,0.0,
dSprites,B6a_plus_Q,777,1.0,16,16,64,0.0012045322060585022,0.0013249854266643524,0.0013037842810153962,0.0012872694929440816,True,1397.4166188240051,0.0,1397.4166188240051,SUCCESS,False,False,True,0.0,
dSprites,B6a_plus_Q,2024,1.0,16,16,64,0.00116694313287735,0.001283637446165085,0.0012835567593574523,0.0012621796329816183,True,1476.3827555179596,0.0,1476.3827555179596,SUCCESS,False,False,True,0.0,
dSprites,B6a_plus_Q,31337,1.0,24,24,64,0.0011734385192394257,0.0012907823711633684,0.001240153521299362,0.001212531417608261,True,1886.3682172298431,0.0,1886.3682172298431,BUDGET_EXHAUSTED,False,True,True,0.0,
dSprites,B6b_plus_Q,42,1.0,24,24,64,0.0011661780774593353,0.0012827958852052689,0.0012682644426822661,0.0012576948901017507,True,2108.590287923813,0.0,2108.590287923813,SUCCESS,False,False,True,0.0,
dSprites,B6b_plus_Q,123,1.0,64,64,64,0.001138049766421318,0.00125185474306345,0.001138049766421318,0.0011252888143062593,True,239.57368516921997,0.0,239.57368516921997,NO_COMPACT_ALTERNATIVE_FOUND,False,False,False,0.0,
dSprites,B6b_plus_Q,777,1.0,16,16,64,0.0012045322060585022,0.0013249854266643524,0.0013037842810153962,0.0012872694929440816,True,1491.3797283172607,0.0,1491.3797283172607,SUCCESS,False,False,True,0.0,
dSprites,B6b_plus_Q,2024,1.0,16,16,64,0.00116694313287735,0.001283637446165085,0.0012835567593574523,0.0012621796329816183,True,497.2534189224243,0.0,497.2534189224243,SUCCESS,False,False,True,0.0,
dSprites,B6b_plus_Q,31337,1.0,24,24,64,0.0011734385192394257,0.0012907823711633684,0.001240153521299362,0.001212531417608261,True,1966.1794154644012,0.0,1966.1794154644012,BUDGET_EXHAUSTED,False,True,True,0.0,
MNIST,ascending_scan_Q,42,1.0,6,6,64,0.023851687684351083,0.02623685645278619,0.022674509165238364,0.022301241504902744,True,169.94214916229248,0.0,169.94214916229248,SUCCESS,False,False,True,0.0,
MNIST,ascending_scan_Q,123,1.0,6,6,64,0.02427723039899554,0.02670495343889509,0.022411734444754465,0.02202388550635098,True,154.55078291893005,0.0,154.55078291893005,SUCCESS,False,False,True,0.0,
MNIST,ascending_scan_Q,777,1.0,6,6,64,0.022899083974410078,0.025188992371851085,0.02243539771255182,0.022122164148862672,True,188.70880389213562,0.0,188.70880389213562,SUCCESS,False,False,True,0.0,
MNIST,ascending_scan_Q,2024,1.0,6,6,64,0.023515710947464925,0.025867282042211417,0.022447507897201853,0.02193109836708121,True,189.89940452575684,0.0,189.89940452575684,SUCCESS,False,False,True,0.0,
MNIST,ascending_scan_Q,31337,1.0,6,6,64,0.024017999765824295,0.026419799742406724,0.022243900532625163,0.021856735540896045,True,207.11405968666077,0.0,207.11405968666077,SUCCESS,False,False,True,0.0,
dSprites,ascending_scan_Q,42,1.0,24,24,64,0.0011661780774593353,0.0012827958852052689,0.0012682644426822661,0.0012576948901017507,True,2107.4899151325226,0.0,2107.4899151325226,SUCCESS,False,False,True,0.0,
dSprites,ascending_scan_Q,123,1.0,20,20,64,0.001138049766421318,0.00125185474306345,0.001183832734823227,0.0011632334192593892,True,1872.0550754070282,0.0,1872.0550754070282,SUCCESS,False,False,True,0.0,
dSprites,ascending_scan_Q,777,1.0,16,16,64,0.0012045322060585022,0.0013249854266643524,0.0013037842810153962,0.0012872694929440816,True,1486.9030406475067,0.0,1486.9030406475067,SUCCESS,False,False,True,0.0,
dSprites,ascending_scan_Q,2024,1.0,16,16,64,0.00116694313287735,0.001283637446165085,0.0012835567593574523,0.0012621796329816183,True,1558.1722571849823,0.0,1558.1722571849823,SUCCESS,False,False,True,0.0,
dSprites,ascending_scan_Q,31337,1.0,24,24,64,0.0011734385192394257,0.0012907823711633684,0.001240153521299362,0.001212531417608261,True,1962.8393015861511,0.0,1962.8393015861511,SUCCESS,False,False,True,0.0,
CIFAR10,B1_full_mse,42,1.0,192,192,256,0.014128461201985678,0.015541307322184245,0.013858187993367514,0.014096243540445964,True,419.78951025009155,0.0,419.78951025009155,SUCCESS,False,False,True,0.0,
CIFAR10,B1_full_mse,123,1.0,128,128,256,0.014201027234395343,0.015621129957834878,0.013843407948811849,0.014084732479519316,True,425.7245047092438,0.0,425.7245047092438,SUCCESS,False,False,True,0.0,
CIFAR10,B1_full_mse,777,1.0,128,128,256,0.014079137802124024,0.015487051582336426,0.013862068494160969,0.01409979714287652,True,407.58110427856445,0.0,407.58110427856445,SUCCESS,False,False,True,0.0,
CIFAR10,B1_full_mse,2024,1.0,192,192,256,0.013940853436787923,0.015334938780466715,0.013762508392333984,0.014009689966837565,True,438.4691801071167,0.0,438.4691801071167,SUCCESS,False,False,True,0.0,
CIFAR10,B1_full_mse,31337,1.0,64,64,256,0.013970955848693848,0.015368051433563233,0.013839864412943522,0.014081502066718208,True,449.70130014419556,0.0,449.70130014419556,SUCCESS,False,False,True,0.0,
CIFAR10,B2_full_elbo,42,1.0,192,192,256,0.014128461201985678,0.015541307322184245,0.013858187993367514,0.014096243540445964,True,419.78951025009155,0.0,419.78951025009155,SUCCESS,False,False,True,0.0,
CIFAR10,B2_full_elbo,123,1.0,128,128,256,0.014201027234395343,0.015621129957834878,0.013843407948811849,0.014084732479519316,True,425.7245047092438,0.0,425.7245047092438,SUCCESS,False,False,True,0.0,
CIFAR10,B2_full_elbo,777,1.0,192,192,256,0.014079137802124024,0.015487051582336426,0.013954368909200033,0.0141853519015842,True,407.58110427856445,0.0,407.58110427856445,SUCCESS,False,False,True,0.0,
CIFAR10,B2_full_elbo,2024,1.0,192,192,256,0.013940853436787923,0.015334938780466715,0.013762508392333984,0.014009689966837565,True,438.4691801071167,0.0,438.4691801071167,SUCCESS,False,False,True,0.0,
CIFAR10,B2_full_elbo,31337,1.0,256,256,256,0.013970955848693848,0.015368051433563233,0.013970955848693848,0.014197494506835938,True,449.70130014419556,0.0,449.70130014419556,SUCCESS,False,False,False,0.0,
CIFAR10,B3_full_downstream,42,1.0,256,256,256,0.014128461201985678,0.015541307322184245,0.014128461201985678,0.014368217256334092,True,573.2896356582642,0.0,573.2896356582642,SUCCESS,False,False,False,0.0,
CIFAR10,B3_full_downstream,123,1.0,256,256,256,0.014201027234395343,0.015621129957834878,0.014201027234395343,0.01446106931898329,True,567.5429804325104,0.0,567.5429804325104,SUCCESS,False,False,False,0.0,
CIFAR10,B3_full_downstream,777,1.0,256,256,256,0.014079137802124024,0.015487051582336426,0.014079137802124024,0.01432519128587511,True,555.1977462768555,0.0,555.1977462768555,SUCCESS,False,False,False,0.0,
CIFAR10,B3_full_downstream,2024,1.0,256,256,256,0.013940853436787923,0.015334938780466715,0.013940853436787923,0.014170780817667643,True,579.7294080257416,0.0,579.7294080257416,SUCCESS,False,False,False,0.0,
CIFAR10,B3_full_downstream,31337,1.0,256,256,256,0.013970955848693848,0.015368051433563233,0.013970955848693848,0.014197494506835938,True,596.110853433609,0.0,596.110853433609,SUCCESS,False,False,False,0.0,
CIFAR10,B4_coarse,42,1.0,48,48,256,0.014128461201985678,0.015541307322184245,0.014041882832845052,0.014293385187784832,True,171.57205891609192,0.0,171.57205891609192,SUCCESS,False,False,True,0.0,
CIFAR10,B4_coarse,123,1.0,256,256,256,0.014201027234395343,0.015621129957834878,0.014201027234395343,0.01446106931898329,True,149.6433289051056,0.0,149.6433289051056,SUCCESS,False,False,False,0.0,
CIFAR10,B4_coarse,777,1.0,48,48,256,0.014079137802124024,0.015487051582336426,0.014024112065633138,0.014240312576293948,True,138.21670937538147,0.0,138.21670937538147,SUCCESS,False,False,True,0.0,
CIFAR10,B4_coarse,2024,1.0,256,256,256,0.013940853436787923,0.015334938780466715,0.013940853436787923,0.014170780817667643,True,152.4931607246399,0.0,152.4931607246399,SUCCESS,False,False,False,0.0,
CIFAR10,B4_coarse,31337,1.0,48,48,256,0.013970955848693848,0.015368051433563233,0.01384730879465739,0.014090888341267904,True,182.44230675697327,0.0,182.44230675697327,SUCCESS,False,False,True,0.0,
CIFAR10,B5_fixed32,42,1.0,32,32,256,0.014128461201985678,0.015541307322184245,0.014186258633931479,0.014429671393500432,True,43.172492027282715,52.41294550895691,95.58543753623962,SUCCESS,False,False,True,0.0,
CIFAR10,B5_fixed32,123,1.0,32,32,256,0.014201027234395343,0.015621129957834878,0.014092023213704428,0.01433424589369032,True,58.99045205116272,46.40355634689331,105.39400839805603,SUCCESS,False,False,True,0.0,
CIFAR10,B5_fixed32,777,1.0,32,32,256,0.014079137802124024,0.015487051582336426,0.014312530199686688,0.014551737467447918,True,34.96755576133728,42.488953590393066,77.45650935173035,SUCCESS,False,False,True,0.0,
CIFAR10,B5_fixed32,2024,1.0,32,32,256,0.013940853436787923,0.015334938780466715,0.014110512415568034,0.014335194057888453,True,45.255619764328,52.974677085876465,98.23029685020447,SUCCESS,False,False,True,0.0,
CIFAR10,B5_fixed32,31337,1.0,32,32,256,0.013970955848693848,0.015368051433563233,0.014160992940266928,0.014396443896823461,True,45.28669619560242,67.78465390205383,113.07135009765625,SUCCESS,False,False,True,0.0,
CIFAR10,B6a_fondue,42,1.0,14,14,256,0.014128461201985678,0.015541307322184245,0.01792328389485677,0.018226605733235677,False,54.22972059249878,52.41294550895691,106.64266610145569,SUCCESS,False,False,True,22.724159717559814,
CIFAR10,B6a_fondue,123,1.0,14,14,256,0.014201027234395343,0.015621129957834878,0.01805588150024414,0.01836570612589518,False,61.41141390800476,46.40355634689331,107.81497025489807,SUCCESS,False,False,True,22.724159717559814,
CIFAR10,B6a_fondue,777,1.0,15,15,256,0.014079137802124024,0.015487051582336426,0.017501224517822267,0.01781429248385959,False,43.15636324882507,42.488953590393066,85.64531683921814,SUCCESS,False,False,True,22.724159717559814,
CIFAR10,B6a_fondue,2024,1.0,14,14,256,0.013940853436787923,0.015334938780466715,0.018040876070658362,0.018343448215060766,False,68.898277759552,52.974677085876465,121.87295484542847,SUCCESS,False,False,True,22.724159717559814,
CIFAR10,B6a_fondue,31337,1.0,15,15,256,0.013970955848693848,0.015368051433563233,0.017440588633219397,0.017745979732937282,False,59.283682107925415,67.78465390205383,127.06833600997925,SUCCESS,False,False,True,22.724159717559814,
CIFAR10,B6b_fondue_var,42,1.0,33,33,256,0.014128461201985678,0.015541307322184245,0.014398674329121909,0.014639698876274958,True,43.015236377716064,52.41294550895691,95.42818188667297,SUCCESS,False,False,True,22.724159717559814,
CIFAR10,B6b_fondue_var,123,1.0,36,36,256,0.014201027234395343,0.015621129957834878,0.014003074645996096,0.014235606087578666,True,52.5246696472168,46.40355634689331,98.92822599411011,SUCCESS,False,False,True,22.724159717559814,
CIFAR10,B6b_fondue_var,777,1.0,33,33,256,0.014079137802124024,0.015487051582336426,0.014110209147135415,0.01436983765496148,True,50.64187955856323,42.488953590393066,93.1308331489563,SUCCESS,False,False,True,22.724159717559814,
CIFAR10,B6b_fondue_var,2024,1.0,34,34,256,0.013940853436787923,0.015334938780466715,0.014119839350382489,0.014341313680013021,True,50.14926314353943,52.974677085876465,103.1239402294159,SUCCESS,False,False,True,22.724159717559814,
CIFAR10,B6b_fondue_var,31337,1.0,35,35,256,0.013970955848693848,0.015368051433563233,0.014201396942138672,0.014422117869059245,True,56.644829511642456,67.78465390205383,124.42948341369629,SUCCESS,False,False,True,22.724159717559814,
CIFAR10,B6b_fondue_var_keepmixed_false,42,1.0,4,4,256,0.014128461201985678,0.015541307322184245,0.02929284604390462,0.029387862311469188,False,38.55258870124817,52.41294550895691,90.96553421020508,SUCCESS,False,False,True,22.724159717559814,
CIFAR10,B6b_fondue_var_keepmixed_false,123,1.0,2,2,256,0.014201027234395343,0.015621129957834878,0.03606511878967285,0.03584192064073351,False,41.7450966835022,46.40355634689331,88.14865303039551,SUCCESS,False,False,True,22.724159717559814,
CIFAR10,B6b_fondue_var_keepmixed_false,777,1.0,3,3,256,0.014079137802124024,0.015487051582336426,0.032005044937133784,0.031959342108832466,False,44.120702028274536,42.488953590393066,86.6096556186676,SUCCESS,False,False,True,22.724159717559814,
CIFAR10,B6b_fondue_var_keepmixed_false,2024,1.0,3,3,256,0.013940853436787923,0.015334938780466715,0.03196786944071452,0.03187082205878364,False,45.076563358306885,52.974677085876465,98.05124044418335,SUCCESS,False,False,True,22.724159717559814,
CIFAR10,B6b_fondue_var_keepmixed_false,31337,1.0,4,4,256,0.013970955848693848,0.015368051433563233,0.02916268793741862,0.02920933702256944,False,50.11882448196411,67.78465390205383,117.90347838401794,SUCCESS,False,False,True,22.724159717559814,
CIFAR10,proposed,42,1.0,48,48,256,0.014128461201985678,0.015541307322184245,0.014041882832845052,0.014293385187784832,True,512.0776722431183,0.0,512.0776722431183,ID_UNRELIABLE,True,False,True,0.0,
CIFAR10,proposed,123,1.0,256,256,256,0.014201027234395343,0.015621129957834878,0.014201027234395343,0.01446106931898329,True,490.14894223213196,0.0,490.14894223213196,ID_UNRELIABLE,True,False,False,0.0,
CIFAR10,proposed,777,1.0,48,48,256,0.014079137802124024,0.015487051582336426,0.014024112065633138,0.014240312576293948,True,478.72232270240784,0.0,478.72232270240784,ID_UNRELIABLE,True,False,True,0.0,
CIFAR10,proposed,2024,1.0,256,256,256,0.013940853436787923,0.015334938780466715,0.013940853436787923,0.014170780817667643,True,492.99877405166626,0.0,492.99877405166626,ID_UNRELIABLE,True,False,False,0.0,
CIFAR10,proposed,31337,1.0,48,48,256,0.013970955848693848,0.015368051433563233,0.01384730879465739,0.014090888341267904,True,522.9479200839996,0.0,522.9479200839996,ID_UNRELIABLE,True,False,True,0.0,
CIFAR10,proposed_minus_AU,42,1.0,48,48,256,0.014128461201985678,0.015541307322184245,0.014041882832845052,0.014293385187784832,True,512.0776722431183,0.0,512.0776722431183,ID_UNRELIABLE,True,False,True,0.0,
CIFAR10,proposed_minus_AU,123,1.0,256,256,256,0.014201027234395343,0.015621129957834878,0.014201027234395343,0.01446106931898329,True,490.14894223213196,0.0,490.14894223213196,ID_UNRELIABLE,True,False,False,0.0,
CIFAR10,proposed_minus_AU,777,1.0,48,48,256,0.014079137802124024,0.015487051582336426,0.014024112065633138,0.014240312576293948,True,478.72232270240784,0.0,478.72232270240784,ID_UNRELIABLE,True,False,True,0.0,
CIFAR10,proposed_minus_AU,2024,1.0,256,256,256,0.013940853436787923,0.015334938780466715,0.013940853436787923,0.014170780817667643,True,492.99877405166626,0.0,492.99877405166626,ID_UNRELIABLE,True,False,False,0.0,
CIFAR10,proposed_minus_AU,31337,1.0,48,48,256,0.013970955848693848,0.015368051433563233,0.01384730879465739,0.014090888341267904,True,522.9479200839996,0.0,522.9479200839996,ID_UNRELIABLE,True,False,True,0.0,
CIFAR10,B4_plus_Q,42,1.0,48,48,256,0.014128461201985678,0.015541307322184245,0.014041882832845052,0.014293385187784832,True,171.57205891609192,0.0,171.57205891609192,SUCCESS,False,False,True,0.0,
CIFAR10,B4_plus_Q,123,1.0,256,256,256,0.014201027234395343,0.015621129957834878,0.014201027234395343,0.01446106931898329,True,149.6433289051056,0.0,149.6433289051056,NO_COMPACT_ALTERNATIVE_FOUND,False,False,False,0.0,
CIFAR10,B4_plus_Q,777,1.0,48,48,256,0.014079137802124024,0.015487051582336426,0.014024112065633138,0.014240312576293948,True,138.21670937538147,0.0,138.21670937538147,SUCCESS,False,False,True,0.0,
CIFAR10,B4_plus_Q,2024,1.0,256,256,256,0.013940853436787923,0.015334938780466715,0.013940853436787923,0.014170780817667643,True,152.4931607246399,0.0,152.4931607246399,NO_COMPACT_ALTERNATIVE_FOUND,False,False,False,0.0,
CIFAR10,B4_plus_Q,31337,1.0,48,48,256,0.013970955848693848,0.015368051433563233,0.01384730879465739,0.014090888341267904,True,182.44230675697327,0.0,182.44230675697327,SUCCESS,False,False,True,0.0,
CIFAR10,B6a_plus_Q,42,1.0,24,24,256,0.014128461201985678,0.015541307322184245,0.015143075942993162,0.01534807374742296,True,143.7078869342804,0.0,143.7078869342804,SUCCESS,False,False,True,22.724159717559814,
CIFAR10,B6a_plus_Q,123,1.0,24,24,256,0.014201027234395343,0.015621129957834878,0.015105733235677083,0.015347531848483614,True,131.2567994594574,0.0,131.2567994594574,SUCCESS,False,False,True,22.724159717559814,
CIFAR10,B6a_plus_Q,777,1.0,24,24,256,0.014079137802124024,0.015487051582336426,0.015329091389973959,0.015577608956231013,True,105.8613669872284,0.0,105.8613669872284,SUCCESS,False,False,True,22.724159717559814,
CIFAR10,B6a_plus_Q,2024,1.0,24,24,256,0.013940853436787923,0.015334938780466715,0.015023370107014974,0.01525981330871582,True,139.82282257080078,0.0,139.82282257080078,SUCCESS,False,False,True,22.724159717559814,
CIFAR10,B6a_plus_Q,31337,1.0,24,24,256,0.013970955848693848,0.015368051433563233,0.014977188428243002,0.015247868008083768,True,146.81324362754822,0.0,146.81324362754822,SUCCESS,False,False,True,22.724159717559814,
CIFAR10,B6b_plus_Q,42,1.0,48,48,256,0.014128461201985678,0.015541307322184245,0.014041882832845052,0.014293385187784832,True,90.5473120212555,0.0,90.5473120212555,SUCCESS,False,False,True,22.724159717559814,
CIFAR10,B6b_plus_Q,123,1.0,48,48,256,0.014201027234395343,0.015621129957834878,0.014275009791056314,0.014489176220364042,True,84.02395558357239,0.0,84.02395558357239,SUCCESS,False,False,True,22.724159717559814,
CIFAR10,B6b_plus_Q,777,1.0,48,48,256,0.014079137802124024,0.015487051582336426,0.014024112065633138,0.014240312576293948,True,84.58069205284119,0.0,84.58069205284119,SUCCESS,False,False,True,22.724159717559814,
CIFAR10,B6b_plus_Q,2024,1.0,48,48,256,0.013940853436787923,0.015334938780466715,0.013964909235636393,0.01420405642191569,True,94.09490013122559,0.0,94.09490013122559,SUCCESS,False,False,True,22.724159717559814,
CIFAR10,B6b_plus_Q,31337,1.0,48,48,256,0.013970955848693848,0.015368051433563233,0.01384730879465739,0.014090888341267904,True,120.67730259895325,0.0,120.67730259895325,SUCCESS,False,False,True,22.724159717559814,
CIFAR10,ascending_scan_Q,42,1.0,24,24,256,0.014128461201985678,0.015541307322184245,0.015143075942993162,0.01534807374742296,True,171.03609418869019,0.0,171.03609418869019,SUCCESS,False,False,True,0.0,
CIFAR10,ascending_scan_Q,123,1.0,24,24,256,0.014201027234395343,0.015621129957834878,0.015105733235677083,0.015347531848483614,True,156.53069758415222,0.0,156.53069758415222,SUCCESS,False,False,True,0.0,
CIFAR10,ascending_scan_Q,777,1.0,24,24,256,0.014079137802124024,0.015487051582336426,0.015329091389973959,0.015577608956231013,True,125.16966676712036,0.0,125.16966676712036,SUCCESS,False,False,True,0.0,
CIFAR10,ascending_scan_Q,2024,1.0,24,24,256,0.013940853436787923,0.015334938780466715,0.015023370107014974,0.01525981330871582,True,159.11051058769226,0.0,159.11051058769226,SUCCESS,False,False,True,0.0,
CIFAR10,ascending_scan_Q,31337,1.0,24,24,256,0.013970955848693848,0.015368051433563233,0.014977188428243002,0.015247868008083768,True,174.82684922218323,0.0,174.82684922218323,SUCCESS,False,False,True,0.0,
MNIST,B1_full_mse,42,0.25,20,20,64,0.016265505732322227,0.01789205630555445,0.01366597794513313,0.013210184317867772,True,409.15502405166626,0.0,409.15502405166626,SUCCESS,False,False,True,0.0,
MNIST,B1_full_mse,123,0.25,32,32,64,0.015471483503069199,0.01701863185337612,0.014336393706652583,0.013741722885443237,True,378.6914236545563,0.0,378.6914236545563,SUCCESS,False,False,True,0.0,
MNIST,B1_full_mse,777,0.25,16,16,64,0.015135960481604751,0.016649556529765228,0.014101161411830357,0.013622183040696748,True,378.02493023872375,0.0,378.02493023872375,SUCCESS,False,False,True,0.0,
MNIST,B1_full_mse,2024,0.25,24,24,64,0.01583411080496652,0.01741752188546317,0.01341446794782366,0.012877693643375319,True,433.86787390708923,0.0,433.86787390708923,SUCCESS,False,False,True,0.0,
MNIST,B1_full_mse,31337,0.25,20,20,64,0.016510026581433353,0.018161029239576687,0.014403027281469229,0.013816168129849597,True,403.01655316352844,0.0,403.01655316352844,SUCCESS,False,False,True,0.0,
MNIST,B2_full_elbo,42,0.25,8,8,64,0.016265505732322227,0.01789205630555445,0.017956103266501912,0.017414945433739903,False,409.15502405166626,0.0,409.15502405166626,SUCCESS,False,False,True,0.0,
MNIST,B2_full_elbo,123,0.25,6,6,64,0.015471483503069199,0.01701863185337612,0.021337836752132494,0.021065275231186224,False,378.6914236545563,0.0,378.6914236545563,SUCCESS,False,False,True,0.0,
MNIST,B2_full_elbo,777,0.25,8,8,64,0.015135960481604751,0.016649556529765228,0.01813028203224649,0.017638124634619473,False,378.02493023872375,0.0,378.02493023872375,SUCCESS,False,False,True,0.0,
MNIST,B2_full_elbo,2024,0.25,16,16,64,0.01583411080496652,0.01741752188546317,0.015798799787248886,0.01532841564360119,True,433.86787390708923,0.0,433.86787390708923,SUCCESS,False,False,True,0.0,
MNIST,B2_full_elbo,31337,0.25,6,6,64,0.016510026581433353,0.018161029239576687,0.02168968761210539,0.021454558288159016,False,403.01655316352844,0.0,403.01655316352844,SUCCESS,False,False,True,0.0,
MNIST,B3_full_downstream,42,0.25,48,48,64,0.016265505732322227,0.01789205630555445,0.01615894924864477,0.015666387856412094,True,545.105274438858,0.0,545.105274438858,SUCCESS,False,False,True,0.0,
MNIST,B3_full_downstream,123,0.25,64,64,64,0.015471483503069199,0.01701863185337612,0.015471483503069199,0.014982908495429423,True,452.8460328578949,0.0,452.8460328578949,SUCCESS,False,False,False,0.0,
MNIST,B3_full_downstream,777,0.25,64,64,64,0.015135960481604751,0.016649556529765228,0.015135960481604751,0.014649387904575891,True,437.25474739074707,0.0,437.25474739074707,SUCCESS,False,False,False,0.0,
MNIST,B3_full_downstream,2024,0.25,48,48,64,0.01583411080496652,0.01741752188546317,0.01441898859763632,0.013856838719374468,True,517.5292499065399,0.0,517.5292499065399,SUCCESS,False,False,True,0.0,
MNIST,B3_full_downstream,31337,0.25,64,64,64,0.016510026581433353,0.018161029239576687,0.016510026581433353,0.01600118603349543,True,553.6547200679779,0.0,553.6547200679779,SUCCESS,False,False,False,0.0,
MNIST,B4_coarse,42,0.25,10,10,64,0.016265505732322227,0.01789205630555445,0.016250732421875004,0.01577168388107196,True,109.59787678718567,0.0,109.59787678718567,SUCCESS,False,False,True,0.0,
MNIST,B4_coarse,123,0.25,64,64,64,0.015471483503069199,0.01701863185337612,0.015471483503069199,0.014982908495429423,True,127.85738444328308,0.0,127.85738444328308,SUCCESS,False,False,False,0.0,
MNIST,B4_coarse,777,0.25,64,64,64,0.015135960481604751,0.016649556529765228,0.015135960481604751,0.014649387904575891,True,138.50865626335144,0.0,138.50865626335144,SUCCESS,False,False,False,0.0,
MNIST,B4_coarse,2024,0.25,64,64,64,0.01583411080496652,0.01741752188546317,0.01583411080496652,0.015259072024806017,True,118.4943528175354,0.0,118.4943528175354,SUCCESS,False,False,False,0.0,
MNIST,B4_coarse,31337,0.25,10,10,64,0.016510026581433353,0.018161029239576687,0.015833914309131857,0.01530350769458174,True,136.58370923995972,0.0,136.58370923995972,SUCCESS,False,False,True,0.0,
MNIST,B5_fixed32,42,0.25,32,32,64,0.016265505732322227,0.01789205630555445,0.01441365487234933,0.013844264023968962,True,49.541162967681885,29.022923707962036,78.56408667564392,SUCCESS,False,False,True,0.0,
MNIST,B5_fixed32,123,0.25,32,32,64,0.015471483503069199,0.01701863185337612,0.014336393706652583,0.013741722885443237,True,40.84537863731384,41.33712840080261,82.18250703811646,SUCCESS,False,False,True,0.0,
MNIST,B5_fixed32,777,0.25,32,32,64,0.015135960481604751,0.016649556529765228,0.014550033569335938,0.014006747083599067,True,35.800352334976196,52.16759943962097,87.96795177459717,SUCCESS,False,False,True,0.0,
MNIST,B5_fixed32,2024,0.25,32,32,64,0.01583411080496652,0.01741752188546317,0.014100814507932078,0.0135463941924426,True,52.67652869224548,33.468570709228516,86.145099401474,SUCCESS,False,False,True,0.0,
MNIST,B5_fixed32,31337,0.25,32,32,64,0.016510026581433353,0.018161029239576687,0.014930758106465243,0.014458401219374467,True,27.691466569900513,32.876134634017944,60.56760120391846,SUCCESS,False,False,True,0.0,
MNIST,B6a_fondue,42,0.25,11,11,64,0.016265505732322227,0.01789205630555445,0.016010487770547675,0.015544208967766794,True,31.005978107452393,29.022923707962036,60.02890181541443,SUCCESS,False,False,True,9.636292934417725,
MNIST,B6a_fondue,123,0.25,10,10,64,0.015471483503069199,0.01701863185337612,0.016006973578005422,0.015595664718524131,True,32.364781618118286,41.33712840080261,73.7019100189209,SUCCESS,False,False,True,9.636292934417725,
MNIST,B6a_fondue,777,0.25,11,11,64,0.015135960481604751,0.016649556529765228,0.01469509046904895,0.014260617833559204,True,49.122334718704224,52.16759943962097,101.2899341583252,SUCCESS,False,False,True,9.636292934417725,
MNIST,B6a_fondue,2024,0.25,11,11,64,0.01583411080496652,0.01741752188546317,0.0160002718555684,0.015535684183341303,True,33.54275846481323,33.468570709228516,67.01132917404175,SUCCESS,False,False,True,9.636292934417725,
MNIST,B6a_fondue,31337,0.25,11,11,64,0.016510026581433353,0.018161029239576687,0.015210461052096618,0.014693702334449405,True,33.449432611465454,32.876134634017944,66.3255672454834,SUCCESS,False,False,True,9.636292934417725,
MNIST,B6b_fondue_var,42,0.25,52,52,64,0.016265505732322227,0.01789205630555445,0.014886437863719706,0.014341986208545916,True,40.3449022769928,29.022923707962036,69.36782598495483,SUCCESS,False,False,True,9.636292934417725,
MNIST,B6b_fondue_var,123,0.25,50,50,64,0.015471483503069199,0.01701863185337612,0.01550789751325335,0.014990754211840986,True,38.08107280731201,41.33712840080261,79.41820120811462,SUCCESS,False,False,True,9.636292934417725,
MNIST,B6b_fondue_var,777,0.25,48,48,64,0.015135960481604751,0.016649556529765228,0.01631175543337452,0.01568854860059258,True,25.614869832992554,52.16759943962097,77.78246927261353,SUCCESS,False,False,True,9.636292934417725,
MNIST,B6b_fondue_var,2024,0.25,53,53,64,0.01583411080496652,0.01741752188546317,0.014702393512336575,0.014128841893202595,True,45.75226163864136,33.468570709228516,79.22083234786987,SUCCESS,False,False,True,9.636292934417725,
MNIST,B6b_fondue_var,31337,0.25,55,55,64,0.016510026581433353,0.018161029239576687,0.015519566127232142,0.014990845764575362,True,36.61466431617737,32.876134634017944,69.49079895019531,SUCCESS,False,False,True,9.636292934417725,
MNIST,B6b_fondue_var_keepmixed_false,42,0.25,4,4,64,0.016265505732322227,0.01789205630555445,0.027737584328164856,0.027375227947624363,False,29.84288763999939,29.022923707962036,58.865811347961426,SUCCESS,False,False,True,9.636292934417725,
MNIST,B6b_fondue_var_keepmixed_false,123,0.25,4,4,64,0.015471483503069199,0.01701863185337612,0.027961770816725125,0.027127300651705988,False,32.78058314323425,41.33712840080261,74.11771154403687,SUCCESS,False,False,True,9.636292934417725,
MNIST,B6b_fondue_var_keepmixed_false,777,0.25,4,4,64,0.015135960481604751,0.016649556529765228,0.028688266676299427,0.028284260237298048,False,20.257067441940308,52.16759943962097,72.42466688156128,SUCCESS,False,False,True,9.636292934417725,
MNIST,B6b_fondue_var_keepmixed_false,2024,0.25,5,5,64,0.01583411080496652,0.01741752188546317,0.024391039789939412,0.024128142272534014,False,31.12527108192444,33.468570709228516,64.59384179115295,SUCCESS,False,False,True,9.636292934417725,
MNIST,B6b_fondue_var_keepmixed_false,31337,0.25,3,3,64,0.016510026581433353,0.018161029239576687,0.03203037620077327,0.03206562981637968,False,24.567651987075806,32.876134634017944,57.44378662109375,SUCCESS,False,False,True,9.636292934417725,
MNIST,proposed,42,0.25,10,10,64,0.016265505732322227,0.01789205630555445,0.016250732421875004,0.01577168388107196,True,524.252560377121,0.0,524.252560377121,SUCCESS,False,False,True,0.0,
MNIST,proposed,123,0.25,10,10,64,0.015471483503069199,0.01701863185337612,0.016006973578005422,0.015595664718524131,True,514.5902910232544,0.0,514.5902910232544,SUCCESS,False,False,True,0.0,
MNIST,proposed,777,0.25,10,10,64,0.015135960481604751,0.016649556529765228,0.015620292819276148,0.015080790617028059,True,525.3982529640198,0.0,525.3982529640198,SUCCESS,False,False,True,0.0,
MNIST,proposed,2024,0.25,10,10,64,0.01583411080496652,0.01741752188546317,0.0161770408786073,0.015644388627032844,True,544.1325602531433,0.0,544.1325602531433,SUCCESS,False,False,True,0.0,
MNIST,proposed,31337,0.25,8,8,64,0.016510026581433353,0.018161029239576687,0.018138039102359695,0.01770495709270036,True,558.6711001396179,0.0,558.6711001396179,SUCCESS,False,False,True,0.0,
MNIST,proposed_minus_AU,42,0.25,10,10,64,0.016265505732322227,0.01789205630555445,0.016250732421875004,0.01577168388107196,True,524.252560377121,0.0,524.252560377121,SUCCESS,False,False,True,0.0,
MNIST,proposed_minus_AU,123,0.25,10,10,64,0.015471483503069199,0.01701863185337612,0.016006973578005422,0.015595664718524131,True,514.5902910232544,0.0,514.5902910232544,SUCCESS,False,False,True,0.0,
MNIST,proposed_minus_AU,777,0.25,10,10,64,0.015135960481604751,0.016649556529765228,0.015620292819276148,0.015080790617028059,True,525.3982529640198,0.0,525.3982529640198,SUCCESS,False,False,True,0.0,
MNIST,proposed_minus_AU,2024,0.25,10,10,64,0.01583411080496652,0.01741752188546317,0.0161770408786073,0.015644388627032844,True,544.1325602531433,0.0,544.1325602531433,SUCCESS,False,False,True,0.0,
MNIST,proposed_minus_AU,31337,0.25,8,8,64,0.016510026581433353,0.018161029239576687,0.018138039102359695,0.01770495709270036,True,558.6711001396179,0.0,558.6711001396179,SUCCESS,False,False,True,0.0,
MNIST,ascending_scan_Q,42,0.25,10,10,64,0.016265505732322227,0.01789205630555445,0.016250732421875004,0.01577168388107196,True,184.69762563705444,0.0,184.69762563705444,SUCCESS,False,False,True,0.0,
MNIST,ascending_scan_Q,123,0.25,10,10,64,0.015471483503069199,0.01701863185337612,0.016006973578005422,0.015595664718524131,True,190.67620468139648,0.0,190.67620468139648,SUCCESS,False,False,True,0.0,
MNIST,ascending_scan_Q,777,0.25,10,10,64,0.015135960481604751,0.016649556529765228,0.015620292819276148,0.015080790617028059,True,190.66316390037537,0.0,190.66316390037537,SUCCESS,False,False,True,0.0,
MNIST,ascending_scan_Q,2024,0.25,10,10,64,0.01583411080496652,0.01741752188546317,0.0161770408786073,0.015644388627032844,True,177.96200680732727,0.0,177.96200680732727,SUCCESS,False,False,True,0.0,
MNIST,ascending_scan_Q,31337,0.25,8,8,64,0.016510026581433353,0.018161029239576687,0.018138039102359695,0.01770495709270036,True,158.88611721992493,0.0,158.88611721992493,SUCCESS,False,False,True,0.0,
MNIST,B4_plus_Q,42,0.25,10,10,64,0.016265505732322227,0.01789205630555445,0.016250732421875004,0.01577168388107196,True,109.59787678718567,0.0,109.59787678718567,SUCCESS,False,False,True,0.0,
MNIST,B4_plus_Q,123,0.25,64,64,64,0.015471483503069199,0.01701863185337612,0.015471483503069199,0.014982908495429423,True,127.85738444328308,0.0,127.85738444328308,NO_COMPACT_ALTERNATIVE_FOUND,False,False,False,0.0,
MNIST,B4_plus_Q,777,0.25,64,64,64,0.015135960481604751,0.016649556529765228,0.015135960481604751,0.014649387904575891,True,138.50865626335144,0.0,138.50865626335144,NO_COMPACT_ALTERNATIVE_FOUND,False,False,False,0.0,
MNIST,B4_plus_Q,2024,0.25,64,64,64,0.01583411080496652,0.01741752188546317,0.01583411080496652,0.015259072024806017,True,118.4943528175354,0.0,118.4943528175354,NO_COMPACT_ALTERNATIVE_FOUND,False,False,False,0.0,
MNIST,B4_plus_Q,31337,0.25,10,10,64,0.016510026581433353,0.018161029239576687,0.015833914309131857,0.01530350769458174,True,136.58370923995972,0.0,136.58370923995972,SUCCESS,False,False,True,0.0,
MNIST,B6a_plus_Q,42,0.25,12,12,64,0.016265505732322227,0.01789205630555445,0.016102453426438935,0.015544661126169219,True,62.054896116256714,0.0,62.054896116256714,SUCCESS,False,False,True,9.636292934417725,
MNIST,B6a_plus_Q,123,0.25,10,10,64,0.015471483503069199,0.01701863185337612,0.016006973578005422,0.015595664718524131,True,73.7019100189209,0.0,73.7019100189209,SUCCESS,False,False,True,9.636292934417725,
MNIST,B6a_plus_Q,777,0.25,12,12,64,0.015135960481604751,0.016649556529765228,0.014944909543407206,0.014353219998937076,True,89.15272045135498,0.0,89.15272045135498,SUCCESS,False,False,True,9.636292934417725,
MNIST,B6a_plus_Q,2024,0.25,12,12,64,0.01583411080496652,0.01741752188546317,0.015197247252172353,0.014718116604551976,True,69.00880694389343,0.0,69.00880694389343,SUCCESS,False,False,True,9.636292934417725,
MNIST,B6a_plus_Q,31337,0.25,12,12,64,0.016510026581433353,0.018161029239576687,0.015656992698202327,0.015159708243649024,True,79.14752388000488,0.0,79.14752388000488,SUCCESS,False,False,True,9.636292934417725,
MNIST,B6b_plus_Q,42,0.25,64,64,64,0.016265505732322227,0.01789205630555445,0.016265505732322227,0.01573191054986448,True,30.355745553970337,0.0,30.355745553970337,NO_COMPACT_ALTERNATIVE_FOUND,False,False,False,9.636292934417725,
MNIST,B6b_plus_Q,123,0.25,64,64,64,0.015471483503069199,0.01701863185337612,0.015471483503069199,0.014982908495429423,True,42.62328100204468,0.0,42.62328100204468,NO_COMPACT_ALTERNATIVE_FOUND,False,False,False,9.636292934417725,
MNIST,B6b_plus_Q,777,0.25,48,48,64,0.015135960481604751,0.016649556529765228,0.01631175543337452,0.01568854860059258,True,77.78246927261353,0.0,77.78246927261353,SUCCESS,False,False,True,9.636292934417725,
MNIST,B6b_plus_Q,2024,0.25,64,64,64,0.01583411080496652,0.01741752188546317,0.01583411080496652,0.015259072024806017,True,34.791391372680664,0.0,34.791391372680664,NO_COMPACT_ALTERNATIVE_FOUND,False,False,False,9.636292934417725,
MNIST,B6b_plus_Q,31337,0.25,64,64,64,0.016510026581433353,0.018161029239576687,0.016510026581433353,0.01600118603349543,True,34.11695957183838,0.0,34.11695957183838,NO_COMPACT_ALTERNATIVE_FOUND,False,False,False,9.636292934417725,
dSprites,B1_full_mse,42,0.25,48,48,64,0.0010303346663713456,0.0011333681330084801,0.001019932135939598,0.0010077085196971893,True,3029.936535835266,0.0,3029.936535835266,SUCCESS,False,False,True,0.0,
dSprites,B1_full_mse,123,0.25,64,64,64,0.0010175471305847168,0.0011193018436431886,0.0010175471305847168,0.00099127330382665,True,3053.7157995700836,0.0,3053.7157995700836,SUCCESS,False,False,False,0.0,
dSprites,B1_full_mse,777,0.25,32,32,64,0.0010301490426063537,0.001133163946866989,0.000994985282421112,0.0009779614408810934,True,2794.7920668125153,0.0,2794.7920668125153,SUCCESS,False,False,True,0.0,
dSprites,B1_full_mse,2024,0.25,64,64,64,0.0010386009216308593,0.0011424610137939452,0.0010386009216308593,0.0010090320010979971,True,3109.7918553352356,0.0,3109.7918553352356,SUCCESS,False,False,False,0.0,
dSprites,B1_full_mse,31337,0.25,64,64,64,0.0009587670266628266,0.0010546437293291093,0.0009587670266628266,0.0009573031862576802,True,3052.8110201358795,0.0,3052.8110201358795,SUCCESS,False,False,False,0.0,
dSprites,B2_full_elbo,42,0.25,6,6,64,0.0010303346663713456,0.0011333681330084801,0.0022339356541633605,0.002159513215223948,False,3029.936535835266,0.0,3029.936535835266,SUCCESS,False,False,True,0.0,
dSprites,B2_full_elbo,123,0.25,10,10,64,0.0010175471305847168,0.0011193018436431886,0.0015018183290958405,0.0014688806235790253,False,3053.7157995700836,0.0,3053.7157995700836,SUCCESS,False,False,True,0.0,
dSprites,B2_full_elbo,777,0.25,8,8,64,0.0010301490426063537,0.001133163946866989,0.002100578099489212,0.002062675595283508,False,2794.7920668125153,0.0,2794.7920668125153,SUCCESS,False,False,True,0.0,
dSprites,B2_full_elbo,2024,0.25,10,10,64,0.0010386009216308593,0.0011424610137939452,0.0014927956461906434,0.0014825369318326315,False,3109.7918553352356,0.0,3109.7918553352356,SUCCESS,False,False,True,0.0,
dSprites,B2_full_elbo,31337,0.25,8,8,64,0.0009587670266628266,0.0010546437293291093,0.0017754258513450623,0.0017198502421379089,False,3052.8110201358795,0.0,3052.8110201358795,SUCCESS,False,False,True,0.0,
dSprites,B3_full_downstream,42,0.25,64,64,64,0.0010303346663713456,0.0011333681330084801,0.0010303346663713456,0.001013053963581721,True,3057.6662623882294,0.0,3057.6662623882294,SUCCESS,False,False,False,0.0,
dSprites,B3_full_downstream,123,0.25,64,64,64,0.0010175471305847168,0.0011193018436431886,0.0010175471305847168,0.00099127330382665,True,3084.138290166855,0.0,3084.138290166855,SUCCESS,False,False,False,0.0,
dSprites,B3_full_downstream,777,0.25,64,64,64,0.0010301490426063537,0.001133163946866989,0.0010301490426063537,0.0010203494528929393,True,2822.3636689186096,0.0,2822.3636689186096,SUCCESS,False,False,False,0.0,
dSprites,B3_full_downstream,2024,0.25,64,64,64,0.0010386009216308593,0.0011424610137939452,0.0010386009216308593,0.0010090320010979971,True,3140.7777659893036,0.0,3140.7777659893036,SUCCESS,False,False,False,0.0,
dSprites,B3_full_downstream,31337,0.25,64,64,64,0.0009587670266628266,0.0010546437293291093,0.0009587670266628266,0.0009573031862576802,True,3076.504835128784,0.0,3076.504835128784,SUCCESS,False,False,False,0.0,
dSprites,B4_coarse,42,0.25,64,64,64,0.0010303346663713456,0.0011333681330084801,0.0010303346663713456,0.001013053963581721,True,814.0071399211884,0.0,814.0071399211884,SUCCESS,False,False,False,0.0,
dSprites,B4_coarse,123,0.25,64,64,64,0.0010175471305847168,0.0011193018436431886,0.0010175471305847168,0.00099127330382665,True,840.2436923980713,0.0,840.2436923980713,SUCCESS,False,False,False,0.0,
dSprites,B4_coarse,777,0.25,64,64,64,0.0010301490426063537,0.001133163946866989,0.0010301490426063537,0.0010203494528929393,True,772.7288620471954,0.0,772.7288620471954,SUCCESS,False,False,False,0.0,
dSprites,B4_coarse,2024,0.25,64,64,64,0.0010386009216308593,0.0011424610137939452,0.0010386009216308593,0.0010090320010979971,True,735.8607778549194,0.0,735.8607778549194,SUCCESS,False,False,False,0.0,
dSprites,B4_coarse,31337,0.25,64,64,64,0.0009587670266628266,0.0010546437293291093,0.0009587670266628266,0.0009573031862576802,True,800.1722543239594,0.0,800.1722543239594,SUCCESS,False,False,False,0.0,
dSprites,B5_fixed32,42,0.25,32,32,64,0.0010303346663713456,0.0011333681330084801,0.0010484062135219575,0.0010419572194417318,True,172.16626262664795,274.4781684875488,446.6444311141968,SUCCESS,False,False,True,0.0,
dSprites,B5_fixed32,123,0.25,32,32,64,0.0010175471305847168,0.0011193018436431886,0.0010258986949920653,0.0010082513590653737,True,230.14260149002075,236.22031927108765,466.3629207611084,SUCCESS,False,False,True,0.0,
dSprites,B5_fixed32,777,0.25,32,32,64,0.0010301490426063537,0.001133163946866989,0.000994985282421112,0.0009779614408810934,True,188.80955052375793,222.87895941734314,411.6885099411011,SUCCESS,False,False,True,0.0,
dSprites,B5_fixed32,2024,0.25,32,32,64,0.0010386009216308593,0.0011424610137939452,0.0010732818841934205,0.0010530944069226582,True,169.04345512390137,174.7495255470276,343.79298067092896,SUCCESS,False,False,True,0.0,
dSprites,B5_fixed32,31337,0.25,32,32,64,0.0009587670266628266,0.0010546437293291093,0.001117208495736122,0.0011160927116870881,False,194.69902682304382,249.7917263507843,444.4907531738281,SUCCESS,False,False,True,0.0,
dSprites,B6a_fondue,42,0.25,4,4,64,0.0010303346663713456,0.0011333681330084801,0.0063306596279144286,0.006315966526667277,False,149.1550257205963,274.4781684875488,423.63319420814514,SUCCESS,False,False,True,0.0,
dSprites,B6a_fondue,123,0.25,4,4,64,0.0010175471305847168,0.0011193018436431886,0.006389675498008728,0.006353612025578817,False,155.73414635658264,236.22031927108765,391.9544656276703,SUCCESS,False,False,True,0.0,
dSprites,B6a_fondue,777,0.25,4,4,64,0.0010301490426063537,0.001133163946866989,0.006383801817893982,0.006398229797681173,False,116.02708959579468,222.87895941734314,338.9060490131378,SUCCESS,False,False,True,0.0,
dSprites,B6a_fondue,2024,0.25,6,6,64,0.0010386009216308593,0.0011424610137939452,0.002510028451681137,0.0024720588127772015,False,368.37345004081726,174.7495255470276,543.1229755878448,SUCCESS,False,False,True,0.0,
dSprites,B6a_fondue,31337,0.25,5,5,64,0.0009587670266628266,0.0010546437293291093,0.0025028230845928192,0.002478309760491053,False,209.94921684265137,249.7917263507843,459.74094319343567,SUCCESS,False,False,True,0.0,
dSprites,B6b_fondue_var,42,0.25,239,239,64,0.0010303346663713456,0.0011333681330084801,0.0009412338435649872,0.0009410473704338074,True,220.2159252166748,274.4781684875488,494.69409370422363,SUCCESS,False,False,False,0.0,
dSprites,B6b_fondue_var,123,0.25,50,50,64,0.0010175471305847168,0.0011193018436431886,0.0011201687455177306,0.0010977597932020824,False,219.89377570152283,236.22031927108765,456.1140949726105,SUCCESS,False,False,True,0.0,
dSprites,B6b_fondue_var,777,0.25,6,6,64,0.0010301490426063537,0.001133163946866989,0.0027343560159206392,0.0026697477102279664,False,222.84619784355164,222.87895941734314,445.7251572608948,SUCCESS,False,False,True,0.0,
dSprites,B6b_fondue_var,2024,0.25,237,237,64,0.0010386009216308593,0.0011424610137939452,0.0009078928530216218,0.0008900982141494751,True,349.7164649963379,174.7495255470276,524.4659905433655,SUCCESS,False,False,False,0.0,
dSprites,B6b_fondue_var,31337,0.25,21,21,64,0.0009587670266628266,0.0010546437293291093,0.0011372293829917909,0.0011179923117160798,False,124.5525393486023,249.7917263507843,374.3442656993866,SUCCESS,False,False,True,0.0,
dSprites,B6b_fondue_var_keepmixed_false,42,0.25,11,11,64,0.0010303346663713456,0.0011333681330084801,0.0014539251029491425,0.0014546465078989666,False,130.6429078578949,274.4781684875488,405.1210763454437,SUCCESS,False,False,True,0.0,
dSprites,B6b_fondue_var_keepmixed_false,123,0.25,12,12,64,0.0010175471305847168,0.0011193018436431886,0.0013267564922571182,0.0013057992160320283,False,274.4462945461273,236.22031927108765,510.66661381721497,SUCCESS,False,False,True,0.0,
dSprites,B6b_fondue_var_keepmixed_false,777,0.25,12,12,64,0.0010301490426063537,0.001133163946866989,0.00129211488366127,0.0012866174081961313,False,265.2287447452545,222.87895941734314,488.10770416259766,SUCCESS,False,False,True,0.0,
dSprites,B6b_fondue_var_keepmixed_false,2024,0.25,7,7,64,0.0010386009216308593,0.0011424610137939452,0.002367001980543137,0.0023343303402264914,False,167.90524673461914,174.7495255470276,342.65477228164673,SUCCESS,False,False,True,0.0,
dSprites,B6b_fondue_var_keepmixed_false,31337,0.25,14,14,64,0.0009587670266628266,0.0010546437293291093,0.0014496002197265626,0.0014308292965094249,False,135.28543972969055,249.7917263507843,385.07716608047485,SUCCESS,False,False,True,0.0,
dSprites,proposed,42,0.25,64,64,64,0.0010303346663713456,0.0011333681330084801,0.0010303346663713456,0.001013053963581721,True,1109.7896962165833,0.0,1109.7896962165833,ID_UNRELIABLE,True,False,False,0.0,
dSprites,proposed,123,0.25,64,64,64,0.0010175471305847168,0.0011193018436431886,0.0010175471305847168,0.00099127330382665,True,1136.0262486934662,0.0,1136.0262486934662,ID_UNRELIABLE,True,False,False,0.0,
dSprites,proposed,777,0.25,64,64,64,0.0010301490426063537,0.001133163946866989,0.0010301490426063537,0.0010203494528929393,True,1068.5114183425903,0.0,1068.5114183425903,ID_UNRELIABLE,True,False,False,0.0,
dSprites,proposed,2024,0.25,64,64,64,0.0010386009216308593,0.0011424610137939452,0.0010386009216308593,0.0010090320010979971,True,1031.6433341503143,0.0,1031.6433341503143,ID_UNRELIABLE,True,False,False,0.0,
dSprites,proposed,31337,0.25,64,64,64,0.0009587670266628266,0.0010546437293291093,0.0009587670266628266,0.0009573031862576802,True,1095.9548106193542,0.0,1095.9548106193542,ID_UNRELIABLE,True,False,False,0.0,
dSprites,proposed_minus_AU,42,0.25,64,64,64,0.0010303346663713456,0.0011333681330084801,0.0010303346663713456,0.001013053963581721,True,1109.7896962165833,0.0,1109.7896962165833,ID_UNRELIABLE,True,False,False,0.0,
dSprites,proposed_minus_AU,123,0.25,64,64,64,0.0010175471305847168,0.0011193018436431886,0.0010175471305847168,0.00099127330382665,True,1136.0262486934662,0.0,1136.0262486934662,ID_UNRELIABLE,True,False,False,0.0,
dSprites,proposed_minus_AU,777,0.25,64,64,64,0.0010301490426063537,0.001133163946866989,0.0010301490426063537,0.0010203494528929393,True,1068.5114183425903,0.0,1068.5114183425903,ID_UNRELIABLE,True,False,False,0.0,
dSprites,proposed_minus_AU,2024,0.25,64,64,64,0.0010386009216308593,0.0011424610137939452,0.0010386009216308593,0.0010090320010979971,True,1031.6433341503143,0.0,1031.6433341503143,ID_UNRELIABLE,True,False,False,0.0,
dSprites,proposed_minus_AU,31337,0.25,64,64,64,0.0009587670266628266,0.0010546437293291093,0.0009587670266628266,0.0009573031862576802,True,1095.9548106193542,0.0,1095.9548106193542,ID_UNRELIABLE,True,False,False,0.0,
dSprites,ascending_scan_Q,42,0.25,16,16,64,0.0010303346663713456,0.0011333681330084801,0.001125620886683464,0.0011154510875542958,True,2011.9620156288147,0.0,2011.9620156288147,SUCCESS,False,False,True,0.0,
dSprites,ascending_scan_Q,123,0.25,20,20,64,0.0010175471305847168,0.0011193018436431886,0.0010477355122566223,0.0010264321813980737,True,2302.2108170986176,0.0,2302.2108170986176,SUCCESS,False,False,True,0.0,
dSprites,ascending_scan_Q,777,0.25,32,32,64,0.0010301490426063537,0.001133163946866989,0.000994985282421112,0.0009779614408810934,True,2578.39236164093,0.0,2578.39236164093,SUCCESS,False,False,True,0.0,
dSprites,ascending_scan_Q,2024,0.25,16,16,64,0.0010386009216308593,0.0011424610137939452,0.0010706788897514342,0.0010620781183242798,True,2029.0167200565338,0.0,2029.0167200565338,SUCCESS,False,False,True,0.0,
dSprites,ascending_scan_Q,31337,0.25,24,24,64,0.0009587670266628266,0.0010546437293291093,0.0010425849854946137,0.0010329383114973704,True,2652.9240913391113,0.0,2652.9240913391113,SUCCESS,False,False,True,0.0,
dSprites,B4_plus_Q,42,0.25,64,64,64,0.0010303346663713456,0.0011333681330084801,0.0010303346663713456,0.001013053963581721,True,814.0071399211884,0.0,814.0071399211884,NO_COMPACT_ALTERNATIVE_FOUND,False,False,False,0.0,
dSprites,B4_plus_Q,123,0.25,64,64,64,0.0010175471305847168,0.0011193018436431886,0.0010175471305847168,0.00099127330382665,True,840.2436923980713,0.0,840.2436923980713,NO_COMPACT_ALTERNATIVE_FOUND,False,False,False,0.0,
dSprites,B4_plus_Q,777,0.25,64,64,64,0.0010301490426063537,0.001133163946866989,0.0010301490426063537,0.0010203494528929393,True,772.7288620471954,0.0,772.7288620471954,NO_COMPACT_ALTERNATIVE_FOUND,False,False,False,0.0,
dSprites,B4_plus_Q,2024,0.25,64,64,64,0.0010386009216308593,0.0011424610137939452,0.0010386009216308593,0.0010090320010979971,True,735.8607778549194,0.0,735.8607778549194,NO_COMPACT_ALTERNATIVE_FOUND,False,False,False,0.0,
dSprites,B4_plus_Q,31337,0.25,64,64,64,0.0009587670266628266,0.0010546437293291093,0.0009587670266628266,0.0009573031862576802,True,800.1722543239594,0.0,800.1722543239594,NO_COMPACT_ALTERNATIVE_FOUND,False,False,False,0.0,
dSprites,B6a_plus_Q,42,0.25,16,16,64,0.0010303346663713456,0.0011333681330084801,0.001125620886683464,0.0011154510875542958,True,1871.7890219688416,0.0,1871.7890219688416,SUCCESS,False,False,True,0.0,
dSprites,B6a_plus_Q,123,0.25,20,20,64,0.0010175471305847168,0.0011193018436431886,0.0010477355122566223,0.0010264321813980737,True,2180.8162755966187,0.0,2180.8162755966187,SUCCESS,False,False,True,0.0,
dSprites,B6a_plus_Q,777,0.25,64,64,64,0.0010301490426063537,0.001133163946866989,0.0010301490426063537,0.0010203494528929393,True,2258.8806517124176,0.0,2258.8806517124176,BUDGET_EXHAUSTED,False,True,False,0.0,
dSprites,B6a_plus_Q,2024,0.25,16,16,64,0.0010386009216308593,0.0011424610137939452,0.0010706788897514342,0.0010620781183242798,True,1779.5670001506805,0.0,1779.5670001506805,SUCCESS,False,False,True,0.0,
dSprites,B6a_plus_Q,31337,0.25,24,24,64,0.0009587670266628266,0.0010546437293291093,0.0010425849854946137,0.0010329383114973704,True,2423.3688876628876,0.0,2423.3688876628876,SUCCESS,False,False,True,0.0,
dSprites,B6b_plus_Q,42,0.25,64,64,64,0.0010303346663713456,0.0011333681330084801,0.0010303346663713456,0.001013053963581721,True,280.14833331108093,0.0,280.14833331108093,NO_COMPACT_ALTERNATIVE_FOUND,False,False,False,0.0,
dSprites,B6b_plus_Q,123,0.25,64,64,64,0.0010175471305847168,0.0011193018436431886,0.0010175471305847168,0.00099127330382665,True,239.5530388355255,0.0,239.5530388355255,NO_COMPACT_ALTERNATIVE_FOUND,False,False,False,0.0,
dSprites,B6b_plus_Q,777,0.25,32,32,64,0.0010301490426063537,0.001133163946866989,0.000994985282421112,0.0009779614408810934,True,2334.993483066559,0.0,2334.993483066559,SUCCESS,False,False,True,0.0,
dSprites,B6b_plus_Q,2024,0.25,64,64,64,0.0010386009216308593,0.0011424610137939452,0.0010386009216308593,0.0010090320010979971,True,180.4103946685791,0.0,180.4103946685791,NO_COMPACT_ALTERNATIVE_FOUND,False,False,False,0.0,
dSprites,B6b_plus_Q,31337,0.25,24,24,64,0.0009587670266628266,0.0010546437293291093,0.0010425849854946137,0.0010329383114973704,True,564.0625700950623,0.0,564.0625700950623,SUCCESS,False,False,True,0.0,
MNIST,B1_full_mse,42,0.5,12,12,64,0.018348590461575255,0.020183449507732782,0.016631755906708387,0.01612208422187234,True,490.16302251815796,0.0,490.16302251815796,SUCCESS,False,False,True,0.0,
MNIST,B1_full_mse,123,0.5,12,12,64,0.019645999519192443,0.02161059947111169,0.01736652950364716,0.01678788331738946,True,425.836138010025,0.0,425.836138010025,SUCCESS,False,False,True,0.0,
MNIST,B1_full_mse,777,0.5,24,24,64,0.0193304757877272,0.02126352336649992,0.017664571956712373,0.017167750767299112,True,430.6029107570648,0.0,430.6029107570648,SUCCESS,False,False,True,0.0,
MNIST,B1_full_mse,2024,0.5,10,10,64,0.019292865363919005,0.021222151900310907,0.01744237284757653,0.016883938121146896,True,466.5135853290558,0.0,466.5135853290558,SUCCESS,False,False,True,0.0,
MNIST,B1_full_mse,31337,0.5,12,12,64,0.01939155267209423,0.021330707939303653,0.017315387647979116,0.01686308153632547,True,486.17253041267395,0.0,486.17253041267395,SUCCESS,False,False,True,0.0,
MNIST,B2_full_elbo,42,0.5,12,12,64,0.018348590461575255,0.020183449507732782,0.016631755906708387,0.01612208422187234,True,490.16302251815796,0.0,490.16302251815796,SUCCESS,False,False,True,0.0,
MNIST,B2_full_elbo,123,0.5,12,12,64,0.019645999519192443,0.02161059947111169,0.01736652950364716,0.01678788331738946,True,425.836138010025,0.0,425.836138010025,SUCCESS,False,False,True,0.0,
MNIST,B2_full_elbo,777,0.5,12,12,64,0.0193304757877272,0.02126352336649992,0.017685823713030135,0.01723067033209768,True,430.6029107570648,0.0,430.6029107570648,SUCCESS,False,False,True,0.0,
MNIST,B2_full_elbo,2024,0.5,16,16,64,0.019292865363919005,0.021222151900310907,0.017464444530253507,0.01695006763691805,True,466.5135853290558,0.0,466.5135853290558,SUCCESS,False,False,True,0.0,
MNIST,B2_full_elbo,31337,0.5,10,10,64,0.01939155267209423,0.021330707939303653,0.017359108126893334,0.016912379465946537,True,486.17253041267395,0.0,486.17253041267395,SUCCESS,False,False,True,0.0,
MNIST,B3_full_downstream,42,0.5,64,64,64,0.018348590461575255,0.020183449507732782,0.018348590461575255,0.017697106809032203,True,540.6073937416077,0.0,540.6073937416077,SUCCESS,False,False,False,0.0,
MNIST,B3_full_downstream,123,0.5,64,64,64,0.019645999519192443,0.02161059947111169,0.019645999519192443,0.019116406291520515,True,479.3194577693939,0.0,479.3194577693939,SUCCESS,False,False,False,0.0,
MNIST,B3_full_downstream,777,0.5,64,64,64,0.0193304757877272,0.02126352336649992,0.0193304757877272,0.018701165439320256,True,482.1039848327637,0.0,482.1039848327637,SUCCESS,False,False,False,0.0,
MNIST,B3_full_downstream,2024,0.5,64,64,64,0.019292865363919005,0.021222151900310907,0.019292865363919005,0.018689034183009143,True,520.2124557495117,0.0,520.2124557495117,SUCCESS,False,False,False,0.0,
MNIST,B3_full_downstream,31337,0.5,64,64,64,0.01939155267209423,0.021330707939303653,0.01939155267209423,0.018854162929820364,True,540.0780313014984,0.0,540.0780313014984,SUCCESS,False,False,False,0.0,
MNIST,B4_coarse,42,0.5,64,64,64,0.018348590461575255,0.020183449507732782,0.018348590461575255,0.017697106809032203,True,145.65129470825195,0.0,145.65129470825195,SUCCESS,False,False,False,0.0,
MNIST,B4_coarse,123,0.5,10,10,64,0.019645999519192443,0.02161059947111169,0.017662947362783003,0.017205560178172832,True,132.96086812019348,0.0,132.96086812019348,SUCCESS,False,False,True,0.0,
MNIST,B4_coarse,777,0.5,64,64,64,0.0193304757877272,0.02126352336649992,0.0193304757877272,0.018701165439320256,True,117.48775744438171,0.0,117.48775744438171,SUCCESS,False,False,False,0.0,
MNIST,B4_coarse,2024,0.5,10,10,64,0.019292865363919005,0.021222151900310907,0.01744237284757653,0.016883938121146896,True,159.51044178009033,0.0,159.51044178009033,SUCCESS,False,False,True,0.0,
MNIST,B4_coarse,31337,0.5,10,10,64,0.01939155267209423,0.021330707939303653,0.017359108126893334,0.016912379465946537,True,162.49078464508057,0.0,162.49078464508057,SUCCESS,False,False,True,0.0,
MNIST,B5_fixed32,42,0.5,32,32,64,0.018348590461575255,0.020183449507732782,0.0177452115428691,0.017326877516143174,True,68.2384135723114,50.790653228759766,119.02906680107117,SUCCESS,False,False,True,0.0,
MNIST,B5_fixed32,123,0.5,32,32,64,0.019645999519192443,0.02161059947111169,0.018150198488819356,0.01753513611255049,True,31.290186643600464,37.346638917922974,68.63682556152344,SUCCESS,False,False,True,0.0,
MNIST,B5_fixed32,777,0.5,32,32,64,0.0193304757877272,0.02126352336649992,0.017951058523995537,0.017386572597789116,True,48.76847505569458,54.6531023979187,103.42157745361328,SUCCESS,False,False,True,0.0,
MNIST,B5_fixed32,2024,0.5,32,32,64,0.019292865363919005,0.021222151900310907,0.01787155493911432,0.017316793013592156,True,45.44083881378174,53.15495705604553,98.59579586982727,SUCCESS,False,False,True,0.0,
MNIST,B5_fixed32,31337,0.5,32,32,64,0.01939155267209423,0.021330707939303653,0.018324238679846935,0.017768151523304635,True,35.555760622024536,69.16624283790588,104.72200345993042,SUCCESS,False,False,True,0.0,
MNIST,B6a_fondue,42,0.5,9,9,64,0.018348590461575255,0.020183449507732782,0.02002450250119579,0.019623837010390093,True,39.687174558639526,50.790653228759766,90.47782778739929,SUCCESS,False,False,True,9.550281286239624,
MNIST,B6a_fondue,123,0.5,9,9,64,0.019645999519192443,0.02161059947111169,0.01852083634357063,0.018074625443439095,True,36.65837574005127,37.346638917922974,74.00501465797424,SUCCESS,False,False,True,9.550281286239624,
MNIST,B6a_fondue,777,0.5,9,9,64,0.0193304757877272,0.02126352336649992,0.01868350873674665,0.01824531897720025,True,41.66945672035217,54.6531023979187,96.32255911827087,SUCCESS,False,False,True,9.550281286239624,
MNIST,B6a_fondue,2024,0.5,9,9,64,0.019292865363919005,0.021222151900310907,0.018477280597297516,0.018104873761027845,True,55.52059531211853,53.15495705604553,108.67555236816406,SUCCESS,False,False,True,9.550281286239624,
MNIST,B6a_fondue,31337,0.5,9,9,64,0.01939155267209423,0.021330707939303653,0.018629942913444678,0.018079828379105548,True,36.23952269554138,69.16624283790588,105.40576553344727,SUCCESS,False,False,True,9.550281286239624,
MNIST,B6b_fondue_var,42,0.5,26,26,64,0.018348590461575255,0.020183449507732782,0.01780347458197146,0.0172731761283615,True,39.22819232940674,50.790653228759766,90.0188455581665,SUCCESS,False,False,True,9.550281286239624,
MNIST,B6b_fondue_var,123,0.5,40,40,64,0.019645999519192443,0.02161059947111169,0.01910671934789541,0.018582001355229593,True,60.442007541656494,37.346638917922974,97.78864645957947,SUCCESS,False,False,True,9.550281286239624,
MNIST,B6b_fondue_var,777,0.5,27,27,64,0.0193304757877272,0.02126352336649992,0.01851636147012516,0.017942612005739798,True,34.66220808029175,54.6531023979187,89.31531047821045,SUCCESS,False,False,True,9.550281286239624,
MNIST,B6b_fondue_var,2024,0.5,25,25,64,0.019292865363919005,0.021222151900310907,0.018444079340720662,0.017834319030346515,True,27.221949100494385,53.15495705604553,80.37690615653992,SUCCESS,False,False,True,9.550281286239624,
MNIST,B6b_fondue_var,31337,0.5,22,22,64,0.01939155267209423,0.021330707939303653,0.017598750211754628,0.017173335899301125,True,49.36270546913147,69.16624283790588,118.52894830703735,SUCCESS,False,False,True,9.550281286239624,
MNIST,B6b_fondue_var_keepmixed_false,42,0.5,2,2,64,0.018348590461575255,0.020183449507732782,0.03802806122448979,0.03751452013911033,False,26.011984825134277,50.790653228759766,76.80263805389404,SUCCESS,False,False,True,9.550281286239624,
MNIST,B6b_fondue_var_keepmixed_false,123,0.5,2,2,64,0.019645999519192443,0.02161059947111169,0.03753260149274554,0.03744527554674213,False,31.176522493362427,37.346638917922974,68.5231614112854,SUCCESS,False,False,True,9.550281286239624,
MNIST,B6b_fondue_var_keepmixed_false,777,0.5,2,2,64,0.0193304757877272,0.02126352336649992,0.03797286053093112,0.03751933153632546,False,22.391644716262817,54.6531023979187,77.04474711418152,SUCCESS,False,False,True,9.550281286239624,
MNIST,B6b_fondue_var_keepmixed_false,2024,0.5,2,2,64,0.019292865363919005,0.021222151900310907,0.037058103600326846,0.03712910720928996,False,36.7236590385437,53.15495705604553,89.87861609458923,SUCCESS,False,False,True,9.550281286239624,
MNIST,B6b_fondue_var_keepmixed_false,31337,0.5,2,2,64,0.01939155267209423,0.021330707939303653,0.03729316244319993,0.036830238809390944,False,34.16872811317444,69.16624283790588,103.33497095108032,SUCCESS,False,False,True,9.550281286239624,
MNIST,proposed,42,0.5,8,8,64,0.018348590461575255,0.020183449507732782,0.01843824861487564,0.018001691960964076,True,595.9593834877014,0.0,595.9593834877014,SUCCESS,False,False,True,0.0,
MNIST,proposed,123,0.5,8,8,64,0.019645999519192443,0.02161059947111169,0.01885369468221859,0.018454716273716518,True,557.1505422592163,0.0,557.1505422592163,SUCCESS,False,False,True,0.0,
MNIST,proposed,777,0.5,8,8,64,0.0193304757877272,0.02126352336649992,0.018424380866848694,0.01797459774925595,True,539.9515655040741,0.0,539.9515655040741,SUCCESS,False,False,True,0.0,
MNIST,proposed,2024,0.5,8,8,64,0.019292865363919005,0.021222151900310907,0.019092746968172033,0.018522724800369365,True,589.737375497818,0.0,589.737375497818,SUCCESS,False,False,True,0.0,
MNIST,proposed,31337,0.5,8,8,64,0.01939155267209423,0.021330707939303653,0.02010508136360013,0.019637247721354167,True,600.546510219574,0.0,600.546510219574,SUCCESS,False,False,True,0.0,
MNIST,proposed_minus_AU,42,0.5,8,8,64,0.018348590461575255,0.020183449507732782,0.01843824861487564,0.018001691960964076,True,595.9593834877014,0.0,595.9593834877014,SUCCESS,False,False,True,0.0,
MNIST,proposed_minus_AU,123,0.5,8,8,64,0.019645999519192443,0.02161059947111169,0.01885369468221859,0.018454716273716518,True,557.1505422592163,0.0,557.1505422592163,SUCCESS,False,False,True,0.0,
MNIST,proposed_minus_AU,777,0.5,8,8,64,0.0193304757877272,0.02126352336649992,0.018424380866848694,0.01797459774925595,True,539.9515655040741,0.0,539.9515655040741,SUCCESS,False,False,True,0.0,
MNIST,proposed_minus_AU,2024,0.5,8,8,64,0.019292865363919005,0.021222151900310907,0.019092746968172033,0.018522724800369365,True,589.737375497818,0.0,589.737375497818,SUCCESS,False,False,True,0.0,
MNIST,proposed_minus_AU,31337,0.5,8,8,64,0.01939155267209423,0.021330707939303653,0.02010508136360013,0.019637247721354167,True,600.546510219574,0.0,600.546510219574,SUCCESS,False,False,True,0.0,
MNIST,ascending_scan_Q,42,0.5,8,8,64,0.018348590461575255,0.020183449507732782,0.01843824861487564,0.018001691960964076,True,170.86878538131714,0.0,170.86878538131714,SUCCESS,False,False,True,0.0,
MNIST,ascending_scan_Q,123,0.5,8,8,64,0.019645999519192443,0.02161059947111169,0.01885369468221859,0.018454716273716518,True,167.5571346282959,0.0,167.5571346282959,SUCCESS,False,False,True,0.0,
MNIST,ascending_scan_Q,777,0.5,8,8,64,0.0193304757877272,0.02126352336649992,0.018424380866848694,0.01797459774925595,True,174.8340265750885,0.0,174.8340265750885,SUCCESS,False,False,True,0.0,
MNIST,ascending_scan_Q,2024,0.5,8,8,64,0.019292865363919005,0.021222151900310907,0.019092746968172033,0.018522724800369365,True,183.36746191978455,0.0,183.36746191978455,SUCCESS,False,False,True,0.0,
MNIST,ascending_scan_Q,31337,0.5,8,8,64,0.01939155267209423,0.021330707939303653,0.02010508136360013,0.019637247721354167,True,188.14741206169128,0.0,188.14741206169128,SUCCESS,False,False,True,0.0,
MNIST,B4_plus_Q,42,0.5,64,64,64,0.018348590461575255,0.020183449507732782,0.018348590461575255,0.017697106809032203,True,145.65129470825195,0.0,145.65129470825195,NO_COMPACT_ALTERNATIVE_FOUND,False,False,False,0.0,
MNIST,B4_plus_Q,123,0.5,10,10,64,0.019645999519192443,0.02161059947111169,0.017662947362783003,0.017205560178172832,True,132.96086812019348,0.0,132.96086812019348,SUCCESS,False,False,True,0.0,
MNIST,B4_plus_Q,777,0.5,64,64,64,0.0193304757877272,0.02126352336649992,0.0193304757877272,0.018701165439320256,True,117.48775744438171,0.0,117.48775744438171,NO_COMPACT_ALTERNATIVE_FOUND,False,False,False,0.0,
MNIST,B4_plus_Q,2024,0.5,10,10,64,0.019292865363919005,0.021222151900310907,0.01744237284757653,0.016883938121146896,True,159.51044178009033,0.0,159.51044178009033,SUCCESS,False,False,True,0.0,
MNIST,B4_plus_Q,31337,0.5,10,10,64,0.01939155267209423,0.021330707939303653,0.017359108126893334,0.016912379465946537,True,162.49078464508057,0.0,162.49078464508057,SUCCESS,False,False,True,0.0,
MNIST,B6a_plus_Q,42,0.5,10,10,64,0.018348590461575255,0.020183449507732782,0.0184012930733817,0.017895702958917944,True,99.58673691749573,0.0,99.58673691749573,SUCCESS,False,False,True,9.550281286239624,
MNIST,B6a_plus_Q,123,0.5,10,10,64,0.019645999519192443,0.02161059947111169,0.017662947362783003,0.017205560178172832,True,70.56497740745544,0.0,70.56497740745544,SUCCESS,False,False,True,9.550281286239624,
MNIST,B6a_plus_Q,777,0.5,10,10,64,0.0193304757877272,0.02126352336649992,0.01979255707409917,0.019469032962306017,True,78.21419930458069,0.0,78.21419930458069,SUCCESS,False,False,True,9.550281286239624,
MNIST,B6a_plus_Q,2024,0.5,10,10,64,0.019292865363919005,0.021222151900310907,0.01744237284757653,0.016883938121146896,True,95.625648021698,0.0,95.625648021698,SUCCESS,False,False,True,9.550281286239624,
MNIST,B6a_plus_Q,31337,0.5,10,10,64,0.01939155267209423,0.021330707939303653,0.017359108126893334,0.016912379465946537,True,109.03423857688904,0.0,109.03423857688904,SUCCESS,False,False,True,9.550281286239624,
MNIST,B6b_plus_Q,42,0.5,32,32,64,0.018348590461575255,0.020183449507732782,0.0177452115428691,0.017326877516143174,True,119.7022488117218,0.0,119.7022488117218,SUCCESS,False,False,True,9.550281286239624,
MNIST,B6b_plus_Q,123,0.5,48,48,64,0.019645999519192443,0.02161059947111169,0.019065403218172038,0.018629827175010633,True,83.45468187332153,0.0,83.45468187332153,SUCCESS,False,False,True,9.550281286239624,
MNIST,B6b_plus_Q,777,0.5,32,32,64,0.0193304757877272,0.02126352336649992,0.017951058523995537,0.017386572597789116,True,104.1014232635498,0.0,104.1014232635498,SUCCESS,False,False,True,9.550281286239624,
MNIST,B6b_plus_Q,2024,0.5,32,32,64,0.019292865363919005,0.021222151900310907,0.01787155493911432,0.017316793013592156,True,99.263347864151,0.0,99.263347864151,SUCCESS,False,False,True,9.550281286239624,
MNIST,B6b_plus_Q,31337,0.5,24,24,64,0.01939155267209423,0.021330707939303653,0.019194732666015624,0.018678688516422196,True,103.18680500984192,0.0,103.18680500984192,SUCCESS,False,False,True,9.550281286239624,
dSprites,B1_full_mse,42,0.5,64,64,64,0.001022677108645439,0.001124944819509983,0.001022677108645439,0.0010170978804429373,True,2131.067286968231,0.0,2131.067286968231,SUCCESS,False,False,False,0.0,
dSprites,B1_full_mse,123,0.5,64,64,64,0.001015227347612381,0.0011167500823736191,0.001015227347612381,0.0010155147711435953,True,2246.439473390579,0.0,2246.439473390579,SUCCESS,False,False,False,0.0,
dSprites,B1_full_mse,777,0.5,64,64,64,0.0010520361810922622,0.0011572397992014884,0.0010520361810922622,0.0010357703665892283,True,2125.0334346294403,0.0,2125.0334346294403,SUCCESS,False,False,False,0.0,
dSprites,B1_full_mse,2024,0.5,64,64,64,0.0010899996310472489,0.0011989995941519738,0.0010899996310472489,0.001078894406557083,True,2098.949835062027,0.0,2098.949835062027,SUCCESS,False,False,False,0.0,
dSprites,B1_full_mse,31337,0.5,64,64,64,0.0010183551758527756,0.0011201906934380531,0.0010183551758527756,0.0010220163265864054,True,2197.506527662277,0.0,2197.506527662277,SUCCESS,False,False,False,0.0,
dSprites,B2_full_elbo,42,0.5,64,64,64,0.001022677108645439,0.001124944819509983,0.001022677108645439,0.0010170978804429373,True,2131.067286968231,0.0,2131.067286968231,SUCCESS,False,False,False,0.0,
dSprites,B2_full_elbo,123,0.5,32,32,64,0.001015227347612381,0.0011167500823736191,0.0010780636519193648,0.0010705913801987966,True,2246.439473390579,0.0,2246.439473390579,SUCCESS,False,False,True,0.0,
dSprites,B2_full_elbo,777,0.5,64,64,64,0.0010520361810922622,0.0011572397992014884,0.0010520361810922622,0.0010357703665892283,True,2125.0334346294403,0.0,2125.0334346294403,SUCCESS,False,False,False,0.0,
dSprites,B2_full_elbo,2024,0.5,24,24,64,0.0010899996310472489,0.0011989995941519738,0.0011373917758464814,0.0011261570652325947,True,2098.949835062027,0.0,2098.949835062027,SUCCESS,False,False,True,0.0,
dSprites,B2_full_elbo,31337,0.5,64,64,64,0.0010183551758527756,0.0011201906934380531,0.0010183551758527756,0.0010220163265864054,True,2197.506527662277,0.0,2197.506527662277,SUCCESS,False,False,False,0.0,
dSprites,B3_full_downstream,42,0.5,64,64,64,0.001022677108645439,0.001124944819509983,0.001022677108645439,0.0010170978804429373,True,2158.910364627838,0.0,2158.910364627838,SUCCESS,False,False,False,0.0,
dSprites,B3_full_downstream,123,0.5,64,64,64,0.001015227347612381,0.0011167500823736191,0.001015227347612381,0.0010155147711435953,True,2270.8583102226257,0.0,2270.8583102226257,SUCCESS,False,False,False,0.0,
dSprites,B3_full_downstream,777,0.5,48,48,64,0.0010520361810922622,0.0011572397992014884,0.0010793681740760804,0.0010648754735787709,True,2147.100907087326,0.0,2147.100907087326,SUCCESS,False,False,True,0.0,
dSprites,B3_full_downstream,2024,0.5,64,64,64,0.0010899996310472489,0.0011989995941519738,0.0010899996310472489,0.001078894406557083,True,2125.242300271988,0.0,2125.242300271988,SUCCESS,False,False,False,0.0,
dSprites,B3_full_downstream,31337,0.5,64,64,64,0.0010183551758527756,0.0011201906934380531,0.0010183551758527756,0.0010220163265864054,True,2216.1735289096832,0.0,2216.1735289096832,SUCCESS,False,False,False,0.0,
dSprites,B4_coarse,42,0.5,64,64,64,0.001022677108645439,0.001124944819509983,0.001022677108645439,0.0010170978804429373,True,628.896297454834,0.0,628.896297454834,SUCCESS,False,False,False,0.0,
dSprites,B4_coarse,123,0.5,64,64,64,0.001015227347612381,0.0011167500823736191,0.001015227347612381,0.0010155147711435953,True,642.4050633907318,0.0,642.4050633907318,SUCCESS,False,False,False,0.0,
dSprites,B4_coarse,777,0.5,64,64,64,0.0010520361810922622,0.0011572397992014884,0.0010520361810922622,0.0010357703665892283,True,671.8599874973297,0.0,671.8599874973297,SUCCESS,False,False,False,0.0,
dSprites,B4_coarse,2024,0.5,64,64,64,0.0010899996310472489,0.0011989995941519738,0.0010899996310472489,0.001078894406557083,True,591.446887254715,0.0,591.446887254715,SUCCESS,False,False,False,0.0,
dSprites,B4_coarse,31337,0.5,64,64,64,0.0010183551758527756,0.0011201906934380531,0.0010183551758527756,0.0010220163265864054,True,579.8913290500641,0.0,579.8913290500641,SUCCESS,False,False,False,0.0,
dSprites,B5_fixed32,42,0.5,32,32,64,0.001022677108645439,0.001124944819509983,0.0011127369552850724,0.0011000025073687235,True,233.42977023124695,238.78831338882446,472.2180836200714,SUCCESS,False,False,True,0.0,
dSprites,B5_fixed32,123,0.5,32,32,64,0.001015227347612381,0.0011167500823736191,0.0010780636519193648,0.0010705913801987966,True,198.107408285141,262.2150764465332,460.3224847316742,SUCCESS,False,False,True,0.0,
dSprites,B5_fixed32,777,0.5,32,32,64,0.0010520361810922622,0.0011572397992014884,0.0011007519066333772,0.0010951207280158997,True,187.0798842906952,230.91503381729126,417.99491810798645,SUCCESS,False,False,True,0.0,
dSprites,B5_fixed32,2024,0.5,32,32,64,0.0010899996310472489,0.0011989995941519738,0.0011380477398633957,0.0011337727904319763,True,184.88768005371094,246.53905868530273,431.4267387390137,SUCCESS,False,False,True,0.0,
dSprites,B5_fixed32,31337,0.5,32,32,64,0.0010183551758527756,0.0011201906934380531,0.001184249296784401,0.0011910180151462554,False,255.5464425086975,215.1226303577423,470.6690728664398,SUCCESS,False,False,True,0.0,
dSprites,B6a_fondue,42,0.5,4,4,64,0.001022677108645439,0.001124944819509983,0.0063322031497955325,0.006373336553573608,False,124.93680429458618,238.78831338882446,363.72511768341064,SUCCESS,False,False,True,0.0,
dSprites,B6a_fondue,123,0.5,4,4,64,0.001015227347612381,0.0011167500823736191,0.006342984676361084,0.0063245035807291666,False,121.6188530921936,262.2150764465332,383.8339295387268,SUCCESS,False,False,True,0.0,
dSprites,B6a_fondue,777,0.5,5,5,64,0.0010520361810922622,0.0011572397992014884,0.0027054401636123658,0.0026596336464087167,False,172.05143761634827,230.91503381729126,402.9664714336395,SUCCESS,False,False,True,0.0,
dSprites,B6a_fondue,2024,0.5,4,4,64,0.0010899996310472489,0.0011989995941519738,0.006398996591567993,0.00637240727742513,False,115.07287979125977,246.53905868530273,361.6119384765625,SUCCESS,False,False,True,0.0,
dSprites,B6a_fondue,31337,0.5,5,5,64,0.0010183551758527756,0.0011201906934380531,0.0033993583917617796,0.003370503048102061,False,174.41751503944397,215.1226303577423,389.5401453971863,SUCCESS,False,False,True,0.0,
dSprites,B6b_fondue_var,42,0.5,119,119,64,0.001022677108645439,0.001124944819509983,0.000974461242556572,0.0009653592308362325,True,257.7507526874542,238.78831338882446,496.5390660762787,SUCCESS,False,False,False,0.0,
dSprites,B6b_fondue_var,123,0.5,232,232,64,0.001015227347612381,0.0011167500823736191,0.0009725533574819565,0.000989003489414851,True,314.98144006729126,262.2150764465332,577.1965165138245,SUCCESS,False,False,False,0.0,
dSprites,B6b_fondue_var,777,0.5,119,119,64,0.0010520361810922622,0.0011572397992014884,0.0010161390155553817,0.0010116788347562153,True,255.53448915481567,230.91503381729126,486.44952297210693,SUCCESS,False,False,False,0.0,
dSprites,B6b_fondue_var,2024,0.5,118,118,64,0.0010899996310472489,0.0011989995941519738,0.0010278147011995315,0.001002388248840968,True,274.71380281448364,246.53905868530273,521.2528614997864,SUCCESS,False,False,False,0.0,
dSprites,B6b_fondue_var,31337,0.5,58,58,64,0.0010183551758527756,0.0011201906934380531,0.0010797129422426223,0.0010708680053551991,True,228.10707664489746,215.1226303577423,443.22970700263977,SUCCESS,False,False,True,0.0,
dSprites,B6b_fondue_var_keepmixed_false,42,0.5,10,10,64,0.001022677108645439,0.001124944819509983,0.0015646230280399322,0.0015304032564163207,False,180.0554597377777,238.78831338882446,418.8437731266022,SUCCESS,False,False,True,0.0,
dSprites,B6b_fondue_var_keepmixed_false,123,0.5,8,8,64,0.001015227347612381,0.0011167500823736191,0.001988172769546509,0.001950257589419683,False,175.3954758644104,262.2150764465332,437.6105523109436,SUCCESS,False,False,True,0.0,
dSprites,B6b_fondue_var_keepmixed_false,777,0.5,7,7,64,0.0010520361810922622,0.0011572397992014884,0.002494897663593292,0.002426597148180008,False,132.76684832572937,230.91503381729126,363.68188214302063,SUCCESS,False,False,True,0.0,
dSprites,B6b_fondue_var_keepmixed_false,2024,0.5,12,12,64,0.0010899996310472489,0.0011989995941519738,0.001273666575551033,0.0012540350357691447,False,160.5318787097931,246.53905868530273,407.0709373950958,SUCCESS,False,False,True,0.0,
dSprites,B6b_fondue_var_keepmixed_false,31337,0.5,0,,64,0.0010183551758527756,0.0011201906934380531,,,False,1.107780933380127,215.1226303577423,216.23041129112244,DEGENERATE_SELECTION,False,False,False,0.0,
dSprites,proposed,42,0.5,64,64,64,0.001022677108645439,0.001124944819509983,0.001022677108645439,0.0010170978804429373,True,924.6788537502289,0.0,924.6788537502289,ID_UNRELIABLE,True,False,False,0.0,
dSprites,proposed,123,0.5,64,64,64,0.001015227347612381,0.0011167500823736191,0.001015227347612381,0.0010155147711435953,True,938.1876196861267,0.0,938.1876196861267,ID_UNRELIABLE,True,False,False,0.0,
dSprites,proposed,777,0.5,64,64,64,0.0010520361810922622,0.0011572397992014884,0.0010520361810922622,0.0010357703665892283,True,967.6425437927246,0.0,967.6425437927246,ID_UNRELIABLE,True,False,False,0.0,
dSprites,proposed,2024,0.5,64,64,64,0.0010899996310472489,0.0011989995941519738,0.0010899996310472489,0.001078894406557083,True,887.2294435501099,0.0,887.2294435501099,ID_UNRELIABLE,True,False,False,0.0,
dSprites,proposed,31337,0.5,64,64,64,0.0010183551758527756,0.0011201906934380531,0.0010183551758527756,0.0010220163265864054,True,875.673885345459,0.0,875.673885345459,ID_UNRELIABLE,True,False,False,0.0,
dSprites,proposed_minus_AU,42,0.5,64,64,64,0.001022677108645439,0.001124944819509983,0.001022677108645439,0.0010170978804429373,True,924.6788537502289,0.0,924.6788537502289,ID_UNRELIABLE,True,False,False,0.0,
dSprites,proposed_minus_AU,123,0.5,64,64,64,0.001015227347612381,0.0011167500823736191,0.001015227347612381,0.0010155147711435953,True,938.1876196861267,0.0,938.1876196861267,ID_UNRELIABLE,True,False,False,0.0,
dSprites,proposed_minus_AU,777,0.5,64,64,64,0.0010520361810922622,0.0011572397992014884,0.0010520361810922622,0.0010357703665892283,True,967.6425437927246,0.0,967.6425437927246,ID_UNRELIABLE,True,False,False,0.0,
dSprites,proposed_minus_AU,2024,0.5,64,64,64,0.0010899996310472489,0.0011989995941519738,0.0010899996310472489,0.001078894406557083,True,887.2294435501099,0.0,887.2294435501099,ID_UNRELIABLE,True,False,False,0.0,
dSprites,proposed_minus_AU,31337,0.5,64,64,64,0.0010183551758527756,0.0011201906934380531,0.0010183551758527756,0.0010220163265864054,True,875.673885345459,0.0,875.673885345459,ID_UNRELIABLE,True,False,False,0.0,
dSprites,ascending_scan_Q,42,0.5,32,32,64,0.001022677108645439,0.001124944819509983,0.0011127369552850724,0.0011000025073687235,True,1947.921816110611,0.0,1947.921816110611,SUCCESS,False,False,True,0.0,
dSprites,ascending_scan_Q,123,0.5,32,32,64,0.001015227347612381,0.0011167500823736191,0.0010780636519193648,0.0010705913801987966,True,1932.8825047016144,0.0,1932.8825047016144,SUCCESS,False,False,True,0.0,
dSprites,ascending_scan_Q,777,0.5,20,20,64,0.0010520361810922622,0.0011572397992014884,0.0011555265188217163,0.0011477844019730885,True,1528.1042575836182,0.0,1528.1042575836182,SUCCESS,False,False,True,0.0,
dSprites,ascending_scan_Q,2024,0.5,16,16,64,0.0010899996310472489,0.0011989995941519738,0.0011225876212120056,0.0011060138046741486,True,1276.8319132328033,0.0,1276.8319132328033,SUCCESS,False,False,True,0.0,
dSprites,ascending_scan_Q,31337,0.5,24,24,64,0.0010183551758527756,0.0011201906934380531,0.001075435906648636,0.0010610077182451885,True,1714.28915143013,0.0,1714.28915143013,SUCCESS,False,False,True,0.0,
dSprites,B4_plus_Q,42,0.5,64,64,64,0.001022677108645439,0.001124944819509983,0.001022677108645439,0.0010170978804429373,True,628.896297454834,0.0,628.896297454834,NO_COMPACT_ALTERNATIVE_FOUND,False,False,False,0.0,
dSprites,B4_plus_Q,123,0.5,64,64,64,0.001015227347612381,0.0011167500823736191,0.001015227347612381,0.0010155147711435953,True,642.4050633907318,0.0,642.4050633907318,NO_COMPACT_ALTERNATIVE_FOUND,False,False,False,0.0,
dSprites,B4_plus_Q,777,0.5,64,64,64,0.0010520361810922622,0.0011572397992014884,0.0010520361810922622,0.0010357703665892283,True,671.8599874973297,0.0,671.8599874973297,NO_COMPACT_ALTERNATIVE_FOUND,False,False,False,0.0,
dSprites,B4_plus_Q,2024,0.5,64,64,64,0.0010899996310472489,0.0011989995941519738,0.0010899996310472489,0.001078894406557083,True,591.446887254715,0.0,591.446887254715,NO_COMPACT_ALTERNATIVE_FOUND,False,False,False,0.0,
dSprites,B4_plus_Q,31337,0.5,64,64,64,0.0010183551758527756,0.0011201906934380531,0.0010183551758527756,0.0010220163265864054,True,579.8913290500641,0.0,579.8913290500641,NO_COMPACT_ALTERNATIVE_FOUND,False,False,False,0.0,
dSprites,B6a_plus_Q,42,0.5,64,64,64,0.001022677108645439,0.001124944819509983,0.001022677108645439,0.0010170978804429373,True,1628.2791202068329,0.0,1628.2791202068329,BUDGET_EXHAUSTED,False,True,False,0.0,
dSprites,B6a_plus_Q,123,0.5,64,64,64,0.001015227347612381,0.0011167500823736191,0.001015227347612381,0.0010155147711435953,True,1654.229516029358,0.0,1654.229516029358,BUDGET_EXHAUSTED,False,True,False,0.0,
dSprites,B6a_plus_Q,777,0.5,20,20,64,0.0010520361810922622,0.0011572397992014884,0.0011555265188217163,0.0011477844019730885,True,1323.302577972412,0.0,1323.302577972412,SUCCESS,False,False,True,0.0,
dSprites,B6a_plus_Q,2024,0.5,16,16,64,0.0010899996310472489,0.0011989995941519738,0.0011225876212120056,0.0011060138046741486,True,1207.3870260715485,0.0,1207.3870260715485,SUCCESS,False,False,True,0.0,
dSprites,B6a_plus_Q,31337,0.5,24,24,64,0.0010183551758527756,0.0011201906934380531,0.001075435906648636,0.0010610077182451885,True,1534.045816898346,0.0,1534.045816898346,SUCCESS,False,False,True,0.0,
dSprites,B6b_plus_Q,42,0.5,64,64,64,0.001022677108645439,0.001124944819509983,0.001022677108645439,0.0010170978804429373,True,243.24791288375854,0.0,243.24791288375854,NO_COMPACT_ALTERNATIVE_FOUND,False,False,False,0.0,
dSprites,B6b_plus_Q,123,0.5,64,64,64,0.001015227347612381,0.0011167500823736191,0.001015227347612381,0.0010155147711435953,True,267.8848898410797,0.0,267.8848898410797,NO_COMPACT_ALTERNATIVE_FOUND,False,False,False,0.0,
dSprites,B6b_plus_Q,777,0.5,64,64,64,0.0010520361810922622,0.0011572397992014884,0.0010520361810922622,0.0010357703665892283,True,235.3870244026184,0.0,235.3870244026184,NO_COMPACT_ALTERNATIVE_FOUND,False,False,False,0.0,
dSprites,B6b_plus_Q,2024,0.5,64,64,64,0.0010899996310472489,0.0011989995941519738,0.0010899996310472489,0.001078894406557083,True,251.01353788375854,0.0,251.01353788375854,NO_COMPACT_ALTERNATIVE_FOUND,False,False,False,0.0,
dSprites,B6b_plus_Q,31337,0.5,64,64,64,0.0010183551758527756,0.0011201906934380531,0.0010183551758527756,0.0010220163265864054,True,218.45049834251404,0.0,218.45049834251404,NO_COMPACT_ALTERNATIVE_FOUND,False,False,False,0.0,
MNIST,B1_full_mse,42,2.0,6,6,64,0.02935889356963489,0.032294782926598375,0.02579106669523278,0.025402775978555486,True,855.914279460907,0.0,855.914279460907,SUCCESS,False,False,True,0.0,
MNIST,B1_full_mse,123,2.0,8,8,64,0.030321354457310264,0.033353489903041295,0.024991627595862567,0.02458403087797619,True,839.8801906108856,0.0,839.8801906108856,SUCCESS,False,False,True,0.0,
MNIST,B1_full_mse,777,2.0,10,10,64,0.030847781434351084,0.033932559577786195,0.025199114118303573,0.024888521985942817,True,861.2665030956268,0.0,861.2665030956268,SUCCESS,False,False,True,0.0,
MNIST,B1_full_mse,2024,2.0,6,6,64,0.029984874491788903,0.03298336194096779,0.02632011942960778,0.025844060988653272,True,781.0528078079224,0.0,781.0528078079224,SUCCESS,False,False,True,0.0,
MNIST,B1_full_mse,31337,2.0,8,8,64,0.029794527014907528,0.03277397971639828,0.025483985745176973,0.02501385373485332,True,864.3758680820465,0.0,864.3758680820465,SUCCESS,False,False,True,0.0,
MNIST,B2_full_elbo,42,2.0,6,6,64,0.02935889356963489,0.032294782926598375,0.02579106669523278,0.025402775978555486,True,855.914279460907,0.0,855.914279460907,SUCCESS,False,False,True,0.0,
MNIST,B2_full_elbo,123,2.0,8,8,64,0.030321354457310264,0.033353489903041295,0.024991627595862567,0.02458403087797619,True,839.8801906108856,0.0,839.8801906108856,SUCCESS,False,False,True,0.0,
MNIST,B2_full_elbo,777,2.0,10,10,64,0.030847781434351084,0.033932559577786195,0.025199114118303573,0.024888521985942817,True,861.2665030956268,0.0,861.2665030956268,SUCCESS,False,False,True,0.0,
MNIST,B2_full_elbo,2024,2.0,6,6,64,0.029984874491788903,0.03298336194096779,0.02632011942960778,0.025844060988653272,True,781.0528078079224,0.0,781.0528078079224,SUCCESS,False,False,True,0.0,
MNIST,B2_full_elbo,31337,2.0,8,8,64,0.029794527014907528,0.03277397971639828,0.025483985745176973,0.02501385373485332,True,864.3758680820465,0.0,864.3758680820465,SUCCESS,False,False,True,0.0,
MNIST,B3_full_downstream,42,2.0,48,48,64,0.02935889356963489,0.032294782926598375,0.02889998393156091,0.028309465265598424,True,927.9632184505463,0.0,927.9632184505463,SUCCESS,False,False,True,0.0,
MNIST,B3_full_downstream,123,2.0,20,20,64,0.030321354457310264,0.033353489903041295,0.027624334841358417,0.027051355478714924,True,918.289573431015,0.0,918.289573431015,SUCCESS,False,False,True,0.0,
MNIST,B3_full_downstream,777,2.0,48,48,64,0.030847781434351084,0.033932559577786195,0.028396433304767217,0.027759802578257865,True,933.0531213283539,0.0,933.0531213283539,SUCCESS,False,False,True,0.0,
MNIST,B3_full_downstream,2024,2.0,32,32,64,0.029984874491788903,0.03298336194096779,0.028608218446069835,0.028015535315688775,True,845.5866103172302,0.0,845.5866103172302,SUCCESS,False,False,True,0.0,
MNIST,B3_full_downstream,31337,2.0,32,32,64,0.029794527014907528,0.03277397971639828,0.028432734898158483,0.027987889711548683,True,934.8868124485016,0.0,934.8868124485016,SUCCESS,False,False,True,0.0,
MNIST,B4_coarse,42,2.0,10,10,64,0.02935889356963489,0.032294782926598375,0.026528935646524233,0.026135488912361823,True,284.26225876808167,0.0,284.26225876808167,SUCCESS,False,False,True,0.0,
MNIST,B4_coarse,123,2.0,10,10,64,0.030321354457310264,0.033353489903041295,0.02723343393753986,0.026471815874787415,True,227.0625433921814,0.0,227.0625433921814,SUCCESS,False,False,True,0.0,
MNIST,B4_coarse,777,2.0,10,10,64,0.030847781434351084,0.033932559577786195,0.025199114118303573,0.024888521985942817,True,272.7203073501587,0.0,272.7203073501587,SUCCESS,False,False,True,0.0,
MNIST,B4_coarse,2024,2.0,10,10,64,0.029984874491788903,0.03298336194096779,0.02755061433753189,0.026820679126142645,True,200.51008462905884,0.0,200.51008462905884,SUCCESS,False,False,True,0.0,
MNIST,B4_coarse,31337,2.0,10,10,64,0.029794527014907528,0.03277397971639828,0.026607708366549743,0.02598063981451956,True,288.5443489551544,0.0,288.5443489551544,SUCCESS,False,False,True,0.0,
MNIST,B5_fixed32,42,2.0,32,32,64,0.02935889356963489,0.032294782926598375,0.02921462327606824,0.028502738693133505,True,62.80134201049805,75.97730684280396,138.778648853302,SUCCESS,False,False,True,0.0,
MNIST,B5_fixed32,123,2.0,32,32,64,0.030321354457310264,0.033353489903041295,0.02787533507055166,0.027237949085884356,True,70.5560929775238,86.2633683681488,156.8194613456726,SUCCESS,False,False,True,0.0,
MNIST,B5_fixed32,777,2.0,32,32,64,0.030847781434351084,0.033932559577786195,0.031004631820990114,0.03023531004198554,True,71.99219560623169,94.23901462554932,166.231210231781,SUCCESS,False,False,True,0.0,
MNIST,B5_fixed32,2024,2.0,32,32,64,0.029984874491788903,0.03298336194096779,0.028608218446069835,0.028015535315688775,True,79.04621505737305,53.768423080444336,132.81463813781738,SUCCESS,False,False,True,0.0,
MNIST,B5_fixed32,31337,2.0,32,32,64,0.029794527014907528,0.03277397971639828,0.028432734898158483,0.027987889711548683,True,91.76755237579346,75.0671215057373,166.83467388153076,SUCCESS,False,False,True,0.0,
MNIST,B6a_fondue,42,2.0,7,7,64,0.02935889356963489,0.032294782926598375,0.02636192103794643,0.0258140869140625,True,74.59295129776001,75.97730684280396,150.57025814056396,SUCCESS,False,False,True,8.115442752838135,
MNIST,B6a_fondue,123,2.0,7,7,64,0.030321354457310264,0.033353489903041295,0.02604189627511161,0.02564063787135948,True,73.95328545570374,86.2633683681488,160.21665382385254,SUCCESS,False,False,True,8.115442752838135,
MNIST,B6a_fondue,777,2.0,7,7,64,0.030847781434351084,0.033932559577786195,0.028520197031449295,0.028040745326450893,True,72.16046810150146,94.23901462554932,166.39948272705078,SUCCESS,False,False,True,8.115442752838135,
MNIST,B6a_fondue,2024,2.0,7,7,64,0.029984874491788903,0.03298336194096779,0.026529494305046235,0.026152478691671983,True,56.03544759750366,53.768423080444336,109.803870677948,SUCCESS,False,False,True,8.115442752838135,
MNIST,B6a_fondue,31337,2.0,7,7,64,0.029794527014907528,0.03277397971639828,0.0266980572136081,0.02621512276785714,True,64.39839506149292,75.0671215057373,139.46551656723022,SUCCESS,False,False,True,8.115442752838135,
MNIST,B6b_fondue_var,42,2.0,4,4,64,0.02935889356963489,0.032294782926598375,0.02888416336993782,0.028250271959369685,True,63.50695824623108,75.97730684280396,139.48426508903503,SUCCESS,False,False,True,8.115442752838135,
MNIST,B6b_fondue_var,123,2.0,3,3,64,0.030321354457310264,0.033353489903041295,0.03219403698979592,0.0315126720610119,True,65.66426634788513,86.2633683681488,151.92763471603394,SUCCESS,False,False,True,8.115442752838135,
MNIST,B6b_fondue_var,777,2.0,7,7,64,0.030847781434351084,0.033932559577786195,0.028520197031449295,0.028040745326450893,True,70.28523802757263,94.23901462554932,164.52425265312195,SUCCESS,False,False,True,8.115442752838135,
MNIST,B6b_fondue_var,2024,2.0,2,2,64,0.029984874491788903,0.03298336194096779,0.037769336311184634,0.03735975200627126,False,39.693283796310425,53.768423080444336,93.46170687675476,SUCCESS,False,False,True,8.115442752838135,
MNIST,B6b_fondue_var,31337,2.0,4,4,64,0.029794527014907528,0.03277397971639828,0.029752575932716838,0.028886816738414117,True,55.78827428817749,75.0671215057373,130.8553957939148,SUCCESS,False,False,True,8.115442752838135,
MNIST,B6b_fondue_var_keepmixed_false,42,2.0,0,,64,0.02935889356963489,0.032294782926598375,,,False,0.6154532432556152,75.97730684280396,76.59276008605957,DEGENERATE_SELECTION,False,False,False,8.115442752838135,
MNIST,B6b_fondue_var_keepmixed_false,123,2.0,0,,64,0.030321354457310264,0.033353489903041295,,,False,0.6149160861968994,86.2633683681488,86.8782844543457,DEGENERATE_SELECTION,False,False,False,8.115442752838135,
MNIST,B6b_fondue_var_keepmixed_false,777,2.0,0,,64,0.030847781434351084,0.033932559577786195,,,False,0.6548922061920166,94.23901462554932,94.89390683174133,DEGENERATE_SELECTION,False,False,False,8.115442752838135,
MNIST,B6b_fondue_var_keepmixed_false,2024,2.0,0,,64,0.029984874491788903,0.03298336194096779,,,False,0.6621177196502686,53.768423080444336,54.430540800094604,DEGENERATE_SELECTION,False,False,False,8.115442752838135,
MNIST,B6b_fondue_var_keepmixed_false,31337,2.0,0,,64,0.029794527014907528,0.03277397971639828,,,False,0.6246023178100586,75.0671215057373,75.69172382354736,DEGENERATE_SELECTION,False,False,False,8.115442752838135,
MNIST,proposed,42,2.0,4,4,64,0.02935889356963489,0.032294782926598375,0.02888416336993782,0.028250271959369685,True,931.1237499713898,0.0,931.1237499713898,SUCCESS,False,False,True,0.0,
MNIST,proposed,123,2.0,4,4,64,0.030321354457310264,0.033353489903041295,0.029258442158601725,0.028695986377949612,True,883.3996682167053,0.0,883.3996682167053,SUCCESS,False,False,True,0.0,
MNIST,proposed,777,2.0,4,4,64,0.030847781434351084,0.033932559577786195,0.028452262411312185,0.027894696501647536,True,902.1224410533905,0.0,902.1224410533905,SUCCESS,False,False,True,0.0,
MNIST,proposed,2024,2.0,4,4,64,0.029984874491788903,0.03298336194096779,0.028419791085379464,0.027931905941087375,True,815.8672726154327,0.0,815.8672726154327,SUCCESS,False,False,True,0.0,
MNIST,proposed,31337,2.0,4,4,64,0.029794527014907528,0.03277397971639828,0.029752575932716838,0.028886816738414117,True,923.5365557670593,0.0,923.5365557670593,SUCCESS,False,False,True,0.0,
MNIST,proposed_minus_AU,42,2.0,4,4,64,0.02935889356963489,0.032294782926598375,0.02888416336993782,0.028250271959369685,True,931.1237499713898,0.0,931.1237499713898,SUCCESS,False,False,True,0.0,
MNIST,proposed_minus_AU,123,2.0,4,4,64,0.030321354457310264,0.033353489903041295,0.029258442158601725,0.028695986377949612,True,883.3996682167053,0.0,883.3996682167053,SUCCESS,False,False,True,0.0,
MNIST,proposed_minus_AU,777,2.0,4,4,64,0.030847781434351084,0.033932559577786195,0.028452262411312185,0.027894696501647536,True,902.1224410533905,0.0,902.1224410533905,SUCCESS,False,False,True,0.0,
MNIST,proposed_minus_AU,2024,2.0,4,4,64,0.029984874491788903,0.03298336194096779,0.028419791085379464,0.027931905941087375,True,815.8672726154327,0.0,815.8672726154327,SUCCESS,False,False,True,0.0,
MNIST,proposed_minus_AU,31337,2.0,4,4,64,0.029794527014907528,0.03277397971639828,0.029752575932716838,0.028886816738414117,True,923.5365557670593,0.0,923.5365557670593,SUCCESS,False,False,True,0.0,
MNIST,ascending_scan_Q,42,2.0,4,4,64,0.02935889356963489,0.032294782926598375,0.02888416336993782,0.028250271959369685,True,195.22781610488892,0.0,195.22781610488892,SUCCESS,False,False,True,0.0,
MNIST,ascending_scan_Q,123,2.0,4,4,64,0.030321354457310264,0.033353489903041295,0.029258442158601725,0.028695986377949612,True,186.77274179458618,0.0,186.77274179458618,SUCCESS,False,False,True,0.0,
MNIST,ascending_scan_Q,777,2.0,4,4,64,0.030847781434351084,0.033932559577786195,0.028452262411312185,0.027894696501647536,True,209.8121953010559,0.0,209.8121953010559,SUCCESS,False,False,True,0.0,
MNIST,ascending_scan_Q,2024,2.0,4,4,64,0.029984874491788903,0.03298336194096779,0.028419791085379464,0.027931905941087375,True,159.9523274898529,0.0,159.9523274898529,SUCCESS,False,False,True,0.0,
MNIST,ascending_scan_Q,31337,2.0,4,4,64,0.029794527014907528,0.03277397971639828,0.029752575932716838,0.028886816738414117,True,195.54220485687256,0.0,195.54220485687256,SUCCESS,False,False,True,0.0,
MNIST,B4_plus_Q,42,2.0,10,10,64,0.02935889356963489,0.032294782926598375,0.026528935646524233,0.026135488912361823,True,284.26225876808167,0.0,284.26225876808167,SUCCESS,False,False,True,0.0,
MNIST,B4_plus_Q,123,2.0,10,10,64,0.030321354457310264,0.033353489903041295,0.02723343393753986,0.026471815874787415,True,227.0625433921814,0.0,227.0625433921814,SUCCESS,False,False,True,0.0,
MNIST,B4_plus_Q,777,2.0,10,10,64,0.030847781434351084,0.033932559577786195,0.025199114118303573,0.024888521985942817,True,272.7203073501587,0.0,272.7203073501587,SUCCESS,False,False,True,0.0,
MNIST,B4_plus_Q,2024,2.0,10,10,64,0.029984874491788903,0.03298336194096779,0.02755061433753189,0.026820679126142645,True,200.51008462905884,0.0,200.51008462905884,SUCCESS,False,False,True,0.0,
MNIST,B4_plus_Q,31337,2.0,10,10,64,0.029794527014907528,0.03277397971639828,0.026607708366549743,0.02598063981451956,True,288.5443489551544,0.0,288.5443489551544,SUCCESS,False,False,True,0.0,
MNIST,B6a_plus_Q,42,2.0,8,8,64,0.02935889356963489,0.032294782926598375,0.026674813406808034,0.0261217003647162,True,134.2586224079132,0.0,134.2586224079132,SUCCESS,False,False,True,8.115442752838135,
MNIST,B6a_plus_Q,123,2.0,8,8,64,0.030321354457310264,0.033353489903041295,0.024991627595862567,0.02458403087797619,True,149.3295133113861,0.0,149.3295133113861,SUCCESS,False,False,True,8.115442752838135,
MNIST,B6a_plus_Q,777,2.0,8,8,64,0.030847781434351084,0.033932559577786195,0.02673523572026467,0.026258606372236395,True,150.43404030799866,0.0,150.43404030799866,SUCCESS,False,False,True,8.115442752838135,
MNIST,B6a_plus_Q,2024,2.0,8,8,64,0.029984874491788903,0.03298336194096779,0.027127488739636482,0.026623743174027426,True,93.74495506286621,0.0,93.74495506286621,SUCCESS,False,False,True,8.115442752838135,
MNIST,B6a_plus_Q,31337,2.0,8,8,64,0.029794527014907528,0.03277397971639828,0.025483985745176973,0.02501385373485332,True,143.23785209655762,0.0,143.23785209655762,SUCCESS,False,False,True,8.115442752838135,
MNIST,B6b_plus_Q,42,2.0,4,4,64,0.02935889356963489,0.032294782926598375,0.02888416336993782,0.028250271959369685,True,139.48426508903503,0.0,139.48426508903503,SUCCESS,False,False,True,8.115442752838135,
MNIST,B6b_plus_Q,123,2.0,4,4,64,0.030321354457310264,0.033353489903041295,0.029258442158601725,0.028695986377949612,True,120.23794627189636,0.0,120.23794627189636,SUCCESS,False,False,True,8.115442752838135,
MNIST,B6b_plus_Q,777,2.0,8,8,64,0.030847781434351084,0.033932559577786195,0.02673523572026467,0.026258606372236395,True,148.55881023406982,0.0,148.55881023406982,SUCCESS,False,False,True,8.115442752838135,
MNIST,B6b_plus_Q,2024,2.0,4,4,64,0.029984874491788903,0.03298336194096779,0.028419791085379464,0.027931905941087375,True,160.61444520950317,0.0,160.61444520950317,SUCCESS,False,False,True,8.115442752838135,
MNIST,B6b_plus_Q,31337,2.0,4,4,64,0.029794527014907528,0.03277397971639828,0.029752575932716838,0.028886816738414117,True,130.8553957939148,0.0,130.8553957939148,SUCCESS,False,False,True,8.115442752838135,
dSprites,B1_full_mse,42,2.0,48,48,64,0.0014359476268291473,0.0015795423895120621,0.0014279595017433167,0.0014316595395406086,True,3234.082118034363,0.0,3234.082118034363,SUCCESS,False,False,True,0.0,
dSprites,B1_full_mse,123,2.0,20,20,64,0.0015018037855625153,0.0016519841641187668,0.001482308566570282,0.0014645403226216634,True,3361.866826057434,0.0,3361.866826057434,SUCCESS,False,False,True,0.0,
dSprites,B1_full_mse,777,2.0,32,32,64,0.001467944234609604,0.0016147386580705643,0.0014458983242511749,0.0014262113372484843,True,3113.9479722976685,0.0,3113.9479722976685,SUCCESS,False,False,True,0.0,
dSprites,B1_full_mse,2024,2.0,32,32,64,0.0014573117792606354,0.0016030429571866989,0.0014494776725769043,0.001430804948012034,True,2985.4632329940796,0.0,2985.4632329940796,SUCCESS,False,False,True,0.0,
dSprites,B1_full_mse,31337,2.0,64,64,64,0.0014003559350967408,0.0015403915286064148,0.0014003559350967408,0.0013738368650277456,True,3256.4888138771057,0.0,3256.4888138771057,SUCCESS,False,False,False,0.0,
dSprites,B2_full_elbo,42,2.0,64,64,64,0.0014359476268291473,0.0015795423895120621,0.0014359476268291473,0.001441325604915619,True,3234.082118034363,0.0,3234.082118034363,SUCCESS,False,False,False,0.0,
dSprites,B2_full_elbo,123,2.0,32,32,64,0.0015018037855625153,0.0016519841641187668,0.0015059211850166321,0.0015009368856747946,True,3361.866826057434,0.0,3361.866826057434,SUCCESS,False,False,True,0.0,
dSprites,B2_full_elbo,777,2.0,64,64,64,0.001467944234609604,0.0016147386580705643,0.001467944234609604,0.001435848633448283,True,3113.9479722976685,0.0,3113.9479722976685,SUCCESS,False,False,False,0.0,
dSprites,B2_full_elbo,2024,2.0,64,64,64,0.0014573117792606354,0.0016030429571866989,0.0014573117792606354,0.0014396627942721049,True,2985.4632329940796,0.0,2985.4632329940796,SUCCESS,False,False,False,0.0,
dSprites,B2_full_elbo,31337,2.0,64,64,64,0.0014003559350967408,0.0015403915286064148,0.0014003559350967408,0.0013738368650277456,True,3256.4888138771057,0.0,3256.4888138771057,SUCCESS,False,False,False,0.0,
dSprites,B3_full_downstream,42,2.0,64,64,64,0.0014359476268291473,0.0015795423895120621,0.0014359476268291473,0.001441325604915619,True,3254.0989968776703,0.0,3254.0989968776703,SUCCESS,False,False,False,0.0,
dSprites,B3_full_downstream,123,2.0,64,64,64,0.0015018037855625153,0.0016519841641187668,0.0015018037855625153,0.001500560998916626,True,3380.149155855179,0.0,3380.149155855179,SUCCESS,False,False,False,0.0,
dSprites,B3_full_downstream,777,2.0,64,64,64,0.001467944234609604,0.0016147386580705643,0.001467944234609604,0.001435848633448283,True,3139.5266604423523,0.0,3139.5266604423523,SUCCESS,False,False,False,0.0,
dSprites,B3_full_downstream,2024,2.0,64,64,64,0.0014573117792606354,0.0016030429571866989,0.0014573117792606354,0.0014396627942721049,True,3006.029463529587,0.0,3006.029463529587,SUCCESS,False,False,False,0.0,
dSprites,B3_full_downstream,31337,2.0,64,64,64,0.0014003559350967408,0.0015403915286064148,0.0014003559350967408,0.0013738368650277456,True,3282.9282619953156,0.0,3282.9282619953156,SUCCESS,False,False,False,0.0,
dSprites,B4_coarse,42,2.0,64,64,64,0.0014359476268291473,0.0015795423895120621,0.0014359476268291473,0.001441325604915619,True,911.7640435695648,0.0,911.7640435695648,SUCCESS,False,False,False,0.0,
dSprites,B4_coarse,123,2.0,64,64,64,0.0015018037855625153,0.0016519841641187668,0.0015018037855625153,0.001500560998916626,True,861.6911890506744,0.0,861.6911890506744,SUCCESS,False,False,False,0.0,
dSprites,B4_coarse,777,2.0,64,64,64,0.001467944234609604,0.0016147386580705643,0.001467944234609604,0.001435848633448283,True,856.1480486392975,0.0,856.1480486392975,SUCCESS,False,False,False,0.0,
dSprites,B4_coarse,2024,2.0,64,64,64,0.0014573117792606354,0.0016030429571866989,0.0014573117792606354,0.0014396627942721049,True,901.3247332572937,0.0,901.3247332572937,SUCCESS,False,False,False,0.0,
dSprites,B4_coarse,31337,2.0,64,64,64,0.0014003559350967408,0.0015403915286064148,0.0014003559350967408,0.0013738368650277456,True,828.617014169693,0.0,828.617014169693,SUCCESS,False,False,False,0.0,
dSprites,B5_fixed32,42,2.0,32,32,64,0.0014359476268291473,0.0015795423895120621,0.0014369153082370758,0.001418938120206197,True,331.8372337818146,336.23955154418945,668.076785326004,SUCCESS,False,False,True,0.0,
dSprites,B5_fixed32,123,2.0,32,32,64,0.0015018037855625153,0.0016519841641187668,0.0015059211850166321,0.0015009368856747946,True,331.91681265830994,300.3118562698364,632.2286689281464,SUCCESS,False,False,True,0.0,
dSprites,B5_fixed32,777,2.0,32,32,64,0.001467944234609604,0.0016147386580705643,0.0014458983242511749,0.0014262113372484843,True,213.6560833454132,276.85637617111206,490.51245951652527,SUCCESS,False,False,True,0.0,
dSprites,B5_fixed32,2024,2.0,32,32,64,0.0014573117792606354,0.0016030429571866989,0.0014494776725769043,0.001430804948012034,True,272.2555687427521,336.11714148521423,608.3727102279663,SUCCESS,False,False,True,0.0,
dSprites,B5_fixed32,31337,2.0,32,32,64,0.0014003559350967408,0.0015403915286064148,0.0016050695776939391,0.001553732802470525,False,278.8896186351776,336.18436646461487,615.0739850997925,SUCCESS,False,False,True,0.0,
dSprites,B6a_fondue,42,2.0,4,4,64,0.0014359476268291473,0.0015795423895120621,0.00620141065120697,0.006193814118703207,False,166.4563615322113,336.23955154418945,502.69591307640076,SUCCESS,False,False,True,0.0,
dSprites,B6a_fondue,123,2.0,4,4,64,0.0015018037855625153,0.0016519841641187668,0.006163073420524598,0.0061899545192718505,False,176.3815038204193,300.3118562698364,476.69336009025574,SUCCESS,False,False,True,0.0,
dSprites,B6a_fondue,777,2.0,8,8,64,0.001467944234609604,0.0016147386580705643,0.001911767542362213,0.0019120167096455891,False,252.30197286605835,276.85637617111206,529.1583490371704,SUCCESS,False,False,True,0.0,
dSprites,B6a_fondue,2024,2.0,4,4,64,0.0014573117792606354,0.0016030429571866989,0.00624582850933075,0.0062207771937052405,False,165.5386290550232,336.11714148521423,501.6557705402374,SUCCESS,False,False,True,0.0,
dSprites,B6a_fondue,31337,2.0,4,4,64,0.0014003559350967408,0.0015403915286064148,0.006023088932037354,0.006007329742113749,False,144.6761782169342,336.18436646461487,480.8605446815491,SUCCESS,False,False,True,0.0,
dSprites,B6b_fondue_var,42,2.0,0,,64,0.0014359476268291473,0.0015795423895120621,,,False,2.212211847305298,336.23955154418945,338.45176339149475,DEGENERATE_SELECTION,False,False,False,0.0,
dSprites,B6b_fondue_var,123,2.0,58,58,64,0.0015018037855625153,0.0016519841641187668,0.00145642951130867,0.0014533701539039612,True,338.6443946361542,300.3118562698364,638.9562509059906,SUCCESS,False,False,True,0.0,
dSprites,B6b_fondue_var,777,2.0,59,59,64,0.001467944234609604,0.0016147386580705643,0.001439536601305008,0.0014336601694424948,True,289.81842017173767,276.85637617111206,566.6747963428497,SUCCESS,False,False,True,0.0,
dSprites,B6b_fondue_var,2024,2.0,0,,64,0.0014573117792606354,0.0016030429571866989,,,False,2.215031147003174,336.11714148521423,338.3321726322174,DEGENERATE_SELECTION,False,False,False,0.0,
dSprites,B6b_fondue_var,31337,2.0,29,29,64,0.0014003559350967408,0.0015403915286064148,0.001638681709766388,0.0016256113449732463,False,333.59239983558655,336.18436646461487,669.7767663002014,SUCCESS,False,False,True,0.0,
dSprites,B6b_fondue_var_keepmixed_false,42,2.0,0,,64,0.0014359476268291473,0.0015795423895120621,,,False,1.0975704193115234,336.23955154418945,337.337121963501,DEGENERATE_SELECTION,False,False,False,0.0,
dSprites,B6b_fondue_var_keepmixed_false,123,2.0,3,3,64,0.0015018037855625153,0.0016519841641187668,0.007671591162681579,0.007696752071380615,False,112.95116472244263,300.3118562698364,413.26302099227905,SUCCESS,False,False,True,0.0,
dSprites,B6b_fondue_var_keepmixed_false,777,2.0,1,1,64,0.001467944234609604,0.0016147386580705643,0.016918964385986328,0.01713295030593872,False,273.9348850250244,276.85637617111206,550.7912611961365,SUCCESS,False,False,True,0.0,
dSprites,B6b_fondue_var_keepmixed_false,2024,2.0,0,,64,0.0014573117792606354,0.0016030429571866989,,,False,1.1118190288543701,336.11714148521423,337.2289605140686,DEGENERATE_SELECTION,False,False,False,0.0,
dSprites,B6b_fondue_var_keepmixed_false,31337,2.0,0,,64,0.0014003559350967408,0.0015403915286064148,,,False,1.0968780517578125,336.18436646461487,337.2812445163727,DEGENERATE_SELECTION,False,False,False,0.0,
dSprites,proposed,42,2.0,64,64,64,0.0014359476268291473,0.0015795423895120621,0.0014359476268291473,0.001441325604915619,True,1207.5465998649597,0.0,1207.5465998649597,ID_UNRELIABLE,True,False,False,0.0,
dSprites,proposed,123,2.0,64,64,64,0.0015018037855625153,0.0016519841641187668,0.0015018037855625153,0.001500560998916626,True,1157.4737453460693,0.0,1157.4737453460693,ID_UNRELIABLE,True,False,False,0.0,
dSprites,proposed,777,2.0,64,64,64,0.001467944234609604,0.0016147386580705643,0.001467944234609604,0.001435848633448283,True,1151.9306049346924,0.0,1151.9306049346924,ID_UNRELIABLE,True,False,False,0.0,
dSprites,proposed,2024,2.0,64,64,64,0.0014573117792606354,0.0016030429571866989,0.0014573117792606354,0.0014396627942721049,True,1197.1072895526886,0.0,1197.1072895526886,ID_UNRELIABLE,True,False,False,0.0,
dSprites,proposed,31337,2.0,64,64,64,0.0014003559350967408,0.0015403915286064148,0.0014003559350967408,0.0013738368650277456,True,1124.399570465088,0.0,1124.399570465088,ID_UNRELIABLE,True,False,False,0.0,
dSprites,proposed_minus_AU,42,2.0,64,64,64,0.0014359476268291473,0.0015795423895120621,0.0014359476268291473,0.001441325604915619,True,1207.5465998649597,0.0,1207.5465998649597,ID_UNRELIABLE,True,False,False,0.0,
dSprites,proposed_minus_AU,123,2.0,64,64,64,0.0015018037855625153,0.0016519841641187668,0.0015018037855625153,0.001500560998916626,True,1157.4737453460693,0.0,1157.4737453460693,ID_UNRELIABLE,True,False,False,0.0,
dSprites,proposed_minus_AU,777,2.0,64,64,64,0.001467944234609604,0.0016147386580705643,0.001467944234609604,0.001435848633448283,True,1151.9306049346924,0.0,1151.9306049346924,ID_UNRELIABLE,True,False,False,0.0,
dSprites,proposed_minus_AU,2024,2.0,64,64,64,0.0014573117792606354,0.0016030429571866989,0.0014573117792606354,0.0014396627942721049,True,1197.1072895526886,0.0,1197.1072895526886,ID_UNRELIABLE,True,False,False,0.0,
dSprites,proposed_minus_AU,31337,2.0,64,64,64,0.0014003559350967408,0.0015403915286064148,0.0014003559350967408,0.0013738368650277456,True,1124.399570465088,0.0,1124.399570465088,ID_UNRELIABLE,True,False,False,0.0,
dSprites,ascending_scan_Q,42,2.0,20,20,64,0.0014359476268291473,0.0015795423895120621,0.0014907569289207459,0.0014646319349606832,True,2274.44824552536,0.0,2274.44824552536,SUCCESS,False,False,True,0.0,
dSprites,ascending_scan_Q,123,2.0,10,10,64,0.0015018037855625153,0.0016519841641187668,0.001625580668449402,0.0016148937245210012,True,1463.6344275474548,0.0,1463.6344275474548,SUCCESS,False,False,True,0.0,
dSprites,ascending_scan_Q,777,2.0,12,12,64,0.001467944234609604,0.0016147386580705643,0.0015568358898162841,0.0015379440983136494,True,1677.5211057662964,0.0,1677.5211057662964,SUCCESS,False,False,True,0.0,
dSprites,ascending_scan_Q,2024,2.0,12,12,64,0.0014573117792606354,0.0016030429571866989,0.0015447506606578827,0.0015110662579536438,True,1671.3167235851288,0.0,1671.3167235851288,SUCCESS,False,False,True,0.0,
dSprites,ascending_scan_Q,31337,2.0,20,20,64,0.0014003559350967408,0.0015403915286064148,0.0015291853249073028,0.0015227804481983186,True,2317.7968254089355,0.0,2317.7968254089355,SUCCESS,False,False,True,0.0,
dSprites,B4_plus_Q,42,2.0,64,64,64,0.0014359476268291473,0.0015795423895120621,0.0014359476268291473,0.001441325604915619,True,911.7640435695648,0.0,911.7640435695648,NO_COMPACT_ALTERNATIVE_FOUND,False,False,False,0.0,
dSprites,B4_plus_Q,123,2.0,64,64,64,0.0015018037855625153,0.0016519841641187668,0.0015018037855625153,0.001500560998916626,True,861.6911890506744,0.0,861.6911890506744,NO_COMPACT_ALTERNATIVE_FOUND,False,False,False,0.0,
dSprites,B4_plus_Q,777,2.0,64,64,64,0.001467944234609604,0.0016147386580705643,0.001467944234609604,0.001435848633448283,True,856.1480486392975,0.0,856.1480486392975,NO_COMPACT_ALTERNATIVE_FOUND,False,False,False,0.0,
dSprites,B4_plus_Q,2024,2.0,64,64,64,0.0014573117792606354,0.0016030429571866989,0.0014573117792606354,0.0014396627942721049,True,901.3247332572937,0.0,901.3247332572937,NO_COMPACT_ALTERNATIVE_FOUND,False,False,False,0.0,
dSprites,B4_plus_Q,31337,2.0,64,64,64,0.0014003559350967408,0.0015403915286064148,0.0014003559350967408,0.0013738368650277456,True,828.617014169693,0.0,828.617014169693,NO_COMPACT_ALTERNATIVE_FOUND,False,False,False,0.0,
dSprites,B6a_plus_Q,42,2.0,20,20,64,0.0014359476268291473,0.0015795423895120621,0.0014907569289207459,0.0014646319349606832,True,2168.492744445801,0.0,2168.492744445801,SUCCESS,False,False,True,0.0,
dSprites,B6a_plus_Q,123,2.0,10,10,64,0.0015018037855625153,0.0016519841641187668,0.001625580668449402,0.0016148937245210012,True,1312.722707271576,0.0,1312.722707271576,SUCCESS,False,False,True,0.0,
dSprites,B6a_plus_Q,777,2.0,12,12,64,0.001467944234609604,0.0016147386580705643,0.0015568358898162841,0.0015379440983136494,True,1188.9159541130066,0.0,1188.9159541130066,SUCCESS,False,False,True,0.0,
dSprites,B6a_plus_Q,2024,2.0,12,12,64,0.0014573117792606354,0.0016030429571866989,0.0015447506606578827,0.0015110662579536438,True,1585.0677709579468,0.0,1585.0677709579468,SUCCESS,False,False,True,0.0,
dSprites,B6a_plus_Q,31337,2.0,20,20,64,0.0014003559350967408,0.0015403915286064148,0.0015291853249073028,0.0015227804481983186,True,2238.261565923691,0.0,2238.261565923691,SUCCESS,False,False,True,0.0,
dSprites,B6b_plus_Q,42,2.0,20,20,64,0.0014359476268291473,0.0015795423895120621,0.0014907569289207459,0.0014646319349606832,True,2276.6604573726654,0.0,2276.6604573726654,SUCCESS,False,False,True,0.0,
dSprites,B6b_plus_Q,123,2.0,64,64,64,0.0015018037855625153,0.0016519841641187668,0.0015018037855625153,0.001500560998916626,True,303.6245677471161,0.0,303.6245677471161,NO_COMPACT_ALTERNATIVE_FOUND,False,False,False,0.0,
dSprites,B6b_plus_Q,777,2.0,64,64,64,0.001467944234609604,0.0016147386580705643,0.001467944234609604,0.001435848633448283,True,280.18819880485535,0.0,280.18819880485535,NO_COMPACT_ALTERNATIVE_FOUND,False,False,False,0.0,
dSprites,B6b_plus_Q,2024,2.0,12,12,64,0.0014573117792606354,0.0016030429571866989,0.0015447506606578827,0.0015110662579536438,True,1673.531754732132,0.0,1673.531754732132,SUCCESS,False,False,True,0.0,
dSprites,B6b_plus_Q,31337,2.0,48,48,64,0.0014003559350967408,0.0015403915286064148,0.0015032033324241638,0.0014962908228238424,True,951.4470634460449,0.0,951.4470634460449,SUCCESS,False,False,True,0.0,
MNIST,B1_full_mse,42,4.0,10,10,64,0.039229705187739154,0.04315267570651307,0.036077636095942285,0.035441395869871384,True,914.701578617096,0.0,914.701578617096,SUCCESS,False,False,True,0.0,
MNIST,B1_full_mse,123,4.0,8,8,64,0.038240119155572384,0.04206413107112962,0.03609198683135364,0.035492016435480445,True,955.8977336883545,0.0,955.8977336883545,SUCCESS,False,False,True,0.0,
MNIST,B1_full_mse,777,4.0,6,6,64,0.03829168016083386,0.04212084817691725,0.035448966512874686,0.034736563546316955,True,1010.3669619560242,0.0,1010.3669619560242,SUCCESS,False,False,True,0.0,
MNIST,B1_full_mse,2024,4.0,8,8,64,0.03940155776666135,0.043341713543327484,0.03656218485929528,0.035913261154071,True,966.2723009586334,0.0,966.2723009586334,SUCCESS,False,False,True,0.0,
MNIST,B1_full_mse,31337,4.0,12,12,64,0.039721738231425385,0.04369391205456792,0.03622158502072704,0.0355879475081048,True,998.4057836532593,0.0,998.4057836532593,SUCCESS,False,False,True,0.0,
MNIST,B2_full_elbo,42,4.0,10,10,64,0.039229705187739154,0.04315267570651307,0.036077636095942285,0.035441395869871384,True,914.701578617096,0.0,914.701578617096,SUCCESS,False,False,True,0.0,
MNIST,B2_full_elbo,123,4.0,8,8,64,0.038240119155572384,0.04206413107112962,0.03609198683135364,0.035492016435480445,True,955.8977336883545,0.0,955.8977336883545,SUCCESS,False,False,True,0.0,
MNIST,B2_full_elbo,777,4.0,6,6,64,0.03829168016083386,0.04212084817691725,0.035448966512874686,0.034736563546316955,True,1010.3669619560242,0.0,1010.3669619560242,SUCCESS,False,False,True,0.0,
MNIST,B2_full_elbo,2024,4.0,8,8,64,0.03940155776666135,0.043341713543327484,0.03656218485929528,0.035913261154071,True,966.2723009586334,0.0,966.2723009586334,SUCCESS,False,False,True,0.0,
MNIST,B2_full_elbo,31337,4.0,12,12,64,0.039721738231425385,0.04369391205456792,0.03622158502072704,0.0355879475081048,True,998.4057836532593,0.0,998.4057836532593,SUCCESS,False,False,True,0.0,
MNIST,B3_full_downstream,42,4.0,12,12,64,0.039229705187739154,0.04315267570651307,0.03653359736228476,0.036009813788796766,True,1003.4727485179901,0.0,1003.4727485179901,SUCCESS,False,False,True,0.0,
MNIST,B3_full_downstream,123,4.0,64,64,64,0.038240119155572384,0.04206413107112962,0.038240119155572384,0.037665424372874144,True,1042.3100826740265,0.0,1042.3100826740265,SUCCESS,False,False,False,0.0,
MNIST,B3_full_downstream,777,4.0,64,64,64,0.03829168016083386,0.04212084817691725,0.03829168016083386,0.03764489870655294,True,1103.0009634494781,0.0,1103.0009634494781,SUCCESS,False,False,False,0.0,
MNIST,B3_full_downstream,2024,4.0,32,32,64,0.03940155776666135,0.043341713543327484,0.038925123565051026,0.03840157188363627,True,1059.073912858963,0.0,1059.073912858963,SUCCESS,False,False,True,0.0,
MNIST,B3_full_downstream,31337,4.0,24,24,64,0.039721738231425385,0.04369391205456792,0.03738052243602519,0.03685478241589605,True,1087.7677755355835,0.0,1087.7677755355835,SUCCESS,False,False,True,0.0,
MNIST,B4_coarse,42,4.0,10,10,64,0.039229705187739154,0.04315267570651307,0.036077636095942285,0.035441395869871384,True,355.1917929649353,0.0,355.1917929649353,SUCCESS,False,False,True,0.0,
MNIST,B4_coarse,123,4.0,10,10,64,0.038240119155572384,0.04206413107112962,0.03767366245814732,0.03723950278353528,True,318.2648105621338,0.0,318.2648105621338,SUCCESS,False,False,True,0.0,
MNIST,B4_coarse,777,4.0,10,10,64,0.03829168016083386,0.04212084817691725,0.03752270756935586,0.036827784531781455,True,376.79219818115234,0.0,376.79219818115234,SUCCESS,False,False,True,0.0,
MNIST,B4_coarse,2024,4.0,10,10,64,0.03940155776666135,0.043341713543327484,0.037542909583266906,0.0369440116622821,True,356.493803024292,0.0,356.493803024292,SUCCESS,False,False,True,0.0,
MNIST,B4_coarse,31337,4.0,4,4,64,0.039721738231425385,0.04369391205456792,0.03680811169682717,0.03626395587531887,True,344.0792484283447,0.0,344.0792484283447,SUCCESS,False,False,True,0.0,
MNIST,B5_fixed32,42,4.0,32,32,64,0.039229705187739154,0.04315267570651307,0.03925997800243144,0.038801216384991496,True,55.802868366241455,95.81261610984802,151.61548447608948,SUCCESS,False,False,True,0.0,
MNIST,B5_fixed32,123,4.0,32,32,64,0.038240119155572384,0.04206413107112962,0.03905395445531728,0.03855133804009885,True,79.57452440261841,77.17379426956177,156.74831867218018,SUCCESS,False,False,True,0.0,
MNIST,B5_fixed32,777,4.0,32,32,64,0.03829168016083386,0.04212084817691725,0.03841076722437021,0.03796842198793579,True,94.40738201141357,93.39641547203064,187.8037974834442,SUCCESS,False,False,True,0.0,
MNIST,B5_fixed32,2024,4.0,32,32,64,0.03940155776666135,0.043341713543327484,0.038925123565051026,0.03840157188363627,True,71.83706307411194,97.94245433807373,169.77951741218567,SUCCESS,False,False,True,0.0,
MNIST,B5_fixed32,31337,4.0,32,32,64,0.039721738231425385,0.04369391205456792,0.03896316528320312,0.03838280751753826,True,68.74988532066345,76.10970902442932,144.85959434509277,SUCCESS,False,False,True,0.0,
MNIST,B6a_fondue,42,4.0,8,8,64,0.039229705187739154,0.04315267570651307,0.038651042704679534,0.03810221686330782,True,59.682576179504395,95.81261610984802,155.49519228935242,SUCCESS,False,False,True,9.37605333328247,
MNIST,B6a_fondue,123,4.0,8,8,64,0.038240119155572384,0.04206413107112962,0.03609198683135364,0.035492016435480445,True,82.88952374458313,77.17379426956177,160.0633180141449,SUCCESS,False,False,True,9.37605333328247,
MNIST,B6a_fondue,777,4.0,8,8,64,0.03829168016083386,0.04212084817691725,0.03768616407744739,0.03724352238453975,True,61.52764582633972,93.39641547203064,154.92406129837036,SUCCESS,False,False,True,9.37605333328247,
MNIST,B6a_fondue,2024,4.0,8,8,64,0.03940155776666135,0.043341713543327484,0.03656218485929528,0.035913261154071,True,61.452685594558716,97.94245433807373,159.39513993263245,SUCCESS,False,False,True,9.37605333328247,
MNIST,B6a_fondue,31337,4.0,8,8,64,0.039721738231425385,0.04369391205456792,0.038402896803252554,0.03799977371319622,True,85.31117582321167,76.10970902442932,161.420884847641,SUCCESS,False,False,True,9.37605333328247,
MNIST,B6b_fondue_var,42,4.0,0,,64,0.039229705187739154,0.04315267570651307,,,False,0.6684737205505371,95.81261610984802,96.48108983039856,DEGENERATE_SELECTION,False,False,False,9.37605333328247,
MNIST,B6b_fondue_var,123,4.0,0,,64,0.038240119155572384,0.04206413107112962,,,False,0.668071985244751,77.17379426956177,77.84186625480652,DEGENERATE_SELECTION,False,False,False,9.37605333328247,
MNIST,B6b_fondue_var,777,4.0,3,3,64,0.03829168016083386,0.04212084817691725,0.03796277602838011,0.037665973274075254,True,97.4171850681305,93.39641547203064,190.81360054016113,SUCCESS,False,False,True,9.37605333328247,
MNIST,B6b_fondue_var,2024,4.0,2,2,64,0.03940155776666135,0.043341713543327484,0.040719702272999043,0.040322275589923476,True,90.08171963691711,97.94245433807373,188.02417397499084,SUCCESS,False,False,True,9.37605333328247,
MNIST,B6b_fondue_var,31337,4.0,0,,64,0.039721738231425385,0.04369391205456792,,,False,0.6173772811889648,76.10970902442932,76.72708630561829,DEGENERATE_SELECTION,False,False,False,9.37605333328247,
MNIST,B6b_fondue_var_keepmixed_false,42,4.0,0,,64,0.039229705187739154,0.04315267570651307,,,False,0.6684737205505371,95.81261610984802,96.48108983039856,DEGENERATE_SELECTION,False,False,False,9.37605333328247,
MNIST,B6b_fondue_var_keepmixed_false,123,4.0,0,,64,0.038240119155572384,0.04206413107112962,,,False,0.668071985244751,77.17379426956177,77.84186625480652,DEGENERATE_SELECTION,False,False,False,9.37605333328247,
MNIST,B6b_fondue_var_keepmixed_false,777,4.0,0,,64,0.03829168016083386,0.04212084817691725,,,False,0.668895959854126,93.39641547203064,94.06531143188477,DEGENERATE_SELECTION,False,False,False,9.37605333328247,
MNIST,B6b_fondue_var_keepmixed_false,2024,4.0,0,,64,0.03940155776666135,0.043341713543327484,,,False,0.6431922912597656,97.94245433807373,98.5856466293335,DEGENERATE_SELECTION,False,False,False,9.37605333328247,
MNIST,B6b_fondue_var_keepmixed_false,31337,4.0,0,,64,0.039721738231425385,0.04369391205456792,,,False,0.6173772811889648,76.10970902442932,76.72708630561829,DEGENERATE_SELECTION,False,False,False,9.37605333328247,
MNIST,proposed,42,4.0,4,4,64,0.039229705187739154,0.04315267570651307,0.03709009536431761,0.0364254831327062,True,990.6143426895142,0.0,990.6143426895142,SUCCESS,False,False,True,0.0,
MNIST,proposed,123,4.0,4,4,64,0.038240119155572384,0.04206413107112962,0.03801988874162947,0.03738835922552615,True,1001.0184655189514,0.0,1001.0184655189514,SUCCESS,False,False,True,0.0,
MNIST,proposed,777,4.0,4,4,64,0.03829168016083386,0.04212084817691725,0.04049683613679846,0.04020805223945047,True,1027.0437009334564,0.0,1027.0437009334564,SUCCESS,False,False,True,0.0,
MNIST,proposed,2024,4.0,2,2,64,0.03940155776666135,0.043341713543327484,0.040719702272999043,0.040322275589923476,True,1032.882838010788,0.0,1032.882838010788,SUCCESS,False,False,True,0.0,
MNIST,proposed,31337,4.0,4,4,64,0.039721738231425385,0.04369391205456792,0.03680811169682717,0.03626395587531887,True,1069.6814396381378,0.0,1069.6814396381378,SUCCESS,False,False,True,0.0,
MNIST,proposed_minus_AU,42,4.0,4,4,64,0.039229705187739154,0.04315267570651307,0.03709009536431761,0.0364254831327062,True,990.6143426895142,0.0,990.6143426895142,SUCCESS,False,False,True,0.0,
MNIST,proposed_minus_AU,123,4.0,4,4,64,0.038240119155572384,0.04206413107112962,0.03801988874162947,0.03738835922552615,True,1001.0184655189514,0.0,1001.0184655189514,SUCCESS,False,False,True,0.0,
MNIST,proposed_minus_AU,777,4.0,4,4,64,0.03829168016083386,0.04212084817691725,0.04049683613679846,0.04020805223945047,True,1027.0437009334564,0.0,1027.0437009334564,SUCCESS,False,False,True,0.0,
MNIST,proposed_minus_AU,2024,4.0,2,2,64,0.03940155776666135,0.043341713543327484,0.040719702272999043,0.040322275589923476,True,1032.882838010788,0.0,1032.882838010788,SUCCESS,False,False,True,0.0,
MNIST,proposed_minus_AU,31337,4.0,4,4,64,0.039721738231425385,0.04369391205456792,0.03680811169682717,0.03626395587531887,True,1069.6814396381378,0.0,1069.6814396381378,SUCCESS,False,False,True,0.0,
MNIST,ascending_scan_Q,42,4.0,4,4,64,0.039229705187739154,0.04315267570651307,0.03709009536431761,0.0364254831327062,True,260.6898682117462,0.0,260.6898682117462,SUCCESS,False,False,True,0.0,
MNIST,ascending_scan_Q,123,4.0,4,4,64,0.038240119155572384,0.04206413107112962,0.03801988874162947,0.03738835922552615,True,267.9412052631378,0.0,267.9412052631378,SUCCESS,False,False,True,0.0,
MNIST,ascending_scan_Q,777,4.0,4,4,64,0.03829168016083386,0.04212084817691725,0.04049683613679846,0.04020805223945047,True,282.02865743637085,0.0,282.02865743637085,SUCCESS,False,False,True,0.0,
MNIST,ascending_scan_Q,2024,4.0,2,2,64,0.03940155776666135,0.043341713543327484,0.040719702272999043,0.040322275589923476,True,187.38098168373108,0.0,187.38098168373108,SUCCESS,False,False,True,0.0,
MNIST,ascending_scan_Q,31337,4.0,4,4,64,0.039721738231425385,0.04369391205456792,0.03680811169682717,0.03626395587531887,True,258.0441880226135,0.0,258.0441880226135,SUCCESS,False,False,True,0.0,
MNIST,B4_plus_Q,42,4.0,10,10,64,0.039229705187739154,0.04315267570651307,0.036077636095942285,0.035441395869871384,True,355.1917929649353,0.0,355.1917929649353,SUCCESS,False,False,True,0.0,
MNIST,B4_plus_Q,123,4.0,10,10,64,0.038240119155572384,0.04206413107112962,0.03767366245814732,0.03723950278353528,True,318.2648105621338,0.0,318.2648105621338,SUCCESS,False,False,True,0.0,
MNIST,B4_plus_Q,777,4.0,10,10,64,0.03829168016083386,0.04212084817691725,0.03752270756935586,0.036827784531781455,True,376.79219818115234,0.0,376.79219818115234,SUCCESS,False,False,True,0.0,
MNIST,B4_plus_Q,2024,4.0,10,10,64,0.03940155776666135,0.043341713543327484,0.037542909583266906,0.0369440116622821,True,356.493803024292,0.0,356.493803024292,SUCCESS,False,False,True,0.0,
MNIST,B4_plus_Q,31337,4.0,4,4,64,0.039721738231425385,0.04369391205456792,0.03680811169682717,0.03626395587531887,True,344.0792484283447,0.0,344.0792484283447,SUCCESS,False,False,True,0.0,
MNIST,B6a_plus_Q,42,4.0,8,8,64,0.039229705187739154,0.04315267570651307,0.038651042704679534,0.03810221686330782,True,155.49519228935242,0.0,155.49519228935242,SUCCESS,False,False,True,9.37605333328247,
MNIST,B6a_plus_Q,123,4.0,8,8,64,0.038240119155572384,0.04206413107112962,0.03609198683135364,0.035492016435480445,True,160.0633180141449,0.0,160.0633180141449,SUCCESS,False,False,True,9.37605333328247,
MNIST,B6a_plus_Q,777,4.0,8,8,64,0.03829168016083386,0.04212084817691725,0.03768616407744739,0.03724352238453975,True,154.92406129837036,0.0,154.92406129837036,SUCCESS,False,False,True,9.37605333328247,
MNIST,B6a_plus_Q,2024,4.0,8,8,64,0.03940155776666135,0.043341713543327484,0.03656218485929528,0.035913261154071,True,159.39513993263245,0.0,159.39513993263245,SUCCESS,False,False,True,9.37605333328247,
MNIST,B6a_plus_Q,31337,4.0,8,8,64,0.039721738231425385,0.04369391205456792,0.038402896803252554,0.03799977371319622,True,161.420884847641,0.0,161.420884847641,SUCCESS,False,False,True,9.37605333328247,
MNIST,B6b_plus_Q,42,4.0,4,4,64,0.039229705187739154,0.04315267570651307,0.03709009536431761,0.0364254831327062,True,261.35834193229675,0.0,261.35834193229675,SUCCESS,False,False,True,9.37605333328247,
MNIST,B6b_plus_Q,123,4.0,4,4,64,0.038240119155572384,0.04206413107112962,0.03801988874162947,0.03738835922552615,True,268.60927724838257,0.0,268.60927724838257,SUCCESS,False,False,True,9.37605333328247,
MNIST,B6b_plus_Q,777,4.0,4,4,64,0.03829168016083386,0.04212084817691725,0.04049683613679846,0.04020805223945047,True,188.988201379776,0.0,188.988201379776,SUCCESS,False,False,True,9.37605333328247,
MNIST,B6b_plus_Q,2024,4.0,2,2,64,0.03940155776666135,0.043341713543327484,0.040719702272999043,0.040322275589923476,True,188.02417397499084,0.0,188.02417397499084,SUCCESS,False,False,True,9.37605333328247,
MNIST,B6b_plus_Q,31337,4.0,4,4,64,0.039721738231425385,0.04369391205456792,0.03680811169682717,0.03626395587531887,True,258.6615653038025,0.0,258.6615653038025,SUCCESS,False,False,True,9.37605333328247,
dSprites,B1_full_mse,42,4.0,48,48,64,0.0020652178525924682,0.002271739637851715,0.00204390224814415,0.0020276673237482707,True,3506.6362450122833,0.0,3506.6362450122833,SUCCESS,False,False,True,0.0,
dSprites,B1_full_mse,123,4.0,16,16,64,0.0021526270508766174,0.002367889755964279,0.0020345732271671293,0.002019350528717041,True,3613.3100805282593,0.0,3613.3100805282593,SUCCESS,False,False,True,0.0,
dSprites,B1_full_mse,777,4.0,16,16,64,0.0020941038727760315,0.0023035142600536344,0.0019926261603832244,0.001997416039307912,True,3435.052194595337,0.0,3435.052194595337,SUCCESS,False,False,True,0.0,
dSprites,B1_full_mse,2024,4.0,32,32,64,0.0021951966285705567,0.0024147162914276124,0.00201203715801239,0.0020067362785339353,True,3563.3850553035736,0.0,3563.3850553035736,SUCCESS,False,False,True,0.0,
dSprites,B1_full_mse,31337,4.0,8,8,64,0.002213299363851547,0.002434629300236702,0.002047998130321503,0.0020375224947929383,True,3162.785455226898,0.0,3162.785455226898,SUCCESS,False,False,True,0.0,
dSprites,B2_full_elbo,42,4.0,48,48,64,0.0020652178525924682,0.002271739637851715,0.00204390224814415,0.0020276673237482707,True,3506.6362450122833,0.0,3506.6362450122833,SUCCESS,False,False,True,0.0,
dSprites,B2_full_elbo,123,4.0,16,16,64,0.0021526270508766174,0.002367889755964279,0.0020345732271671293,0.002019350528717041,True,3613.3100805282593,0.0,3613.3100805282593,SUCCESS,False,False,True,0.0,
dSprites,B2_full_elbo,777,4.0,16,16,64,0.0020941038727760315,0.0023035142600536344,0.0019926261603832244,0.001997416039307912,True,3435.052194595337,0.0,3435.052194595337,SUCCESS,False,False,True,0.0,
dSprites,B2_full_elbo,2024,4.0,32,32,64,0.0021951966285705567,0.0024147162914276124,0.00201203715801239,0.0020067362785339353,True,3563.3850553035736,0.0,3563.3850553035736,SUCCESS,False,False,True,0.0,
dSprites,B2_full_elbo,31337,4.0,8,8,64,0.002213299363851547,0.002434629300236702,0.002047998130321503,0.0020375224947929383,True,3162.785455226898,0.0,3162.785455226898,SUCCESS,False,False,True,0.0,
dSprites,B3_full_downstream,42,4.0,64,64,64,0.0020652178525924682,0.002271739637851715,0.0020652178525924682,0.0020514565110206604,True,3532.732953310013,0.0,3532.732953310013,SUCCESS,False,False,False,0.0,
dSprites,B3_full_downstream,123,4.0,32,32,64,0.0021526270508766174,0.002367889755964279,0.002065417855978012,0.002053501824537913,True,3640.663521528244,0.0,3640.663521528244,SUCCESS,False,False,True,0.0,
dSprites,B3_full_downstream,777,4.0,48,48,64,0.0020941038727760315,0.0023035142600536344,0.0021684918999671935,0.0021704046328862507,True,3468.0707898139954,0.0,3468.0707898139954,SUCCESS,False,False,True,0.0,
dSprites,B3_full_downstream,2024,4.0,64,64,64,0.0021951966285705567,0.0024147162914276124,0.0021951966285705567,0.0021717748443285624,True,3588.8005545139313,0.0,3588.8005545139313,SUCCESS,False,False,False,0.0,
dSprites,B3_full_downstream,31337,4.0,64,64,64,0.002213299363851547,0.002434629300236702,0.002213299363851547,0.00220173321167628,True,3191.0368728637695,0.0,3191.0368728637695,SUCCESS,False,False,False,0.0,
dSprites,B4_coarse,42,4.0,64,64,64,0.0020652178525924682,0.002271739637851715,0.0020652178525924682,0.0020514565110206604,True,915.4752292633057,0.0,915.4752292633057,SUCCESS,False,False,False,0.0,
dSprites,B4_coarse,123,4.0,64,64,64,0.0021526270508766174,0.002367889755964279,0.0021526270508766174,0.0021373684008916217,True,967.5446927547455,0.0,967.5446927547455,SUCCESS,False,False,False,0.0,
dSprites,B4_coarse,777,4.0,64,64,64,0.0020941038727760315,0.0023035142600536344,0.0020941038727760315,0.0020698169668515523,True,787.7785272598267,0.0,787.7785272598267,SUCCESS,False,False,False,0.0,
dSprites,B4_coarse,2024,4.0,64,64,64,0.0021951966285705567,0.0024147162914276124,0.0021951966285705567,0.0021717748443285624,True,954.2553770542145,0.0,954.2553770542145,SUCCESS,False,False,False,0.0,
dSprites,B4_coarse,31337,4.0,64,64,64,0.002213299363851547,0.002434629300236702,0.002213299363851547,0.00220173321167628,True,928.7611458301544,0.0,928.7611458301544,SUCCESS,False,False,False,0.0,
dSprites,B5_fixed32,42,4.0,32,32,64,0.0020652178525924682,0.002271739637851715,0.002211992532014847,0.0022031060457229613,True,331.66996574401855,335.816773891449,667.4867396354675,SUCCESS,False,False,True,0.0,
dSprites,B5_fixed32,123,4.0,32,32,64,0.0021526270508766174,0.002367889755964279,0.002065417855978012,0.002053501824537913,True,331.746045589447,336.1480040550232,667.8940496444702,SUCCESS,False,False,True,0.0,
dSprites,B5_fixed32,777,4.0,32,32,64,0.0020941038727760315,0.0023035142600536344,0.002145551085472107,0.0021318315466245016,True,331.66693234443665,336.7512528896332,668.4181852340698,SUCCESS,False,False,True,0.0,
dSprites,B5_fixed32,2024,4.0,32,32,64,0.0021951966285705567,0.0024147162914276124,0.00201203715801239,0.0020067362785339353,True,331.70132398605347,336.21560883522034,667.9169328212738,SUCCESS,False,False,True,0.0,
dSprites,B5_fixed32,31337,4.0,32,32,64,0.002213299363851547,0.002434629300236702,0.0376001091003418,0.03732973829905192,False,171.36306953430176,336.2193920612335,507.5824615955353,SUCCESS,False,False,True,0.0,
dSprites,B6a_fondue,42,4.0,4,4,64,0.0020652178525924682,0.002271739637851715,0.006474701642990112,0.006432656764984131,False,143.4526584148407,335.816773891449,479.2694323062897,SUCCESS,False,False,True,0.0,
dSprites,B6a_fondue,123,4.0,4,4,64,0.0021526270508766174,0.002367889755964279,0.006114825129508972,0.0060886833270390826,False,200.38045239448547,336.1480040550232,536.5284564495087,SUCCESS,False,False,True,0.0,
dSprites,B6a_fondue,777,4.0,4,4,64,0.0020941038727760315,0.0023035142600536344,0.006437874555587768,0.006396616895993551,False,103.01306700706482,336.7512528896332,439.764319896698,SUCCESS,False,False,True,0.0,
dSprites,B6a_fondue,2024,4.0,4,4,64,0.0021951966285705567,0.0024147162914276124,0.006332107424736023,0.006271379232406616,False,191.7163164615631,336.21560883522034,527.9319252967834,SUCCESS,False,False,True,0.0,
dSprites,B6a_fondue,31337,4.0,4,4,64,0.002213299363851547,0.002434629300236702,0.0062789530754089355,0.006195346752802531,False,170.87894773483276,336.2193920612335,507.0983397960663,SUCCESS,False,False,True,0.0,
dSprites,B6b_fondue_var,42,4.0,0,,64,0.0020652178525924682,0.002271739637851715,,,False,3.315476417541504,335.816773891449,339.1322503089905,DEGENERATE_SELECTION,False,False,False,0.0,
dSprites,B6b_fondue_var,123,4.0,28,28,64,0.0021526270508766174,0.002367889755964279,0.002204435467720032,0.0021830374797185263,True,333.54249477386475,336.1480040550232,669.6904988288879,SUCCESS,False,False,True,0.0,
dSprites,B6b_fondue_var,777,4.0,0,,64,0.0020941038727760315,0.0023035142600536344,,,False,3.3195013999938965,336.7512528896332,340.0707542896271,DEGENERATE_SELECTION,False,False,False,0.0,
dSprites,B6b_fondue_var,2024,4.0,58,58,64,0.0021951966285705567,0.0024147162914276124,0.002168010622262955,0.002159955422083537,True,338.9693126678467,336.21560883522034,675.184921503067,SUCCESS,False,False,True,0.0,
dSprites,B6b_fondue_var,31337,4.0,29,29,64,0.002213299363851547,0.002434629300236702,0.0021899104118347167,0.0021671791672706604,True,333.61557507514954,336.2193920612335,669.834967136383,SUCCESS,False,False,True,0.0,
dSprites,B6b_fondue_var_keepmixed_false,42,4.0,0,,64,0.0020652178525924682,0.002271739637851715,,,False,1.0967912673950195,335.816773891449,336.913565158844,DEGENERATE_SELECTION,False,False,False,0.0,
dSprites,B6b_fondue_var_keepmixed_false,123,4.0,0,,64,0.0021526270508766174,0.002367889755964279,,,False,1.0953996181488037,336.1480040550232,337.243403673172,DEGENERATE_SELECTION,False,False,False,0.0,
dSprites,B6b_fondue_var_keepmixed_false,777,4.0,0,,64,0.0020941038727760315,0.0023035142600536344,,,False,1.0969319343566895,336.7512528896332,337.84818482398987,DEGENERATE_SELECTION,False,False,False,0.0,
dSprites,B6b_fondue_var_keepmixed_false,2024,4.0,0,,64,0.0021951966285705567,0.0024147162914276124,,,False,1.0972809791564941,336.21560883522034,337.31288981437683,DEGENERATE_SELECTION,False,False,False,0.0,
dSprites,B6b_fondue_var_keepmixed_false,31337,4.0,0,,64,0.002213299363851547,0.002434629300236702,,,False,1.1135578155517578,336.2193920612335,337.3329498767853,DEGENERATE_SELECTION,False,False,False,0.0,
dSprites,proposed,42,4.0,64,64,64,0.0020652178525924682,0.002271739637851715,0.0020652178525924682,0.0020514565110206604,True,1211.2577855587006,0.0,1211.2577855587006,ID_UNRELIABLE,True,False,False,0.0,
dSprites,proposed,123,4.0,64,64,64,0.0021526270508766174,0.002367889755964279,0.0021526270508766174,0.0021373684008916217,True,1263.3272490501404,0.0,1263.3272490501404,ID_UNRELIABLE,True,False,False,0.0,
dSprites,proposed,777,4.0,64,64,64,0.0020941038727760315,0.0023035142600536344,0.0020941038727760315,0.0020698169668515523,True,1083.5610835552216,0.0,1083.5610835552216,ID_UNRELIABLE,True,False,False,0.0,
dSprites,proposed,2024,4.0,64,64,64,0.0021951966285705567,0.0024147162914276124,0.0021951966285705567,0.0021717748443285624,True,1250.0379333496094,0.0,1250.0379333496094,ID_UNRELIABLE,True,False,False,0.0,
dSprites,proposed,31337,4.0,64,64,64,0.002213299363851547,0.002434629300236702,0.002213299363851547,0.00220173321167628,True,1224.5437021255493,0.0,1224.5437021255493,ID_UNRELIABLE,True,False,False,0.0,
dSprites,proposed_minus_AU,42,4.0,64,64,64,0.0020652178525924682,0.002271739637851715,0.0020652178525924682,0.0020514565110206604,True,1211.2577855587006,0.0,1211.2577855587006,ID_UNRELIABLE,True,False,False,0.0,
dSprites,proposed_minus_AU,123,4.0,64,64,64,0.0021526270508766174,0.002367889755964279,0.0021526270508766174,0.0021373684008916217,True,1263.3272490501404,0.0,1263.3272490501404,ID_UNRELIABLE,True,False,False,0.0,
dSprites,proposed_minus_AU,777,4.0,64,64,64,0.0020941038727760315,0.0023035142600536344,0.0020941038727760315,0.0020698169668515523,True,1083.5610835552216,0.0,1083.5610835552216,ID_UNRELIABLE,True,False,False,0.0,
dSprites,proposed_minus_AU,2024,4.0,64,64,64,0.0021951966285705567,0.0024147162914276124,0.0021951966285705567,0.0021717748443285624,True,1250.0379333496094,0.0,1250.0379333496094,ID_UNRELIABLE,True,False,False,0.0,
dSprites,proposed_minus_AU,31337,4.0,64,64,64,0.002213299363851547,0.002434629300236702,0.002213299363851547,0.00220173321167628,True,1224.5437021255493,0.0,1224.5437021255493,ID_UNRELIABLE,True,False,False,0.0,
dSprites,ascending_scan_Q,42,4.0,10,10,64,0.0020652178525924682,0.002271739637851715,0.002271032750606537,0.0022454744180043537,True,1518.374186515808,0.0,1518.374186515808,SUCCESS,False,False,True,0.0,
dSprites,ascending_scan_Q,123,4.0,10,10,64,0.0021526270508766174,0.002367889755964279,0.0021705603003501894,0.0021580156087875365,True,1624.9277622699738,0.0,1624.9277622699738,SUCCESS,False,False,True,0.0,
dSprites,ascending_scan_Q,777,4.0,12,12,64,0.0020941038727760315,0.0023035142600536344,0.002247362792491913,0.002224541982014974,True,1776.7357110977173,0.0,1776.7357110977173,SUCCESS,False,False,True,0.0,
dSprites,ascending_scan_Q,2024,4.0,8,8,64,0.0021951966285705567,0.0024147162914276124,0.0023683126866817475,0.0023631422122319537,True,1246.3960220813751,0.0,1246.3960220813751,SUCCESS,False,False,True,0.0,
dSprites,ascending_scan_Q,31337,4.0,8,8,64,0.002213299363851547,0.002434629300236702,0.002047998130321503,0.0020375224947929383,True,1257.5162959098816,0.0,1257.5162959098816,SUCCESS,False,False,True,0.0,
dSprites,B4_plus_Q,42,4.0,64,64,64,0.0020652178525924682,0.002271739637851715,0.0020652178525924682,0.0020514565110206604,True,915.4752292633057,0.0,915.4752292633057,NO_COMPACT_ALTERNATIVE_FOUND,False,False,False,0.0,
dSprites,B4_plus_Q,123,4.0,64,64,64,0.0021526270508766174,0.002367889755964279,0.0021526270508766174,0.0021373684008916217,True,967.5446927547455,0.0,967.5446927547455,NO_COMPACT_ALTERNATIVE_FOUND,False,False,False,0.0,
dSprites,B4_plus_Q,777,4.0,64,64,64,0.0020941038727760315,0.0023035142600536344,0.0020941038727760315,0.0020698169668515523,True,787.7785272598267,0.0,787.7785272598267,NO_COMPACT_ALTERNATIVE_FOUND,False,False,False,0.0,
dSprites,B4_plus_Q,2024,4.0,64,64,64,0.0021951966285705567,0.0024147162914276124,0.0021951966285705567,0.0021717748443285624,True,954.2553770542145,0.0,954.2553770542145,NO_COMPACT_ALTERNATIVE_FOUND,False,False,False,0.0,
dSprites,B4_plus_Q,31337,4.0,64,64,64,0.002213299363851547,0.002434629300236702,0.002213299363851547,0.00220173321167628,True,928.7611458301544,0.0,928.7611458301544,NO_COMPACT_ALTERNATIVE_FOUND,False,False,False,0.0,
dSprites,B6a_plus_Q,42,4.0,10,10,64,0.0020652178525924682,0.002271739637851715,0.002271032750606537,0.0022454744180043537,True,1412.036233663559,0.0,1412.036233663559,SUCCESS,False,False,True,0.0,
dSprites,B6a_plus_Q,123,4.0,10,10,64,0.0021526270508766174,0.002367889755964279,0.0021705603003501894,0.0021580156087875365,True,1523.5095252990723,0.0,1523.5095252990723,SUCCESS,False,False,True,0.0,
dSprites,B6a_plus_Q,777,4.0,12,12,64,0.0020941038727760315,0.0023035142600536344,0.002247362792491913,0.002224541982014974,True,1688.1912038326263,0.0,1688.1912038326263,SUCCESS,False,False,True,0.0,
dSprites,B6a_plus_Q,2024,4.0,8,8,64,0.0021951966285705567,0.0024147162914276124,0.0023683126866817475,0.0023631422122319537,True,1149.9970932006836,0.0,1149.9970932006836,SUCCESS,False,False,True,0.0,
dSprites,B6a_plus_Q,31337,4.0,8,8,64,0.002213299363851547,0.002434629300236702,0.002047998130321503,0.0020375224947929383,True,1165.7534823417664,0.0,1165.7534823417664,SUCCESS,False,False,True,0.0,
dSprites,B6b_plus_Q,42,4.0,10,10,64,0.0020652178525924682,0.002271739637851715,0.002271032750606537,0.0022454744180043537,True,1521.6896629333496,0.0,1521.6896629333496,SUCCESS,False,False,True,0.0,
dSprites,B6b_plus_Q,123,4.0,32,32,64,0.0021526270508766174,0.002367889755964279,0.002065417855978012,0.002053501824537913,True,670.0909802913666,0.0,670.0909802913666,SUCCESS,False,False,True,0.0,
dSprites,B6b_plus_Q,777,4.0,12,12,64,0.0020941038727760315,0.0023035142600536344,0.002247362792491913,0.002224541982014974,True,1780.0552124977112,0.0,1780.0552124977112,SUCCESS,False,False,True,0.0,
dSprites,B6b_plus_Q,2024,4.0,64,64,64,0.0021951966285705567,0.0024147162914276124,0.0021951966285705567,0.0021717748443285624,True,339.53378415107727,0.0,339.53378415107727,NO_COMPACT_ALTERNATIVE_FOUND,False,False,False,0.0,
dSprites,B6b_plus_Q,31337,4.0,64,64,64,0.002213299363851547,0.002434629300236702,0.002213299363851547,0.00220173321167628,True,618.0247528553009,0.0,618.0247528553009,NO_COMPACT_ALTERNATIVE_FOUND,False,False,False,0.0,
FashionMNIST,B1_full_mse,42,0.25,20,20,64,0.016659813082948022,0.018325794391242826,0.015112574363241389,0.0148752194359189,True,339.679128408432,0.0,339.679128408432,SUCCESS,False,False,True,0.0,
FashionMNIST,B1_full_mse,123,0.25,16,16,64,0.015417094950773277,0.016958804445850604,0.01505438232421875,0.014865716635775404,True,314.9396662712097,0.0,314.9396662712097,SUCCESS,False,False,True,0.0,
FashionMNIST,B1_full_mse,777,0.25,24,24,64,0.01578404609524474,0.017362450704769213,0.014922914777483259,0.014709340621014031,True,361.97401547431946,0.0,361.97401547431946,SUCCESS,False,False,True,0.0,
FashionMNIST,B1_full_mse,2024,0.25,20,20,64,0.015180009180185748,0.016698010098204322,0.0150127859310228,0.014789111909412204,True,363.21363139152527,0.0,363.21363139152527,SUCCESS,False,False,True,0.0,
FashionMNIST,B1_full_mse,31337,0.25,64,64,64,0.014913619372309471,0.016404981309540417,0.014913619372309471,0.01463666871778008,True,392.1580047607422,0.0,392.1580047607422,SUCCESS,False,False,False,0.0,
FashionMNIST,B2_full_elbo,42,0.25,6,6,64,0.016659813082948022,0.018325794391242826,0.01589170993104273,0.01573723534824086,True,339.679128408432,0.0,339.679128408432,SUCCESS,False,False,True,0.0,
FashionMNIST,B2_full_elbo,123,0.25,48,48,64,0.015417094950773277,0.016958804445850604,0.015473785711794485,0.015277852791507226,True,314.9396662712097,0.0,314.9396662712097,SUCCESS,False,False,True,0.0,
FashionMNIST,B2_full_elbo,777,0.25,4,4,64,0.01578404609524474,0.017362450704769213,0.0187848492057956,0.018465086645009565,False,361.97401547431946,0.0,361.97401547431946,SUCCESS,False,False,True,0.0,
FashionMNIST,B2_full_elbo,2024,0.25,4,4,64,0.015180009180185748,0.016698010098204322,0.01902745025011958,0.018810737038956207,False,363.21363139152527,0.0,363.21363139152527,SUCCESS,False,False,True,0.0,
FashionMNIST,B2_full_elbo,31337,0.25,4,4,64,0.014913619372309471,0.016404981309540417,0.018739925462372447,0.01849577508005155,False,392.1580047607422,0.0,392.1580047607422,SUCCESS,False,False,True,0.0,
FashionMNIST,B3_full_downstream,42,0.25,48,48,64,0.016659813082948022,0.018325794391242826,0.01650032261439732,0.01625978223320578,True,432.24275851249695,0.0,432.24275851249695,SUCCESS,False,False,True,0.0,
FashionMNIST,B3_full_downstream,123,0.25,64,64,64,0.015417094950773277,0.016958804445850604,0.015417094950773277,0.015223048203656461,True,408.9937605857849,0.0,408.9937605857849,SUCCESS,False,False,False,0.0,
FashionMNIST,B3_full_downstream,777,0.25,48,48,64,0.01578404609524474,0.017362450704769213,0.01535765200245137,0.015144140126753828,True,457.1061336994171,0.0,457.1061336994171,SUCCESS,False,False,True,0.0,
FashionMNIST,B3_full_downstream,2024,0.25,64,64,64,0.015180009180185748,0.016698010098204322,0.015180009180185748,0.01496850835060587,True,455.5577254295349,0.0,455.5577254295349,SUCCESS,False,False,False,0.0,
FashionMNIST,B3_full_downstream,31337,0.25,64,64,64,0.014913619372309471,0.016404981309540417,0.014913619372309471,0.01463666871778008,True,488.169944524765,0.0,488.169944524765,SUCCESS,False,False,False,0.0,
FashionMNIST,B4_coarse,42,0.25,10,10,64,0.016659813082948022,0.018325794391242826,0.015153926304408483,0.01485738201530612,True,109.62850546836853,0.0,109.62850546836853,SUCCESS,False,False,True,0.0,
FashionMNIST,B4_coarse,123,0.25,64,64,64,0.015417094950773277,0.016958804445850604,0.015417094950773277,0.015223048203656461,True,88.36187529563904,0.0,88.36187529563904,SUCCESS,False,False,False,0.0,
FashionMNIST,B4_coarse,777,0.25,10,10,64,0.01578404609524474,0.017362450704769213,0.015370664012675382,0.01519858929900085,True,109.18467664718628,0.0,109.18467664718628,SUCCESS,False,False,True,0.0,
FashionMNIST,B4_coarse,2024,0.25,64,64,64,0.015180009180185748,0.016698010098204322,0.015180009180185748,0.01496850835060587,True,121.9269790649414,0.0,121.9269790649414,SUCCESS,False,False,False,0.0,
FashionMNIST,B4_coarse,31337,0.25,64,64,64,0.014913619372309471,0.016404981309540417,0.014913619372309471,0.01463666871778008,True,127.23256516456604,0.0,127.23256516456604,SUCCESS,False,False,False,0.0,
FashionMNIST,B5_fixed32,42,0.25,32,32,64,0.016659813082948022,0.018325794391242826,0.015182962222975127,0.015012291110291773,True,29.769282579421997,25.051440954208374,54.82072353363037,SUCCESS,False,False,True,0.0,
FashionMNIST,B5_fixed32,123,0.25,32,32,64,0.015417094950773277,0.016958804445850604,0.01509783966687261,0.014893722222775829,True,30.989827632904053,25.07490086555481,56.06472849845886,SUCCESS,False,False,True,0.0,
FashionMNIST,B5_fixed32,777,0.25,32,32,64,0.01578404609524474,0.017362450704769213,0.01538849655462771,0.01516810348406941,True,24.201728582382202,22.793286323547363,46.995014905929565,SUCCESS,False,False,True,0.0,
FashionMNIST,B5_fixed32,2024,0.25,32,32,64,0.015180009180185748,0.016698010098204322,0.015103627418985171,0.014968177432105654,True,34.83921408653259,30.687610626220703,65.5268247127533,SUCCESS,False,False,True,0.0,
FashionMNIST,B5_fixed32,31337,0.25,32,32,64,0.014913619372309471,0.016404981309540417,0.0149321843361368,0.014732205553119684,True,49.95530557632446,31.27903389930725,81.23433947563171,SUCCESS,False,False,True,0.0,
FashionMNIST,B6a_fondue,42,0.25,6,6,64,0.016659813082948022,0.018325794391242826,0.01589170993104273,0.01573723534824086,True,33.40781354904175,25.051440954208374,58.45925450325012,SUCCESS,False,False,True,4.162720680236816,
FashionMNIST,B6a_fondue,123,0.25,7,7,64,0.015417094950773277,0.016958804445850604,0.015158531344666774,0.01497330563084609,True,33.77833533287048,25.07490086555481,58.85323619842529,SUCCESS,False,False,True,4.162720680236816,
FashionMNIST,B6a_fondue,777,0.25,7,7,64,0.01578404609524474,0.017362450704769213,0.015153359549386161,0.014846508622980441,True,36.096320152282715,22.793286323547363,58.88960647583008,SUCCESS,False,False,True,4.162720680236816,
FashionMNIST,B6a_fondue,2024,0.25,7,7,64,0.015180009180185748,0.016698010098204322,0.01612781945053412,0.015944618899806015,True,28.34532141685486,30.687610626220703,59.03293204307556,SUCCESS,False,False,True,4.162720680236816,
FashionMNIST,B6a_fondue,31337,0.25,7,7,64,0.014913619372309471,0.016404981309540417,0.015936379257513553,0.01579496588674532,True,38.15052127838135,31.27903389930725,69.4295551776886,SUCCESS,False,False,True,4.162720680236816,
FashionMNIST,B6b_fondue_var,42,0.25,74,74,64,0.016659813082948022,0.018325794391242826,0.015395895198899872,0.015227104135111075,True,37.94975924491882,25.051440954208374,63.0012001991272,SUCCESS,False,False,False,4.162720680236816,
FashionMNIST,B6b_fondue_var,123,0.25,49,49,64,0.015417094950773277,0.016958804445850604,0.01525959061603157,0.015025665075600552,True,31.208186626434326,25.07490086555481,56.283087491989136,SUCCESS,False,False,True,4.162720680236816,
FashionMNIST,B6b_fondue_var,777,0.25,83,83,64,0.01578404609524474,0.017362450704769213,0.01599140369648836,0.01576419316505899,True,23.103509664535522,22.793286323547363,45.896795988082886,SUCCESS,False,False,False,4.162720680236816,
FashionMNIST,B6b_fondue_var,2024,0.25,82,82,64,0.015180009180185748,0.016698010098204322,0.015313069869060907,0.01514827162554475,True,34.22301959991455,30.687610626220703,64.91063022613525,SUCCESS,False,False,False,4.162720680236816,
FashionMNIST,B6b_fondue_var,31337,0.25,49,49,64,0.014913619372309471,0.016404981309540417,0.01529685507015306,0.015073665073939731,True,34.654046058654785,31.27903389930725,65.93307995796204,SUCCESS,False,False,True,4.162720680236816,
FashionMNIST,B6b_fondue_var_keepmixed_false,42,0.25,3,3,64,0.016659813082948022,0.018325794391242826,0.02095703125,0.020762250212585036,False,33.32674479484558,25.051440954208374,58.378185749053955,SUCCESS,False,False,True,4.162720680236816,
FashionMNIST,B6b_fondue_var_keepmixed_false,123,0.25,3,3,64,0.015417094950773277,0.016958804445850604,0.02129556149852519,0.021144900782578656,False,22.66853427886963,25.07490086555481,47.74343514442444,SUCCESS,False,False,True,4.162720680236816,
FashionMNIST,B6b_fondue_var_keepmixed_false,777,0.25,1,1,64,0.01578404609524474,0.017362450704769213,0.035152553636200574,0.03488896957708865,False,50.95532822608948,22.793286323547363,73.74861454963684,SUCCESS,False,False,True,4.162720680236816,
FashionMNIST,B6b_fondue_var_keepmixed_false,2024,0.25,3,3,64,0.015180009180185748,0.016698010098204322,0.020873133756676498,0.02057627941313244,False,42.65941405296326,30.687610626220703,73.34702467918396,SUCCESS,False,False,True,4.162720680236816,
FashionMNIST,B6b_fondue_var_keepmixed_false,31337,0.25,1,1,64,0.014913619372309471,0.016404981309540417,0.03523228049764828,0.03586586922366603,False,48.407437324523926,31.27903389930725,79.68647122383118,SUCCESS,False,False,True,4.162720680236816,
FashionMNIST,proposed,42,0.25,10,10,64,0.016659813082948022,0.018325794391242826,0.015153926304408483,0.01485738201530612,True,316.7501118183136,0.0,316.7501118183136,ID_UNRELIABLE,True,False,True,0.0,
FashionMNIST,proposed,123,0.25,64,64,64,0.015417094950773277,0.016958804445850604,0.015417094950773277,0.015223048203656461,True,295.4834816455841,0.0,295.4834816455841,ID_UNRELIABLE,True,False,False,0.0,
FashionMNIST,proposed,777,0.25,10,10,64,0.01578404609524474,0.017362450704769213,0.015370664012675382,0.01519858929900085,True,316.30628299713135,0.0,316.30628299713135,ID_UNRELIABLE,True,False,True,0.0,
FashionMNIST,proposed,2024,0.25,64,64,64,0.015180009180185748,0.016698010098204322,0.015180009180185748,0.01496850835060587,True,329.0485854148865,0.0,329.0485854148865,ID_UNRELIABLE,True,False,False,0.0,
FashionMNIST,proposed,31337,0.25,64,64,64,0.014913619372309471,0.016404981309540417,0.014913619372309471,0.01463666871778008,True,334.3541715145111,0.0,334.3541715145111,ID_UNRELIABLE,True,False,False,0.0,
FashionMNIST,proposed_minus_AU,42,0.25,10,10,64,0.016659813082948022,0.018325794391242826,0.015153926304408483,0.01485738201530612,True,316.7501118183136,0.0,316.7501118183136,ID_UNRELIABLE,True,False,True,0.0,
FashionMNIST,proposed_minus_AU,123,0.25,64,64,64,0.015417094950773277,0.016958804445850604,0.015417094950773277,0.015223048203656461,True,295.4834816455841,0.0,295.4834816455841,ID_UNRELIABLE,True,False,False,0.0,
FashionMNIST,proposed_minus_AU,777,0.25,10,10,64,0.01578404609524474,0.017362450704769213,0.015370664012675382,0.01519858929900085,True,316.30628299713135,0.0,316.30628299713135,ID_UNRELIABLE,True,False,True,0.0,
FashionMNIST,proposed_minus_AU,2024,0.25,64,64,64,0.015180009180185748,0.016698010098204322,0.015180009180185748,0.01496850835060587,True,329.0485854148865,0.0,329.0485854148865,ID_UNRELIABLE,True,False,False,0.0,
FashionMNIST,proposed_minus_AU,31337,0.25,64,64,64,0.014913619372309471,0.016404981309540417,0.014913619372309471,0.01463666871778008,True,334.3541715145111,0.0,334.3541715145111,ID_UNRELIABLE,True,False,False,0.0,
FashionMNIST,ascending_scan_Q,42,0.25,6,6,64,0.016659813082948022,0.018325794391242826,0.01589170993104273,0.01573723534824086,True,107.42989921569824,0.0,107.42989921569824,SUCCESS,False,False,True,0.0,
FashionMNIST,ascending_scan_Q,123,0.25,6,6,64,0.015417094950773277,0.016958804445850604,0.01651782008579799,0.016278564453125,True,97.72594404220581,0.0,97.72594404220581,SUCCESS,False,False,True,0.0,
FashionMNIST,ascending_scan_Q,777,0.25,6,6,64,0.01578404609524474,0.017362450704769213,0.01599206387266821,0.015808724539620535,True,113.3151752948761,0.0,113.3151752948761,SUCCESS,False,False,True,0.0,
FashionMNIST,ascending_scan_Q,2024,0.25,6,6,64,0.015180009180185748,0.016698010098204322,0.016437609614158164,0.016248694179820368,True,112.7492368221283,0.0,112.7492368221283,SUCCESS,False,False,True,0.0,
FashionMNIST,ascending_scan_Q,31337,0.25,6,6,64,0.014913619372309471,0.016404981309540417,0.016240782445790816,0.0159902516060135,True,131.05301308631897,0.0,131.05301308631897,SUCCESS,False,False,True,0.0,
FashionMNIST,B4_plus_Q,42,0.25,10,10,64,0.016659813082948022,0.018325794391242826,0.015153926304408483,0.01485738201530612,True,109.62850546836853,0.0,109.62850546836853,SUCCESS,False,False,True,0.0,
FashionMNIST,B4_plus_Q,123,0.25,64,64,64,0.015417094950773277,0.016958804445850604,0.015417094950773277,0.015223048203656461,True,88.36187529563904,0.0,88.36187529563904,NO_COMPACT_ALTERNATIVE_FOUND,False,False,False,0.0,
FashionMNIST,B4_plus_Q,777,0.25,10,10,64,0.01578404609524474,0.017362450704769213,0.015370664012675382,0.01519858929900085,True,109.18467664718628,0.0,109.18467664718628,SUCCESS,False,False,True,0.0,
FashionMNIST,B4_plus_Q,2024,0.25,64,64,64,0.015180009180185748,0.016698010098204322,0.015180009180185748,0.01496850835060587,True,121.9269790649414,0.0,121.9269790649414,NO_COMPACT_ALTERNATIVE_FOUND,False,False,False,0.0,
FashionMNIST,B4_plus_Q,31337,0.25,64,64,64,0.014913619372309471,0.016404981309540417,0.014913619372309471,0.01463666871778008,True,127.23256516456604,0.0,127.23256516456604,NO_COMPACT_ALTERNATIVE_FOUND,False,False,False,0.0,
FashionMNIST,B6a_plus_Q,42,0.25,6,6,64,0.016659813082948022,0.018325794391242826,0.01589170993104273,0.01573723534824086,True,58.45925450325012,0.0,58.45925450325012,SUCCESS,False,False,True,4.162720680236816,
FashionMNIST,B6a_plus_Q,123,0.25,8,8,64,0.015417094950773277,0.016958804445850604,0.0158434392189493,0.015629469683381168,True,58.171364545822144,0.0,58.171364545822144,SUCCESS,False,False,True,4.162720680236816,
FashionMNIST,B6a_plus_Q,777,0.25,8,8,64,0.01578404609524474,0.017362450704769213,0.0158033761783522,0.015607790161963222,True,57.22161054611206,0.0,57.22161054611206,SUCCESS,False,False,True,4.162720680236816,
FashionMNIST,B6a_plus_Q,2024,0.25,8,8,64,0.015180009180185748,0.016698010098204322,0.015493738914022639,0.01528398018142804,True,55.701146602630615,0.0,55.701146602630615,SUCCESS,False,False,True,4.162720680236816,
FashionMNIST,B6a_plus_Q,31337,0.25,8,8,64,0.014913619372309471,0.016404981309540417,0.015092912323620854,0.014862780512595663,True,65.07143688201904,0.0,65.07143688201904,SUCCESS,False,False,True,4.162720680236816,
FashionMNIST,B6b_plus_Q,42,0.25,64,64,64,0.016659813082948022,0.018325794391242826,0.016659813082948022,0.01640870697644292,True,25.983859062194824,0.0,25.983859062194824,NO_COMPACT_ALTERNATIVE_FOUND,False,False,False,4.162720680236816,
FashionMNIST,B6b_plus_Q,123,0.25,64,64,64,0.015417094950773277,0.016958804445850604,0.015417094950773277,0.015223048203656461,True,25.682194709777832,0.0,25.682194709777832,NO_COMPACT_ALTERNATIVE_FOUND,False,False,False,4.162720680236816,
FashionMNIST,B6b_plus_Q,777,0.25,64,64,64,0.01578404609524474,0.017362450704769213,0.01578404609524474,0.015555732986553996,True,23.7822847366333,0.0,23.7822847366333,NO_COMPACT_ALTERNATIVE_FOUND,False,False,False,4.162720680236816,
FashionMNIST,B6b_plus_Q,2024,0.25,64,64,64,0.015180009180185748,0.016698010098204322,0.015180009180185748,0.01496850835060587,True,31.647276163101196,0.0,31.647276163101196,NO_COMPACT_ALTERNATIVE_FOUND,False,False,False,4.162720680236816,
FashionMNIST,B6b_plus_Q,31337,0.25,64,64,64,0.014913619372309471,0.016404981309540417,0.014913619372309471,0.01463666871778008,True,31.917790174484253,0.0,31.917790174484253,NO_COMPACT_ALTERNATIVE_FOUND,False,False,False,4.162720680236816,
FashionMNIST,B1_full_mse,42,0.5,12,12,64,0.018146016957808514,0.019960618653589366,0.016410537719726562,0.016236837581712373,True,473.00548338890076,0.0,473.00548338890076,SUCCESS,False,False,True,0.0,
FashionMNIST,B1_full_mse,123,0.5,10,10,64,0.017321104400011958,0.019053214840013155,0.016269156319754466,0.016161972149699725,True,398.4369297027588,0.0,398.4369297027588,SUCCESS,False,False,True,0.0,
FashionMNIST,B1_full_mse,777,0.5,16,16,64,0.01758931405203683,0.019348245457240516,0.01631987030652105,0.01612428211030506,True,429.6774926185608,0.0,429.6774926185608,SUCCESS,False,False,True,0.0,
FashionMNIST,B1_full_mse,2024,0.5,16,16,64,0.016746693825235172,0.01842136320775869,0.016358811359016262,0.016215833599064623,True,417.2781069278717,0.0,417.2781069278717,SUCCESS,False,False,True,0.0,
FashionMNIST,B1_full_mse,31337,0.5,24,24,64,0.017235061022700095,0.018958567124970103,0.01620310538155692,0.016014828636532735,True,489.68001532554626,0.0,489.68001532554626,SUCCESS,False,False,True,0.0,
FashionMNIST,B2_full_elbo,42,0.5,32,32,64,0.018146016957808514,0.019960618653589366,0.016817636295240752,0.01655308148650085,True,473.00548338890076,0.0,473.00548338890076,SUCCESS,False,False,True,0.0,
FashionMNIST,B2_full_elbo,123,0.5,20,20,64,0.017321104400011958,0.019053214840013155,0.017647408933055643,0.01741549973260789,True,398.4369297027588,0.0,398.4369297027588,SUCCESS,False,False,True,0.0,
FashionMNIST,B2_full_elbo,777,0.5,12,12,64,0.01758931405203683,0.019348245457240516,0.016959638945910398,0.01669138818857621,True,429.6774926185608,0.0,429.6774926185608,SUCCESS,False,False,True,0.0,
FashionMNIST,B2_full_elbo,2024,0.5,16,16,64,0.016746693825235172,0.01842136320775869,0.016358811359016262,0.016215833599064623,True,417.2781069278717,0.0,417.2781069278717,SUCCESS,False,False,True,0.0,
FashionMNIST,B2_full_elbo,31337,0.5,48,48,64,0.017235061022700095,0.018958567124970103,0.01633135737205038,0.016113330659412204,True,489.68001532554626,0.0,489.68001532554626,SUCCESS,False,False,True,0.0,
FashionMNIST,B3_full_downstream,42,0.5,64,64,64,0.018146016957808514,0.019960618653589366,0.018146016957808514,0.01789013879477572,True,570.690591096878,0.0,570.690591096878,SUCCESS,False,False,False,0.0,
FashionMNIST,B3_full_downstream,123,0.5,64,64,64,0.017321104400011958,0.019053214840013155,0.017321104400011958,0.017083328766076745,True,504.2242829799652,0.0,504.2242829799652,SUCCESS,False,False,False,0.0,
FashionMNIST,B3_full_downstream,777,0.5,64,64,64,0.01758931405203683,0.019348245457240516,0.01758931405203683,0.0173257464973294,True,526.8308429718018,0.0,526.8308429718018,SUCCESS,False,False,False,0.0,
FashionMNIST,B3_full_downstream,2024,0.5,64,64,64,0.016746693825235172,0.01842136320775869,0.016746693825235172,0.016611688938270617,True,514.3109624385834,0.0,514.3109624385834,SUCCESS,False,False,False,0.0,
FashionMNIST,B3_full_downstream,31337,0.5,64,64,64,0.017235061022700095,0.018958567124970103,0.017235061022700095,0.016989393169377125,True,580.0821530818939,0.0,580.0821530818939,SUCCESS,False,False,False,0.0,
FashionMNIST,B4_coarse,42,0.5,10,10,64,0.018146016957808514,0.019960618653589366,0.017486363936443716,0.01733618620788159,True,144.2648582458496,0.0,144.2648582458496,SUCCESS,False,False,True,0.0,
FashionMNIST,B4_coarse,123,0.5,10,10,64,0.017321104400011958,0.019053214840013155,0.016269156319754466,0.016161972149699725,True,134.9480016231537,0.0,134.9480016231537,SUCCESS,False,False,True,0.0,
FashionMNIST,B4_coarse,777,0.5,10,10,64,0.01758931405203683,0.019348245457240516,0.016556389633490112,0.01632601866430166,True,159.8531711101532,0.0,159.8531711101532,SUCCESS,False,False,True,0.0,
FashionMNIST,B4_coarse,2024,0.5,10,10,64,0.016746693825235172,0.01842136320775869,0.016437964925960617,0.016225527808779765,True,114.48629689216614,0.0,114.48629689216614,SUCCESS,False,False,True,0.0,
FashionMNIST,B4_coarse,31337,0.5,10,10,64,0.017235061022700095,0.018958567124970103,0.01709591363400829,0.016779764811197917,True,177.04983353614807,0.0,177.04983353614807,SUCCESS,False,False,True,0.0,
FashionMNIST,B5_fixed32,42,0.5,32,32,64,0.018146016957808514,0.019960618653589366,0.016817636295240752,0.01655308148650085,True,37.53064775466919,29.465437412261963,66.99608516693115,SUCCESS,False,False,True,0.0,
FashionMNIST,B5_fixed32,123,0.5,32,32,64,0.017321104400011958,0.019053214840013155,0.017337594791334503,0.01716392963435374,True,33.869810342788696,36.22773098945618,70.09754133224487,SUCCESS,False,False,True,0.0,
FashionMNIST,B5_fixed32,777,0.5,32,32,64,0.01758931405203683,0.019348245457240516,0.016874568082848374,0.016573559404230442,True,33.7574200630188,34.40027332305908,68.15769338607788,SUCCESS,False,False,True,0.0,
FashionMNIST,B5_fixed32,2024,0.5,32,32,64,0.016746693825235172,0.01842136320775869,0.017398681640625,0.017172887892950146,True,31.471117973327637,34.76712465286255,66.23824262619019,SUCCESS,False,False,True,0.0,
FashionMNIST,B5_fixed32,31337,0.5,32,32,64,0.017235061022700095,0.018958567124970103,0.017011483328683033,0.01669231264283057,True,36.74288606643677,34.648279428482056,71.39116549491882,SUCCESS,False,False,True,0.0,
FashionMNIST,B6a_fondue,42,0.5,6,6,64,0.018146016957808514,0.019960618653589366,0.01647084294533243,0.016238632928757445,True,35.0847909450531,29.465437412261963,64.55022835731506,SUCCESS,False,False,True,3.64414119720459,
FashionMNIST,B6a_fondue,123,0.5,7,7,64,0.017321104400011958,0.019053214840013155,0.017085310021225285,0.016923035083173894,True,45.8035786151886,36.22773098945618,82.03130960464478,SUCCESS,False,False,True,3.64414119720459,
FashionMNIST,B6a_fondue,777,0.5,6,6,64,0.01758931405203683,0.019348245457240516,0.019105410517478476,0.018927551477133823,True,27.01358723640442,34.40027332305908,61.4138605594635,SUCCESS,False,False,True,3.64414119720459,
FashionMNIST,B6a_fondue,2024,0.5,7,7,64,0.016746693825235172,0.01842136320775869,0.017603957818478955,0.017364942070578232,True,32.619086265563965,34.76712465286255,67.38621091842651,SUCCESS,False,False,True,3.64414119720459,
FashionMNIST,B6a_fondue,31337,0.5,6,6,64,0.017235061022700095,0.018958567124970103,0.017006114726163903,0.016830617061277635,True,24.55757784843445,34.648279428482056,59.205857276916504,SUCCESS,False,False,True,3.64414119720459,
FashionMNIST,B6b_fondue_var,42,0.5,24,24,64,0.018146016957808514,0.019960618653589366,0.01749283397441008,0.017195890673163794,True,36.684950828552246,29.465437412261963,66.15038824081421,SUCCESS,False,False,True,3.64414119720459,
FashionMNIST,B6b_fondue_var,123,0.5,35,35,64,0.017321104400011958,0.019053214840013155,0.017009200426996968,0.016717806446308988,True,33.8181848526001,36.22773098945618,70.04591584205627,SUCCESS,False,False,True,3.64414119720459,
FashionMNIST,B6b_fondue_var,777,0.5,42,42,64,0.01758931405203683,0.019348245457240516,0.017229577823561066,0.016992260991310588,True,25.355364084243774,34.40027332305908,59.755637407302856,SUCCESS,False,False,True,3.64414119720459,
FashionMNIST,B6b_fondue_var,2024,0.5,24,24,64,0.016746693825235172,0.01842136320775869,0.01696336862992267,0.016763632430511266,True,27.351600646972656,34.76712465286255,62.118725299835205,SUCCESS,False,False,True,3.64414119720459,
FashionMNIST,B6b_fondue_var,31337,0.5,24,24,64,0.017235061022700095,0.018958567124970103,0.01620310538155692,0.016014828636532735,True,43.29699945449829,34.648279428482056,77.94527888298035,SUCCESS,False,False,True,3.64414119720459,
FashionMNIST,B6b_fondue_var_keepmixed_false,42,0.5,2,2,64,0.018146016957808514,0.019960618653589366,0.025592299480827488,0.0253329127305219,False,42.93036723136902,29.465437412261963,72.39580464363098,SUCCESS,False,False,True,3.64414119720459,
FashionMNIST,B6b_fondue_var_keepmixed_false,123,0.5,1,1,64,0.017321104400011958,0.019053214840013155,0.03535464975785236,0.0353187563111182,False,46.06532669067383,36.22773098945618,82.29305768013,SUCCESS,False,False,True,3.64414119720459,
FashionMNIST,B6b_fondue_var_keepmixed_false,777,0.5,1,1,64,0.01758931405203683,0.019348245457240516,0.03389685743682238,0.033709757071774024,False,65.8671944141388,34.40027332305908,100.26746773719788,SUCCESS,False,False,True,3.64414119720459,
FashionMNIST,B6b_fondue_var_keepmixed_false,2024,0.5,1,1,64,0.016746693825235172,0.01842136320775869,0.03624245530731824,0.036209208585778065,False,37.54189395904541,34.76712465286255,72.30901861190796,SUCCESS,False,False,True,3.64414119720459,
FashionMNIST,B6b_fondue_var_keepmixed_false,31337,0.5,0,,64,0.017235061022700095,0.018958567124970103,,,False,0.32193613052368164,34.648279428482056,34.97021555900574,DEGENERATE_SELECTION,False,False,False,3.64414119720459,
FashionMNIST,proposed,42,0.5,10,10,64,0.018146016957808514,0.019960618653589366,0.017486363936443716,0.01733618620788159,True,351.3864645957947,0.0,351.3864645957947,ID_UNRELIABLE,True,False,True,0.0,
FashionMNIST,proposed,123,0.5,10,10,64,0.017321104400011958,0.019053214840013155,0.016269156319754466,0.016161972149699725,True,342.06960797309875,0.0,342.06960797309875,ID_UNRELIABLE,True,False,True,0.0,
FashionMNIST,proposed,777,0.5,10,10,64,0.01758931405203683,0.019348245457240516,0.016556389633490112,0.01632601866430166,True,366.97477746009827,0.0,366.97477746009827,ID_UNRELIABLE,True,False,True,0.0,
FashionMNIST,proposed,2024,0.5,10,10,64,0.016746693825235172,0.01842136320775869,0.016437964925960617,0.016225527808779765,True,321.6079032421112,0.0,321.6079032421112,ID_UNRELIABLE,True,False,True,0.0,
FashionMNIST,proposed,31337,0.5,10,10,64,0.017235061022700095,0.018958567124970103,0.01709591363400829,0.016779764811197917,True,384.17143988609314,0.0,384.17143988609314,ID_UNRELIABLE,True,False,True,0.0,
FashionMNIST,proposed_minus_AU,42,0.5,10,10,64,0.018146016957808514,0.019960618653589366,0.017486363936443716,0.01733618620788159,True,351.3864645957947,0.0,351.3864645957947,ID_UNRELIABLE,True,False,True,0.0,
FashionMNIST,proposed_minus_AU,123,0.5,10,10,64,0.017321104400011958,0.019053214840013155,0.016269156319754466,0.016161972149699725,True,342.06960797309875,0.0,342.06960797309875,ID_UNRELIABLE,True,False,True,0.0,
FashionMNIST,proposed_minus_AU,777,0.5,10,10,64,0.01758931405203683,0.019348245457240516,0.016556389633490112,0.01632601866430166,True,366.97477746009827,0.0,366.97477746009827,ID_UNRELIABLE,True,False,True,0.0,
FashionMNIST,proposed_minus_AU,2024,0.5,10,10,64,0.016746693825235172,0.01842136320775869,0.016437964925960617,0.016225527808779765,True,321.6079032421112,0.0,321.6079032421112,ID_UNRELIABLE,True,False,True,0.0,
FashionMNIST,proposed_minus_AU,31337,0.5,10,10,64,0.017235061022700095,0.018958567124970103,0.01709591363400829,0.016779764811197917,True,384.17143988609314,0.0,384.17143988609314,ID_UNRELIABLE,True,False,True,0.0,
FashionMNIST,ascending_scan_Q,42,0.5,4,4,64,0.018146016957808514,0.019960618653589366,0.018894278078663108,0.01870979859228848,True,103.86961650848389,0.0,103.86961650848389,SUCCESS,False,False,True,0.0,
FashionMNIST,ascending_scan_Q,123,0.5,4,4,64,0.017321104400011958,0.019053214840013155,0.01897713112344547,0.018666560166547087,True,98.55628561973572,0.0,98.55628561973572,SUCCESS,False,False,True,0.0,
FashionMNIST,ascending_scan_Q,777,0.5,6,6,64,0.01758931405203683,0.019348245457240516,0.019105410517478476,0.018927551477133823,True,140.4898226261139,0.0,140.4898226261139,SUCCESS,False,False,True,0.0,
FashionMNIST,ascending_scan_Q,2024,0.5,6,6,64,0.016746693825235172,0.01842136320775869,0.017394511631556916,0.017126018913424745,True,121.7393000125885,0.0,121.7393000125885,SUCCESS,False,False,True,0.0,
FashionMNIST,ascending_scan_Q,31337,0.5,4,4,64,0.017235061022700095,0.018958567124970103,0.018748449520188934,0.01848271957708865,True,125.5118625164032,0.0,125.5118625164032,SUCCESS,False,False,True,0.0,
FashionMNIST,B4_plus_Q,42,0.5,10,10,64,0.018146016957808514,0.019960618653589366,0.017486363936443716,0.01733618620788159,True,144.2648582458496,0.0,144.2648582458496,SUCCESS,False,False,True,0.0,
FashionMNIST,B4_plus_Q,123,0.5,10,10,64,0.017321104400011958,0.019053214840013155,0.016269156319754466,0.016161972149699725,True,134.9480016231537,0.0,134.9480016231537,SUCCESS,False,False,True,0.0,
FashionMNIST,B4_plus_Q,777,0.5,10,10,64,0.01758931405203683,0.019348245457240516,0.016556389633490112,0.01632601866430166,True,159.8531711101532,0.0,159.8531711101532,SUCCESS,False,False,True,0.0,
FashionMNIST,B4_plus_Q,2024,0.5,10,10,64,0.016746693825235172,0.01842136320775869,0.016437964925960617,0.016225527808779765,True,114.48629689216614,0.0,114.48629689216614,SUCCESS,False,False,True,0.0,
FashionMNIST,B4_plus_Q,31337,0.5,10,10,64,0.017235061022700095,0.018958567124970103,0.01709591363400829,0.016779764811197917,True,177.04983353614807,0.0,177.04983353614807,SUCCESS,False,False,True,0.0,
FashionMNIST,B6a_plus_Q,42,0.5,6,6,64,0.018146016957808514,0.019960618653589366,0.01647084294533243,0.016238632928757445,True,64.55022835731506,0.0,64.55022835731506,SUCCESS,False,False,True,3.64414119720459,
FashionMNIST,B6a_plus_Q,123,0.5,8,8,64,0.017321104400011958,0.019053214840013155,0.016395687492526307,0.01619684585259885,True,69.32365822792053,0.0,69.32365822792053,SUCCESS,False,False,True,3.64414119720459,
FashionMNIST,B6a_plus_Q,777,0.5,6,6,64,0.01758931405203683,0.019348245457240516,0.019105410517478476,0.018927551477133823,True,61.4138605594635,0.0,61.4138605594635,SUCCESS,False,False,True,3.64414119720459,
FashionMNIST,B6a_plus_Q,2024,0.5,8,8,64,0.016746693825235172,0.01842136320775869,0.017344455329739317,0.01704498643939998,True,70.44891810417175,0.0,70.44891810417175,SUCCESS,False,False,True,3.64414119720459,
FashionMNIST,B6a_plus_Q,31337,0.5,6,6,64,0.017235061022700095,0.018958567124970103,0.017006114726163903,0.016830617061277635,True,59.205857276916504,0.0,59.205857276916504,SUCCESS,False,False,True,3.64414119720459,
FashionMNIST,B6b_plus_Q,42,0.5,24,24,64,0.018146016957808514,0.019960618653589366,0.01749283397441008,0.017195890673163794,True,66.15038824081421,0.0,66.15038824081421,SUCCESS,False,False,True,3.64414119720459,
FashionMNIST,B6b_plus_Q,123,0.5,48,48,64,0.017321104400011958,0.019053214840013155,0.0173486216019611,0.017036902395235438,True,61.654250621795654,0.0,61.654250621795654,SUCCESS,False,False,True,3.64414119720459,
FashionMNIST,B6b_plus_Q,777,0.5,48,48,64,0.01758931405203683,0.019348245457240516,0.017593348911830356,0.017414558254942602,True,71.42167162895203,0.0,71.42167162895203,SUCCESS,False,False,True,3.64414119720459,
FashionMNIST,B6b_plus_Q,2024,0.5,24,24,64,0.016746693825235172,0.01842136320775869,0.01696336862992267,0.016763632430511266,True,62.118725299835205,0.0,62.118725299835205,SUCCESS,False,False,True,3.64414119720459,
FashionMNIST,B6b_plus_Q,31337,0.5,24,24,64,0.017235061022700095,0.018958567124970103,0.01620310538155692,0.016014828636532735,True,77.94527888298035,0.0,77.94527888298035,SUCCESS,False,False,True,3.64414119720459,
FashionMNIST,B1_full_mse,42,1.0,48,48,64,0.01982781857860332,0.02181060043646365,0.018671814587651468,0.018397314992891687,True,647.4602501392365,0.0,647.4602501392365,SUCCESS,False,False,True,0.0,
FashionMNIST,B1_full_mse,123,1.0,6,6,64,0.01982075095663265,0.021802826052295915,0.01816831970214844,0.01791583334994154,True,577.5586862564087,0.0,577.5586862564087,SUCCESS,False,False,True,0.0,
FashionMNIST,B1_full_mse,777,1.0,24,24,64,0.01943084062848772,0.021373924691336494,0.01823275476572465,0.017939993722098212,True,683.5152037143707,0.0,683.5152037143707,SUCCESS,False,False,True,0.0,
FashionMNIST,B1_full_mse,2024,1.0,20,20,64,0.019678227638711732,0.021646050402582905,0.018271047786790496,0.01806087177302562,True,640.3038945198059,0.0,640.3038945198059,SUCCESS,False,False,True,0.0,
FashionMNIST,B1_full_mse,31337,1.0,16,16,64,0.019637366781429372,0.02160110345957231,0.01831573455187739,0.018072209987510628,True,676.6077723503113,0.0,676.6077723503113,SUCCESS,False,False,True,0.0,
FashionMNIST,B2_full_elbo,42,1.0,20,20,64,0.01982781857860332,0.02181060043646365,0.018795215840242345,0.01857273833605708,True,647.4602501392365,0.0,647.4602501392365,SUCCESS,False,False,True,0.0,
FashionMNIST,B2_full_elbo,123,1.0,6,6,64,0.01982075095663265,0.021802826052295915,0.01816831970214844,0.01791583334994154,True,577.5586862564087,0.0,577.5586862564087,SUCCESS,False,False,True,0.0,
FashionMNIST,B2_full_elbo,777,1.0,24,24,64,0.01943084062848772,0.021373924691336494,0.01823275476572465,0.017939993722098212,True,683.5152037143707,0.0,683.5152037143707,SUCCESS,False,False,True,0.0,
FashionMNIST,B2_full_elbo,2024,1.0,20,20,64,0.019678227638711732,0.021646050402582905,0.018271047786790496,0.01806087177302562,True,640.3038945198059,0.0,640.3038945198059,SUCCESS,False,False,True,0.0,
FashionMNIST,B2_full_elbo,31337,1.0,8,8,64,0.019637366781429372,0.02160110345957231,0.018353603129484215,0.01811924691751701,True,676.6077723503113,0.0,676.6077723503113,SUCCESS,False,False,True,0.0,
FashionMNIST,B3_full_downstream,42,1.0,48,48,64,0.01982781857860332,0.02181060043646365,0.018671814587651468,0.018397314992891687,True,756.2783899307251,0.0,756.2783899307251,SUCCESS,False,False,True,0.0,
FashionMNIST,B3_full_downstream,123,1.0,64,64,64,0.01982075095663265,0.021802826052295915,0.01982075095663265,0.019427575974237353,True,686.4680111408234,0.0,686.4680111408234,SUCCESS,False,False,False,0.0,
FashionMNIST,B3_full_downstream,777,1.0,64,64,64,0.01943084062848772,0.021373924691336494,0.01943084062848772,0.019135664128932823,True,787.1248197555542,0.0,787.1248197555542,SUCCESS,False,False,False,0.0,
FashionMNIST,B3_full_downstream,2024,1.0,64,64,64,0.019678227638711732,0.021646050402582905,0.019678227638711732,0.01937497716371705,True,739.945455789566,0.0,739.945455789566,SUCCESS,False,False,False,0.0,
FashionMNIST,B3_full_downstream,31337,1.0,48,48,64,0.019637366781429372,0.02160110345957231,0.01893683390714684,0.018619329543340776,True,780.4039881229401,0.0,780.4039881229401,SUCCESS,False,False,True,0.0,
FashionMNIST,B4_coarse,42,1.0,4,4,64,0.01982781857860332,0.02181060043646365,0.01915222728495695,0.018750815878109055,True,252.33272981643677,0.0,252.33272981643677,SUCCESS,False,False,True,0.0,
FashionMNIST,B4_coarse,123,1.0,4,4,64,0.01982075095663265,0.021802826052295915,0.01954606099031409,0.01919929680856718,True,197.36998391151428,0.0,197.36998391151428,SUCCESS,False,False,True,0.0,
FashionMNIST,B4_coarse,777,1.0,10,10,64,0.01943084062848772,0.021373924691336494,0.018477792856644613,0.018287376767113093,True,272.9481601715088,0.0,272.9481601715088,SUCCESS,False,False,True,0.0,
FashionMNIST,B4_coarse,2024,1.0,4,4,64,0.019678227638711732,0.021646050402582905,0.019670929889289698,0.019370610243609164,True,245.44613122940063,0.0,245.44613122940063,SUCCESS,False,False,True,0.0,
FashionMNIST,B4_coarse,31337,1.0,10,10,64,0.019637366781429372,0.02160110345957231,0.018321445075833064,0.018033301113414116,True,279.9371106624603,0.0,279.9371106624603,SUCCESS,False,False,True,0.0,
FashionMNIST,B5_fixed32,42,1.0,32,32,64,0.01982781857860332,0.02181060043646365,0.019594838979292893,0.019266395828350873,True,42.94869518280029,53.408743143081665,96.35743832588196,SUCCESS,False,False,True,0.0,
FashionMNIST,B5_fixed32,123,1.0,32,32,64,0.01982075095663265,0.021802826052295915,0.019185415773975607,0.018931030896245215,True,35.13328790664673,43.8092725276947,78.94256043434143,SUCCESS,False,False,True,0.0,
FashionMNIST,B5_fixed32,777,1.0,32,32,64,0.01943084062848772,0.021373924691336494,0.019311473301478792,0.01903470471440529,True,57.2039737701416,66.28704190254211,123.49101567268372,SUCCESS,False,False,True,0.0,
FashionMNIST,B5_fixed32,2024,1.0,32,32,64,0.019678227638711732,0.021646050402582905,0.01972168778400032,0.019489889547127444,True,34.09817600250244,50.94355344772339,85.04172945022583,SUCCESS,False,False,True,0.0,
FashionMNIST,B5_fixed32,31337,1.0,32,32,64,0.019637366781429372,0.02160110345957231,0.018371025552555008,0.018145584417849168,True,53.93747162818909,55.783231019973755,109.72070264816284,SUCCESS,False,False,True,0.0,
FashionMNIST,B6a_fondue,42,1.0,7,7,64,0.01982781857860332,0.02181060043646365,0.01955919071119659,0.019289944603329612,True,37.06411051750183,53.408743143081665,90.4728536605835,SUCCESS,False,False,True,9.070326805114746,
FashionMNIST,B6a_fondue,123,1.0,7,7,64,0.01982075095663265,0.021802826052295915,0.019241082327706473,0.018954546662414962,True,47.65858221054077,43.8092725276947,91.46785473823547,SUCCESS,False,False,True,9.070326805114746,
FashionMNIST,B6a_fondue,777,1.0,7,7,64,0.01943084062848772,0.021373924691336494,0.01932130494409678,0.019008201132015307,True,38.47995662689209,66.28704190254211,104.7669985294342,SUCCESS,False,False,True,9.070326805114746,
FashionMNIST,B6a_fondue,2024,1.0,7,7,64,0.019678227638711732,0.021646050402582905,0.01918832708864796,0.018915619934497238,True,46.74920964241028,50.94355344772339,97.69276309013367,SUCCESS,False,False,True,9.070326805114746,
FashionMNIST,B6a_fondue,31337,1.0,6,6,64,0.019637366781429372,0.02160110345957231,0.019141339983258926,0.018884094653486394,True,59.68885803222656,55.783231019973755,115.47208905220032,SUCCESS,False,False,True,9.070326805114746,
FashionMNIST,B6b_fondue_var,42,1.0,20,20,64,0.01982781857860332,0.02181060043646365,0.018795215840242345,0.01857273833605708,True,33.76583981513977,53.408743143081665,87.17458295822144,SUCCESS,False,False,True,9.070326805114746,
FashionMNIST,B6b_fondue_var,123,1.0,10,10,64,0.01982075095663265,0.021802826052295915,0.019613262254364636,0.019461505915842902,True,32.77372765541077,43.8092725276947,76.58300018310547,SUCCESS,False,False,True,9.070326805114746,
FashionMNIST,B6b_fondue_var,777,1.0,15,15,64,0.01943084062848772,0.021373924691336494,0.019496589504942603,0.01924230043579932,True,39.25222682952881,66.28704190254211,105.53926873207092,SUCCESS,False,False,True,9.070326805114746,
FashionMNIST,B6b_fondue_var,2024,1.0,12,12,64,0.019678227638711732,0.021646050402582905,0.018894378039301656,0.0185932467713648,True,43.00512433052063,50.94355344772339,93.94867777824402,SUCCESS,False,False,True,9.070326805114746,
FashionMNIST,B6b_fondue_var,31337,1.0,15,15,64,0.019637366781429372,0.02160110345957231,0.019120911890146686,0.018948882849038052,True,35.94676375389099,55.783231019973755,91.72999477386475,SUCCESS,False,False,True,9.070326805114746,
FashionMNIST,B6b_fondue_var_keepmixed_false,42,1.0,2,2,64,0.01982781857860332,0.02181060043646365,0.025399965870137115,0.025293382709529126,False,52.286325454711914,53.408743143081665,105.69506859779358,SUCCESS,False,False,True,9.070326805114746,
FashionMNIST,B6b_fondue_var_keepmixed_false,123,1.0,2,2,64,0.01982075095663265,0.021802826052295915,0.02534628607302296,0.02526577987151892,False,53.79847288131714,43.8092725276947,97.60774540901184,SUCCESS,False,False,True,9.070326805114746,
FashionMNIST,B6b_fondue_var_keepmixed_false,777,1.0,2,2,64,0.01943084062848772,0.021373924691336494,0.025585053113042093,0.0253471530213648,False,56.20196056365967,66.28704190254211,122.48900246620178,SUCCESS,False,False,True,9.070326805114746,
FashionMNIST,B6b_fondue_var_keepmixed_false,2024,1.0,2,2,64,0.019678227638711732,0.021646050402582905,0.025607196418606506,0.02519194061902105,False,90.19887638092041,50.94355344772339,141.1424298286438,SUCCESS,False,False,True,9.070326805114746,
FashionMNIST,B6b_fondue_var_keepmixed_false,31337,1.0,2,2,64,0.019637366781429372,0.02160110345957231,0.025519289600605868,0.025240471872342685,False,76.83462119102478,55.783231019973755,132.61785221099854,SUCCESS,False,False,True,9.070326805114746,
FashionMNIST,proposed,42,1.0,4,4,64,0.01982781857860332,0.02181060043646365,0.01915222728495695,0.018750815878109055,True,459.45433616638184,0.0,459.45433616638184,ID_UNRELIABLE,True,False,True,0.0,
FashionMNIST,proposed,123,1.0,4,4,64,0.01982075095663265,0.021802826052295915,0.01954606099031409,0.01919929680856718,True,404.49159026145935,0.0,404.49159026145935,ID_UNRELIABLE,True,False,True,0.0,
FashionMNIST,proposed,777,1.0,10,10,64,0.01943084062848772,0.021373924691336494,0.018477792856644613,0.018287376767113093,True,480.06976652145386,0.0,480.06976652145386,ID_UNRELIABLE,True,False,True,0.0,
FashionMNIST,proposed,2024,1.0,4,4,64,0.019678227638711732,0.021646050402582905,0.019670929889289698,0.019370610243609164,True,452.5677375793457,0.0,452.5677375793457,ID_UNRELIABLE,True,False,True,0.0,
FashionMNIST,proposed,31337,1.0,10,10,64,0.019637366781429372,0.02160110345957231,0.018321445075833064,0.018033301113414116,True,487.0587170124054,0.0,487.0587170124054,ID_UNRELIABLE,True,False,True,0.0,
FashionMNIST,proposed_minus_AU,42,1.0,4,4,64,0.01982781857860332,0.02181060043646365,0.01915222728495695,0.018750815878109055,True,459.45433616638184,0.0,459.45433616638184,ID_UNRELIABLE,True,False,True,0.0,
FashionMNIST,proposed_minus_AU,123,1.0,4,4,64,0.01982075095663265,0.021802826052295915,0.01954606099031409,0.01919929680856718,True,404.49159026145935,0.0,404.49159026145935,ID_UNRELIABLE,True,False,True,0.0,
FashionMNIST,proposed_minus_AU,777,1.0,10,10,64,0.01943084062848772,0.021373924691336494,0.018477792856644613,0.018287376767113093,True,480.06976652145386,0.0,480.06976652145386,ID_UNRELIABLE,True,False,True,0.0,
FashionMNIST,proposed_minus_AU,2024,1.0,4,4,64,0.019678227638711732,0.021646050402582905,0.019670929889289698,0.019370610243609164,True,452.5677375793457,0.0,452.5677375793457,ID_UNRELIABLE,True,False,True,0.0,
FashionMNIST,proposed_minus_AU,31337,1.0,10,10,64,0.019637366781429372,0.02160110345957231,0.018321445075833064,0.018033301113414116,True,487.0587170124054,0.0,487.0587170124054,ID_UNRELIABLE,True,False,True,0.0,
FashionMNIST,ascending_scan_Q,42,1.0,4,4,64,0.01982781857860332,0.02181060043646365,0.01915222728495695,0.018750815878109055,True,210.1895136833191,0.0,210.1895136833191,SUCCESS,False,False,True,0.0,
FashionMNIST,ascending_scan_Q,123,1.0,4,4,64,0.01982075095663265,0.021802826052295915,0.01954606099031409,0.01919929680856718,True,165.20254611968994,0.0,165.20254611968994,SUCCESS,False,False,True,0.0,
FashionMNIST,ascending_scan_Q,777,1.0,4,4,64,0.01943084062848772,0.021373924691336494,0.019139275375677615,0.018863277305551127,True,234.70831680297852,0.0,234.70831680297852,SUCCESS,False,False,True,0.0,
FashionMNIST,ascending_scan_Q,2024,1.0,4,4,64,0.019678227638711732,0.021646050402582905,0.019670929889289698,0.019370610243609164,True,215.50914025306702,0.0,215.50914025306702,SUCCESS,False,False,True,0.0,
FashionMNIST,ascending_scan_Q,31337,1.0,4,4,64,0.019637366781429372,0.02160110345957231,0.019404155809052134,0.019116301659824083,True,220.78410983085632,0.0,220.78410983085632,SUCCESS,False,False,True,0.0,
FashionMNIST,B4_plus_Q,42,1.0,4,4,64,0.01982781857860332,0.02181060043646365,0.01915222728495695,0.018750815878109055,True,252.33272981643677,0.0,252.33272981643677,SUCCESS,False,False,True,0.0,
FashionMNIST,B4_plus_Q,123,1.0,4,4,64,0.01982075095663265,0.021802826052295915,0.01954606099031409,0.01919929680856718,True,197.36998391151428,0.0,197.36998391151428,SUCCESS,False,False,True,0.0,
FashionMNIST,B4_plus_Q,777,1.0,10,10,64,0.01943084062848772,0.021373924691336494,0.018477792856644613,0.018287376767113093,True,272.9481601715088,0.0,272.9481601715088,SUCCESS,False,False,True,0.0,
FashionMNIST,B4_plus_Q,2024,1.0,4,4,64,0.019678227638711732,0.021646050402582905,0.019670929889289698,0.019370610243609164,True,245.44613122940063,0.0,245.44613122940063,SUCCESS,False,False,True,0.0,
FashionMNIST,B4_plus_Q,31337,1.0,10,10,64,0.019637366781429372,0.02160110345957231,0.018321445075833064,0.018033301113414116,True,279.9371106624603,0.0,279.9371106624603,SUCCESS,False,False,True,0.0,
FashionMNIST,B6a_plus_Q,42,1.0,8,8,64,0.01982781857860332,0.02181060043646365,0.019070591206453283,0.018849014178425275,True,122.17115592956543,0.0,122.17115592956543,SUCCESS,False,False,True,9.070326805114746,
FashionMNIST,B6a_plus_Q,123,1.0,8,8,64,0.01982075095663265,0.021802826052295915,0.01941372338119818,0.01917608393455038,True,86.05050325393677,0.0,86.05050325393677,SUCCESS,False,False,True,9.070326805114746,
FashionMNIST,B6a_plus_Q,777,1.0,8,8,64,0.01943084062848772,0.021373924691336494,0.018850272042410715,0.018564114109999467,True,99.38184976577759,0.0,99.38184976577759,SUCCESS,False,False,True,9.070326805114746,
FashionMNIST,B6a_plus_Q,2024,1.0,8,8,64,0.019678227638711732,0.021646050402582905,0.01853858511788505,0.018275905894584395,True,116.46328854560852,0.0,116.46328854560852,SUCCESS,False,False,True,9.070326805114746,
FashionMNIST,B6a_plus_Q,31337,1.0,6,6,64,0.019637366781429372,0.02160110345957231,0.019141339983258926,0.018884094653486394,True,115.47208905220032,0.0,115.47208905220032,SUCCESS,False,False,True,9.070326805114746,
FashionMNIST,B6b_plus_Q,42,1.0,20,20,64,0.01982781857860332,0.02181060043646365,0.018795215840242345,0.01857273833605708,True,87.17458295822144,0.0,87.17458295822144,SUCCESS,False,False,True,9.070326805114746,
FashionMNIST,B6b_plus_Q,123,1.0,10,10,64,0.01982075095663265,0.021802826052295915,0.019613262254364636,0.019461505915842902,True,76.58300018310547,0.0,76.58300018310547,SUCCESS,False,False,True,9.070326805114746,
FashionMNIST,B6b_plus_Q,777,1.0,16,16,64,0.01943084062848772,0.021373924691336494,0.01840796614666374,0.01816650328344228,True,117.8584532737732,0.0,117.8584532737732,SUCCESS,False,False,True,9.070326805114746,
FashionMNIST,B6b_plus_Q,2024,1.0,12,12,64,0.019678227638711732,0.021646050402582905,0.018894378039301656,0.0185932467713648,True,93.94867777824402,0.0,93.94867777824402,SUCCESS,False,False,True,9.070326805114746,
FashionMNIST,B6b_plus_Q,31337,1.0,16,16,64,0.019637366781429372,0.02160110345957231,0.01831573455187739,0.018072209987510628,True,116.15707778930664,0.0,116.15707778930664,SUCCESS,False,False,True,9.070326805114746,
FashionMNIST,B1_full_mse,42,2.0,10,10,64,0.021739823010503027,0.02391380531155333,0.021225272665218432,0.020947626853475766,True,629.6670815944672,0.0,629.6670815944672,SUCCESS,False,False,True,0.0,
FashionMNIST,B1_full_mse,123,2.0,10,10,64,0.02233436273068798,0.024567799003756777,0.02096080017089844,0.020616803642843854,True,603.0399243831635,0.0,603.0399243831635,SUCCESS,False,False,True,0.0,
FashionMNIST,B1_full_mse,777,2.0,6,6,64,0.02312323496293049,0.025435558459223538,0.020973756128427938,0.020636685118383295,True,571.872834444046,0.0,571.872834444046,SUCCESS,False,False,True,0.0,
FashionMNIST,B1_full_mse,2024,2.0,32,32,64,0.022170434757154814,0.024387478232870297,0.021262192083864793,0.021071750770620748,True,679.5504107475281,0.0,679.5504107475281,SUCCESS,False,False,True,0.0,
FashionMNIST,B1_full_mse,31337,2.0,6,6,64,0.022712848896882975,0.024984133786571272,0.020893895363321112,0.020624866096340882,True,631.6524798870087,0.0,631.6524798870087,SUCCESS,False,False,True,0.0,
FashionMNIST,B2_full_elbo,42,2.0,6,6,64,0.021739823010503027,0.02391380531155333,0.021263159927056758,0.02102206275576637,True,629.6670815944672,0.0,629.6670815944672,SUCCESS,False,False,True,0.0,
FashionMNIST,B2_full_elbo,123,2.0,10,10,64,0.02233436273068798,0.024567799003756777,0.02096080017089844,0.020616803642843854,True,603.0399243831635,0.0,603.0399243831635,SUCCESS,False,False,True,0.0,
FashionMNIST,B2_full_elbo,777,2.0,12,12,64,0.02312323496293049,0.025435558459223538,0.02113800827337771,0.02096401375491603,True,571.872834444046,0.0,571.872834444046,SUCCESS,False,False,True,0.0,
FashionMNIST,B2_full_elbo,2024,2.0,32,32,64,0.022170434757154814,0.024387478232870297,0.021262192083864793,0.021071750770620748,True,679.5504107475281,0.0,679.5504107475281,SUCCESS,False,False,True,0.0,
FashionMNIST,B2_full_elbo,31337,2.0,6,6,64,0.022712848896882975,0.024984133786571272,0.020893895363321112,0.020624866096340882,True,631.6524798870087,0.0,631.6524798870087,SUCCESS,False,False,True,0.0,
FashionMNIST,B3_full_downstream,42,2.0,32,32,64,0.021739823010503027,0.02391380531155333,0.02177498112892618,0.021516663843271683,True,734.8629140853882,0.0,734.8629140853882,SUCCESS,False,False,True,0.0,
FashionMNIST,B3_full_downstream,123,2.0,64,64,64,0.02233436273068798,0.024567799003756777,0.02233436273068798,0.022313049731611394,True,705.7366893291473,0.0,705.7366893291473,SUCCESS,False,False,False,0.0,
FashionMNIST,B3_full_downstream,777,2.0,48,48,64,0.02312323496293049,0.025435558459223538,0.022425580705915178,0.02219370274965455,True,680.2039897441864,0.0,680.2039897441864,SUCCESS,False,False,True,0.0,
FashionMNIST,B3_full_downstream,2024,2.0,64,64,64,0.022170434757154814,0.024387478232870297,0.022170434757154814,0.022125619901280823,True,781.6063735485077,0.0,781.6063735485077,SUCCESS,False,False,False,0.0,
FashionMNIST,B3_full_downstream,31337,2.0,64,64,64,0.022712848896882975,0.024984133786571272,0.022712848896882975,0.02257992076225021,True,735.5396237373352,0.0,735.5396237373352,SUCCESS,False,False,False,0.0,
FashionMNIST,B4_coarse,42,2.0,10,10,64,0.021739823010503027,0.02391380531155333,0.021225272665218432,0.020947626853475766,True,222.7851812839508,0.0,222.7851812839508,SUCCESS,False,False,True,0.0,
FashionMNIST,B4_coarse,123,2.0,10,10,64,0.02233436273068798,0.024567799003756777,0.02096080017089844,0.020616803642843854,True,179.61300706863403,0.0,179.61300706863403,SUCCESS,False,False,True,0.0,
FashionMNIST,B4_coarse,777,2.0,10,10,64,0.02312323496293049,0.025435558459223538,0.02146780893753986,0.021258657442469176,True,173.63443779945374,0.0,173.63443779945374,SUCCESS,False,False,True,0.0,
FashionMNIST,B4_coarse,2024,2.0,10,10,64,0.022170434757154814,0.024387478232870297,0.0215786170180963,0.021361507286019873,True,253.8031406402588,0.0,253.8031406402588,SUCCESS,False,False,True,0.0,
FashionMNIST,B4_coarse,31337,2.0,4,4,64,0.022712848896882975,0.024984133786571272,0.022356528768734056,0.02219645410654496,True,186.80009865760803,0.0,186.80009865760803,SUCCESS,False,False,True,0.0,
FashionMNIST,B5_fixed32,42,2.0,32,32,64,0.021739823010503027,0.02391380531155333,0.02177498112892618,0.021516663843271683,True,73.08142018318176,50.01973009109497,123.10115027427673,SUCCESS,False,False,True,0.0,
FashionMNIST,B5_fixed32,123,2.0,32,32,64,0.02233436273068798,0.024567799003756777,0.02150665906010842,0.021204584030877976,True,63.45508813858032,54.069788455963135,117.52487659454346,SUCCESS,False,False,True,0.0,
FashionMNIST,B5_fixed32,777,2.0,32,32,64,0.02312323496293049,0.025435558459223538,0.023055307193678255,0.022942182268415177,True,32.18036484718323,37.464256286621094,69.64462113380432,SUCCESS,False,False,True,0.0,
FashionMNIST,B5_fixed32,2024,2.0,32,32,64,0.022170434757154814,0.024387478232870297,0.021262192083864793,0.021071750770620748,True,51.86950397491455,61.85872530937195,113.7282292842865,SUCCESS,False,False,True,0.0,
FashionMNIST,B5_fixed32,31337,2.0,32,32,64,0.022712848896882975,0.024984133786571272,0.021962417913942923,0.021726806017817287,True,53.789653301239014,46.059919357299805,99.84957265853882,SUCCESS,False,False,True,0.0,
FashionMNIST,B6a_fondue,42,2.0,6,6,64,0.021739823010503027,0.02391380531155333,0.021263159927056758,0.02102206275576637,True,47.32882213592529,50.01973009109497,97.34855222702026,SUCCESS,False,False,True,13.70203971862793,
FashionMNIST,B6a_fondue,123,2.0,6,6,64,0.02233436273068798,0.024567799003756777,0.0216387145373286,0.021337598943385945,True,34.441338539123535,54.069788455963135,88.51112699508667,SUCCESS,False,False,True,13.70203971862793,
FashionMNIST,B6a_fondue,777,2.0,6,6,64,0.02312323496293049,0.025435558459223538,0.020973756128427938,0.020636685118383295,True,51.95663523674011,37.464256286621094,89.4208915233612,SUCCESS,False,False,True,13.70203971862793,
FashionMNIST,B6a_fondue,2024,2.0,6,6,64,0.022170434757154814,0.024387478232870297,0.021930407154316805,0.021864364520222154,True,55.54100275039673,61.85872530937195,117.39972805976868,SUCCESS,False,False,True,13.70203971862793,
FashionMNIST,B6a_fondue,31337,2.0,6,6,64,0.022712848896882975,0.024984133786571272,0.020893895363321112,0.020624866096340882,True,68.04037237167358,46.059919357299805,114.10029172897339,SUCCESS,False,False,True,13.70203971862793,
FashionMNIST,B6b_fondue_var,42,2.0,3,3,64,0.021739823010503027,0.02391380531155333,0.022790638826331314,0.022635447391847363,True,33.814882040023804,50.01973009109497,83.83461213111877,SUCCESS,False,False,True,13.70203971862793,
FashionMNIST,B6b_fondue_var,123,2.0,3,3,64,0.02233436273068798,0.024567799003756777,0.022384812646982624,0.02224493574285183,True,46.827739000320435,54.069788455963135,100.89752745628357,SUCCESS,False,False,True,13.70203971862793,
FashionMNIST,B6b_fondue_var,777,2.0,4,4,64,0.02312323496293049,0.025435558459223538,0.02219947846081792,0.02210460574610704,True,40.22698473930359,37.464256286621094,77.69124102592468,SUCCESS,False,False,True,13.70203971862793,
FashionMNIST,B6b_fondue_var,2024,2.0,5,5,64,0.022170434757154814,0.024387478232870297,0.021279273208306762,0.020944807610544215,True,69.00636553764343,61.85872530937195,130.86509084701538,SUCCESS,False,False,True,13.70203971862793,
FashionMNIST,B6b_fondue_var,31337,2.0,7,7,64,0.022712848896882975,0.024984133786571272,0.02224105087591678,0.02214666249800702,True,43.06123733520508,46.059919357299805,89.12115669250488,SUCCESS,False,False,True,13.70203971862793,
FashionMNIST,B6b_fondue_var_keepmixed_false,42,2.0,1,1,64,0.021739823010503027,0.02391380531155333,0.034493268071388715,0.034646530462771045,False,71.74930334091187,50.01973009109497,121.76903343200684,SUCCESS,False,False,True,13.70203971862793,
FashionMNIST,B6b_fondue_var_keepmixed_false,123,2.0,2,2,64,0.02233436273068798,0.024567799003756777,0.026641278948102677,0.026444000036538053,False,39.57736825942993,54.069788455963135,93.64715671539307,SUCCESS,False,False,True,13.70203971862793,
FashionMNIST,B6b_fondue_var_keepmixed_false,777,2.0,1,1,64,0.02312323496293049,0.025435558459223538,0.03534769548688617,0.035679361979166664,False,41.744930028915405,37.464256286621094,79.2091863155365,SUCCESS,False,False,True,13.70203971862793,
FashionMNIST,B6b_fondue_var_keepmixed_false,2024,2.0,1,1,64,0.022170434757154814,0.024387478232870297,0.03703374870455995,0.036977754138764876,False,46.55411887168884,61.85872530937195,108.41284418106079,SUCCESS,False,False,True,13.70203971862793,
FashionMNIST,B6b_fondue_var_keepmixed_false,31337,2.0,2,2,64,0.022712848896882975,0.024984133786571272,0.026272891297632335,0.02615670714086416,False,49.48997235298157,46.059919357299805,95.54989171028137,SUCCESS,False,False,True,13.70203971862793,
FashionMNIST,proposed,42,2.0,10,10,64,0.021739823010503027,0.02391380531155333,0.021225272665218432,0.020947626853475766,True,429.9067876338959,0.0,429.9067876338959,ID_UNRELIABLE,True,False,True,0.0,
FashionMNIST,proposed,123,2.0,10,10,64,0.02233436273068798,0.024567799003756777,0.02096080017089844,0.020616803642843854,True,386.7346134185791,0.0,386.7346134185791,ID_UNRELIABLE,True,False,True,0.0,
FashionMNIST,proposed,777,2.0,10,10,64,0.02312323496293049,0.025435558459223538,0.02146780893753986,0.021258657442469176,True,380.7560441493988,0.0,380.7560441493988,ID_UNRELIABLE,True,False,True,0.0,
FashionMNIST,proposed,2024,2.0,10,10,64,0.022170434757154814,0.024387478232870297,0.0215786170180963,0.021361507286019873,True,460.92474699020386,0.0,460.92474699020386,ID_UNRELIABLE,True,False,True,0.0,
FashionMNIST,proposed,31337,2.0,4,4,64,0.022712848896882975,0.024984133786571272,0.022356528768734056,0.02219645410654496,True,393.9217050075531,0.0,393.9217050075531,ID_UNRELIABLE,True,False,True,0.0,
FashionMNIST,proposed_minus_AU,42,2.0,10,10,64,0.021739823010503027,0.02391380531155333,0.021225272665218432,0.020947626853475766,True,429.9067876338959,0.0,429.9067876338959,ID_UNRELIABLE,True,False,True,0.0,
FashionMNIST,proposed_minus_AU,123,2.0,10,10,64,0.02233436273068798,0.024567799003756777,0.02096080017089844,0.020616803642843854,True,386.7346134185791,0.0,386.7346134185791,ID_UNRELIABLE,True,False,True,0.0,
FashionMNIST,proposed_minus_AU,777,2.0,10,10,64,0.02312323496293049,0.025435558459223538,0.02146780893753986,0.021258657442469176,True,380.7560441493988,0.0,380.7560441493988,ID_UNRELIABLE,True,False,True,0.0,
FashionMNIST,proposed_minus_AU,2024,2.0,10,10,64,0.022170434757154814,0.024387478232870297,0.0215786170180963,0.021361507286019873,True,460.92474699020386,0.0,460.92474699020386,ID_UNRELIABLE,True,False,True,0.0,
FashionMNIST,proposed_minus_AU,31337,2.0,4,4,64,0.022712848896882975,0.024984133786571272,0.022356528768734056,0.02219645410654496,True,393.9217050075531,0.0,393.9217050075531,ID_UNRELIABLE,True,False,True,0.0,
FashionMNIST,ascending_scan_Q,42,2.0,4,4,64,0.021739823010503027,0.02391380531155333,0.02200398316675303,0.02194842653858418,True,157.91363883018494,0.0,157.91363883018494,SUCCESS,False,False,True,0.0,
FashionMNIST,ascending_scan_Q,123,2.0,4,4,64,0.02233436273068798,0.024567799003756777,0.022463344029017854,0.022365277763937607,True,132.792959690094,0.0,132.792959690094,SUCCESS,False,False,True,0.0,
FashionMNIST,ascending_scan_Q,777,2.0,4,4,64,0.02312323496293049,0.025435558459223538,0.02219947846081792,0.02210460574610704,True,134.45657682418823,0.0,134.45657682418823,SUCCESS,False,False,True,0.0,
FashionMNIST,ascending_scan_Q,2024,2.0,4,4,64,0.022170434757154814,0.024387478232870297,0.021649714567223376,0.021481394657472366,True,184.0894913673401,0.0,184.0894913673401,SUCCESS,False,False,True,0.0,
FashionMNIST,ascending_scan_Q,31337,2.0,4,4,64,0.022712848896882975,0.024984133786571272,0.022356528768734056,0.02219645410654496,True,142.41157817840576,0.0,142.41157817840576,SUCCESS,False,False,True,0.0,
FashionMNIST,B4_plus_Q,42,2.0,10,10,64,0.021739823010503027,0.02391380531155333,0.021225272665218432,0.020947626853475766,True,222.7851812839508,0.0,222.7851812839508,SUCCESS,False,False,True,0.0,
FashionMNIST,B4_plus_Q,123,2.0,10,10,64,0.02233436273068798,0.024567799003756777,0.02096080017089844,0.020616803642843854,True,179.61300706863403,0.0,179.61300706863403,SUCCESS,False,False,True,0.0,
FashionMNIST,B4_plus_Q,777,2.0,10,10,64,0.02312323496293049,0.025435558459223538,0.02146780893753986,0.021258657442469176,True,173.63443779945374,0.0,173.63443779945374,SUCCESS,False,False,True,0.0,
FashionMNIST,B4_plus_Q,2024,2.0,10,10,64,0.022170434757154814,0.024387478232870297,0.0215786170180963,0.021361507286019873,True,253.8031406402588,0.0,253.8031406402588,SUCCESS,False,False,True,0.0,
FashionMNIST,B4_plus_Q,31337,2.0,4,4,64,0.022712848896882975,0.024984133786571272,0.022356528768734056,0.02219645410654496,True,186.80009865760803,0.0,186.80009865760803,SUCCESS,False,False,True,0.0,
FashionMNIST,B6a_plus_Q,42,2.0,6,6,64,0.021739823010503027,0.02391380531155333,0.021263159927056758,0.02102206275576637,True,97.34855222702026,0.0,97.34855222702026,SUCCESS,False,False,True,13.70203971862793,
FashionMNIST,B6a_plus_Q,123,2.0,6,6,64,0.02233436273068798,0.024567799003756777,0.0216387145373286,0.021337598943385945,True,88.51112699508667,0.0,88.51112699508667,SUCCESS,False,False,True,13.70203971862793,
FashionMNIST,B6a_plus_Q,777,2.0,6,6,64,0.02312323496293049,0.025435558459223538,0.020973756128427938,0.020636685118383295,True,89.4208915233612,0.0,89.4208915233612,SUCCESS,False,False,True,13.70203971862793,
FashionMNIST,B6a_plus_Q,2024,2.0,6,6,64,0.022170434757154814,0.024387478232870297,0.021930407154316805,0.021864364520222154,True,117.39972805976868,0.0,117.39972805976868,SUCCESS,False,False,True,13.70203971862793,
FashionMNIST,B6a_plus_Q,31337,2.0,6,6,64,0.022712848896882975,0.024984133786571272,0.020893895363321112,0.020624866096340882,True,114.10029172897339,0.0,114.10029172897339,SUCCESS,False,False,True,13.70203971862793,
FashionMNIST,B6b_plus_Q,42,2.0,4,4,64,0.021739823010503027,0.02391380531155333,0.02200398316675303,0.02194842653858418,True,96.84262895584106,0.0,96.84262895584106,SUCCESS,False,False,True,13.70203971862793,
FashionMNIST,B6b_plus_Q,123,2.0,4,4,64,0.02233436273068798,0.024567799003756777,0.022463344029017854,0.022365277763937607,True,95.21091365814209,0.0,95.21091365814209,SUCCESS,False,False,True,13.70203971862793,
FashionMNIST,B6b_plus_Q,777,2.0,4,4,64,0.02312323496293049,0.025435558459223538,0.02219947846081792,0.02210460574610704,True,77.69124102592468,0.0,77.69124102592468,SUCCESS,False,False,True,13.70203971862793,
FashionMNIST,B6b_plus_Q,2024,2.0,6,6,64,0.022170434757154814,0.024387478232870297,0.021930407154316805,0.021864364520222154,True,114.6472373008728,0.0,114.6472373008728,SUCCESS,False,False,True,13.70203971862793,
FashionMNIST,B6b_plus_Q,31337,2.0,8,8,64,0.022712848896882975,0.024984133786571272,0.021357039471061864,0.021147234650696217,True,90.03162026405334,0.0,90.03162026405334,SUCCESS,False,False,True,13.70203971862793,
FashionMNIST,B1_full_mse,42,4.0,12,12,64,0.026931138641980226,0.02962425250617825,0.025008802141462054,0.02503181800063775,True,685.6093838214874,0.0,685.6093838214874,SUCCESS,False,False,True,0.0,
FashionMNIST,B1_full_mse,123,4.0,8,8,64,0.025680420544682718,0.02824846259915099,0.02499694637376435,0.024879717145647323,True,713.6594431400299,0.0,713.6594431400299,SUCCESS,False,False,True,0.0,
FashionMNIST,B1_full_mse,777,4.0,8,8,64,0.02542735570790816,0.027970091278698976,0.024944302928691008,0.024870597164647113,True,754.6048395633698,0.0,754.6048395633698,SUCCESS,False,False,True,0.0,
FashionMNIST,B1_full_mse,2024,4.0,4,4,64,0.025718994140625,0.028290893554687502,0.024997606549944193,0.024936770484561013,True,634.0692694187164,0.0,634.0692694187164,SUCCESS,False,False,True,0.0,
FashionMNIST,B1_full_mse,31337,4.0,8,8,64,0.026077874008490112,0.028685661409339123,0.024885326151945154,0.024784437529894773,True,715.8706228733063,0.0,715.8706228733063,SUCCESS,False,False,True,0.0,
FashionMNIST,B2_full_elbo,42,4.0,12,12,64,0.026931138641980226,0.02962425250617825,0.025008802141462054,0.02503181800063775,True,685.6093838214874,0.0,685.6093838214874,SUCCESS,False,False,True,0.0,
FashionMNIST,B2_full_elbo,123,4.0,32,32,64,0.025680420544682718,0.02824846259915099,0.024997833251953126,0.02493945478582058,True,713.6594431400299,0.0,713.6594431400299,SUCCESS,False,False,True,0.0,
FashionMNIST,B2_full_elbo,777,4.0,8,8,64,0.02542735570790816,0.027970091278698976,0.024944302928691008,0.024870597164647113,True,754.6048395633698,0.0,754.6048395633698,SUCCESS,False,False,True,0.0,
FashionMNIST,B2_full_elbo,2024,4.0,4,4,64,0.025718994140625,0.028290893554687502,0.024997606549944193,0.024936770484561013,True,634.0692694187164,0.0,634.0692694187164,SUCCESS,False,False,True,0.0,
FashionMNIST,B2_full_elbo,31337,4.0,8,8,64,0.026077874008490112,0.028685661409339123,0.024885326151945154,0.024784437529894773,True,715.8706228733063,0.0,715.8706228733063,SUCCESS,False,False,True,0.0,
FashionMNIST,B3_full_downstream,42,4.0,48,48,64,0.026931138641980226,0.02962425250617825,0.025642632932079083,0.025577152174346304,True,792.2826454639435,0.0,792.2826454639435,SUCCESS,False,False,True,0.0,
FashionMNIST,B3_full_downstream,123,4.0,48,48,64,0.025680420544682718,0.02824846259915099,0.025481052320830675,0.025404861553996603,True,818.9230229854584,0.0,818.9230229854584,SUCCESS,False,False,True,0.0,
FashionMNIST,B3_full_downstream,777,4.0,32,32,64,0.02542735570790816,0.027970091278698976,0.025768443204918685,0.025626344849463224,True,861.2826964855194,0.0,861.2826964855194,SUCCESS,False,False,True,0.0,
FashionMNIST,B3_full_downstream,2024,4.0,64,64,64,0.025718994140625,0.028290893554687502,0.025718994140625,0.025649920612776357,True,735.1185824871063,0.0,735.1185824871063,SUCCESS,False,False,False,0.0,
FashionMNIST,B3_full_downstream,31337,4.0,24,24,64,0.026077874008490112,0.028685661409339123,0.0254542790626993,0.02546099687433567,True,825.878342628479,0.0,825.878342628479,SUCCESS,False,False,True,0.0,
FashionMNIST,B4_coarse,42,4.0,4,4,64,0.026931138641980226,0.02962425250617825,0.025243107386997764,0.025070250634433463,True,217.20424127578735,0.0,217.20424127578735,SUCCESS,False,False,True,0.0,
FashionMNIST,B4_coarse,123,4.0,10,10,64,0.025680420544682718,0.02824846259915099,0.02530903158382494,0.025237753109056123,True,210.79663491249084,0.0,210.79663491249084,SUCCESS,False,False,True,0.0,
FashionMNIST,B4_coarse,777,4.0,4,4,64,0.02542735570790816,0.027970091278698976,0.025198446468431123,0.02500290768162734,True,265.4755651950836,0.0,265.4755651950836,SUCCESS,False,False,True,0.0,
FashionMNIST,B4_coarse,2024,4.0,4,4,64,0.025718994140625,0.028290893554687502,0.024997606549944193,0.024936770484561013,True,227.87449645996094,0.0,227.87449645996094,SUCCESS,False,False,True,0.0,
FashionMNIST,B4_coarse,31337,4.0,4,4,64,0.026077874008490112,0.028685661409339123,0.025155467753507653,0.02507835709967581,True,210.51168584823608,0.0,210.51168584823608,SUCCESS,False,False,True,0.0,
FashionMNIST,B5_fixed32,42,4.0,32,32,64,0.026931138641980226,0.02962425250617825,0.025645750707509567,0.025445398862670072,True,75.31016206741333,68.61338806152344,143.92355012893677,SUCCESS,False,False,True,0.0,
FashionMNIST,B5_fixed32,123,4.0,32,32,64,0.025680420544682718,0.02824846259915099,0.024997833251953126,0.02493945478582058,True,58.824626445770264,75.71917796134949,134.54380440711975,SUCCESS,False,False,True,0.0,
FashionMNIST,B5_fixed32,777,4.0,32,32,64,0.02542735570790816,0.027970091278698976,0.025768443204918685,0.025626344849463224,True,47.846837520599365,95.93929958343506,143.78613710403442,SUCCESS,False,False,True,0.0,
FashionMNIST,B5_fixed32,2024,4.0,32,32,64,0.025718994140625,0.028290893554687502,0.02551437813895089,0.02539796997900723,True,81.52976131439209,48.963399171829224,130.4931604862213,SUCCESS,False,False,True,0.0,
FashionMNIST,B5_fixed32,31337,4.0,32,32,64,0.026077874008490112,0.028685661409339123,0.02538408801020408,0.02533350149141688,True,80.4273612499237,68.910879611969,149.3382408618927,SUCCESS,False,False,True,0.0,
FashionMNIST,B6a_fondue,42,4.0,6,6,64,0.026931138641980226,0.02962425250617825,0.02512694316007653,0.025048013492506377,True,65.0315728187561,68.61338806152344,133.64496088027954,SUCCESS,False,False,True,3.8026206493377686,
FashionMNIST,B6a_fondue,123,4.0,6,6,64,0.025680420544682718,0.02824846259915099,0.0258984375,0.025805463103210035,True,36.685088872909546,75.71917796134949,112.40426683425903,SUCCESS,False,False,True,3.8026206493377686,
FashionMNIST,B6a_fondue,777,4.0,6,6,64,0.02542735570790816,0.027970091278698976,0.025255907331194195,0.02511647168633078,True,67.47828555107117,95.93929958343506,163.41758513450623,SUCCESS,False,False,True,3.8026206493377686,
FashionMNIST,B6a_fondue,2024,4.0,6,6,64,0.025718994140625,0.028290893554687502,0.025357734524473853,0.025188636416480652,True,43.14833402633667,48.963399171829224,92.1117331981659,SUCCESS,False,False,True,3.8026206493377686,
FashionMNIST,B6a_fondue,31337,4.0,6,6,64,0.026077874008490112,0.028685661409339123,0.026382098762356507,0.026086919460166884,True,59.05677103996277,68.910879611969,127.96765065193176,SUCCESS,False,False,True,3.8026206493377686,
FashionMNIST,B6b_fondue_var,42,4.0,9,9,64,0.026931138641980226,0.02962425250617825,0.025251440554249042,0.02517990423708546,True,55.068270444869995,68.61338806152344,123.68165850639343,SUCCESS,False,False,True,3.8026206493377686,
FashionMNIST,B6b_fondue_var,123,4.0,10,10,64,0.025680420544682718,0.02824846259915099,0.02530903158382494,0.025237753109056123,True,33.69208121299744,75.71917796134949,109.41125917434692,SUCCESS,False,False,True,3.8026206493377686,
FashionMNIST,B6b_fondue_var,777,4.0,10,10,64,0.02542735570790816,0.027970091278698976,0.025467613375916773,0.025334164158827596,True,53.683605670928955,95.93929958343506,149.622905254364,SUCCESS,False,False,True,3.8026206493377686,
FashionMNIST,B6b_fondue_var,2024,4.0,7,7,64,0.025718994140625,0.028290893554687502,0.025247052873883926,0.025123753969361184,True,40.15640354156494,48.963399171829224,89.11980271339417,SUCCESS,False,False,True,3.8026206493377686,
FashionMNIST,B6b_fondue_var,31337,4.0,5,5,64,0.026077874008490112,0.028685661409339123,0.02559207091039541,0.025497057441140517,True,34.700199604034424,68.910879611969,103.61107921600342,SUCCESS,False,False,True,3.8026206493377686,
FashionMNIST,B6b_fondue_var_keepmixed_false,42,4.0,0,,64,0.026931138641980226,0.02962425250617825,,,False,0.3042261600494385,68.61338806152344,68.91761422157288,DEGENERATE_SELECTION,False,False,False,3.8026206493377686,
FashionMNIST,B6b_fondue_var_keepmixed_false,123,4.0,0,,64,0.025680420544682718,0.02824846259915099,,,False,0.3094947338104248,75.71917796134949,76.02867269515991,DEGENERATE_SELECTION,False,False,False,3.8026206493377686,
FashionMNIST,B6b_fondue_var_keepmixed_false,777,4.0,0,,64,0.02542735570790816,0.027970091278698976,,,False,0.33440446853637695,95.93929958343506,96.27370405197144,DEGENERATE_SELECTION,False,False,False,3.8026206493377686,
FashionMNIST,B6b_fondue_var_keepmixed_false,2024,4.0,0,,64,0.025718994140625,0.028290893554687502,,,False,0.3046226501464844,48.963399171829224,49.26802182197571,DEGENERATE_SELECTION,False,False,False,3.8026206493377686,
FashionMNIST,B6b_fondue_var_keepmixed_false,31337,4.0,0,,64,0.026077874008490112,0.028685661409339123,,,False,0.3276641368865967,68.910879611969,69.23854374885559,DEGENERATE_SELECTION,False,False,False,3.8026206493377686,
FashionMNIST,proposed,42,4.0,4,4,64,0.026931138641980226,0.02962425250617825,0.025243107386997764,0.025070250634433463,True,424.3258476257324,0.0,424.3258476257324,ID_UNRELIABLE,True,False,True,0.0,
FashionMNIST,proposed,123,4.0,10,10,64,0.025680420544682718,0.02824846259915099,0.02530903158382494,0.025237753109056123,True,417.9182412624359,0.0,417.9182412624359,ID_UNRELIABLE,True,False,True,0.0,
FashionMNIST,proposed,777,4.0,4,4,64,0.02542735570790816,0.027970091278698976,0.025198446468431123,0.02500290768162734,True,472.5971715450287,0.0,472.5971715450287,ID_UNRELIABLE,True,False,True,0.0,
FashionMNIST,proposed,2024,4.0,4,4,64,0.025718994140625,0.028290893554687502,0.024997606549944193,0.024936770484561013,True,434.996102809906,0.0,434.996102809906,ID_UNRELIABLE,True,False,True,0.0,
FashionMNIST,proposed,31337,4.0,4,4,64,0.026077874008490112,0.028685661409339123,0.025155467753507653,0.02507835709967581,True,417.63329219818115,0.0,417.63329219818115,ID_UNRELIABLE,True,False,True,0.0,
FashionMNIST,proposed_minus_AU,42,4.0,4,4,64,0.026931138641980226,0.02962425250617825,0.025243107386997764,0.025070250634433463,True,424.3258476257324,0.0,424.3258476257324,ID_UNRELIABLE,True,False,True,0.0,
FashionMNIST,proposed_minus_AU,123,4.0,10,10,64,0.025680420544682718,0.02824846259915099,0.02530903158382494,0.025237753109056123,True,417.9182412624359,0.0,417.9182412624359,ID_UNRELIABLE,True,False,True,0.0,
FashionMNIST,proposed_minus_AU,777,4.0,4,4,64,0.02542735570790816,0.027970091278698976,0.025198446468431123,0.02500290768162734,True,472.5971715450287,0.0,472.5971715450287,ID_UNRELIABLE,True,False,True,0.0,
FashionMNIST,proposed_minus_AU,2024,4.0,4,4,64,0.025718994140625,0.028290893554687502,0.024997606549944193,0.024936770484561013,True,434.996102809906,0.0,434.996102809906,ID_UNRELIABLE,True,False,True,0.0,
FashionMNIST,proposed_minus_AU,31337,4.0,4,4,64,0.026077874008490112,0.028685661409339123,0.025155467753507653,0.02507835709967581,True,417.63329219818115,0.0,417.63329219818115,ID_UNRELIABLE,True,False,True,0.0,
FashionMNIST,ascending_scan_Q,42,4.0,2,2,64,0.026931138641980226,0.02962425250617825,0.02838203710439254,0.02836064594294749,True,112.36861491203308,0.0,112.36861491203308,SUCCESS,False,False,True,0.0,
FashionMNIST,ascending_scan_Q,123,4.0,2,2,64,0.025680420544682718,0.02824846259915099,0.028084378612284758,0.027880755158508713,True,127.43938708305359,0.0,127.43938708305359,SUCCESS,False,False,True,0.0,
FashionMNIST,ascending_scan_Q,777,4.0,4,4,64,0.02542735570790816,0.027970091278698976,0.025198446468431123,0.02500290768162734,True,212.12636399269104,0.0,212.12636399269104,SUCCESS,False,False,True,0.0,
FashionMNIST,ascending_scan_Q,2024,4.0,2,2,64,0.025718994140625,0.028290893554687502,0.0279159159757653,0.02763035365513393,True,123.18702626228333,0.0,123.18702626228333,SUCCESS,False,False,True,0.0,
FashionMNIST,ascending_scan_Q,31337,4.0,2,2,64,0.026077874008490112,0.028685661409339123,0.028091254409478638,0.02799090866815476,True,119.41341543197632,0.0,119.41341543197632,SUCCESS,False,False,True,0.0,
FashionMNIST,B4_plus_Q,42,4.0,4,4,64,0.026931138641980226,0.02962425250617825,0.025243107386997764,0.025070250634433463,True,217.20424127578735,0.0,217.20424127578735,SUCCESS,False,False,True,0.0,
FashionMNIST,B4_plus_Q,123,4.0,10,10,64,0.025680420544682718,0.02824846259915099,0.02530903158382494,0.025237753109056123,True,210.79663491249084,0.0,210.79663491249084,SUCCESS,False,False,True,0.0,
FashionMNIST,B4_plus_Q,777,4.0,4,4,64,0.02542735570790816,0.027970091278698976,0.025198446468431123,0.02500290768162734,True,265.4755651950836,0.0,265.4755651950836,SUCCESS,False,False,True,0.0,
FashionMNIST,B4_plus_Q,2024,4.0,4,4,64,0.025718994140625,0.028290893554687502,0.024997606549944193,0.024936770484561013,True,227.87449645996094,0.0,227.87449645996094,SUCCESS,False,False,True,0.0,
FashionMNIST,B4_plus_Q,31337,4.0,4,4,64,0.026077874008490112,0.028685661409339123,0.025155467753507653,0.02507835709967581,True,210.51168584823608,0.0,210.51168584823608,SUCCESS,False,False,True,0.0,
FashionMNIST,B6a_plus_Q,42,4.0,6,6,64,0.026931138641980226,0.02962425250617825,0.02512694316007653,0.025048013492506377,True,133.64496088027954,0.0,133.64496088027954,SUCCESS,False,False,True,3.8026206493377686,
FashionMNIST,B6a_plus_Q,123,4.0,6,6,64,0.025680420544682718,0.02824846259915099,0.0258984375,0.025805463103210035,True,112.40426683425903,0.0,112.40426683425903,SUCCESS,False,False,True,3.8026206493377686,
FashionMNIST,B6a_plus_Q,777,4.0,6,6,64,0.02542735570790816,0.027970091278698976,0.025255907331194195,0.02511647168633078,True,163.41758513450623,0.0,163.41758513450623,SUCCESS,False,False,True,3.8026206493377686,
FashionMNIST,B6a_plus_Q,2024,4.0,6,6,64,0.025718994140625,0.028290893554687502,0.025357734524473853,0.025188636416480652,True,92.1117331981659,0.0,92.1117331981659,SUCCESS,False,False,True,3.8026206493377686,
FashionMNIST,B6a_plus_Q,31337,4.0,6,6,64,0.026077874008490112,0.028685661409339123,0.026382098762356507,0.026086919460166884,True,127.96765065193176,0.0,127.96765065193176,SUCCESS,False,False,True,3.8026206493377686,
FashionMNIST,B6b_plus_Q,42,4.0,10,10,64,0.026931138641980226,0.02962425250617825,0.025252197265624995,0.02518244238613414,True,119.48576760292053,0.0,119.48576760292053,SUCCESS,False,False,True,3.8026206493377686,
FashionMNIST,B6b_plus_Q,123,4.0,10,10,64,0.025680420544682718,0.02824846259915099,0.02530903158382494,0.025237753109056123,True,109.41125917434692,0.0,109.41125917434692,SUCCESS,False,False,True,3.8026206493377686,
FashionMNIST,B6b_plus_Q,777,4.0,10,10,64,0.02542735570790816,0.027970091278698976,0.025467613375916773,0.025334164158827596,True,149.622905254364,0.0,149.622905254364,SUCCESS,False,False,True,3.8026206493377686,
FashionMNIST,B6b_plus_Q,2024,4.0,8,8,64,0.025718994140625,0.028290893554687502,0.02563142799844547,0.025554577055431547,True,87.00421047210693,0.0,87.00421047210693,SUCCESS,False,False,True,3.8026206493377686,
FashionMNIST,B6b_plus_Q,31337,4.0,6,6,64,0.026077874008490112,0.028685661409339123,0.026382098762356507,0.026086919460166884,True,126.98511505126953,0.0,126.98511505126953,SUCCESS,False,False,True,3.8026206493377686,
CIFAR10,B1_full_mse,42,0.25,96,96,256,0.010394426027933758,0.011433868630727134,0.009373145898183187,0.009528487947252062,True,304.187735080719,0.0,304.187735080719,SUCCESS,False,False,True,0.0,
CIFAR10,B1_full_mse,123,0.25,256,256,256,0.0090111878712972,0.00991230665842692,0.0090111878712972,0.009151457256740993,True,321.5873022079468,0.0,321.5873022079468,SUCCESS,False,False,False,0.0,
CIFAR10,B1_full_mse,777,0.25,256,256,256,0.009391007900238037,0.01033010869026184,0.009391007900238037,0.009528807746039496,True,318.1697220802307,0.0,318.1697220802307,SUCCESS,False,False,False,0.0,
CIFAR10,B1_full_mse,2024,0.25,256,256,256,0.008810139020284017,0.009691152922312419,0.008810139020284017,0.008949226061503092,True,313.7926037311554,0.0,313.7926037311554,SUCCESS,False,False,False,0.0,
CIFAR10,B1_full_mse,31337,0.25,64,64,256,0.009430136839548747,0.010373150523503622,0.009279952367146809,0.009431747966342502,True,297.2378873825073,0.0,297.2378873825073,SUCCESS,False,False,True,0.0,
CIFAR10,B2_full_elbo,42,0.25,16,16,256,0.010394426027933758,0.011433868630727134,0.016615588188171385,0.01693864843580458,False,304.187735080719,0.0,304.187735080719,SUCCESS,False,False,True,0.0,
CIFAR10,B2_full_elbo,123,0.25,16,16,256,0.0090111878712972,0.00991230665842692,0.01656360689798991,0.01689939541286892,False,321.5873022079468,0.0,321.5873022079468,SUCCESS,False,False,True,0.0,
CIFAR10,B2_full_elbo,777,0.25,16,16,256,0.009391007900238037,0.01033010869026184,0.016565964380900067,0.016877221637301976,False,318.1697220802307,0.0,318.1697220802307,SUCCESS,False,False,True,0.0,
CIFAR10,B2_full_elbo,2024,0.25,24,24,256,0.008810139020284017,0.009691152922312419,0.013814268430074057,0.014050589031643336,False,313.7926037311554,0.0,313.7926037311554,SUCCESS,False,False,True,0.0,
CIFAR10,B2_full_elbo,31337,0.25,24,24,256,0.009430136839548747,0.010373150523503622,0.0138317985534668,0.014069901360405816,False,297.2378873825073,0.0,297.2378873825073,SUCCESS,False,False,True,0.0,
CIFAR10,B3_full_downstream,42,0.25,256,256,256,0.010394426027933758,0.011433868630727134,0.010394426027933758,0.010570589383443197,True,457.711318731308,0.0,457.711318731308,SUCCESS,False,False,False,0.0,
CIFAR10,B3_full_downstream,123,0.25,256,256,256,0.0090111878712972,0.00991230665842692,0.0090111878712972,0.009151457256740993,True,454.62330508232117,0.0,454.62330508232117,SUCCESS,False,False,False,0.0,
CIFAR10,B3_full_downstream,777,0.25,256,256,256,0.009391007900238037,0.01033010869026184,0.009391007900238037,0.009528807746039496,True,470.26713514328003,0.0,470.26713514328003,SUCCESS,False,False,False,0.0,
CIFAR10,B3_full_downstream,2024,0.25,256,256,256,0.008810139020284017,0.009691152922312419,0.008810139020284017,0.008949226061503092,True,456.38980865478516,0.0,456.38980865478516,SUCCESS,False,False,False,0.0,
CIFAR10,B3_full_downstream,31337,0.25,256,256,256,0.009430136839548747,0.010373150523503622,0.009430136839548747,0.009592602835761176,True,440.4448688030243,0.0,440.4448688030243,SUCCESS,False,False,False,0.0,
CIFAR10,B4_coarse,42,0.25,48,48,256,0.010394426027933758,0.011433868630727134,0.00995166826248169,0.010118382771809896,True,139.68618059158325,0.0,139.68618059158325,SUCCESS,False,False,True,0.0,
CIFAR10,B4_coarse,123,0.25,256,256,256,0.0090111878712972,0.00991230665842692,0.0090111878712972,0.009151457256740993,True,147.41156935691833,0.0,147.41156935691833,SUCCESS,False,False,False,0.0,
CIFAR10,B4_coarse,777,0.25,256,256,256,0.009391007900238037,0.01033010869026184,0.009391007900238037,0.009528807746039496,True,149.86221265792847,0.0,149.86221265792847,SUCCESS,False,False,False,0.0,
CIFAR10,B4_coarse,2024,0.25,256,256,256,0.008810139020284017,0.009691152922312419,0.008810139020284017,0.008949226061503092,True,121.15420413017273,0.0,121.15420413017273,SUCCESS,False,False,False,0.0,
CIFAR10,B4_coarse,31337,0.25,256,256,256,0.009430136839548747,0.010373150523503622,0.009430136839548747,0.009592602835761176,True,115.5078718662262,0.0,115.5078718662262,SUCCESS,False,False,False,0.0,
CIFAR10,B5_fixed32,42,0.25,32,32,256,0.010394426027933758,0.011433868630727134,0.01194820753733317,0.012159095764160157,False,35.40563082695007,26.17818784713745,61.583818674087524,SUCCESS,False,False,True,0.0,
CIFAR10,B5_fixed32,123,0.25,32,32,256,0.0090111878712972,0.00991230665842692,0.012020737012227377,0.012244532691107857,False,33.961074113845825,37.077746868133545,71.03882098197937,SUCCESS,False,False,True,0.0,
CIFAR10,B5_fixed32,777,0.25,32,32,256,0.009391007900238037,0.01033010869026184,0.011967361768086751,0.012187464820014107,False,35.92407250404358,33.76489734649658,69.68896985054016,SUCCESS,False,False,True,0.0,
CIFAR10,B5_fixed32,2024,0.25,32,32,256,0.008810139020284017,0.009691152922312419,0.01212480672200521,0.012313623004489474,False,52.20012378692627,39.81458616256714,92.01470994949341,SUCCESS,False,False,True,0.0,
CIFAR10,B5_fixed32,31337,0.25,32,32,256,0.009430136839548747,0.010373150523503622,0.011997278213500977,0.012213670518663195,False,45.13809943199158,33.78584575653076,78.92394518852234,SUCCESS,False,False,True,0.0,
CIFAR10,B6a_fondue,42,0.25,21,21,256,0.010394426027933758,0.011433868630727134,0.014683989524841309,0.01496082263522678,False,48.01081728935242,26.17818784713745,74.18900513648987,SUCCESS,False,False,True,30.34392476081848,
CIFAR10,B6a_fondue,123,0.25,21,21,256,0.0090111878712972,0.00991230665842692,0.014682884216308595,0.014931526607937284,False,44.47931504249573,37.077746868133545,81.55706191062927,SUCCESS,False,False,True,30.34392476081848,
CIFAR10,B6a_fondue,777,0.25,22,22,256,0.009391007900238037,0.01033010869026184,0.014516596158345541,0.014757986068725587,False,35.4467658996582,33.76489734649658,69.21166324615479,SUCCESS,False,False,True,30.34392476081848,
CIFAR10,B6a_fondue,2024,0.25,21,21,256,0.008810139020284017,0.009691152922312419,0.014658696492513019,0.014946539984809026,False,41.728760719299316,39.81458616256714,81.54334688186646,SUCCESS,False,False,True,30.34392476081848,
CIFAR10,B6a_fondue,31337,0.25,22,22,256,0.009430136839548747,0.010373150523503622,0.014602144877115884,0.014861218134562175,False,37.09395217895508,33.78584575653076,70.87979793548584,SUCCESS,False,False,True,30.34392476081848,
CIFAR10,B6b_fondue_var,42,0.25,81,81,256,0.010394426027933758,0.011433868630727134,0.009583539803822837,0.009720788425869412,True,31.723737716674805,26.17818784713745,57.901925563812256,SUCCESS,False,False,True,30.34392476081848,
CIFAR10,B6b_fondue_var,123,0.25,80,80,256,0.0090111878712972,0.00991230665842692,0.010778719902038575,0.010964208602905274,False,24.533478498458862,37.077746868133545,61.61122536659241,SUCCESS,False,False,True,30.34392476081848,
CIFAR10,B6b_fondue_var,777,0.25,81,81,256,0.009391007900238037,0.01033010869026184,0.009469106674194335,0.009626818868849012,True,33.353758335113525,33.76489734649658,67.11865568161011,SUCCESS,False,False,True,30.34392476081848,
CIFAR10,B6b_fondue_var,2024,0.25,81,81,256,0.008810139020284017,0.009691152922312419,0.01023644495010376,0.010400101555718315,False,26.724893808364868,39.81458616256714,66.539479970932,SUCCESS,False,False,True,30.34392476081848,
CIFAR10,B6b_fondue_var,31337,0.25,79,79,256,0.009430136839548747,0.010373150523503622,0.010745786984761557,0.010959021038479276,False,25.152461767196655,33.78584575653076,58.93830752372742,SUCCESS,False,False,True,30.34392476081848,
CIFAR10,B6b_fondue_var_keepmixed_false,42,0.25,14,14,256,0.010394426027933758,0.011433868630727134,0.017689532915751136,0.01798994700113932,False,35.40885305404663,26.17818784713745,61.58704090118408,SUCCESS,False,False,True,30.34392476081848,
CIFAR10,B6b_fondue_var_keepmixed_false,123,0.25,16,16,256,0.0090111878712972,0.00991230665842692,0.01656360689798991,0.01689939541286892,False,30.685241222381592,37.077746868133545,67.76298809051514,SUCCESS,False,False,True,30.34392476081848,
CIFAR10,B6b_fondue_var_keepmixed_false,777,0.25,16,16,256,0.009391007900238037,0.01033010869026184,0.016565964380900067,0.016877221637301976,False,32.334261894226074,33.76489734649658,66.09915924072266,SUCCESS,False,False,True,30.34392476081848,
CIFAR10,B6b_fondue_var_keepmixed_false,2024,0.25,19,19,256,0.008810139020284017,0.009691152922312419,0.01539504369099935,0.01570330958896213,False,33.797592878341675,39.81458616256714,73.61217904090881,SUCCESS,False,False,True,30.34392476081848,
CIFAR10,B6b_fondue_var_keepmixed_false,31337,0.25,18,18,256,0.009430136839548747,0.010373150523503622,0.015794485092163087,0.016087003072102864,False,30.278577089309692,33.78584575653076,64.06442284584045,SUCCESS,False,False,True,30.34392476081848,
CIFAR10,proposed,42,0.25,48,48,256,0.010394426027933758,0.011433868630727134,0.00995166826248169,0.010118382771809896,True,480.1917939186096,0.0,480.1917939186096,ID_UNRELIABLE,True,False,True,0.0,
CIFAR10,proposed,123,0.25,256,256,256,0.0090111878712972,0.00991230665842692,0.0090111878712972,0.009151457256740993,True,487.9171826839447,0.0,487.9171826839447,ID_UNRELIABLE,True,False,False,0.0,
CIFAR10,proposed,777,0.25,256,256,256,0.009391007900238037,0.01033010869026184,0.009391007900238037,0.009528807746039496,True,490.36782598495483,0.0,490.36782598495483,ID_UNRELIABLE,True,False,False,0.0,
CIFAR10,proposed,2024,0.25,256,256,256,0.008810139020284017,0.009691152922312419,0.008810139020284017,0.008949226061503092,True,461.6598174571991,0.0,461.6598174571991,ID_UNRELIABLE,True,False,False,0.0,
CIFAR10,proposed,31337,0.25,256,256,256,0.009430136839548747,0.010373150523503622,0.009430136839548747,0.009592602835761176,True,456.01348519325256,0.0,456.01348519325256,ID_UNRELIABLE,True,False,False,0.0,
CIFAR10,proposed_minus_AU,42,0.25,48,48,256,0.010394426027933758,0.011433868630727134,0.00995166826248169,0.010118382771809896,True,480.1917939186096,0.0,480.1917939186096,ID_UNRELIABLE,True,False,True,0.0,
CIFAR10,proposed_minus_AU,123,0.25,256,256,256,0.0090111878712972,0.00991230665842692,0.0090111878712972,0.009151457256740993,True,487.9171826839447,0.0,487.9171826839447,ID_UNRELIABLE,True,False,False,0.0,
CIFAR10,proposed_minus_AU,777,0.25,256,256,256,0.009391007900238037,0.01033010869026184,0.009391007900238037,0.009528807746039496,True,490.36782598495483,0.0,490.36782598495483,ID_UNRELIABLE,True,False,False,0.0,
CIFAR10,proposed_minus_AU,2024,0.25,256,256,256,0.008810139020284017,0.009691152922312419,0.008810139020284017,0.008949226061503092,True,461.6598174571991,0.0,461.6598174571991,ID_UNRELIABLE,True,False,False,0.0,
CIFAR10,proposed_minus_AU,31337,0.25,256,256,256,0.009430136839548747,0.010373150523503622,0.009430136839548747,0.009592602835761176,True,456.01348519325256,0.0,456.01348519325256,ID_UNRELIABLE,True,False,False,0.0,
CIFAR10,ascending_scan_Q,42,0.25,48,48,256,0.010394426027933758,0.011433868630727134,0.00995166826248169,0.010118382771809896,True,204.87112426757812,0.0,204.87112426757812,SUCCESS,False,False,True,0.0,
CIFAR10,ascending_scan_Q,123,0.25,96,96,256,0.0090111878712972,0.00991230665842692,0.009079593022664388,0.009231291876898872,True,266.9021198749542,0.0,266.9021198749542,SUCCESS,False,False,True,0.0,
CIFAR10,ascending_scan_Q,777,0.25,48,48,256,0.009391007900238037,0.01033010869026184,0.009859083811442059,0.010018228001064724,True,218.5912516117096,0.0,218.5912516117096,SUCCESS,False,False,True,0.0,
CIFAR10,ascending_scan_Q,2024,0.25,64,64,256,0.008810139020284017,0.009691152922312419,0.009592088858286541,0.009757555855645075,True,238.54529523849487,0.0,238.54529523849487,SUCCESS,False,False,True,0.0,
CIFAR10,ascending_scan_Q,31337,0.25,48,48,256,0.009430136839548747,0.010373150523503622,0.010125338077545166,0.010311804877387152,True,196.37514805793762,0.0,196.37514805793762,SUCCESS,False,False,True,0.0,
CIFAR10,B4_plus_Q,42,0.25,48,48,256,0.010394426027933758,0.011433868630727134,0.00995166826248169,0.010118382771809896,True,139.68618059158325,0.0,139.68618059158325,SUCCESS,False,False,True,0.0,
CIFAR10,B4_plus_Q,123,0.25,256,256,256,0.0090111878712972,0.00991230665842692,0.0090111878712972,0.009151457256740993,True,147.41156935691833,0.0,147.41156935691833,NO_COMPACT_ALTERNATIVE_FOUND,False,False,False,0.0,
CIFAR10,B4_plus_Q,777,0.25,256,256,256,0.009391007900238037,0.01033010869026184,0.009391007900238037,0.009528807746039496,True,149.86221265792847,0.0,149.86221265792847,NO_COMPACT_ALTERNATIVE_FOUND,False,False,False,0.0,
CIFAR10,B4_plus_Q,2024,0.25,256,256,256,0.008810139020284017,0.009691152922312419,0.008810139020284017,0.008949226061503092,True,121.15420413017273,0.0,121.15420413017273,NO_COMPACT_ALTERNATIVE_FOUND,False,False,False,0.0,
CIFAR10,B4_plus_Q,31337,0.25,256,256,256,0.009430136839548747,0.010373150523503622,0.009430136839548747,0.009592602835761176,True,115.5078718662262,0.0,115.5078718662262,NO_COMPACT_ALTERNATIVE_FOUND,False,False,False,0.0,
CIFAR10,B6a_plus_Q,42,0.25,48,48,256,0.010394426027933758,0.011433868630727134,0.00995166826248169,0.010118382771809896,True,151.57296800613403,0.0,151.57296800613403,SUCCESS,False,False,True,30.34392476081848,
CIFAR10,B6a_plus_Q,123,0.25,96,96,256,0.0090111878712972,0.00991230665842692,0.009079593022664388,0.009231291876898872,True,215.5125653743744,0.0,215.5125653743744,SUCCESS,False,False,True,30.34392476081848,
CIFAR10,B6a_plus_Q,777,0.25,48,48,256,0.009391007900238037,0.01033010869026184,0.009859083811442059,0.010018228001064724,True,172.22650718688965,0.0,172.22650718688965,SUCCESS,False,False,True,30.34392476081848,
CIFAR10,B6a_plus_Q,2024,0.25,64,64,256,0.008810139020284017,0.009691152922312419,0.009592088858286541,0.009757555855645075,True,190.14407634735107,0.0,190.14407634735107,SUCCESS,False,False,True,30.34392476081848,
CIFAR10,B6a_plus_Q,31337,0.25,48,48,256,0.009430136839548747,0.010373150523503622,0.010125338077545166,0.010311804877387152,True,150.1516559123993,0.0,150.1516559123993,SUCCESS,False,False,True,30.34392476081848,
CIFAR10,B6b_plus_Q,42,0.25,96,96,256,0.010394426027933758,0.011433868630727134,0.009373145898183187,0.009528487947252062,True,58.01228594779968,0.0,58.01228594779968,SUCCESS,False,False,True,30.34392476081848,
CIFAR10,B6b_plus_Q,123,0.25,96,96,256,0.0090111878712972,0.00991230665842692,0.009079593022664388,0.009231291876898872,True,69.39596557617188,0.0,69.39596557617188,SUCCESS,False,False,True,30.34392476081848,
CIFAR10,B6b_plus_Q,777,0.25,96,96,256,0.009391007900238037,0.01033010869026184,0.009650051593780518,0.009808206876118978,True,64.47945022583008,0.0,64.47945022583008,SUCCESS,False,False,True,30.34392476081848,
CIFAR10,B6b_plus_Q,2024,0.25,96,96,256,0.008810139020284017,0.009691152922312419,0.009616418520609538,0.009771978484259711,True,69.70066452026367,0.0,69.70066452026367,SUCCESS,False,False,True,30.34392476081848,
CIFAR10,B6b_plus_Q,31337,0.25,128,128,256,0.009430136839548747,0.010373150523503622,0.009661836783091227,0.009829603301154243,True,85.34060263633728,0.0,85.34060263633728,SUCCESS,False,False,True,30.34392476081848,
CIFAR10,B1_full_mse,42,0.5,128,128,256,0.011249095439910888,0.012374004983901976,0.011031319936116534,0.011233581966824002,True,351.720201253891,0.0,351.720201253891,SUCCESS,False,False,True,0.0,
CIFAR10,B1_full_mse,123,0.5,192,192,256,0.01144439951578776,0.012588839467366537,0.010949254353841146,0.011139883995056152,True,358.213561296463,0.0,358.213561296463,SUCCESS,False,False,True,0.0,
CIFAR10,B1_full_mse,777,0.5,128,128,256,0.01110271994272868,0.012212991937001549,0.010858400185902912,0.01103949949476454,True,313.7964470386505,0.0,313.7964470386505,SUCCESS,False,False,True,0.0,
CIFAR10,B1_full_mse,2024,0.5,256,256,256,0.01101473617553711,0.012116209793090821,0.01101473617553711,0.011202271143595378,True,356.1513855457306,0.0,356.1513855457306,SUCCESS,False,False,False,0.0,
CIFAR10,B1_full_mse,31337,0.5,256,256,256,0.010942118644714355,0.01203633050918579,0.010942118644714355,0.011140876558091907,True,364.3768353462219,0.0,364.3768353462219,SUCCESS,False,False,False,0.0,
CIFAR10,B2_full_elbo,42,0.5,256,256,256,0.011249095439910888,0.012374004983901976,0.011249095439910888,0.011475189208984375,True,351.720201253891,0.0,351.720201253891,SUCCESS,False,False,False,0.0,
CIFAR10,B2_full_elbo,123,0.5,128,128,256,0.01144439951578776,0.012588839467366537,0.011248561223347983,0.011422046767340767,True,358.213561296463,0.0,358.213561296463,SUCCESS,False,False,True,0.0,
CIFAR10,B2_full_elbo,777,0.5,256,256,256,0.01110271994272868,0.012212991937001549,0.01110271994272868,0.011296980857849118,True,313.7964470386505,0.0,313.7964470386505,SUCCESS,False,False,False,0.0,
CIFAR10,B2_full_elbo,2024,0.5,128,128,256,0.01101473617553711,0.012116209793090821,0.011260013580322265,0.011446055094401041,True,356.1513855457306,0.0,356.1513855457306,SUCCESS,False,False,True,0.0,
CIFAR10,B2_full_elbo,31337,0.5,128,128,256,0.010942118644714355,0.01203633050918579,0.01108745574951172,0.011274979167514378,True,364.3768353462219,0.0,364.3768353462219,SUCCESS,False,False,True,0.0,
CIFAR10,B3_full_downstream,42,0.5,256,256,256,0.011249095439910888,0.012374004983901976,0.011249095439910888,0.011475189208984375,True,490.9637792110443,0.0,490.9637792110443,SUCCESS,False,False,False,0.0,
CIFAR10,B3_full_downstream,123,0.5,192,192,256,0.01144439951578776,0.012588839467366537,0.010949254353841146,0.011139883995056152,True,495.38426303863525,0.0,495.38426303863525,SUCCESS,False,False,True,0.0,
CIFAR10,B3_full_downstream,777,0.5,256,256,256,0.01110271994272868,0.012212991937001549,0.01110271994272868,0.011296980857849118,True,460.8244717121124,0.0,460.8244717121124,SUCCESS,False,False,False,0.0,
CIFAR10,B3_full_downstream,2024,0.5,256,256,256,0.01101473617553711,0.012116209793090821,0.01101473617553711,0.011202271143595378,True,493.56616735458374,0.0,493.56616735458374,SUCCESS,False,False,False,0.0,
CIFAR10,B3_full_downstream,31337,0.5,256,256,256,0.010942118644714355,0.01203633050918579,0.010942118644714355,0.011140876558091907,True,500.24441957473755,0.0,500.24441957473755,SUCCESS,False,False,False,0.0,
CIFAR10,B4_coarse,42,0.5,256,256,256,0.011249095439910888,0.012374004983901976,0.011249095439910888,0.011475189208984375,True,130.08443784713745,0.0,130.08443784713745,SUCCESS,False,False,False,0.0,
CIFAR10,B4_coarse,123,0.5,256,256,256,0.01144439951578776,0.012588839467366537,0.01144439951578776,0.011644757164849175,True,128.61051058769226,0.0,128.61051058769226,SUCCESS,False,False,False,0.0,
CIFAR10,B4_coarse,777,0.5,256,256,256,0.01110271994272868,0.012212991937001549,0.01110271994272868,0.011296980857849118,True,125.46044683456421,0.0,125.46044683456421,SUCCESS,False,False,False,0.0,
CIFAR10,B4_coarse,2024,0.5,256,256,256,0.01101473617553711,0.012116209793090821,0.01101473617553711,0.011202271143595378,True,152.23494219779968,0.0,152.23494219779968,SUCCESS,False,False,False,0.0,
CIFAR10,B4_coarse,31337,0.5,256,256,256,0.010942118644714355,0.01203633050918579,0.010942118644714355,0.011140876558091907,True,131.6414647102356,0.0,131.6414647102356,SUCCESS,False,False,False,0.0,
CIFAR10,B5_fixed32,42,0.5,32,32,256,0.011249095439910888,0.012374004983901976,0.012433636665344238,0.012656898074679904,False,31.936123847961426,35.9989755153656,67.93509936332703,SUCCESS,False,False,True,0.0,
CIFAR10,B5_fixed32,123,0.5,32,32,256,0.01144439951578776,0.012588839467366537,0.012751540819803873,0.012971063613891602,False,26.77366065979004,38.20402693748474,64.97768759727478,SUCCESS,False,False,True,0.0,
CIFAR10,B5_fixed32,777,0.5,32,32,256,0.01110271994272868,0.012212991937001549,0.01275434748331706,0.012964140786064997,False,26.877021074295044,42.50229287147522,69.37931394577026,SUCCESS,False,False,True,0.0,
CIFAR10,B5_fixed32,2024,0.5,32,32,256,0.01101473617553711,0.012116209793090821,0.012420091946919759,0.012628165139092339,False,39.12688446044922,51.343788862228394,90.47067332267761,SUCCESS,False,False,True,0.0,
CIFAR10,B5_fixed32,31337,0.5,32,32,256,0.010942118644714355,0.01203633050918579,0.012467491149902343,0.012711444218953448,False,44.67064547538757,46.38076734542847,91.05141282081604,SUCCESS,False,False,True,0.0,
CIFAR10,B6a_fondue,42,0.5,17,17,256,0.011249095439910888,0.012374004983901976,0.01629232184092204,0.016581328286064997,False,44.177278995513916,35.9989755153656,80.17625451087952,SUCCESS,False,False,True,15.555523157119751,
CIFAR10,B6a_fondue,123,0.5,16,16,256,0.01144439951578776,0.012588839467366537,0.016752954165140787,0.01705424796210395,False,34.22071838378906,38.20402693748474,72.4247453212738,SUCCESS,False,False,True,15.555523157119751,
CIFAR10,B6a_fondue,777,0.5,17,17,256,0.01110271994272868,0.012212991937001549,0.016367856343587242,0.016684527926974824,False,34.07996606826782,42.50229287147522,76.58225893974304,SUCCESS,False,False,True,15.555523157119751,
CIFAR10,B6a_fondue,2024,0.5,16,16,256,0.01101473617553711,0.012116209793090821,0.016726040840148927,0.017028268814086915,False,31.16816234588623,51.343788862228394,82.51195120811462,SUCCESS,False,False,True,15.555523157119751,
CIFAR10,B6a_fondue,31337,0.5,18,18,256,0.010942118644714355,0.01203633050918579,0.015894136428833007,0.016164257685343426,False,34.244648933410645,46.38076734542847,80.62541627883911,SUCCESS,False,False,True,15.555523157119751,
CIFAR10,B6b_fondue_var,42,0.5,71,71,256,0.011249095439910888,0.012374004983901976,0.011289278030395507,0.011480529043409559,True,34.36089277267456,35.9989755153656,70.35986828804016,SUCCESS,False,False,True,15.555523157119751,
CIFAR10,B6b_fondue_var,123,0.5,39,39,256,0.01144439951578776,0.012588839467366537,0.011720395723978677,0.011915496826171875,True,34.44561219215393,38.20402693748474,72.64963912963867,SUCCESS,False,False,True,15.555523157119751,
CIFAR10,B6b_fondue_var,777,0.5,37,37,256,0.01110271994272868,0.012212991937001549,0.012304171244303387,0.01250472640991211,False,34.134581327438354,42.50229287147522,76.63687419891357,SUCCESS,False,False,True,15.555523157119751,
CIFAR10,B6b_fondue_var,2024,0.5,40,40,256,0.01101473617553711,0.012116209793090821,0.011644524574279787,0.011825944370693632,True,33.566962480545044,51.343788862228394,84.91075134277344,SUCCESS,False,False,True,15.555523157119751,
CIFAR10,B6b_fondue_var,31337,0.5,77,77,256,0.010942118644714355,0.01203633050918579,0.010918772697448733,0.011127225663926864,True,55.040528297424316,46.38076734542847,101.42129564285278,SUCCESS,False,False,True,15.555523157119751,
CIFAR10,B6b_fondue_var_keepmixed_false,42,0.5,6,6,256,0.011249095439910888,0.012374004983901976,0.02542630894978841,0.025674422793918183,False,26.240917921066284,35.9989755153656,62.239893436431885,SUCCESS,False,False,True,15.555523157119751,
CIFAR10,B6b_fondue_var_keepmixed_false,123,0.5,4,4,256,0.01144439951578776,0.012588839467366537,0.029157101949055988,0.029276277754041884,False,36.31445860862732,38.20402693748474,74.51848554611206,SUCCESS,False,False,True,15.555523157119751,
CIFAR10,B6b_fondue_var_keepmixed_false,777,0.5,7,7,256,0.01110271994272868,0.012212991937001549,0.02376426633199056,0.024141659630669488,False,27.267154932022095,42.50229287147522,69.76944780349731,SUCCESS,False,False,True,15.555523157119751,
CIFAR10,B6b_fondue_var_keepmixed_false,2024,0.5,4,4,256,0.01101473617553711,0.012116209793090821,0.029235598882039388,0.029288810306125217,False,28.25579261779785,51.343788862228394,79.59958148002625,SUCCESS,False,False,True,15.555523157119751,
CIFAR10,B6b_fondue_var_keepmixed_false,31337,0.5,8,8,256,0.010942118644714355,0.01203633050918579,0.022318364461263025,0.022729699452718098,False,32.83102893829346,46.38076734542847,79.21179628372192,SUCCESS,False,False,True,15.555523157119751,
CIFAR10,proposed,42,0.5,256,256,256,0.011249095439910888,0.012374004983901976,0.011249095439910888,0.011475189208984375,True,470.5900511741638,0.0,470.5900511741638,ID_UNRELIABLE,True,False,False,0.0,
CIFAR10,proposed,123,0.5,256,256,256,0.01144439951578776,0.012588839467366537,0.01144439951578776,0.011644757164849175,True,469.1161239147186,0.0,469.1161239147186,ID_UNRELIABLE,True,False,False,0.0,
CIFAR10,proposed,777,0.5,256,256,256,0.01110271994272868,0.012212991937001549,0.01110271994272868,0.011296980857849118,True,465.9660601615906,0.0,465.9660601615906,ID_UNRELIABLE,True,False,False,0.0,
CIFAR10,proposed,2024,0.5,256,256,256,0.01101473617553711,0.012116209793090821,0.01101473617553711,0.011202271143595378,True,492.74055552482605,0.0,492.74055552482605,ID_UNRELIABLE,True,False,False,0.0,
CIFAR10,proposed,31337,0.5,256,256,256,0.010942118644714355,0.01203633050918579,0.010942118644714355,0.011140876558091907,True,472.14707803726196,0.0,472.14707803726196,ID_UNRELIABLE,True,False,False,0.0,
CIFAR10,proposed_minus_AU,42,0.5,256,256,256,0.011249095439910888,0.012374004983901976,0.011249095439910888,0.011475189208984375,True,470.5900511741638,0.0,470.5900511741638,ID_UNRELIABLE,True,False,False,0.0,
CIFAR10,proposed_minus_AU,123,0.5,256,256,256,0.01144439951578776,0.012588839467366537,0.01144439951578776,0.011644757164849175,True,469.1161239147186,0.0,469.1161239147186,ID_UNRELIABLE,True,False,False,0.0,
CIFAR10,proposed_minus_AU,777,0.5,256,256,256,0.01110271994272868,0.012212991937001549,0.01110271994272868,0.011296980857849118,True,465.9660601615906,0.0,465.9660601615906,ID_UNRELIABLE,True,False,False,0.0,
CIFAR10,proposed_minus_AU,2024,0.5,256,256,256,0.01101473617553711,0.012116209793090821,0.01101473617553711,0.011202271143595378,True,492.74055552482605,0.0,492.74055552482605,ID_UNRELIABLE,True,False,False,0.0,
CIFAR10,proposed_minus_AU,31337,0.5,256,256,256,0.010942118644714355,0.01203633050918579,0.010942118644714355,0.011140876558091907,True,472.14707803726196,0.0,472.14707803726196,ID_UNRELIABLE,True,False,False,0.0,
CIFAR10,ascending_scan_Q,42,0.5,48,48,256,0.011249095439910888,0.012374004983901976,0.0116044545173645,0.011802848603990342,True,195.8528847694397,0.0,195.8528847694397,SUCCESS,False,False,True,0.0,
CIFAR10,ascending_scan_Q,123,0.5,48,48,256,0.01144439951578776,0.012588839467366537,0.011865446408589681,0.012052074432373047,True,198.87803530693054,0.0,198.87803530693054,SUCCESS,False,False,True,0.0,
CIFAR10,ascending_scan_Q,777,0.5,48,48,256,0.01110271994272868,0.012212991937001549,0.011706672032674153,0.011903567208184135,True,179.10556507110596,0.0,179.10556507110596,SUCCESS,False,False,True,0.0,
CIFAR10,ascending_scan_Q,2024,0.5,48,48,256,0.01101473617553711,0.012116209793090821,0.011135773022969564,0.011326357735527886,True,219.2290494441986,0.0,219.2290494441986,SUCCESS,False,False,True,0.0,
CIFAR10,ascending_scan_Q,31337,0.5,48,48,256,0.010942118644714355,0.01203633050918579,0.011969376881917317,0.012170281834072535,True,204.60678029060364,0.0,204.60678029060364,SUCCESS,False,False,True,0.0,
CIFAR10,B4_plus_Q,42,0.5,256,256,256,0.011249095439910888,0.012374004983901976,0.011249095439910888,0.011475189208984375,True,130.08443784713745,0.0,130.08443784713745,NO_COMPACT_ALTERNATIVE_FOUND,False,False,False,0.0,
CIFAR10,B4_plus_Q,123,0.5,256,256,256,0.01144439951578776,0.012588839467366537,0.01144439951578776,0.011644757164849175,True,128.61051058769226,0.0,128.61051058769226,NO_COMPACT_ALTERNATIVE_FOUND,False,False,False,0.0,
CIFAR10,B4_plus_Q,777,0.5,256,256,256,0.01110271994272868,0.012212991937001549,0.01110271994272868,0.011296980857849118,True,125.46044683456421,0.0,125.46044683456421,NO_COMPACT_ALTERNATIVE_FOUND,False,False,False,0.0,
CIFAR10,B4_plus_Q,2024,0.5,256,256,256,0.01101473617553711,0.012116209793090821,0.01101473617553711,0.011202271143595378,True,152.23494219779968,0.0,152.23494219779968,NO_COMPACT_ALTERNATIVE_FOUND,False,False,False,0.0,
CIFAR10,B4_plus_Q,31337,0.5,256,256,256,0.010942118644714355,0.01203633050918579,0.010942118644714355,0.011140876558091907,True,131.6414647102356,0.0,131.6414647102356,NO_COMPACT_ALTERNATIVE_FOUND,False,False,False,0.0,
CIFAR10,B6a_plus_Q,42,0.5,48,48,256,0.011249095439910888,0.012374004983901976,0.0116044545173645,0.011802848603990342,True,139.49285244941711,0.0,139.49285244941711,SUCCESS,False,False,True,15.555523157119751,
CIFAR10,B6a_plus_Q,123,0.5,48,48,256,0.01144439951578776,0.012588839467366537,0.011865446408589681,0.012052074432373047,True,172.68205785751343,0.0,172.68205785751343,SUCCESS,False,False,True,15.555523157119751,
CIFAR10,B6a_plus_Q,777,0.5,48,48,256,0.01110271994272868,0.012212991937001549,0.011706672032674153,0.011903567208184135,True,128.3466136455536,0.0,128.3466136455536,SUCCESS,False,False,True,15.555523157119751,
CIFAR10,B6a_plus_Q,2024,0.5,48,48,256,0.01101473617553711,0.012116209793090821,0.011135773022969564,0.011326357735527886,True,197.51111102104187,0.0,197.51111102104187,SUCCESS,False,False,True,15.555523157119751,
CIFAR10,B6a_plus_Q,31337,0.5,48,48,256,0.010942118644714355,0.01203633050918579,0.011969376881917317,0.012170281834072535,True,151.8697361946106,0.0,151.8697361946106,SUCCESS,False,False,True,15.555523157119751,
CIFAR10,B6b_plus_Q,42,0.5,96,96,256,0.011249095439910888,0.012374004983901976,0.011306330680847168,0.011492035547892252,True,70.41197919845581,0.0,70.41197919845581,SUCCESS,False,False,True,15.555523157119751,
CIFAR10,B6b_plus_Q,123,0.5,48,48,256,0.01144439951578776,0.012588839467366537,0.011865446408589681,0.012052074432373047,True,69.22538948059082,0.0,69.22538948059082,SUCCESS,False,False,True,15.555523157119751,
CIFAR10,B6b_plus_Q,777,0.5,48,48,256,0.01110271994272868,0.012212991937001549,0.011706672032674153,0.011903567208184135,True,70.67902946472168,0.0,70.67902946472168,SUCCESS,False,False,True,15.555523157119751,
CIFAR10,B6b_plus_Q,2024,0.5,48,48,256,0.01101473617553711,0.012116209793090821,0.011135773022969564,0.011326357735527886,True,100.36739897727966,0.0,100.36739897727966,SUCCESS,False,False,True,15.555523157119751,
CIFAR10,B6b_plus_Q,31337,0.5,96,96,256,0.010942118644714355,0.01203633050918579,0.01133968178431193,0.011531368467542859,True,80.95890140533447,0.0,80.95890140533447,SUCCESS,False,False,True,15.555523157119751,
CIFAR10,B1_full_mse,42,2.0,32,32,256,0.017862943331400555,0.01964923766454061,0.01740265782674154,0.01768185022142198,True,498.3830804824829,0.0,498.3830804824829,SUCCESS,False,False,True,0.0,
CIFAR10,B1_full_mse,123,2.0,192,192,256,0.017697792053222656,0.01946757125854492,0.01748133977254232,0.017762373182508683,True,532.3994700908661,0.0,532.3994700908661,SUCCESS,False,False,True,0.0,
CIFAR10,B1_full_mse,777,2.0,192,192,256,0.01760337607065837,0.019363713677724204,0.017550049781799318,0.01783550919426812,True,492.9080789089203,0.0,492.9080789089203,SUCCESS,False,False,True,0.0,
CIFAR10,B1_full_mse,2024,2.0,24,24,256,0.017629697163899737,0.019392666880289712,0.017568608601888018,0.01784136962890625,True,510.46059370040894,0.0,510.46059370040894,SUCCESS,False,False,True,0.0,
CIFAR10,B1_full_mse,31337,2.0,64,64,256,0.018238088289896648,0.020061897118886313,0.01745298989613851,0.017739044825236003,True,498.7108428478241,0.0,498.7108428478241,SUCCESS,False,False,True,0.0,
CIFAR10,B2_full_elbo,42,2.0,64,64,256,0.017862943331400555,0.01964923766454061,0.017509753545125323,0.01776691394382053,True,498.3830804824829,0.0,498.3830804824829,SUCCESS,False,False,True,0.0,
CIFAR10,B2_full_elbo,123,2.0,128,128,256,0.017697792053222656,0.01946757125854492,0.017510735829671224,0.017804102579752606,True,532.3994700908661,0.0,532.3994700908661,SUCCESS,False,False,True,0.0,
CIFAR10,B2_full_elbo,777,2.0,192,192,256,0.01760337607065837,0.019363713677724204,0.017550049781799318,0.01783550919426812,True,492.9080789089203,0.0,492.9080789089203,SUCCESS,False,False,True,0.0,
CIFAR10,B2_full_elbo,2024,2.0,256,256,256,0.017629697163899737,0.019392666880289712,0.017629697163899737,0.01787359831068251,True,510.46059370040894,0.0,510.46059370040894,SUCCESS,False,False,False,0.0,
CIFAR10,B2_full_elbo,31337,2.0,64,64,256,0.018238088289896648,0.020061897118886313,0.01745298989613851,0.017739044825236003,True,498.7108428478241,0.0,498.7108428478241,SUCCESS,False,False,True,0.0,
CIFAR10,B3_full_downstream,42,2.0,192,192,256,0.017862943331400555,0.01964923766454061,0.01782280985514323,0.01811908107333713,True,667.0668244361877,0.0,667.0668244361877,SUCCESS,False,False,True,0.0,
CIFAR10,B3_full_downstream,123,2.0,256,256,256,0.017697792053222656,0.01946757125854492,0.017697792053222656,0.01801607682969835,True,696.5184576511383,0.0,696.5184576511383,SUCCESS,False,False,False,0.0,
CIFAR10,B3_full_downstream,777,2.0,256,256,256,0.01760337607065837,0.019363713677724204,0.01760337607065837,0.01789156786600749,True,659.4423179626465,0.0,659.4423179626465,SUCCESS,False,False,False,0.0,
CIFAR10,B3_full_downstream,2024,2.0,256,256,256,0.017629697163899737,0.019392666880289712,0.017629697163899737,0.01787359831068251,True,672.0386476516724,0.0,672.0386476516724,SUCCESS,False,False,False,0.0,
CIFAR10,B3_full_downstream,31337,2.0,256,256,256,0.018238088289896648,0.020061897118886313,0.018238088289896648,0.01856682777404785,True,661.5316808223724,0.0,661.5316808223724,SUCCESS,False,False,False,0.0,
CIFAR10,B4_coarse,42,2.0,48,48,256,0.017862943331400555,0.01964923766454061,0.0177041654586792,0.018005649354722767,True,169.44025182724,0.0,169.44025182724,SUCCESS,False,False,True,0.0,
CIFAR10,B4_coarse,123,2.0,48,48,256,0.017697792053222656,0.01946757125854492,0.017532121022542316,0.017783558527628585,True,196.5708339214325,0.0,196.5708339214325,SUCCESS,False,False,True,0.0,
CIFAR10,B4_coarse,777,2.0,256,256,256,0.01760337607065837,0.019363713677724204,0.01760337607065837,0.01789156786600749,True,199.25412249565125,0.0,199.25412249565125,SUCCESS,False,False,False,0.0,
CIFAR10,B4_coarse,2024,2.0,256,256,256,0.017629697163899737,0.019392666880289712,0.017629697163899737,0.01787359831068251,True,190.7026686668396,0.0,190.7026686668396,SUCCESS,False,False,False,0.0,
CIFAR10,B4_coarse,31337,2.0,48,48,256,0.018238088289896648,0.020061897118886313,0.01774790318806966,0.01802895312839084,True,170.00148248672485,0.0,170.00148248672485,SUCCESS,False,False,True,0.0,
CIFAR10,B5_fixed32,42,2.0,32,32,256,0.017862943331400555,0.01964923766454061,0.01740265782674154,0.01768185022142198,True,64.30406618118286,44.15496873855591,108.45903491973877,SUCCESS,False,False,True,0.0,
CIFAR10,B5_fixed32,123,2.0,32,32,256,0.017697792053222656,0.01946757125854492,0.017568246841430664,0.017830724716186526,True,57.20627999305725,77.37014365196228,134.57642364501953,SUCCESS,False,False,True,0.0,
CIFAR10,B5_fixed32,777,2.0,32,32,256,0.01760337607065837,0.019363713677724204,0.01783710511525472,0.018121375401814778,True,33.96086287498474,92.02225232124329,125.98311519622803,SUCCESS,False,False,True,0.0,
CIFAR10,B5_fixed32,2024,2.0,32,32,256,0.017629697163899737,0.019392666880289712,0.01766006978352865,0.01792097833421495,True,46.655941009521484,62.044416666030884,108.70035767555237,SUCCESS,False,False,True,0.0,
CIFAR10,B5_fixed32,31337,2.0,32,32,256,0.018238088289896648,0.020061897118886313,0.017605317751566568,0.01789854219224718,True,54.547319173812866,42.03680443763733,96.5841236114502,SUCCESS,False,False,True,0.0,
CIFAR10,B6a_fondue,42,2.0,14,14,256,0.017862943331400555,0.01964923766454061,0.018962799072265626,0.019272134357028535,True,43.88008999824524,44.15496873855591,88.03505873680115,SUCCESS,False,False,True,29.6942617893219,
CIFAR10,B6a_fondue,123,2.0,13,13,256,0.017697792053222656,0.01946757125854492,0.01929145463307699,0.019647696389092337,True,52.83236837387085,77.37014365196228,130.20251202583313,SUCCESS,False,False,True,29.6942617893219,
CIFAR10,B6a_fondue,777,2.0,14,14,256,0.01760337607065837,0.019363713677724204,0.018730391184488934,0.019044833501180015,True,61.27291440963745,92.02225232124329,153.29516673088074,SUCCESS,False,False,True,29.6942617893219,
CIFAR10,B6a_fondue,2024,2.0,13,13,256,0.017629697163899737,0.019392666880289712,0.01909327507019043,0.019389631483289933,True,49.580947399139404,62.044416666030884,111.62536406517029,SUCCESS,False,False,True,29.6942617893219,
CIFAR10,B6a_fondue,31337,2.0,13,13,256,0.018238088289896648,0.020061897118886313,0.01944849522908529,0.019741176181369356,True,42.751134395599365,42.03680443763733,84.7879388332367,SUCCESS,False,False,True,29.6942617893219,
CIFAR10,B6b_fondue_var,42,2.0,17,17,256,0.017862943331400555,0.01964923766454061,0.018209244092305503,0.018509156545003257,True,43.67492318153381,44.15496873855591,87.82989192008972,SUCCESS,False,False,True,29.6942617893219,
CIFAR10,B6b_fondue_var,123,2.0,24,24,256,0.017697792053222656,0.01946757125854492,0.017752805391947426,0.01806202591790093,True,33.857168436050415,77.37014365196228,111.2273120880127,SUCCESS,False,False,True,29.6942617893219,
CIFAR10,B6b_fondue_var,777,2.0,29,29,256,0.01760337607065837,0.019363713677724204,0.017485246658325196,0.01776571167839898,True,59.07057785987854,92.02225232124329,151.09283018112183,SUCCESS,False,False,True,29.6942617893219,
CIFAR10,B6b_fondue_var,2024,2.0,24,24,256,0.017629697163899737,0.019392666880289712,0.017568608601888018,0.01784136962890625,True,67.33642792701721,62.044416666030884,129.3808445930481,SUCCESS,False,False,True,29.6942617893219,
CIFAR10,B6b_fondue_var,31337,2.0,18,18,256,0.018238088289896648,0.020061897118886313,0.01779975191752116,0.01807731416490343,True,64.21072673797607,42.03680443763733,106.2475311756134,SUCCESS,False,False,True,29.6942617893219,
CIFAR10,B6b_fondue_var_keepmixed_false,42,2.0,4,4,256,0.017862943331400555,0.01964923766454061,0.02919276301066081,0.029290633731418186,False,41.26095390319824,44.15496873855591,85.41592264175415,SUCCESS,False,False,True,29.6942617893219,
CIFAR10,B6b_fondue_var_keepmixed_false,123,2.0,3,3,256,0.017697792053222656,0.01946757125854492,0.03198635609944661,0.031941349877251515,False,34.63851523399353,77.37014365196228,112.00865888595581,SUCCESS,False,False,True,29.6942617893219,
CIFAR10,B6b_fondue_var_keepmixed_false,777,2.0,2,2,256,0.01760337607065837,0.019363713677724204,0.036043012619018565,0.0358732312520345,False,37.01784372329712,92.02225232124329,129.0400960445404,SUCCESS,False,False,True,29.6942617893219,
CIFAR10,B6b_fondue_var_keepmixed_false,2024,2.0,2,2,256,0.017629697163899737,0.019392666880289712,0.03614003944396973,0.03586665513780382,False,42.14627170562744,62.044416666030884,104.19068837165833,SUCCESS,False,False,True,29.6942617893219,
CIFAR10,B6b_fondue_var_keepmixed_false,31337,2.0,2,2,256,0.018238088289896648,0.020061897118886313,0.036033994674682615,0.035836249881320524,False,45.50178837776184,42.03680443763733,87.53859281539917,SUCCESS,False,False,True,29.6942617893219,
CIFAR10,proposed,42,2.0,48,48,256,0.017862943331400555,0.01964923766454061,0.0177041654586792,0.018005649354722767,True,509.94586515426636,0.0,509.94586515426636,ID_UNRELIABLE,True,False,True,0.0,
CIFAR10,proposed,123,2.0,48,48,256,0.017697792053222656,0.01946757125854492,0.017532121022542316,0.017783558527628585,True,537.0764472484589,0.0,537.0764472484589,ID_UNRELIABLE,True,False,True,0.0,
CIFAR10,proposed,777,2.0,256,256,256,0.01760337607065837,0.019363713677724204,0.01760337607065837,0.01789156786600749,True,539.7597358226776,0.0,539.7597358226776,ID_UNRELIABLE,True,False,False,0.0,
CIFAR10,proposed,2024,2.0,256,256,256,0.017629697163899737,0.019392666880289712,0.017629697163899737,0.01787359831068251,True,531.208281993866,0.0,531.208281993866,ID_UNRELIABLE,True,False,False,0.0,
CIFAR10,proposed,31337,2.0,48,48,256,0.018238088289896648,0.020061897118886313,0.01774790318806966,0.01802895312839084,True,510.5070958137512,0.0,510.5070958137512,ID_UNRELIABLE,True,False,True,0.0,
CIFAR10,proposed_minus_AU,42,2.0,48,48,256,0.017862943331400555,0.01964923766454061,0.0177041654586792,0.018005649354722767,True,509.94586515426636,0.0,509.94586515426636,ID_UNRELIABLE,True,False,True,0.0,
CIFAR10,proposed_minus_AU,123,2.0,48,48,256,0.017697792053222656,0.01946757125854492,0.017532121022542316,0.017783558527628585,True,537.0764472484589,0.0,537.0764472484589,ID_UNRELIABLE,True,False,True,0.0,
CIFAR10,proposed_minus_AU,777,2.0,256,256,256,0.01760337607065837,0.019363713677724204,0.01760337607065837,0.01789156786600749,True,539.7597358226776,0.0,539.7597358226776,ID_UNRELIABLE,True,False,False,0.0,
CIFAR10,proposed_minus_AU,2024,2.0,256,256,256,0.017629697163899737,0.019392666880289712,0.017629697163899737,0.01787359831068251,True,531.208281993866,0.0,531.208281993866,ID_UNRELIABLE,True,False,False,0.0,
CIFAR10,proposed_minus_AU,31337,2.0,48,48,256,0.018238088289896648,0.020061897118886313,0.01774790318806966,0.01802895312839084,True,510.5070958137512,0.0,510.5070958137512,ID_UNRELIABLE,True,False,True,0.0,
CIFAR10,ascending_scan_Q,42,2.0,16,16,256,0.017862943331400555,0.01964923766454061,0.018239872296651204,0.01854544406467014,True,132.75689387321472,0.0,132.75689387321472,SUCCESS,False,False,True,0.0,
CIFAR10,ascending_scan_Q,123,2.0,16,16,256,0.017697792053222656,0.01946757125854492,0.018371124267578122,0.018696205563015406,True,149.53957986831665,0.0,149.53957986831665,SUCCESS,False,False,True,0.0,
CIFAR10,ascending_scan_Q,777,2.0,16,16,256,0.01760337607065837,0.019363713677724204,0.018454594294230145,0.01876207245720757,True,158.46822595596313,0.0,158.46822595596313,SUCCESS,False,False,True,0.0,
CIFAR10,ascending_scan_Q,2024,2.0,16,16,256,0.017629697163899737,0.019392666880289712,0.018295852979024255,0.018633155398898652,True,141.78093695640564,0.0,141.78093695640564,SUCCESS,False,False,True,0.0,
CIFAR10,ascending_scan_Q,31337,2.0,16,16,256,0.018238088289896648,0.020061897118886313,0.018255422592163086,0.01857117780049642,True,127.79151105880737,0.0,127.79151105880737,SUCCESS,False,False,True,0.0,
CIFAR10,B4_plus_Q,42,2.0,48,48,256,0.017862943331400555,0.01964923766454061,0.0177041654586792,0.018005649354722767,True,169.44025182724,0.0,169.44025182724,SUCCESS,False,False,True,0.0,
CIFAR10,B4_plus_Q,123,2.0,48,48,256,0.017697792053222656,0.01946757125854492,0.017532121022542316,0.017783558527628585,True,196.5708339214325,0.0,196.5708339214325,SUCCESS,False,False,True,0.0,
CIFAR10,B4_plus_Q,777,2.0,256,256,256,0.01760337607065837,0.019363713677724204,0.01760337607065837,0.01789156786600749,True,199.25412249565125,0.0,199.25412249565125,NO_COMPACT_ALTERNATIVE_FOUND,False,False,False,0.0,
CIFAR10,B4_plus_Q,2024,2.0,256,256,256,0.017629697163899737,0.019392666880289712,0.017629697163899737,0.01787359831068251,True,190.7026686668396,0.0,190.7026686668396,NO_COMPACT_ALTERNATIVE_FOUND,False,False,False,0.0,
CIFAR10,B4_plus_Q,31337,2.0,48,48,256,0.018238088289896648,0.020061897118886313,0.01774790318806966,0.01802895312839084,True,170.00148248672485,0.0,170.00148248672485,SUCCESS,False,False,True,0.0,
CIFAR10,B6a_plus_Q,42,2.0,16,16,256,0.017862943331400555,0.01964923766454061,0.018239872296651204,0.01854544406467014,True,99.68387913703918,0.0,99.68387913703918,SUCCESS,False,False,True,29.6942617893219,
CIFAR10,B6a_plus_Q,123,2.0,16,16,256,0.017697792053222656,0.01946757125854492,0.018371124267578122,0.018696205563015406,True,125.36937475204468,0.0,125.36937475204468,SUCCESS,False,False,True,29.6942617893219,
CIFAR10,B6a_plus_Q,777,2.0,16,16,256,0.01760337607065837,0.019363713677724204,0.018454594294230145,0.01876207245720757,True,129.86957836151123,0.0,129.86957836151123,SUCCESS,False,False,True,29.6942617893219,
CIFAR10,B6a_plus_Q,2024,2.0,16,16,256,0.017629697163899737,0.019392666880289712,0.018295852979024255,0.018633155398898652,True,113.05987191200256,0.0,113.05987191200256,SUCCESS,False,False,True,29.6942617893219,
CIFAR10,B6a_plus_Q,31337,2.0,16,16,256,0.018238088289896648,0.020061897118886313,0.018255422592163086,0.01857117780049642,True,88.8546679019928,0.0,88.8546679019928,SUCCESS,False,False,True,29.6942617893219,
CIFAR10,B6b_plus_Q,42,2.0,24,24,256,0.017862943331400555,0.01964923766454061,0.017556439717610676,0.017833258734809027,True,92.80078864097595,0.0,92.80078864097595,SUCCESS,False,False,True,29.6942617893219,
CIFAR10,B6b_plus_Q,123,2.0,24,24,256,0.017697792053222656,0.01946757125854492,0.017752805391947426,0.01806202591790093,True,111.2273120880127,0.0,111.2273120880127,SUCCESS,False,False,True,29.6942617893219,
CIFAR10,B6b_plus_Q,777,2.0,32,32,256,0.01760337607065837,0.019363713677724204,0.01783710511525472,0.018121375401814778,True,127.49743008613586,0.0,127.49743008613586,SUCCESS,False,False,True,29.6942617893219,
CIFAR10,B6b_plus_Q,2024,2.0,24,24,256,0.017629697163899737,0.019392666880289712,0.017568608601888018,0.01784136962890625,True,129.3808445930481,0.0,129.3808445930481,SUCCESS,False,False,True,29.6942617893219,
CIFAR10,B6b_plus_Q,31337,2.0,24,24,256,0.018238088289896648,0.020061897118886313,0.017804716110229494,0.01810717497931586,True,79.00085401535034,0.0,79.00085401535034,SUCCESS,False,False,True,29.6942617893219,
CIFAR10,B1_full_mse,42,4.0,192,192,256,0.022467472076416015,0.024714219284057617,0.02195758056640625,0.0222734309302436,True,500.1377968788147,0.0,500.1377968788147,SUCCESS,False,False,True,0.0,
CIFAR10,B1_full_mse,123,4.0,96,96,256,0.022273865699768067,0.024501252269744873,0.021809253056844075,0.02212282371520996,True,479.6073043346405,0.0,479.6073043346405,SUCCESS,False,False,True,0.0,
CIFAR10,B1_full_mse,777,4.0,128,128,256,0.022169823964436848,0.024386806360880534,0.02181642723083496,0.022153569539388022,True,494.96798062324524,0.0,494.96798062324524,SUCCESS,False,False,True,0.0,
CIFAR10,B1_full_mse,2024,4.0,24,24,256,0.02286720053354899,0.02515392058690389,0.02182179641723633,0.02214514880710178,True,525.510351896286,0.0,525.510351896286,SUCCESS,False,False,True,0.0,
CIFAR10,B1_full_mse,31337,4.0,96,96,256,0.022214145024617514,0.024435559527079265,0.02179497337341309,0.02212819226582845,True,549.3000745773315,0.0,549.3000745773315,SUCCESS,False,False,True,0.0,
CIFAR10,B2_full_elbo,42,4.0,192,192,256,0.022467472076416015,0.024714219284057617,0.02195758056640625,0.0222734309302436,True,500.1377968788147,0.0,500.1377968788147,SUCCESS,False,False,True,0.0,
CIFAR10,B2_full_elbo,123,4.0,96,96,256,0.022273865699768067,0.024501252269744873,0.021809253056844075,0.02212282371520996,True,479.6073043346405,0.0,479.6073043346405,SUCCESS,False,False,True,0.0,
CIFAR10,B2_full_elbo,777,4.0,128,128,256,0.022169823964436848,0.024386806360880534,0.02181642723083496,0.022153569539388022,True,494.96798062324524,0.0,494.96798062324524,SUCCESS,False,False,True,0.0,
CIFAR10,B2_full_elbo,2024,4.0,64,64,256,0.02286720053354899,0.02515392058690389,0.02187283515930176,0.022162447187635635,True,525.510351896286,0.0,525.510351896286,SUCCESS,False,False,True,0.0,
CIFAR10,B2_full_elbo,31337,4.0,128,128,256,0.022214145024617514,0.024435559527079265,0.021841983159383137,0.022197092903984913,True,549.3000745773315,0.0,549.3000745773315,SUCCESS,False,False,True,0.0,
CIFAR10,B3_full_downstream,42,4.0,256,256,256,0.022467472076416015,0.024714219284057617,0.022467472076416015,0.022798630184597442,True,690.4504427909851,0.0,690.4504427909851,SUCCESS,False,False,False,0.0,
CIFAR10,B3_full_downstream,123,4.0,256,256,256,0.022273865699768067,0.024501252269744873,0.022273865699768067,0.022634951061672633,True,654.4728779792786,0.0,654.4728779792786,SUCCESS,False,False,False,0.0,
CIFAR10,B3_full_downstream,777,4.0,256,256,256,0.022169823964436848,0.024386806360880534,0.022169823964436848,0.022504011154174806,True,672.3285462856293,0.0,672.3285462856293,SUCCESS,False,False,False,0.0,
CIFAR10,B3_full_downstream,2024,4.0,256,256,256,0.02286720053354899,0.02515392058690389,0.02286720053354899,0.02319712935553657,True,703.3022065162659,0.0,703.3022065162659,SUCCESS,False,False,False,0.0,
CIFAR10,B3_full_downstream,31337,4.0,256,256,256,0.022214145024617514,0.024435559527079265,0.022214145024617514,0.022593154059516063,True,729.8578178882599,0.0,729.8578178882599,SUCCESS,False,False,False,0.0,
CIFAR10,B4_coarse,42,4.0,48,48,256,0.022467472076416015,0.024714219284057617,0.02198976294199626,0.022323357899983725,True,219.6532220840454,0.0,219.6532220840454,SUCCESS,False,False,True,0.0,
CIFAR10,B4_coarse,123,4.0,48,48,256,0.022273865699768067,0.024501252269744873,0.02197986698150635,0.022284746381971567,True,198.0195643901825,0.0,198.0195643901825,SUCCESS,False,False,True,0.0,
CIFAR10,B4_coarse,777,4.0,48,48,256,0.022169823964436848,0.024386806360880534,0.022126270929972332,0.022436295827229818,True,182.97759819030762,0.0,182.97759819030762,SUCCESS,False,False,True,0.0,
CIFAR10,B4_coarse,2024,4.0,48,48,256,0.02286720053354899,0.02515392058690389,0.02191062037150065,0.022228098763359915,True,206.87831449508667,0.0,206.87831449508667,SUCCESS,False,False,True,0.0,
CIFAR10,B4_coarse,31337,4.0,16,16,256,0.022214145024617514,0.024435559527079265,0.02193097972869873,0.022267168256971573,True,213.48222255706787,0.0,213.48222255706787,SUCCESS,False,False,True,0.0,
CIFAR10,B5_fixed32,42,4.0,32,32,256,0.022467472076416015,0.024714219284057617,0.022049073537190753,0.0223694945441352,True,46.43876814842224,70.8081705570221,117.24693870544434,SUCCESS,False,False,True,0.0,
CIFAR10,B5_fixed32,123,4.0,32,32,256,0.022273865699768067,0.024501252269744873,0.021935800552368163,0.022242838541666667,True,44.946245193481445,61.02980899810791,105.97605419158936,SUCCESS,False,False,True,0.0,
CIFAR10,B5_fixed32,777,4.0,32,32,256,0.022169823964436848,0.024386806360880534,0.021943482081095377,0.022303649266560872,True,60.19111204147339,60.47077798843384,120.66189002990723,SUCCESS,False,False,True,0.0,
CIFAR10,B5_fixed32,2024,4.0,32,32,256,0.02286720053354899,0.02515392058690389,0.02205150858561198,0.022380257076687286,True,59.53500199317932,47.932132720947266,107.46713471412659,SUCCESS,False,False,True,0.0,
CIFAR10,B5_fixed32,31337,4.0,32,32,256,0.022214145024617514,0.024435559527079265,0.021828853289286295,0.022161542892456056,True,50.54720449447632,68.00399208068848,118.5511965751648,SUCCESS,False,False,True,0.0,
CIFAR10,B6a_fondue,42,4.0,13,13,256,0.022467472076416015,0.024714219284057617,0.022052467981974286,0.022405991236368814,True,72.28689241409302,70.8081705570221,143.0950629711151,SUCCESS,False,False,True,42.975823640823364,
CIFAR10,B6a_fondue,123,4.0,12,12,256,0.022273865699768067,0.024501252269744873,0.022085359891255697,0.02239423836602105,True,51.27791881561279,61.02980899810791,112.3077278137207,SUCCESS,False,False,True,42.975823640823364,
CIFAR10,B6a_fondue,777,4.0,13,13,256,0.022169823964436848,0.024386806360880534,0.021999998092651366,0.02228424538506402,True,68.04002070426941,60.47077798843384,128.51079869270325,SUCCESS,False,False,True,42.975823640823364,
CIFAR10,B6a_fondue,2024,4.0,13,13,256,0.02286720053354899,0.02515392058690389,0.022126408259073894,0.022429050233629018,True,48.07188630104065,47.932132720947266,96.00401902198792,SUCCESS,False,False,True,42.975823640823364,
CIFAR10,B6a_fondue,31337,4.0,12,12,256,0.022214145024617514,0.024435559527079265,0.022001463890075682,0.022341239505343967,True,67.05841207504272,68.00399208068848,135.0624041557312,SUCCESS,False,False,True,42.975823640823364,
CIFAR10,B6b_fondue_var,42,4.0,11,11,256,0.022467472076416015,0.024714219284057617,0.022244548161824543,0.02259798304239909,True,70.69046711921692,70.8081705570221,141.498637676239,SUCCESS,False,False,True,42.975823640823364,
CIFAR10,B6b_fondue_var,123,4.0,15,15,256,0.022273865699768067,0.024501252269744873,0.02212505022684733,0.022446906619601782,True,35.79272127151489,61.02980899810791,96.8225302696228,SUCCESS,False,False,True,42.975823640823364,
CIFAR10,B6b_fondue_var,777,4.0,9,9,256,0.022169823964436848,0.024386806360880534,0.023219865798950197,0.023510548061794707,True,35.748143434524536,60.47077798843384,96.21892142295837,SUCCESS,False,False,True,42.975823640823364,
CIFAR10,B6b_fondue_var,2024,4.0,8,8,256,0.02286720053354899,0.02515392058690389,0.023550862630208332,0.023869356155395507,True,64.90066075325012,47.932132720947266,112.83279347419739,SUCCESS,False,False,True,42.975823640823364,
CIFAR10,B6b_fondue_var,31337,4.0,15,15,256,0.022214145024617514,0.024435559527079265,0.022084243138631183,0.022394293467203775,True,34.16424751281738,68.00399208068848,102.16823959350586,SUCCESS,False,False,True,42.975823640823364,
CIFAR10,B6b_fondue_var_keepmixed_false,42,4.0,1,1,256,0.022467472076416015,0.024714219284057617,0.04319646326700846,0.04219200600518121,False,34.71242618560791,70.8081705570221,105.52059674263,SUCCESS,False,False,True,42.975823640823364,
CIFAR10,B6b_fondue_var_keepmixed_false,123,4.0,2,2,256,0.022273865699768067,0.024501252269744873,0.03616721216837565,0.035921453264024523,False,45.76901340484619,61.02980899810791,106.7988224029541,SUCCESS,False,False,True,42.975823640823364,
CIFAR10,B6b_fondue_var_keepmixed_false,777,4.0,1,1,256,0.022169823964436848,0.024386806360880534,0.04314530817667643,0.04207968775431315,False,37.28414845466614,60.47077798843384,97.75492644309998,SUCCESS,False,False,True,42.975823640823364,
CIFAR10,B6b_fondue_var_keepmixed_false,2024,4.0,2,2,256,0.02286720053354899,0.02515392058690389,0.036169643402099605,0.03595261425442166,False,46.63380241394043,47.932132720947266,94.5659351348877,SUCCESS,False,False,True,42.975823640823364,
CIFAR10,B6b_fondue_var_keepmixed_false,31337,4.0,2,2,256,0.022214145024617514,0.024435559527079265,0.03613723882039387,0.035909722646077474,False,45.29405379295349,68.00399208068848,113.29804587364197,SUCCESS,False,False,True,42.975823640823364,
CIFAR10,proposed,42,4.0,48,48,256,0.022467472076416015,0.024714219284057617,0.02198976294199626,0.022323357899983725,True,560.1588354110718,0.0,560.1588354110718,ID_UNRELIABLE,True,False,True,0.0,
CIFAR10,proposed,123,4.0,48,48,256,0.022273865699768067,0.024501252269744873,0.02197986698150635,0.022284746381971567,True,538.5251777172089,0.0,538.5251777172089,ID_UNRELIABLE,True,False,True,0.0,
CIFAR10,proposed,777,4.0,48,48,256,0.022169823964436848,0.024386806360880534,0.022126270929972332,0.022436295827229818,True,523.483211517334,0.0,523.483211517334,ID_UNRELIABLE,True,False,True,0.0,
CIFAR10,proposed,2024,4.0,48,48,256,0.02286720053354899,0.02515392058690389,0.02191062037150065,0.022228098763359915,True,547.383927822113,0.0,547.383927822113,ID_UNRELIABLE,True,False,True,0.0,
CIFAR10,proposed,31337,4.0,16,16,256,0.022214145024617514,0.024435559527079265,0.02193097972869873,0.022267168256971573,True,553.9878358840942,0.0,553.9878358840942,ID_UNRELIABLE,True,False,True,0.0,
CIFAR10,proposed_minus_AU,42,4.0,48,48,256,0.022467472076416015,0.024714219284057617,0.02198976294199626,0.022323357899983725,True,560.1588354110718,0.0,560.1588354110718,ID_UNRELIABLE,True,False,True,0.0,
CIFAR10,proposed_minus_AU,123,4.0,48,48,256,0.022273865699768067,0.024501252269744873,0.02197986698150635,0.022284746381971567,True,538.5251777172089,0.0,538.5251777172089,ID_UNRELIABLE,True,False,True,0.0,
CIFAR10,proposed_minus_AU,777,4.0,48,48,256,0.022169823964436848,0.024386806360880534,0.022126270929972332,0.022436295827229818,True,523.483211517334,0.0,523.483211517334,ID_UNRELIABLE,True,False,True,0.0,
CIFAR10,proposed_minus_AU,2024,4.0,48,48,256,0.02286720053354899,0.02515392058690389,0.02191062037150065,0.022228098763359915,True,547.383927822113,0.0,547.383927822113,ID_UNRELIABLE,True,False,True,0.0,
CIFAR10,proposed_minus_AU,31337,4.0,16,16,256,0.022214145024617514,0.024435559527079265,0.02193097972869873,0.022267168256971573,True,553.9878358840942,0.0,553.9878358840942,ID_UNRELIABLE,True,False,True,0.0,
CIFAR10,ascending_scan_Q,42,4.0,8,8,256,0.022467472076416015,0.024714219284057617,0.02364984893798828,0.024019171820746525,True,109.86117362976074,0.0,109.86117362976074,SUCCESS,False,False,True,0.0,
CIFAR10,ascending_scan_Q,123,4.0,8,8,256,0.022273865699768067,0.024501252269744873,0.023855222066243492,0.02419240146213108,True,114.35517263412476,0.0,114.35517263412476,SUCCESS,False,False,True,0.0,
CIFAR10,ascending_scan_Q,777,4.0,8,8,256,0.022169823964436848,0.024386806360880534,0.023652725219726563,0.02399538569980197,True,98.25721454620361,0.0,98.25721454620361,SUCCESS,False,False,True,0.0,
CIFAR10,ascending_scan_Q,2024,4.0,8,8,256,0.02286720053354899,0.02515392058690389,0.023550862630208332,0.023869356155395507,True,110.80192375183105,0.0,110.80192375183105,SUCCESS,False,False,True,0.0,
CIFAR10,ascending_scan_Q,31337,4.0,8,8,256,0.022214145024617514,0.024435559527079265,0.02374441146850586,0.024121893988715275,True,114.85573649406433,0.0,114.85573649406433,SUCCESS,False,False,True,0.0,
CIFAR10,B4_plus_Q,42,4.0,48,48,256,0.022467472076416015,0.024714219284057617,0.02198976294199626,0.022323357899983725,True,219.6532220840454,0.0,219.6532220840454,SUCCESS,False,False,True,0.0,
CIFAR10,B4_plus_Q,123,4.0,48,48,256,0.022273865699768067,0.024501252269744873,0.02197986698150635,0.022284746381971567,True,198.0195643901825,0.0,198.0195643901825,SUCCESS,False,False,True,0.0,
CIFAR10,B4_plus_Q,777,4.0,48,48,256,0.022169823964436848,0.024386806360880534,0.022126270929972332,0.022436295827229818,True,182.97759819030762,0.0,182.97759819030762,SUCCESS,False,False,True,0.0,
CIFAR10,B4_plus_Q,2024,4.0,48,48,256,0.02286720053354899,0.02515392058690389,0.02191062037150065,0.022228098763359915,True,206.87831449508667,0.0,206.87831449508667,SUCCESS,False,False,True,0.0,
CIFAR10,B4_plus_Q,31337,4.0,16,16,256,0.022214145024617514,0.024435559527079265,0.02193097972869873,0.022267168256971573,True,213.48222255706787,0.0,213.48222255706787,SUCCESS,False,False,True,0.0,
CIFAR10,B6a_plus_Q,42,4.0,16,16,256,0.022467472076416015,0.024714219284057617,0.02202263387044271,0.022333914438883464,True,145.1246576309204,0.0,145.1246576309204,SUCCESS,False,False,True,42.975823640823364,
CIFAR10,B6a_plus_Q,123,4.0,16,16,256,0.022273865699768067,0.024501252269744873,0.022106627146402994,0.02244296900431315,True,114.72343564033508,0.0,114.72343564033508,SUCCESS,False,False,True,42.975823640823364,
CIFAR10,B6a_plus_Q,777,4.0,16,16,256,0.022169823964436848,0.024386806360880534,0.022162534713745116,0.022447110070122615,True,108.04124903678894,0.0,108.04124903678894,SUCCESS,False,False,True,42.975823640823364,
CIFAR10,B6a_plus_Q,2024,4.0,16,16,256,0.02286720053354899,0.02515392058690389,0.02204673639933268,0.02234097099304199,True,108.31394052505493,0.0,108.31394052505493,SUCCESS,False,False,True,42.975823640823364,
CIFAR10,B6a_plus_Q,31337,4.0,16,16,256,0.022214145024617514,0.024435559527079265,0.02193097972869873,0.022267168256971573,True,134.11397910118103,0.0,134.11397910118103,SUCCESS,False,False,True,42.975823640823364,
CIFAR10,B6b_plus_Q,42,4.0,16,16,256,0.022467472076416015,0.024714219284057617,0.02202263387044271,0.022333914438883464,True,134.95521450042725,0.0,134.95521450042725,SUCCESS,False,False,True,42.975823640823364,
CIFAR10,B6b_plus_Q,123,4.0,16,16,256,0.022273865699768067,0.024501252269744873,0.022106627146402994,0.02244296900431315,True,106.58590197563171,0.0,106.58590197563171,SUCCESS,False,False,True,42.975823640823364,
CIFAR10,B6b_plus_Q,777,4.0,16,16,256,0.022169823964436848,0.024386806360880534,0.022162534713745116,0.022447110070122615,True,97.855712890625,0.0,97.855712890625,SUCCESS,False,False,True,42.975823640823364,
CIFAR10,B6b_plus_Q,2024,4.0,8,8,256,0.02286720053354899,0.02515392058690389,0.023550862630208332,0.023869356155395507,True,112.83279347419739,0.0,112.83279347419739,SUCCESS,False,False,True,42.975823640823364,
CIFAR10,B6b_plus_Q,31337,4.0,16,16,256,0.022214145024617514,0.024435559527079265,0.02193097972869873,0.022267168256971573,True,125.96016955375671,0.0,125.96016955375671,SUCCESS,False,False,True,42.975823640823364,
MNIST,B7_geco_l0,42,1.0,7,6,64,0.023851687684351083,0.02623685645278619,0.022674509165238364,0.022301241504902744,True,202.82446765899658,66.05860233306885,268.88306999206543,SUCCESS,False,False,True,0.0,0.0971946120262146
MNIST,B8_ard_vae,42,1.0,6,6,64,0.023851687684351083,0.02623685645278619,0.022674509165238364,0.022301241504902744,True,140.12929725646973,66.05860233306885,206.18789958953857,SUCCESS,False,False,True,0.0,
MNIST,B7_geco_l0,123,1.0,7,6,64,0.02427723039899554,0.02670495343889509,0.022411734444754465,0.02202388550635098,True,196.3391661643982,45.33538007736206,241.67454624176025,SUCCESS,False,False,True,0.0,0.16210228204727173
MNIST,B8_ard_vae,123,1.0,6,6,64,0.02427723039899554,0.02670495343889509,0.022411734444754465,0.02202388550635098,True,149.3819932937622,45.33538007736206,194.71737337112427,SUCCESS,False,False,True,0.0,
MNIST,B7_geco_l0,777,1.0,7,6,64,0.022899083974410078,0.025188992371851085,0.02243539771255182,0.022122164148862672,True,205.79410552978516,66.14485359191895,271.9389591217041,SUCCESS,False,False,True,0.0,0.08092523366212845
MNIST,B8_ard_vae,777,1.0,6,6,64,0.022899083974410078,0.025188992371851085,0.02243539771255182,0.022122164148862672,True,201.5674066543579,66.14485359191895,267.71226024627686,SUCCESS,False,False,True,0.0,
MNIST,B7_geco_l0,2024,1.0,7,6,64,0.023515710947464925,0.025867282042211417,0.022447507897201853,0.02193109836708121,True,217.05086874961853,62.86958146095276,279.9204502105713,SUCCESS,False,False,True,0.0,0.04811832308769226
MNIST,B8_ard_vae,2024,1.0,6,6,64,0.023515710947464925,0.025867282042211417,0.022447507897201853,0.02193109836708121,True,217.84532976150513,62.86958146095276,280.7149112224579,SUCCESS,False,False,True,0.0,
MNIST,B7_geco_l0,31337,1.0,8,8,64,0.024017999765824295,0.026419799742406724,0.02203950531628667,0.02164341061131484,True,252.85147547721863,72.526198387146,325.3776738643646,SUCCESS,False,False,True,0.0,0.00022970320424064994
MNIST,B8_ard_vae,31337,1.0,6,6,64,0.024017999765824295,0.026419799742406724,0.022243900532625163,0.021856735540896045,True,168.99582839012146,72.526198387146,241.52202677726746,SUCCESS,False,False,True,0.0,
FashionMNIST,B7_geco_l0,42,1.0,4,4,64,0.01982781857860332,0.02181060043646365,0.01915222728495695,0.018750815878109055,True,306.40607929229736,53.408743143081665,359.814822435379,SUCCESS,False,False,True,0.0,0.048042260110378265
FashionMNIST,B8_ard_vae,42,1.0,4,4,64,0.01982781857860332,0.02181060043646365,0.01915222728495695,0.018750815878109055,True,234.06525230407715,53.408743143081665,287.4739954471588,SUCCESS,False,False,True,0.0,
FashionMNIST,B7_geco_l0,123,1.0,4,4,64,0.01982075095663265,0.021802826052295915,0.01954606099031409,0.01919929680856718,True,272.3721327781677,43.8092725276947,316.1814053058624,SUCCESS,False,False,True,0.0,0.02695777267217636
FashionMNIST,B8_ard_vae,123,1.0,4,4,64,0.01982075095663265,0.021802826052295915,0.01954606099031409,0.01919929680856718,True,194.84017157554626,43.8092725276947,238.64944410324097,SUCCESS,False,False,True,0.0,
FashionMNIST,B7_geco_l0,777,1.0,4,4,64,0.01943084062848772,0.021373924691336494,0.019139275375677615,0.018863277305551127,True,317.5936541557312,66.28704190254211,383.8806960582733,SUCCESS,False,False,True,0.0,0.13022273778915405
FashionMNIST,B8_ard_vae,777,1.0,3,2,64,0.01943084062848772,0.021373924691336494,0.025585053113042093,0.0253471530213648,False,194.6005711555481,66.28704190254211,260.8876130580902,SUCCESS,False,False,True,0.0,
FashionMNIST,B7_geco_l0,2024,1.0,5,4,64,0.019678227638711732,0.021646050402582905,0.019670929889289698,0.019370610243609164,True,278.69529271125793,50.94355344772339,329.6388461589813,SUCCESS,False,False,True,0.0,-0.02919902093708515
FashionMNIST,B8_ard_vae,2024,1.0,4,4,64,0.019678227638711732,0.021646050402582905,0.019670929889289698,0.019370610243609164,True,198.968763589859,50.94355344772339,249.9123170375824,SUCCESS,False,False,True,0.0,
FashionMNIST,B7_geco_l0,31337,1.0,4,4,64,0.019637366781429372,0.02160110345957231,0.019404155809052134,0.019116301659824083,True,298.22734475135803,55.783231019973755,354.0105757713318,SUCCESS,False,False,True,0.0,0.00495377741754055
FashionMNIST,B8_ard_vae,31337,1.0,4,4,64,0.019637366781429372,0.02160110345957231,0.019404155809052134,0.019116301659824083,True,212.4845314025879,55.783231019973755,268.26776242256165,SUCCESS,False,False,True,0.0,
dSprites,B7_geco_l0,42,1.0,64,64,64,0.0011661780774593353,0.0012827958852052689,0.0011661780774593353,0.001149588018655777,True,984.7106101512909,0.0,984.7106101512909,SUCCESS,False,False,False,0.0,165.3140411376953
dSprites,B8_ard_vae,42,1.0,9,8,64,0.0011661780774593353,0.0012827958852052689,0.0018574834764003754,0.00183145476380984,False,821.2461366653442,253.12427306175232,1074.3704097270966,SUCCESS,False,False,True,0.0,
dSprites,B7_geco_l0,123,1.0,64,64,64,0.001138049766421318,0.00125185474306345,0.001138049766421318,0.0011252888143062593,True,965.8108041286469,0.0,965.8108041286469,SUCCESS,False,False,False,0.0,165.4408721923828
dSprites,B8_ard_vae,123,1.0,10,10,64,0.001138049766421318,0.00125185474306345,0.0014390479922294617,0.0014082364936669667,False,807.9466125965118,235.1435785293579,1043.0901911258698,SUCCESS,False,False,True,0.0,
dSprites,B7_geco_l0,777,1.0,64,64,64,0.0012045322060585022,0.0013249854266643524,0.0012045322060585022,0.0011939948399861653,True,968.0660500526428,0.0,968.0660500526428,SUCCESS,False,False,False,0.0,165.14138793945312
dSprites,B8_ard_vae,777,1.0,7,6,64,0.0012045322060585022,0.0013249854266643524,0.0029212113320827484,0.002888235052426656,False,759.1099379062653,237.41397619247437,996.5239140987396,SUCCESS,False,False,True,0.0,
dSprites,B7_geco_l0,2024,1.0,64,64,64,0.00116694313287735,0.001283637446165085,0.00116694313287735,0.001154283086458842,True,969.4477589130402,0.0,969.4477589130402,SUCCESS,False,False,False,0.0,165.3107452392578
dSprites,B8_ard_vae,2024,1.0,11,10,64,0.00116694313287735,0.001283637446165085,0.0014914979338645936,0.001466803272565206,False,795.3401439189911,238.429931640625,1033.770075559616,SUCCESS,False,False,True,0.0,
dSprites,B7_geco_l0,31337,1.0,64,64,64,0.0011734385192394257,0.0012907823711633684,0.0011734385192394257,0.001165797789891561,True,956.0391807556152,0.0,956.0391807556152,SUCCESS,False,False,False,0.0,165.28134155273438
dSprites,B8_ard_vae,31337,1.0,9,8,64,0.0011734385192394257,0.0012907823711633684,0.001877929300069809,0.0017989657322565714,False,775.3726172447205,223.92378115653992,999.2963984012604,SUCCESS,False,False,True,0.0,
CIFAR10,B7_geco_l0,42,1.0,19,16,256,0.014128461201985678,0.015541307322184245,0.017092756907145183,0.01740411207411024,False,414.5361533164978,52.41294550895691,466.9490988254547,SUCCESS,False,False,True,0.0,-0.11437581479549408
CIFAR10,B8_ard_vae,42,1.0,14,16,256,0.014128461201985678,0.015541307322184245,0.017092756907145183,0.01740411207411024,False,327.2405698299408,52.41294550895691,379.6535153388977,SUCCESS,False,False,True,0.0,
CIFAR10,B7_geco_l0,123,1.0,19,16,256,0.014201027234395343,0.015621129957834878,0.017167051633199055,0.0174435732099745,False,395.33520460128784,46.40355634689331,441.73876094818115,SUCCESS,False,False,True,0.0,-0.1822723150253296
CIFAR10,B8_ard_vae,123,1.0,14,16,256,0.014201027234395343,0.015621129957834878,0.017167051633199055,0.0174435732099745,False,313.0578439235687,46.40355634689331,359.46140027046204,SUCCESS,False,False,True,0.0,
CIFAR10,B7_geco_l0,777,1.0,20,16,256,0.014079137802124024,0.015487051582336426,0.01718193753560384,0.01748308414883084,False,391.2206492424011,42.488953590393066,433.7096028327942,SUCCESS,False,False,True,0.0,-0.15094928443431854
CIFAR10,B8_ard_vae,777,1.0,15,16,256,0.014079137802124024,0.015487051582336426,0.01718193753560384,0.01748308414883084,False,308.8630130290985,42.488953590393066,351.3519666194916,SUCCESS,False,False,True,0.0,
CIFAR10,B7_geco_l0,2024,1.0,21,24,256,0.013940853436787923,0.015334938780466715,0.015023370107014974,0.01525981330871582,True,407.0143189430237,52.974677085876465,459.98899602890015,SUCCESS,False,False,True,0.0,-0.05433342605829239
CIFAR10,B8_ard_vae,2024,1.0,14,16,256,0.013940853436787923,0.015334938780466715,0.016967483838399255,0.01729135492112901,False,312.6068820953369,52.974677085876465,365.5815591812134,SUCCESS,False,False,True,0.0,
CIFAR10,B7_geco_l0,31337,1.0,21,24,256,0.013970955848693848,0.015368051433563233,0.014977188428243002,0.015247868008083768,True,392.21908235549927,67.78465390205383,460.0037362575531,SUCCESS,False,False,True,0.0,-0.001553666777908802
CIFAR10,B8_ard_vae,31337,1.0,14,16,256,0.013970955848693848,0.015368051433563233,0.017042948404947918,0.017348921669854057,False,308.4702100753784,67.78465390205383,376.25486397743225,SUCCESS,False,False,True,0.0,
MNIST,B7_geco_l0,42,0.25,12,12,64,0.016265505732322227,0.01789205630555445,0.016102453426438935,0.015544661126169219,True,152.79862236976624,29.022923707962036,181.82154607772827,SUCCESS,False,False,True,0.0,0.05871840938925743
MNIST,B8_ard_vae,42,0.25,6,6,64,0.016265505732322227,0.01789205630555445,0.021630815467055965,0.021205509523145195,False,121.48772096633911,29.022923707962036,150.51064467430115,SUCCESS,False,False,True,0.0,
MNIST,B7_geco_l0,123,0.25,13,12,64,0.015471483503069199,0.01701863185337612,0.015897099086216518,0.015334096895594177,True,154.33620762825012,41.33712840080261,195.67333602905273,SUCCESS,False,False,True,0.0,0.036404918879270554
MNIST,B8_ard_vae,123,0.25,6,6,64,0.015471483503069199,0.01701863185337612,0.021337836752132494,0.021065275231186224,False,121.2598888874054,41.33712840080261,162.597017288208,SUCCESS,False,False,True,0.0,
MNIST,B7_geco_l0,777,0.25,13,12,64,0.015135960481604751,0.016649556529765228,0.014944909543407206,0.014353219998937076,True,158.47725009918213,52.16759943962097,210.6448495388031,SUCCESS,False,False,True,0.0,0.05076538398861885
MNIST,B8_ard_vae,777,0.25,6,6,64,0.015135960481604751,0.016649556529765228,0.022455400739397318,0.02195637439546131,False,109.75613856315613,52.16759943962097,161.9237380027771,SUCCESS,False,False,True,0.0,
MNIST,B7_geco_l0,2024,0.25,10,10,64,0.01583411080496652,0.01741752188546317,0.0161770408786073,0.015644388627032844,True,153.5375521183014,33.468570709228516,187.0061228275299,SUCCESS,False,False,True,0.0,0.04891869053244591
MNIST,B8_ard_vae,2024,0.25,6,6,64,0.01583411080496652,0.01741752188546317,0.021718965491470028,0.02127044241768973,False,120.34268116950989,33.468570709228516,153.8112518787384,SUCCESS,False,False,True,0.0,
MNIST,B7_geco_l0,31337,0.25,11,10,64,0.016510026581433353,0.018161029239576687,0.015833914309131857,0.01530350769458174,True,169.84567975997925,32.876134634017944,202.7218143939972,SUCCESS,False,False,True,0.0,0.0333290733397007
MNIST,B8_ard_vae,31337,0.25,6,6,64,0.016510026581433353,0.018161029239576687,0.02168968761210539,0.021454558288159016,False,115.69816827774048,32.876134634017944,148.57430291175842,SUCCESS,False,False,True,0.0,
MNIST,B7_geco_l0,42,0.5,10,10,64,0.018348590461575255,0.020183449507732782,0.0184012930733817,0.017895702958917944,True,170.92801189422607,50.790653228759766,221.71866512298584,SUCCESS,False,False,True,0.0,0.05762484669685364
MNIST,B8_ard_vae,42,0.5,6,6,64,0.018348590461575255,0.020183449507732782,0.021710865254304847,0.021350850423177085,False,117.99687838554382,50.790653228759766,168.7875316143036,SUCCESS,False,False,True,0.0,
MNIST,B7_geco_l0,123,0.5,10,10,64,0.019645999519192443,0.02161059947111169,0.017662947362783003,0.017205560178172832,True,152.12706875801086,37.346638917922974,189.47370767593384,SUCCESS,False,False,True,0.0,0.05863349512219429
MNIST,B8_ard_vae,123,0.5,6,6,64,0.019645999519192443,0.02161059947111169,0.021651249788245376,0.021248008468524128,False,124.39752578735352,37.346638917922974,161.7441647052765,SUCCESS,False,False,True,0.0,
MNIST,B7_geco_l0,777,0.5,9,8,64,0.0193304757877272,0.02126352336649992,0.018424380866848694,0.01797459774925595,True,161.98184609413147,54.6531023979187,216.63494849205017,SUCCESS,False,False,True,0.0,0.021195653825998306
MNIST,B8_ard_vae,777,0.5,6,6,64,0.0193304757877272,0.02126352336649992,0.021713672248684632,0.02134833760164222,False,126.48234605789185,54.6531023979187,181.13544845581055,SUCCESS,False,False,True,0.0,
MNIST,B7_geco_l0,2024,0.5,9,8,64,0.019292865363919005,0.021222151900310907,0.019092746968172033,0.018522724800369365,True,152.76661324501038,53.15495705604553,205.9215703010559,SUCCESS,False,False,True,0.0,0.05456151068210602
MNIST,B8_ard_vae,2024,0.5,6,6,64,0.019292865363919005,0.021222151900310907,0.021904488699776785,0.021480454425422513,False,121.84264516830444,53.15495705604553,174.99760222434998,SUCCESS,False,False,True,0.0,
MNIST,B7_geco_l0,31337,0.5,9,8,64,0.01939155267209423,0.021330707939303653,0.02010508136360013,0.019637247721354167,True,155.0782573223114,69.16624283790588,224.24450016021729,SUCCESS,False,False,True,0.0,0.05918490141630173
MNIST,B8_ard_vae,31337,0.5,6,6,64,0.01939155267209423,0.021330707939303653,0.021565177138970822,0.021280803239264456,False,117.41564226150513,69.16624283790588,186.581885099411,SUCCESS,False,False,True,0.0,
MNIST,B7_geco_l0,42,2.0,6,6,64,0.02935889356963489,0.032294782926598375,0.02579106669523278,0.025402775978555486,True,203.63132095336914,75.97730684280396,279.6086277961731,SUCCESS,False,False,True,0.0,0.03130657225847244
MNIST,B8_ard_vae,42,2.0,6,6,64,0.02935889356963489,0.032294782926598375,0.02579106669523278,0.025402775978555486,True,166.59056043624878,75.97730684280396,242.56786727905273,SUCCESS,False,False,True,0.0,
MNIST,B7_geco_l0,123,2.0,5,4,64,0.030321354457310264,0.033353489903041295,0.029258442158601725,0.028695986377949612,True,159.21956396102905,86.2633683681488,245.48293232917786,SUCCESS,False,False,True,0.0,0.05029798299074173
MNIST,B8_ard_vae,123,2.0,6,6,64,0.030321354457310264,0.033353489903041295,0.02656185601682079,0.025976611079001913,True,171.9437506198883,86.2633683681488,258.2071189880371,SUCCESS,False,False,True,0.0,
MNIST,B7_geco_l0,777,2.0,6,6,64,0.030847781434351084,0.033932559577786195,0.02679936124840561,0.026226011937978317,True,186.3826446533203,94.23901462554932,280.62165927886963,SUCCESS,False,False,True,0.0,-0.05606885999441147
MNIST,B8_ard_vae,777,2.0,6,6,64,0.030847781434351084,0.033932559577786195,0.02679936124840561,0.026226011937978317,True,150.42564821243286,94.23901462554932,244.66466283798218,SUCCESS,False,False,True,0.0,
MNIST,B7_geco_l0,2024,2.0,5,4,64,0.029984874491788903,0.03298336194096779,0.028419791085379464,0.027931905941087375,True,188.8326816558838,53.768423080444336,242.60110473632812,SUCCESS,False,False,True,0.0,0.07071933150291443
MNIST,B8_ard_vae,2024,2.0,6,6,64,0.029984874491788903,0.03298336194096779,0.02632011942960778,0.025844060988653272,True,170.19508266448975,53.768423080444336,223.96350574493408,SUCCESS,False,False,True,0.0,
MNIST,B7_geco_l0,31337,2.0,6,6,64,0.029794527014907528,0.03277397971639828,0.02632222202845982,0.025791366058142008,True,183.72578525543213,75.0671215057373,258.79290676116943,SUCCESS,False,False,True,0.0,-0.031985025852918625
MNIST,B8_ard_vae,31337,2.0,6,6,64,0.029794527014907528,0.03277397971639828,0.02632222202845982,0.025791366058142008,True,143.28905129432678,75.0671215057373,218.3561728000641,SUCCESS,False,False,True,0.0,
MNIST,B7_geco_l0,42,4.0,3,2,64,0.039229705187739154,0.04315267570651307,0.046682315748565045,0.04619743170705782,False,216.1877007484436,95.81261610984802,312.0003168582916,SUCCESS,False,False,True,0.0,-0.13500474393367767
MNIST,B8_ard_vae,42,4.0,6,6,64,0.039229705187739154,0.04315267570651307,0.038380491918447064,0.0380532878434577,True,150.00088930130005,95.81261610984802,245.81350541114807,SUCCESS,False,False,True,0.0,
MNIST,B7_geco_l0,123,4.0,3,2,64,0.038240119155572384,0.04206413107112962,0.046750330088089924,0.046222495980814196,False,219.9722421169281,77.17379426956177,297.14603638648987,SUCCESS,False,False,True,0.0,-0.129484161734581
MNIST,B8_ard_vae,123,4.0,6,6,64,0.038240119155572384,0.04206413107112962,0.037989518768933354,0.03744715435002126,True,142.38517379760742,77.17379426956177,219.5589680671692,SUCCESS,False,False,True,0.0,
MNIST,B7_geco_l0,777,4.0,3,2,64,0.03829168016083386,0.04212084817691725,0.05088217599051339,0.05029281346327594,False,219.18192672729492,93.39641547203064,312.57834219932556,SUCCESS,False,False,True,0.0,0.0636950209736824
MNIST,B8_ard_vae,777,4.0,6,6,64,0.03829168016083386,0.04212084817691725,0.035448966512874686,0.034736563546316955,True,179.84668111801147,93.39641547203064,273.2430965900421,SUCCESS,False,False,True,0.0,
MNIST,B7_geco_l0,2024,4.0,3,2,64,0.03940155776666135,0.043341713543327484,0.040719702272999043,0.040322275589923476,True,215.06549310684204,97.94245433807373,313.00794744491577,SUCCESS,False,False,True,0.0,0.3742762804031372
MNIST,B8_ard_vae,2024,4.0,6,6,64,0.03940155776666135,0.043341713543327484,0.03777262847277583,0.037121405153858415,True,179.9546058177948,97.94245433807373,277.89706015586853,SUCCESS,False,False,True,0.0,
MNIST,B7_geco_l0,31337,4.0,3,2,64,0.039721738231425385,0.04369391205456792,0.05086093326490753,0.05050206689120961,False,218.46806645393372,76.10970902442932,294.57777547836304,SUCCESS,False,False,True,0.0,0.30431851744651794
MNIST,B8_ard_vae,31337,4.0,6,6,64,0.039721738231425385,0.04369391205456792,0.03867711904097577,0.03817867896670387,True,159.69074749946594,76.10970902442932,235.80045652389526,SUCCESS,False,False,True,0.0,
FashionMNIST,B7_geco_l0,42,0.25,5,4,64,0.016659813082948022,0.018325794391242826,0.019099485747668208,0.01881010675754677,False,150.8904469013214,25.051440954208374,175.94188785552979,SUCCESS,False,False,True,0.0,-0.008870119228959084
FashionMNIST,B8_ard_vae,42,0.25,4,4,64,0.016659813082948022,0.018325794391242826,0.019099485747668208,0.01881010675754677,False,112.49121880531311,25.051440954208374,137.54265975952148,SUCCESS,False,False,True,0.0,
FashionMNIST,B7_geco_l0,123,0.25,6,6,64,0.015417094950773277,0.016958804445850604,0.01651782008579799,0.016278564453125,True,150.77411603927612,25.07490086555481,175.84901690483093,SUCCESS,False,False,True,0.0,-0.027895156294107437
FashionMNIST,B8_ard_vae,123,0.25,4,4,64,0.015417094950773277,0.016958804445850604,0.019963286730707908,0.019753841062792307,False,101.90689635276794,25.07490086555481,126.98179721832275,SUCCESS,False,False,True,0.0,
FashionMNIST,B7_geco_l0,777,0.25,6,6,64,0.01578404609524474,0.017362450704769213,0.01599206387266821,0.015808724539620535,True,155.65834403038025,22.793286323547363,178.4516303539276,SUCCESS,False,False,True,0.0,-0.002168967155739665
FashionMNIST,B8_ard_vae,777,0.25,3,2,64,0.01578404609524474,0.017362450704769213,0.02599857439313616,0.02565231883769133,False,114.72436237335205,22.793286323547363,137.5176486968994,SUCCESS,False,False,True,0.0,
FashionMNIST,B7_geco_l0,2024,0.25,6,6,64,0.015180009180185748,0.016698010098204322,0.016437609614158164,0.016248694179820368,True,145.57289624214172,30.687610626220703,176.26050686836243,SUCCESS,False,False,True,0.0,0.003841737285256386
FashionMNIST,B8_ard_vae,2024,0.25,4,4,64,0.015180009180185748,0.016698010098204322,0.01902745025011958,0.018810737038956207,False,109.8732898235321,30.687610626220703,140.5609004497528,SUCCESS,False,False,True,0.0,
FashionMNIST,B7_geco_l0,31337,0.25,6,6,64,0.014913619372309471,0.016404981309540417,0.016240782445790816,0.0159902516060135,True,148.83624410629272,31.27903389930725,180.11527800559998,SUCCESS,False,False,True,0.0,-0.005836855620145798
FashionMNIST,B8_ard_vae,31337,0.25,4,4,64,0.014913619372309471,0.016404981309540417,0.018739925462372447,0.01849577508005155,False,125.86177778244019,31.27903389930725,157.14081168174744,SUCCESS,False,False,True,0.0,
FashionMNIST,B7_geco_l0,42,0.5,5,4,64,0.018146016957808514,0.019960618653589366,0.018894278078663108,0.01870979859228848,True,152.16468739509583,29.465437412261963,181.6301248073578,SUCCESS,False,False,True,0.0,0.032407380640506744
FashionMNIST,B8_ard_vae,42,0.5,4,4,64,0.018146016957808514,0.019960618653589366,0.018894278078663108,0.01870979859228848,True,117.48666548728943,29.465437412261963,146.9521028995514,SUCCESS,False,False,True,0.0,
FashionMNIST,B7_geco_l0,123,0.5,6,6,64,0.017321104400011958,0.019053214840013155,0.018958427896305002,0.018781480646457804,True,155.9673891067505,36.22773098945618,192.19512009620667,SUCCESS,False,False,True,0.0,0.027967819944024086
FashionMNIST,B8_ard_vae,123,0.5,4,4,64,0.017321104400011958,0.019053214840013155,0.01897713112344547,0.018666560166547087,True,120.82651257514954,36.22773098945618,157.0542435646057,SUCCESS,False,False,True,0.0,
FashionMNIST,B7_geco_l0,777,0.5,5,4,64,0.01758931405203683,0.019348245457240516,0.019436069722078283,0.01926613777835353,False,146.63634061813354,34.40027332305908,181.03661394119263,SUCCESS,False,False,True,0.0,0.03473091870546341
FashionMNIST,B8_ard_vae,777,0.5,3,2,64,0.01758931405203683,0.019348245457240516,0.02505201565489477,0.024893569634885204,False,144.9975197315216,34.40027332305908,179.3977930545807,SUCCESS,False,False,True,0.0,
FashionMNIST,B7_geco_l0,2024,0.5,5,4,64,0.016746693825235172,0.01842136320775869,0.019518588941924424,0.01918549663517751,False,141.0006000995636,34.76712465286255,175.76772475242615,SUCCESS,False,False,True,0.0,-0.0007465421222150326
FashionMNIST,B8_ard_vae,2024,0.5,4,4,64,0.016746693825235172,0.01842136320775869,0.019518588941924424,0.01918549663517751,False,107.22050476074219,34.76712465286255,141.98762941360474,SUCCESS,False,False,True,0.0,
FashionMNIST,B7_geco_l0,31337,0.5,5,4,64,0.017235061022700095,0.018958567124970103,0.018748449520188934,0.01848271957708865,True,160.82935976982117,34.648279428482056,195.47763919830322,SUCCESS,False,False,True,0.0,-0.02842818573117256
FashionMNIST,B8_ard_vae,31337,0.5,4,4,64,0.017235061022700095,0.018958567124970103,0.018748449520188934,0.01848271957708865,True,124.32980513572693,34.648279428482056,158.97808456420898,SUCCESS,False,False,True,0.0,
FashionMNIST,B7_geco_l0,42,2.0,5,4,64,0.021739823010503027,0.02391380531155333,0.02200398316675303,0.02194842653858418,True,169.64523935317993,50.01973009109497,219.6649694442749,SUCCESS,False,False,True,0.0,0.1073123961687088
FashionMNIST,B8_ard_vae,42,2.0,4,4,64,0.021739823010503027,0.02391380531155333,0.02200398316675303,0.02194842653858418,True,131.43203592300415,50.01973009109497,181.45176601409912,SUCCESS,False,False,True,0.0,
FashionMNIST,B7_geco_l0,123,2.0,4,4,64,0.02233436273068798,0.024567799003756777,0.022463344029017854,0.022365277763937607,True,165.9354441165924,54.069788455963135,220.00523257255554,SUCCESS,False,False,True,0.0,-0.05485352873802185
FashionMNIST,B8_ard_vae,123,2.0,4,4,64,0.02233436273068798,0.024567799003756777,0.022463344029017854,0.022365277763937607,True,126.20004653930664,54.069788455963135,180.26983499526978,SUCCESS,False,False,True,0.0,
FashionMNIST,B7_geco_l0,777,2.0,3,2,64,0.02312323496293049,0.025435558459223538,0.026282032869300063,0.02623262574072598,False,181.47815084457397,37.464256286621094,218.94240713119507,SUCCESS,False,False,True,0.0,0.08353069424629211
FashionMNIST,B8_ard_vae,777,2.0,3,2,64,0.02312323496293049,0.025435558459223538,0.026282032869300063,0.02623262574072598,False,143.28280878067017,37.464256286621094,180.74706506729126,SUCCESS,False,False,True,0.0,
FashionMNIST,B7_geco_l0,2024,2.0,4,4,64,0.022170434757154814,0.024387478232870297,0.021649714567223376,0.021481394657472366,True,180.10197257995605,61.85872530937195,241.960697889328,SUCCESS,False,False,True,0.0,0.08451791852712631
FashionMNIST,B8_ard_vae,2024,2.0,4,4,64,0.022170434757154814,0.024387478232870297,0.021649714567223376,0.021481394657472366,True,143.27575039863586,61.85872530937195,205.1344757080078,SUCCESS,False,False,True,0.0,
FashionMNIST,B7_geco_l0,31337,2.0,4,4,64,0.022712848896882975,0.024984133786571272,0.022356528768734056,0.02219645410654496,True,165.44301915168762,46.059919357299805,211.50293850898743,SUCCESS,False,False,True,0.0,-0.03369506448507309
FashionMNIST,B8_ard_vae,31337,2.0,4,4,64,0.022712848896882975,0.024984133786571272,0.022356528768734056,0.02219645410654496,True,132.549458026886,46.059919357299805,178.6093773841858,SUCCESS,False,False,True,0.0,
FashionMNIST,B7_geco_l0,42,4.0,5,4,64,0.026931138641980226,0.02962425250617825,0.025243107386997764,0.025070250634433463,True,180.84142994880676,68.61338806152344,249.4548180103302,SUCCESS,False,False,True,0.0,-0.15118826925754547
FashionMNIST,B8_ard_vae,42,4.0,4,4,64,0.026931138641980226,0.02962425250617825,0.025243107386997764,0.025070250634433463,True,140.55993175506592,68.61338806152344,209.17331981658936,SUCCESS,False,False,True,0.0,
FashionMNIST,B7_geco_l0,123,4.0,4,4,64,0.025680420544682718,0.02824846259915099,0.025587531887755102,0.025435776898650085,True,175.38377165794373,75.71917796134949,251.1029496192932,SUCCESS,False,False,True,0.0,-0.19324681162834167
FashionMNIST,B8_ard_vae,123,4.0,4,4,64,0.025680420544682718,0.02824846259915099,0.025587531887755102,0.025435776898650085,True,137.64390397071838,75.71917796134949,213.36308193206787,SUCCESS,False,False,True,0.0,
FashionMNIST,B7_geco_l0,777,4.0,3,2,64,0.02542735570790816,0.027970091278698976,0.028002952108577804,0.027868988659917087,False,189.22454690933228,95.93929958343506,285.16384649276733,SUCCESS,False,False,True,0.0,0.1411006599664688
FashionMNIST,B8_ard_vae,777,4.0,3,2,64,0.02542735570790816,0.027970091278698976,0.028002952108577804,0.027868988659917087,False,152.35274696350098,95.93929958343506,248.29204654693604,SUCCESS,False,False,True,0.0,
FashionMNIST,B7_geco_l0,2024,4.0,4,4,64,0.025718994140625,0.028290893554687502,0.024997606549944193,0.024936770484561013,True,174.57878136634827,48.963399171829224,223.5421805381775,SUCCESS,False,False,True,0.0,0.17529825866222382
FashionMNIST,B8_ard_vae,2024,4.0,4,4,64,0.025718994140625,0.028290893554687502,0.024997606549944193,0.024936770484561013,True,137.62566471099854,48.963399171829224,186.58906388282776,SUCCESS,False,False,True,0.0,
FashionMNIST,B7_geco_l0,31337,4.0,3,2,64,0.026077874008490112,0.028685661409339123,0.028091254409478638,0.02799090866815476,True,175.52972292900085,68.910879611969,244.44060254096985,SUCCESS,False,False,True,0.0,0.19659216701984406
FashionMNIST,B8_ard_vae,31337,4.0,4,4,64,0.026077874008490112,0.028685661409339123,0.025155467753507653,0.02507835709967581,True,128.08578062057495,68.910879611969,196.99666023254395,SUCCESS,False,False,True,0.0,
dSprites,B7_geco_l0,42,0.25,64,64,64,0.0010303346663713456,0.0011333681330084801,0.0010303346663713456,0.001013053963581721,True,621.8876023292542,0.0,621.8876023292542,SUCCESS,False,False,False,0.0,165.92616271972656
dSprites,B8_ard_vae,42,0.25,9,8,64,0.0010303346663713456,0.0011333681330084801,0.0017903352081775664,0.001761169691880544,False,674.3272032737732,274.4781684875488,948.805371761322,SUCCESS,False,False,True,0.0,
dSprites,B7_geco_l0,123,0.25,64,64,64,0.0010175471305847168,0.0011193018436431886,0.0010175471305847168,0.00099127330382665,True,583.6179015636444,0.0,583.6179015636444,SUCCESS,False,False,False,0.0,165.98373413085938
dSprites,B8_ard_vae,123,0.25,10,10,64,0.0010175471305847168,0.0011193018436431886,0.0015018183290958405,0.0014688806235790253,False,617.0131766796112,236.22031927108765,853.2334959506989,SUCCESS,False,False,True,0.0,
dSprites,B7_geco_l0,777,0.25,64,64,64,0.0010301490426063537,0.001133163946866989,0.0010301490426063537,0.0010203494528929393,True,571.2316815853119,0.0,571.2316815853119,SUCCESS,False,False,False,0.0,165.92703247070312
dSprites,B8_ard_vae,777,0.25,7,6,64,0.0010301490426063537,0.001133163946866989,0.0027343560159206392,0.0026697477102279664,False,509.75660514831543,222.87895941734314,732.6355645656586,SUCCESS,False,False,True,0.0,
dSprites,B7_geco_l0,2024,0.25,64,64,64,0.0010386009216308593,0.0011424610137939452,0.0010386009216308593,0.0010090320010979971,True,523.4444124698639,0.0,523.4444124698639,SUCCESS,False,False,False,0.0,165.8890380859375
dSprites,B8_ard_vae,2024,0.25,11,10,64,0.0010386009216308593,0.0011424610137939452,0.0014927956461906434,0.0014825369318326315,False,597.4218595027924,174.7495255470276,772.17138504982,SUCCESS,False,False,True,0.0,
dSprites,B7_geco_l0,31337,0.25,64,64,64,0.0009587670266628266,0.0010546437293291093,0.0009587670266628266,0.0009573031862576802,True,598.5820097923279,0.0,598.5820097923279,SUCCESS,False,False,False,0.0,166.2485809326172
dSprites,B8_ard_vae,31337,0.25,9,8,64,0.0009587670266628266,0.0010546437293291093,0.0017754258513450623,0.0017198502421379089,False,592.1281390190125,249.7917263507843,841.9198653697968,SUCCESS,False,False,True,0.0,
dSprites,B7_geco_l0,42,0.5,64,64,64,0.001022677108645439,0.001124944819509983,0.001022677108645439,0.0010170978804429373,True,586.3444497585297,0.0,586.3444497585297,SUCCESS,False,False,False,0.0,165.9607696533203
dSprites,B8_ard_vae,42,0.5,9,8,64,0.001022677108645439,0.001124944819509983,0.0018956476747989655,0.0018610691825548809,False,443.7618827819824,238.78831338882446,682.5501961708069,SUCCESS,False,False,True,0.0,
dSprites,B7_geco_l0,123,0.5,64,64,64,0.001015227347612381,0.0011167500823736191,0.001015227347612381,0.0010155147711435953,True,609.3682811260223,0.0,609.3682811260223,SUCCESS,False,False,False,0.0,165.9943389892578
dSprites,B8_ard_vae,123,0.5,10,10,64,0.001015227347612381,0.0011167500823736191,0.0013407230973243713,0.001324792911609014,False,468.1412444114685,262.2150764465332,730.3563208580017,SUCCESS,False,False,True,0.0,
dSprites,B7_geco_l0,777,0.5,64,64,64,0.0010520361810922622,0.0011572397992014884,0.0010520361810922622,0.0010357703665892283,True,579.535329580307,0.0,579.535329580307,SUCCESS,False,False,False,0.0,165.82838439941406
dSprites,B8_ard_vae,777,0.5,7,6,64,0.0010520361810922622,0.0011572397992014884,0.00294206702709198,0.002898158331712087,False,478.87240624427795,230.91503381729126,709.7874400615692,SUCCESS,False,False,True,0.0,
dSprites,B7_geco_l0,2024,0.5,64,64,64,0.0010899996310472489,0.0011989995941519738,0.0010899996310472489,0.001078894406557083,True,594.9997656345367,0.0,594.9997656345367,SUCCESS,False,False,False,0.0,165.65724182128906
dSprites,B8_ard_vae,2024,0.5,11,10,64,0.0010899996310472489,0.0011989995941519738,0.0015682286024093627,0.0015620364348093668,False,450.54490637779236,246.53905868530273,697.0839650630951,SUCCESS,False,False,True,0.0,
dSprites,B7_geco_l0,31337,0.5,64,64,64,0.0010183551758527756,0.0011201906934380531,0.0010183551758527756,0.0010220163265864054,True,563.3645858764648,0.0,563.3645858764648,SUCCESS,False,False,False,0.0,165.98011779785156
dSprites,B8_ard_vae,31337,0.5,9,8,64,0.0010183551758527756,0.0011201906934380531,0.0017335388660430907,0.0016826147437095642,False,452.6044964790344,215.1226303577423,667.7271268367767,SUCCESS,False,False,True,0.0,
dSprites,B7_geco_l0,42,2.0,64,64,64,0.0014359476268291473,0.0015795423895120621,0.0014359476268291473,0.001441325604915619,True,685.0111224651337,0.0,685.0111224651337,SUCCESS,False,False,False,0.0,164.09860229492188
dSprites,B8_ard_vae,42,2.0,9,8,64,0.0014359476268291473,0.0015795423895120621,0.0020049426555633545,0.0019697614510854086,False,565.4206926822662,336.23955154418945,901.6602442264557,SUCCESS,False,False,True,0.0,
dSprites,B7_geco_l0,123,2.0,64,64,64,0.0015018037855625153,0.0016519841641187668,0.0015018037855625153,0.001500560998916626,True,648.7643852233887,0.0,648.7643852233887,SUCCESS,False,False,False,0.0,163.80177307128906
dSprites,B8_ard_vae,123,2.0,10,10,64,0.0015018037855625153,0.0016519841641187668,0.001625580668449402,0.0016148937245210012,True,524.1522912979126,300.3118562698364,824.464147567749,SUCCESS,False,False,True,0.0,
dSprites,B7_geco_l0,777,2.0,64,64,64,0.001467944234609604,0.0016147386580705643,0.001467944234609604,0.001435848633448283,True,625.3498785495758,0.0,625.3498785495758,SUCCESS,False,False,False,0.0,163.95436096191406
dSprites,B8_ard_vae,777,2.0,7,6,64,0.001467944234609604,0.0016147386580705643,0.0028089980483055116,0.0027901397148768106,False,534.7461929321289,276.85637617111206,811.602569103241,SUCCESS,False,False,True,0.0,
dSprites,B7_geco_l0,2024,2.0,64,64,64,0.0014573117792606354,0.0016030429571866989,0.0014573117792606354,0.0014396627942721049,True,684.8800427913666,0.0,684.8800427913666,SUCCESS,False,False,False,0.0,164.00241088867188
dSprites,B8_ard_vae,2024,2.0,11,10,64,0.0014573117792606354,0.0016030429571866989,0.0016375389397144317,0.001620199680328369,False,603.6375095844269,336.11714148521423,939.7546510696411,SUCCESS,False,False,True,0.0,
dSprites,B7_geco_l0,31337,2.0,64,64,64,0.0014003559350967408,0.0015403915286064148,0.0014003559350967408,0.0013738368650277456,True,684.1207077503204,0.0,684.1207077503204,SUCCESS,False,False,False,0.0,164.25894165039062
dSprites,B8_ard_vae,31337,2.0,9,8,64,0.0014003559350967408,0.0015403915286064148,0.0018079575002193451,0.0017741488218307494,False,610.8314473628998,336.18436646461487,947.0158138275146,SUCCESS,False,False,True,0.0,
dSprites,B7_geco_l0,42,4.0,64,64,64,0.0020652178525924682,0.002271739637851715,0.0020652178525924682,0.0020514565110206604,True,684.4135687351227,0.0,684.4135687351227,SUCCESS,False,False,False,0.0,161.26341247558594
dSprites,B8_ard_vae,42,4.0,9,8,64,0.0020652178525924682,0.002271739637851715,0.002510535389184952,0.002459593971570333,False,619.2259478569031,335.816773891449,955.042721748352,SUCCESS,False,False,True,0.0,
dSprites,B7_geco_l0,123,4.0,64,64,64,0.0021526270508766174,0.002367889755964279,0.0021526270508766174,0.0021373684008916217,True,684.4660465717316,0.0,684.4660465717316,SUCCESS,False,False,False,0.0,160.8695831298828
dSprites,B8_ard_vae,123,4.0,10,10,64,0.0021526270508766174,0.002367889755964279,0.0021705603003501894,0.0021580156087875365,True,619.7465970516205,336.1480040550232,955.8946011066437,SUCCESS,False,False,True,0.0,
dSprites,B7_geco_l0,777,4.0,64,64,64,0.0020941038727760315,0.0023035142600536344,0.0020941038727760315,0.0020698169668515523,True,685.330739736557,0.0,685.330739736557,SUCCESS,False,False,False,0.0,161.13320922851562
dSprites,B8_ard_vae,777,4.0,7,6,64,0.0020941038727760315,0.0023035142600536344,0.002897095084190369,0.0028422259291013083,False,619.9302449226379,336.7512528896332,956.6814978122711,SUCCESS,False,False,True,0.0,
dSprites,B7_geco_l0,2024,4.0,64,64,64,0.0021951966285705567,0.0024147162914276124,0.0021951966285705567,0.0021717748443285624,True,684.9727780818939,0.0,684.9727780818939,SUCCESS,False,False,False,0.0,160.67770385742188
dSprites,B8_ard_vae,2024,4.0,11,10,64,0.0021951966285705567,0.0024147162914276124,0.0022349286675453187,0.002218123157819112,True,620.0702002048492,336.21560883522034,956.2858090400696,SUCCESS,False,False,True,0.0,
dSprites,B7_geco_l0,31337,4.0,64,64,64,0.002213299363851547,0.002434629300236702,0.002213299363851547,0.00220173321167628,True,683.8786447048187,0.0,683.8786447048187,SUCCESS,False,False,False,0.0,160.59620666503906
dSprites,B8_ard_vae,31337,4.0,9,8,64,0.002213299363851547,0.002434629300236702,0.002047998130321503,0.0020375224947929383,True,619.4572901725769,336.2193920612335,955.6766822338104,SUCCESS,False,False,True,0.0,
CIFAR10,B7_geco_l0,42,0.25,35,32,256,0.010394426027933758,0.011433868630727134,0.01194820753733317,0.012159095764160157,False,226.94387769699097,26.17818784713745,253.12206554412842,SUCCESS,False,False,True,0.0,-0.014796659350395203
CIFAR10,B8_ard_vae,42,0.25,14,16,256,0.010394426027933758,0.011433868630727134,0.016615588188171385,0.01693864843580458,False,177.5330355167389,26.17818784713745,203.71122336387634,SUCCESS,False,False,True,0.0,
CIFAR10,B7_geco_l0,123,0.25,45,48,256,0.0090111878712972,0.00991230665842692,0.009970627466837564,0.010141157574123805,False,242.03239631652832,37.077746868133545,279.11014318466187,SUCCESS,False,False,True,0.0,-0.07345593720674515
CIFAR10,B8_ard_vae,123,0.25,14,16,256,0.0090111878712972,0.00991230665842692,0.01656360689798991,0.01689939541286892,False,172.31764793395996,37.077746868133545,209.3953948020935,SUCCESS,False,False,True,0.0,
CIFAR10,B7_geco_l0,777,0.25,42,48,256,0.009391007900238037,0.01033010869026184,0.009859083811442059,0.010018228001064724,True,253.39243125915527,33.76489734649658,287.15732860565186,SUCCESS,False,False,True,0.0,-0.018519721925258636
CIFAR10,B8_ard_vae,777,0.25,15,16,256,0.009391007900238037,0.01033010869026184,0.016565964380900067,0.016877221637301976,False,173.516104221344,33.76489734649658,207.28100156784058,SUCCESS,False,False,True,0.0,
CIFAR10,B7_geco_l0,2024,0.25,49,48,256,0.008810139020284017,0.009691152922312419,0.010655865510304768,0.010841966417100696,False,217.04635167121887,39.81458616256714,256.860937833786,SUCCESS,False,False,True,0.0,0.03472079336643219
CIFAR10,B8_ard_vae,2024,0.25,14,16,256,0.008810139020284017,0.009691152922312419,0.016534967104593914,0.016885428110758462,False,174.14252829551697,39.81458616256714,213.9571144580841,SUCCESS,False,False,True,0.0,
CIFAR10,B7_geco_l0,31337,0.25,42,48,256,0.009430136839548747,0.010373150523503622,0.010125338077545166,0.010311804877387152,True,219.1388750076294,33.78584575653076,252.92472076416016,SUCCESS,False,False,True,0.0,0.0031159594655036926
CIFAR10,B8_ard_vae,31337,0.25,14,16,256,0.009430136839548747,0.010373150523503622,0.016621796607971192,0.01694854566786024,False,171.604234457016,33.78584575653076,205.39008021354675,SUCCESS,False,False,True,0.0,
CIFAR10,B7_geco_l0,42,0.5,31,32,256,0.011249095439910888,0.012374004983901976,0.012433636665344238,0.012656898074679904,False,224.65288400650024,35.9989755153656,260.65185952186584,SUCCESS,False,False,True,0.0,-0.12013387680053711
CIFAR10,B8_ard_vae,42,0.5,14,16,256,0.011249095439910888,0.012374004983901976,0.016703245480855305,0.01703352207607693,False,177.61472368240356,35.9989755153656,213.61369919776917,SUCCESS,False,False,True,0.0,
CIFAR10,B7_geco_l0,123,0.5,30,32,256,0.01144439951578776,0.012588839467366537,0.012751540819803873,0.012971063613891602,False,219.64838242530823,38.20402693748474,257.85240936279297,SUCCESS,False,False,True,0.0,0.01390279084444046
CIFAR10,B8_ard_vae,123,0.5,14,16,256,0.01144439951578776,0.012588839467366537,0.016752954165140787,0.01705424796210395,False,171.84201169013977,38.20402693748474,210.0460386276245,SUCCESS,False,False,True,0.0,
CIFAR10,B7_geco_l0,777,0.5,30,32,256,0.01110271994272868,0.012212991937001549,0.01275434748331706,0.012964140786064997,False,219.97565579414368,42.50229287147522,262.4779486656189,SUCCESS,False,False,True,0.0,-0.09967255592346191
CIFAR10,B8_ard_vae,777,0.5,15,16,256,0.01110271994272868,0.012212991937001549,0.016728514353434244,0.017056170145670572,False,170.40501141548157,42.50229287147522,212.9073042869568,SUCCESS,False,False,True,0.0,
CIFAR10,B7_geco_l0,2024,0.5,31,32,256,0.01101473617553711,0.012116209793090821,0.012420091946919759,0.012628165139092339,False,231.205668926239,51.343788862228394,282.5494577884674,SUCCESS,False,False,True,0.0,-0.08065545558929443
CIFAR10,B8_ard_vae,2024,0.5,14,16,256,0.01101473617553711,0.012116209793090821,0.016726040840148927,0.017028268814086915,False,168.94704270362854,51.343788862228394,220.29083156585693,SUCCESS,False,False,True,0.0,
CIFAR10,B7_geco_l0,31337,0.5,32,32,256,0.010942118644714355,0.01203633050918579,0.012467491149902343,0.012711444218953448,False,236.00068163871765,46.38076734542847,282.3814489841461,SUCCESS,False,False,True,0.0,-0.04483848065137863
CIFAR10,B8_ard_vae,31337,0.5,14,16,256,0.010942118644714355,0.01203633050918579,0.016844843546549478,0.01714609294467502,False,169.62668442726135,46.38076734542847,216.00745177268982,SUCCESS,False,False,True,0.0,
CIFAR10,B7_geco_l0,42,2.0,13,16,256,0.017862943331400555,0.01964923766454061,0.018239872296651204,0.01854544406467014,True,237.874285697937,44.15496873855591,282.0292544364929,SUCCESS,False,False,True,0.0,-0.030579157173633575
CIFAR10,B8_ard_vae,42,2.0,14,16,256,0.017862943331400555,0.01964923766454061,0.018239872296651204,0.01854544406467014,True,189.3216462135315,44.15496873855591,233.4766149520874,SUCCESS,False,False,True,0.0,
CIFAR10,B7_geco_l0,123,2.0,14,16,256,0.017697792053222656,0.01946757125854492,0.018371124267578122,0.018696205563015406,True,231.99529004096985,77.37014365196228,309.36543369293213,SUCCESS,False,False,True,0.0,-0.06089513748884201
CIFAR10,B8_ard_vae,123,2.0,14,16,256,0.017697792053222656,0.01946757125854492,0.018371124267578122,0.018696205563015406,True,181.5980339050293,77.37014365196228,258.9681775569916,SUCCESS,False,False,True,0.0,
CIFAR10,B7_geco_l0,777,2.0,13,16,256,0.01760337607065837,0.019363713677724204,0.018454594294230145,0.01876207245720757,True,221.05321145057678,92.02225232124329,313.07546377182007,SUCCESS,False,False,True,0.0,-0.22061777114868164
CIFAR10,B8_ard_vae,777,2.0,15,16,256,0.01760337607065837,0.019363713677724204,0.018454594294230145,0.01876207245720757,True,171.53559827804565,92.02225232124329,263.55785059928894,SUCCESS,False,False,True,0.0,
CIFAR10,B7_geco_l0,2024,2.0,14,16,256,0.017629697163899737,0.019392666880289712,0.018295852979024255,0.018633155398898652,True,234.45177698135376,62.044416666030884,296.49619364738464,SUCCESS,False,False,True,0.0,-0.09090150892734528
CIFAR10,B8_ard_vae,2024,2.0,14,16,256,0.017629697163899737,0.019392666880289712,0.018295852979024255,0.018633155398898652,True,184.61229968070984,62.044416666030884,246.65671634674072,SUCCESS,False,False,True,0.0,
CIFAR10,B7_geco_l0,31337,2.0,13,16,256,0.018238088289896648,0.020061897118886313,0.018255422592163086,0.01857117780049642,True,230.93883538246155,42.03680443763733,272.9756398200989,SUCCESS,False,False,True,0.0,0.05884573608636856
CIFAR10,B8_ard_vae,31337,2.0,14,16,256,0.018238088289896648,0.020061897118886313,0.018255422592163086,0.01857117780049642,True,180.63010454177856,42.03680443763733,222.6669089794159,SUCCESS,False,False,True,0.0,
CIFAR10,B7_geco_l0,42,4.0,8,8,256,0.022467472076416015,0.024714219284057617,0.02364984893798828,0.024019171820746525,True,232.42004203796387,70.8081705570221,303.22821259498596,SUCCESS,False,False,True,0.0,-0.2097267508506775
CIFAR10,B8_ard_vae,42,4.0,14,16,256,0.022467472076416015,0.024714219284057617,0.02202263387044271,0.022333914438883464,True,204.90861439704895,70.8081705570221,275.71678495407104,SUCCESS,False,False,True,0.0,
CIFAR10,B7_geco_l0,123,4.0,8,8,256,0.022273865699768067,0.024501252269744873,0.023855222066243492,0.02419240146213108,True,246.55403852462769,61.02980899810791,307.5838475227356,SUCCESS,False,False,True,0.0,-0.27406156063079834
CIFAR10,B8_ard_vae,123,4.0,14,16,256,0.022273865699768067,0.024501252269744873,0.022106627146402994,0.02244296900431315,True,186.13274455070496,61.02980899810791,247.16255354881287,SUCCESS,False,False,True,0.0,
CIFAR10,B7_geco_l0,777,4.0,9,8,256,0.022169823964436848,0.024386806360880534,0.023652725219726563,0.02399538569980197,True,230.26794242858887,60.47077798843384,290.7387204170227,SUCCESS,False,False,True,0.0,-0.25086209177970886
CIFAR10,B8_ard_vae,777,4.0,15,16,256,0.022169823964436848,0.024386806360880534,0.022162534713745116,0.022447110070122615,True,178.07045340538025,60.47077798843384,238.5412313938141,SUCCESS,False,False,True,0.0,
CIFAR10,B7_geco_l0,2024,4.0,8,8,256,0.02286720053354899,0.02515392058690389,0.023550862630208332,0.023869356155395507,True,256.39818716049194,47.932132720947266,304.3303198814392,SUCCESS,False,False,True,0.0,-0.461094468832016
CIFAR10,B8_ard_vae,2024,4.0,14,16,256,0.02286720053354899,0.02515392058690389,0.02204673639933268,0.02234097099304199,True,190.99493408203125,47.932132720947266,238.92706680297852,SUCCESS,False,False,True,0.0,
CIFAR10,B7_geco_l0,31337,4.0,9,8,256,0.022214145024617514,0.024435559527079265,0.02374441146850586,0.024121893988715275,True,239.6188521385193,68.00399208068848,307.62284421920776,SUCCESS,False,False,True,0.0,-0.27355721592903137
CIFAR10,B8_ard_vae,31337,4.0,14,16,256,0.022214145024617514,0.024435559527079265,0.02193097972869873,0.022267168256971573,True,198.7796986103058,68.00399208068848,266.78369069099426,SUCCESS,False,False,True,0.0,
