dataset,seed,beta,policy,c,R,A,id_accepted,fallback,selected_m,full_grid_min,excess_width,excess_grid_steps,exact,quality_met,T_D,requested_count,requested_widths,canonical_keys,candidate_seconds,reference_seconds,cold_seconds,amortized25_seconds,soft_budget_exceeded,val_mse,test_mse,nonmonotone_Q
MNIST,42,0.25,Full grid Q,2,0.15,0.25,,False,10,10,0,0,True,True,0.01789205630555445,12,64;2;4;6;8;10;12;16;20;24;32;48,vae|MNIST|m64|s42|e300|es1|b0.25;vae|MNIST|m2|s42|e300|es1|b0.25;vae|MNIST|m4|s42|e300|es1|b0.25;vae|MNIST|m6|s42|e300|es1|b0.25;vae|MNIST|m8|s42|e300|es1|b0.25;vae|MNIST|m10|s42|e300|es1|b0.25;vae|MNIST|m12|s42|e300|es1|b0.25;vae|MNIST|m16|s42|e300|es1|b0.25;vae|MNIST|m20|s42|e300|es1|b0.25;vae|MNIST|m24|s42|e300|es1|b0.25;vae|MNIST|m32|s42|e300|es1|b0.25;vae|MNIST|m48|s42|e300|es1|b0.25,409.15502405166626,0.0,409.15502405166626,409.15502405166626,False,0.016250732421875004,0.01577168388107196,False
MNIST,42,0.25,Ascending Q,2,0.15,0.25,,False,10,10,0,0,True,True,0.01789205630555445,6,64;2;4;6;8;10,vae|MNIST|m64|s42|e300|es1|b0.25;vae|MNIST|m2|s42|e300|es1|b0.25;vae|MNIST|m4|s42|e300|es1|b0.25;vae|MNIST|m6|s42|e300|es1|b0.25;vae|MNIST|m8|s42|e300|es1|b0.25;vae|MNIST|m10|s42|e300|es1|b0.25,184.69762563705444,0.0,184.69762563705444,184.69762563705444,False,0.016250732421875004,0.01577168388107196,False
MNIST,42,0.25,Legacy window,2,0.15,0.25,True,False,10,10,0,0,True,True,0.01789205630555445,10,64;2;4;6;8;10;12;16;20;24,vae|MNIST|m64|s42|e300|es1|b0.25;vae|MNIST|m2|s42|e300|es1|b0.25;vae|MNIST|m4|s42|e300|es1|b0.25;vae|MNIST|m6|s42|e300|es1|b0.25;vae|MNIST|m8|s42|e300|es1|b0.25;vae|MNIST|m10|s42|e300|es1|b0.25;vae|MNIST|m12|s42|e300|es1|b0.25;vae|MNIST|m16|s42|e300|es1|b0.25;vae|MNIST|m20|s42|e300|es1|b0.25;vae|MNIST|m24|s42|e300|es1|b0.25,316.7882957458496,207.46426463127136,524.252560377121,325.08686633110045,False,0.016250732421875004,0.01577168388107196,False
MNIST,42,0.25,ID local,2,0.15,0.25,True,False,10,10,0,0,True,True,0.01789205630555445,7,64;24;20;16;12;10;8,vae|MNIST|m64|s42|e300|es1|b0.25;vae|MNIST|m24|s42|e300|es1|b0.25;vae|MNIST|m20|s42|e300|es1|b0.25;vae|MNIST|m16|s42|e300|es1|b0.25;vae|MNIST|m12|s42|e300|es1|b0.25;vae|MNIST|m10|s42|e300|es1|b0.25;vae|MNIST|m8|s42|e300|es1|b0.25,228.86645364761353,207.46426463127136,436.3307182788849,237.16502423286437,False,0.016250732421875004,0.01577168388107196,False
MNIST,42,0.25,Midpoint local,2,0.15,0.25,,False,10,10,0,0,True,True,0.01789205630555445,4,64;12;10;8,vae|MNIST|m64|s42|e300|es1|b0.25;vae|MNIST|m12|s42|e300|es1|b0.25;vae|MNIST|m10|s42|e300|es1|b0.25;vae|MNIST|m8|s42|e300|es1|b0.25,126.61992287635803,0.0,126.61992287635803,126.61992287635803,False,0.016250732421875004,0.01577168388107196,False
MNIST,42,0.25,ID certified,2,0.15,0.25,True,False,10,10,0,0,True,True,0.01789205630555445,10,64;24;20;16;12;10;8;2;4;6,vae|MNIST|m64|s42|e300|es1|b0.25;vae|MNIST|m24|s42|e300|es1|b0.25;vae|MNIST|m20|s42|e300|es1|b0.25;vae|MNIST|m16|s42|e300|es1|b0.25;vae|MNIST|m12|s42|e300|es1|b0.25;vae|MNIST|m10|s42|e300|es1|b0.25;vae|MNIST|m8|s42|e300|es1|b0.25;vae|MNIST|m2|s42|e300|es1|b0.25;vae|MNIST|m4|s42|e300|es1|b0.25;vae|MNIST|m6|s42|e300|es1|b0.25,316.7882957458496,207.46426463127136,524.252560377121,325.08686633110045,False,0.016250732421875004,0.01577168388107196,False
MNIST,123,0.25,Full grid Q,2,0.15,0.25,,False,10,10,0,0,True,True,0.01701863185337612,12,64;2;4;6;8;10;12;16;20;24;32;48,vae|MNIST|m64|s123|e300|es1|b0.25;vae|MNIST|m2|s123|e300|es1|b0.25;vae|MNIST|m4|s123|e300|es1|b0.25;vae|MNIST|m6|s123|e300|es1|b0.25;vae|MNIST|m8|s123|e300|es1|b0.25;vae|MNIST|m10|s123|e300|es1|b0.25;vae|MNIST|m12|s123|e300|es1|b0.25;vae|MNIST|m16|s123|e300|es1|b0.25;vae|MNIST|m20|s123|e300|es1|b0.25;vae|MNIST|m24|s123|e300|es1|b0.25;vae|MNIST|m32|s123|e300|es1|b0.25;vae|MNIST|m48|s123|e300|es1|b0.25,378.6914236545563,0.0,378.6914236545563,378.6914236545563,False,0.016006973578005422,0.015595664718524131,False
MNIST,123,0.25,Ascending Q,2,0.15,0.25,,False,10,10,0,0,True,True,0.01701863185337612,6,64;2;4;6;8;10,vae|MNIST|m64|s123|e300|es1|b0.25;vae|MNIST|m2|s123|e300|es1|b0.25;vae|MNIST|m4|s123|e300|es1|b0.25;vae|MNIST|m6|s123|e300|es1|b0.25;vae|MNIST|m8|s123|e300|es1|b0.25;vae|MNIST|m10|s123|e300|es1|b0.25,190.67620468139648,0.0,190.67620468139648,190.67620468139648,False,0.016006973578005422,0.015595664718524131,False
MNIST,123,0.25,Legacy window,2,0.15,0.25,True,False,10,10,0,0,True,True,0.01701863185337612,10,64;2;4;6;8;10;12;16;20;24,vae|MNIST|m64|s123|e300|es1|b0.25;vae|MNIST|m2|s123|e300|es1|b0.25;vae|MNIST|m4|s123|e300|es1|b0.25;vae|MNIST|m6|s123|e300|es1|b0.25;vae|MNIST|m8|s123|e300|es1|b0.25;vae|MNIST|m10|s123|e300|es1|b0.25;vae|MNIST|m12|s123|e300|es1|b0.25;vae|MNIST|m16|s123|e300|es1|b0.25;vae|MNIST|m20|s123|e300|es1|b0.25;vae|MNIST|m24|s123|e300|es1|b0.25,307.12602639198303,207.46426463127136,514.5902910232544,315.4245969772339,False,0.016006973578005422,0.015595664718524131,False
MNIST,123,0.25,ID local,2,0.15,0.25,True,False,10,10,0,0,True,True,0.01701863185337612,7,64;24;20;16;12;10;8,vae|MNIST|m64|s123|e300|es1|b0.25;vae|MNIST|m24|s123|e300|es1|b0.25;vae|MNIST|m20|s123|e300|es1|b0.25;vae|MNIST|m16|s123|e300|es1|b0.25;vae|MNIST|m12|s123|e300|es1|b0.25;vae|MNIST|m10|s123|e300|es1|b0.25;vae|MNIST|m8|s123|e300|es1|b0.25,213.71621441841125,207.46426463127136,421.1804790496826,222.0147850036621,False,0.016006973578005422,0.015595664718524131,False
MNIST,123,0.25,Midpoint local,2,0.15,0.25,,False,10,10,0,0,True,True,0.01701863185337612,4,64;12;10;8,vae|MNIST|m64|s123|e300|es1|b0.25;vae|MNIST|m12|s123|e300|es1|b0.25;vae|MNIST|m10|s123|e300|es1|b0.25;vae|MNIST|m8|s123|e300|es1|b0.25,127.641268491745,0.0,127.641268491745,127.641268491745,False,0.016006973578005422,0.015595664718524131,False
MNIST,123,0.25,ID certified,2,0.15,0.25,True,False,10,10,0,0,True,True,0.01701863185337612,10,64;24;20;16;12;10;8;2;4;6,vae|MNIST|m64|s123|e300|es1|b0.25;vae|MNIST|m24|s123|e300|es1|b0.25;vae|MNIST|m20|s123|e300|es1|b0.25;vae|MNIST|m16|s123|e300|es1|b0.25;vae|MNIST|m12|s123|e300|es1|b0.25;vae|MNIST|m10|s123|e300|es1|b0.25;vae|MNIST|m8|s123|e300|es1|b0.25;vae|MNIST|m2|s123|e300|es1|b0.25;vae|MNIST|m4|s123|e300|es1|b0.25;vae|MNIST|m6|s123|e300|es1|b0.25,307.12602639198303,207.46426463127136,514.5902910232544,315.4245969772339,False,0.016006973578005422,0.015595664718524131,False
MNIST,777,0.25,Full grid Q,2,0.15,0.25,,False,10,10,0,0,True,True,0.016649556529765228,12,64;2;4;6;8;10;12;16;20;24;32;48,vae|MNIST|m64|s777|e300|es1|b0.25;vae|MNIST|m2|s777|e300|es1|b0.25;vae|MNIST|m4|s777|e300|es1|b0.25;vae|MNIST|m6|s777|e300|es1|b0.25;vae|MNIST|m8|s777|e300|es1|b0.25;vae|MNIST|m10|s777|e300|es1|b0.25;vae|MNIST|m12|s777|e300|es1|b0.25;vae|MNIST|m16|s777|e300|es1|b0.25;vae|MNIST|m20|s777|e300|es1|b0.25;vae|MNIST|m24|s777|e300|es1|b0.25;vae|MNIST|m32|s777|e300|es1|b0.25;vae|MNIST|m48|s777|e300|es1|b0.25,378.02493023872375,0.0,378.02493023872375,378.02493023872375,False,0.015620292819276148,0.015080790617028059,False
MNIST,777,0.25,Ascending Q,2,0.15,0.25,,False,10,10,0,0,True,True,0.016649556529765228,6,64;2;4;6;8;10,vae|MNIST|m64|s777|e300|es1|b0.25;vae|MNIST|m2|s777|e300|es1|b0.25;vae|MNIST|m4|s777|e300|es1|b0.25;vae|MNIST|m6|s777|e300|es1|b0.25;vae|MNIST|m8|s777|e300|es1|b0.25;vae|MNIST|m10|s777|e300|es1|b0.25,190.66316390037537,0.0,190.66316390037537,190.66316390037537,False,0.015620292819276148,0.015080790617028059,False
MNIST,777,0.25,Legacy window,2,0.15,0.25,True,False,10,10,0,0,True,True,0.016649556529765228,10,64;2;4;6;8;10;12;16;20;24,vae|MNIST|m64|s777|e300|es1|b0.25;vae|MNIST|m2|s777|e300|es1|b0.25;vae|MNIST|m4|s777|e300|es1|b0.25;vae|MNIST|m6|s777|e300|es1|b0.25;vae|MNIST|m8|s777|e300|es1|b0.25;vae|MNIST|m10|s777|e300|es1|b0.25;vae|MNIST|m12|s777|e300|es1|b0.25;vae|MNIST|m16|s777|e300|es1|b0.25;vae|MNIST|m20|s777|e300|es1|b0.25;vae|MNIST|m24|s777|e300|es1|b0.25,317.9339883327484,207.46426463127136,525.3982529640198,326.23255891799926,False,0.015620292819276148,0.015080790617028059,False
MNIST,777,0.25,ID local,2,0.15,0.25,True,False,10,10,0,0,True,True,0.016649556529765228,7,64;24;20;16;12;10;8,vae|MNIST|m64|s777|e300|es1|b0.25;vae|MNIST|m24|s777|e300|es1|b0.25;vae|MNIST|m20|s777|e300|es1|b0.25;vae|MNIST|m16|s777|e300|es1|b0.25;vae|MNIST|m12|s777|e300|es1|b0.25;vae|MNIST|m10|s777|e300|es1|b0.25;vae|MNIST|m8|s777|e300|es1|b0.25,248.41803526878357,207.46426463127136,455.88229990005493,256.7166058540344,False,0.015620292819276148,0.015080790617028059,False
MNIST,777,0.25,Midpoint local,2,0.15,0.25,,False,10,10,0,0,True,True,0.016649556529765228,4,64;12;10;8,vae|MNIST|m64|s777|e300|es1|b0.25;vae|MNIST|m12|s777|e300|es1|b0.25;vae|MNIST|m10|s777|e300|es1|b0.25;vae|MNIST|m8|s777|e300|es1|b0.25,154.866459608078,0.0,154.866459608078,154.866459608078,False,0.015620292819276148,0.015080790617028059,False
MNIST,777,0.25,ID certified,2,0.15,0.25,True,False,10,10,0,0,True,True,0.016649556529765228,10,64;24;20;16;12;10;8;2;4;6,vae|MNIST|m64|s777|e300|es1|b0.25;vae|MNIST|m24|s777|e300|es1|b0.25;vae|MNIST|m20|s777|e300|es1|b0.25;vae|MNIST|m16|s777|e300|es1|b0.25;vae|MNIST|m12|s777|e300|es1|b0.25;vae|MNIST|m10|s777|e300|es1|b0.25;vae|MNIST|m8|s777|e300|es1|b0.25;vae|MNIST|m2|s777|e300|es1|b0.25;vae|MNIST|m4|s777|e300|es1|b0.25;vae|MNIST|m6|s777|e300|es1|b0.25,317.9339883327484,207.46426463127136,525.3982529640198,326.23255891799926,False,0.015620292819276148,0.015080790617028059,False
MNIST,2024,0.25,Full grid Q,2,0.15,0.25,,False,10,10,0,0,True,True,0.017417521885463173,12,64;2;4;6;8;10;12;16;20;24;32;48,vae|MNIST|m64|s2024|e300|es1|b0.25;vae|MNIST|m2|s2024|e300|es1|b0.25;vae|MNIST|m4|s2024|e300|es1|b0.25;vae|MNIST|m6|s2024|e300|es1|b0.25;vae|MNIST|m8|s2024|e300|es1|b0.25;vae|MNIST|m10|s2024|e300|es1|b0.25;vae|MNIST|m12|s2024|e300|es1|b0.25;vae|MNIST|m16|s2024|e300|es1|b0.25;vae|MNIST|m20|s2024|e300|es1|b0.25;vae|MNIST|m24|s2024|e300|es1|b0.25;vae|MNIST|m32|s2024|e300|es1|b0.25;vae|MNIST|m48|s2024|e300|es1|b0.25,433.86787390708923,0.0,433.86787390708923,433.86787390708923,False,0.0161770408786073,0.015644388627032844,False
MNIST,2024,0.25,Ascending Q,2,0.15,0.25,,False,10,10,0,0,True,True,0.017417521885463173,6,64;2;4;6;8;10,vae|MNIST|m64|s2024|e300|es1|b0.25;vae|MNIST|m2|s2024|e300|es1|b0.25;vae|MNIST|m4|s2024|e300|es1|b0.25;vae|MNIST|m6|s2024|e300|es1|b0.25;vae|MNIST|m8|s2024|e300|es1|b0.25;vae|MNIST|m10|s2024|e300|es1|b0.25,177.96200680732727,0.0,177.96200680732727,177.96200680732727,False,0.0161770408786073,0.015644388627032844,False
MNIST,2024,0.25,Legacy window,2,0.15,0.25,True,False,10,10,0,0,True,True,0.017417521885463173,10,64;2;4;6;8;10;12;16;20;24,vae|MNIST|m64|s2024|e300|es1|b0.25;vae|MNIST|m2|s2024|e300|es1|b0.25;vae|MNIST|m4|s2024|e300|es1|b0.25;vae|MNIST|m6|s2024|e300|es1|b0.25;vae|MNIST|m8|s2024|e300|es1|b0.25;vae|MNIST|m10|s2024|e300|es1|b0.25;vae|MNIST|m12|s2024|e300|es1|b0.25;vae|MNIST|m16|s2024|e300|es1|b0.25;vae|MNIST|m20|s2024|e300|es1|b0.25;vae|MNIST|m24|s2024|e300|es1|b0.25,336.66829562187195,207.46426463127136,544.1325602531433,344.9668662071228,False,0.0161770408786073,0.015644388627032844,False
MNIST,2024,0.25,ID local,2,0.15,0.25,True,False,10,10,0,0,True,True,0.017417521885463173,7,64;24;20;16;12;10;8,vae|MNIST|m64|s2024|e300|es1|b0.25;vae|MNIST|m24|s2024|e300|es1|b0.25;vae|MNIST|m20|s2024|e300|es1|b0.25;vae|MNIST|m16|s2024|e300|es1|b0.25;vae|MNIST|m12|s2024|e300|es1|b0.25;vae|MNIST|m10|s2024|e300|es1|b0.25;vae|MNIST|m8|s2024|e300|es1|b0.25,247.89679265022278,207.46426463127136,455.36105728149414,256.1953632354736,False,0.0161770408786073,0.015644388627032844,False
MNIST,2024,0.25,Midpoint local,2,0.15,0.25,,False,10,10,0,0,True,True,0.017417521885463173,4,64;12;10;8,vae|MNIST|m64|s2024|e300|es1|b0.25;vae|MNIST|m12|s2024|e300|es1|b0.25;vae|MNIST|m10|s2024|e300|es1|b0.25;vae|MNIST|m8|s2024|e300|es1|b0.25,121.3696608543396,0.0,121.3696608543396,121.3696608543396,False,0.0161770408786073,0.015644388627032844,False
MNIST,2024,0.25,ID certified,2,0.15,0.25,True,False,10,10,0,0,True,True,0.017417521885463173,10,64;24;20;16;12;10;8;2;4;6,vae|MNIST|m64|s2024|e300|es1|b0.25;vae|MNIST|m24|s2024|e300|es1|b0.25;vae|MNIST|m20|s2024|e300|es1|b0.25;vae|MNIST|m16|s2024|e300|es1|b0.25;vae|MNIST|m12|s2024|e300|es1|b0.25;vae|MNIST|m10|s2024|e300|es1|b0.25;vae|MNIST|m8|s2024|e300|es1|b0.25;vae|MNIST|m2|s2024|e300|es1|b0.25;vae|MNIST|m4|s2024|e300|es1|b0.25;vae|MNIST|m6|s2024|e300|es1|b0.25,336.66829562187195,207.46426463127136,544.1325602531433,344.9668662071228,False,0.0161770408786073,0.015644388627032844,False
MNIST,31337,0.25,Full grid Q,2,0.15,0.25,,False,8,8,0,0,True,True,0.01816102923957669,12,64;2;4;6;8;10;12;16;20;24;32;48,vae|MNIST|m64|s31337|e300|es1|b0.25;vae|MNIST|m2|s31337|e300|es1|b0.25;vae|MNIST|m4|s31337|e300|es1|b0.25;vae|MNIST|m6|s31337|e300|es1|b0.25;vae|MNIST|m8|s31337|e300|es1|b0.25;vae|MNIST|m10|s31337|e300|es1|b0.25;vae|MNIST|m12|s31337|e300|es1|b0.25;vae|MNIST|m16|s31337|e300|es1|b0.25;vae|MNIST|m20|s31337|e300|es1|b0.25;vae|MNIST|m24|s31337|e300|es1|b0.25;vae|MNIST|m32|s31337|e300|es1|b0.25;vae|MNIST|m48|s31337|e300|es1|b0.25,403.01655316352844,0.0,403.01655316352844,403.01655316352844,False,0.018138039102359695,0.01770495709270036,False
MNIST,31337,0.25,Ascending Q,2,0.15,0.25,,False,8,8,0,0,True,True,0.01816102923957669,5,64;2;4;6;8,vae|MNIST|m64|s31337|e300|es1|b0.25;vae|MNIST|m2|s31337|e300|es1|b0.25;vae|MNIST|m4|s31337|e300|es1|b0.25;vae|MNIST|m6|s31337|e300|es1|b0.25;vae|MNIST|m8|s31337|e300|es1|b0.25,158.88611721992493,0.0,158.88611721992493,158.88611721992493,False,0.018138039102359695,0.01770495709270036,False
MNIST,31337,0.25,Legacy window,2,0.15,0.25,True,False,8,8,0,0,True,True,0.01816102923957669,10,64;2;4;6;8;10;12;16;20;24,vae|MNIST|m64|s31337|e300|es1|b0.25;vae|MNIST|m2|s31337|e300|es1|b0.25;vae|MNIST|m4|s31337|e300|es1|b0.25;vae|MNIST|m6|s31337|e300|es1|b0.25;vae|MNIST|m8|s31337|e300|es1|b0.25;vae|MNIST|m10|s31337|e300|es1|b0.25;vae|MNIST|m12|s31337|e300|es1|b0.25;vae|MNIST|m16|s31337|e300|es1|b0.25;vae|MNIST|m20|s31337|e300|es1|b0.25;vae|MNIST|m24|s31337|e300|es1|b0.25,351.20683550834656,207.46426463127136,558.6711001396179,359.5054060935974,False,0.018138039102359695,0.01770495709270036,False
MNIST,31337,0.25,ID local,2,0.15,0.25,True,False,8,8,0,0,True,True,0.01816102923957669,8,64;24;20;16;12;10;8;6,vae|MNIST|m64|s31337|e300|es1|b0.25;vae|MNIST|m24|s31337|e300|es1|b0.25;vae|MNIST|m20|s31337|e300|es1|b0.25;vae|MNIST|m16|s31337|e300|es1|b0.25;vae|MNIST|m12|s31337|e300|es1|b0.25;vae|MNIST|m10|s31337|e300|es1|b0.25;vae|MNIST|m8|s31337|e300|es1|b0.25;vae|MNIST|m6|s31337|e300|es1|b0.25,294.2884316444397,207.46426463127136,501.75269627571106,302.58700222969054,False,0.018138039102359695,0.01770495709270036,False
MNIST,31337,0.25,Midpoint local,2,0.15,0.25,,False,8,8,0,0,True,True,0.01816102923957669,5,64;12;10;8;6,vae|MNIST|m64|s31337|e300|es1|b0.25;vae|MNIST|m12|s31337|e300|es1|b0.25;vae|MNIST|m10|s31337|e300|es1|b0.25;vae|MNIST|m8|s31337|e300|es1|b0.25;vae|MNIST|m6|s31337|e300|es1|b0.25,191.83794617652893,0.0,191.83794617652893,191.83794617652893,False,0.018138039102359695,0.01770495709270036,False
MNIST,31337,0.25,ID certified,2,0.15,0.25,True,False,8,8,0,0,True,True,0.01816102923957669,10,64;24;20;16;12;10;8;6;2;4,vae|MNIST|m64|s31337|e300|es1|b0.25;vae|MNIST|m24|s31337|e300|es1|b0.25;vae|MNIST|m20|s31337|e300|es1|b0.25;vae|MNIST|m16|s31337|e300|es1|b0.25;vae|MNIST|m12|s31337|e300|es1|b0.25;vae|MNIST|m10|s31337|e300|es1|b0.25;vae|MNIST|m8|s31337|e300|es1|b0.25;vae|MNIST|m6|s31337|e300|es1|b0.25;vae|MNIST|m2|s31337|e300|es1|b0.25;vae|MNIST|m4|s31337|e300|es1|b0.25,351.20683550834656,207.46426463127136,558.6711001396179,359.5054060935974,False,0.018138039102359695,0.01770495709270036,False
MNIST,42,0.5,Full grid Q,2,0.15,0.25,,False,8,8,0,0,True,True,0.020183449507732782,12,64;2;4;6;8;10;12;16;20;24;32;48,vae|MNIST|m64|s42|e300|es1|b0.5;vae|MNIST|m2|s42|e300|es1|b0.5;vae|MNIST|m4|s42|e300|es1|b0.5;vae|MNIST|m6|s42|e300|es1|b0.5;vae|MNIST|m8|s42|e300|es1|b0.5;vae|MNIST|m10|s42|e300|es1|b0.5;vae|MNIST|m12|s42|e300|es1|b0.5;vae|MNIST|m16|s42|e300|es1|b0.5;vae|MNIST|m20|s42|e300|es1|b0.5;vae|MNIST|m24|s42|e300|es1|b0.5;vae|MNIST|m32|s42|e300|es1|b0.5;vae|MNIST|m48|s42|e300|es1|b0.5,490.16302251815796,0.0,490.16302251815796,490.16302251815796,False,0.01843824861487564,0.018001691960964076,True
MNIST,42,0.5,Ascending Q,2,0.15,0.25,,False,8,8,0,0,True,True,0.020183449507732782,5,64;2;4;6;8,vae|MNIST|m64|s42|e300|es1|b0.5;vae|MNIST|m2|s42|e300|es1|b0.5;vae|MNIST|m4|s42|e300|es1|b0.5;vae|MNIST|m6|s42|e300|es1|b0.5;vae|MNIST|m8|s42|e300|es1|b0.5,170.86878538131714,0.0,170.86878538131714,170.86878538131714,False,0.01843824861487564,0.018001691960964076,True
MNIST,42,0.5,Legacy window,2,0.15,0.25,True,False,8,8,0,0,True,True,0.020183449507732782,10,64;2;4;6;8;10;12;16;20;24,vae|MNIST|m64|s42|e300|es1|b0.5;vae|MNIST|m2|s42|e300|es1|b0.5;vae|MNIST|m4|s42|e300|es1|b0.5;vae|MNIST|m6|s42|e300|es1|b0.5;vae|MNIST|m8|s42|e300|es1|b0.5;vae|MNIST|m10|s42|e300|es1|b0.5;vae|MNIST|m12|s42|e300|es1|b0.5;vae|MNIST|m16|s42|e300|es1|b0.5;vae|MNIST|m20|s42|e300|es1|b0.5;vae|MNIST|m24|s42|e300|es1|b0.5,388.49511885643005,207.46426463127136,595.9593834877014,396.7936894416809,False,0.01843824861487564,0.018001691960964076,True
MNIST,42,0.5,ID local,2,0.15,0.25,True,False,8,8,0,0,True,True,0.020183449507732782,8,64;24;20;16;12;10;8;6,vae|MNIST|m64|s42|e300|es1|b0.5;vae|MNIST|m24|s42|e300|es1|b0.5;vae|MNIST|m20|s42|e300|es1|b0.5;vae|MNIST|m16|s42|e300|es1|b0.5;vae|MNIST|m12|s42|e300|es1|b0.5;vae|MNIST|m10|s42|e300|es1|b0.5;vae|MNIST|m8|s42|e300|es1|b0.5;vae|MNIST|m6|s42|e300|es1|b0.5,339.2128231525421,207.46426463127136,546.6770877838135,347.51139373779296,False,0.01843824861487564,0.018001691960964076,True
MNIST,42,0.5,Midpoint local,2,0.15,0.25,,False,8,8,0,0,True,True,0.020183449507732782,5,64;12;10;8;6,vae|MNIST|m64|s42|e300|es1|b0.5;vae|MNIST|m12|s42|e300|es1|b0.5;vae|MNIST|m10|s42|e300|es1|b0.5;vae|MNIST|m8|s42|e300|es1|b0.5;vae|MNIST|m6|s42|e300|es1|b0.5,207.76948499679565,0.0,207.76948499679565,207.76948499679565,False,0.01843824861487564,0.018001691960964076,True
MNIST,42,0.5,ID certified,2,0.15,0.25,True,False,8,8,0,0,True,True,0.020183449507732782,10,64;24;20;16;12;10;8;6;2;4,vae|MNIST|m64|s42|e300|es1|b0.5;vae|MNIST|m24|s42|e300|es1|b0.5;vae|MNIST|m20|s42|e300|es1|b0.5;vae|MNIST|m16|s42|e300|es1|b0.5;vae|MNIST|m12|s42|e300|es1|b0.5;vae|MNIST|m10|s42|e300|es1|b0.5;vae|MNIST|m8|s42|e300|es1|b0.5;vae|MNIST|m6|s42|e300|es1|b0.5;vae|MNIST|m2|s42|e300|es1|b0.5;vae|MNIST|m4|s42|e300|es1|b0.5,388.49511885643005,207.46426463127136,595.9593834877014,396.7936894416809,False,0.01843824861487564,0.018001691960964076,True
MNIST,123,0.5,Full grid Q,2,0.15,0.25,,False,8,8,0,0,True,True,0.02161059947111169,12,64;2;4;6;8;10;12;16;20;24;32;48,vae|MNIST|m64|s123|e300|es1|b0.5;vae|MNIST|m2|s123|e300|es1|b0.5;vae|MNIST|m4|s123|e300|es1|b0.5;vae|MNIST|m6|s123|e300|es1|b0.5;vae|MNIST|m8|s123|e300|es1|b0.5;vae|MNIST|m10|s123|e300|es1|b0.5;vae|MNIST|m12|s123|e300|es1|b0.5;vae|MNIST|m16|s123|e300|es1|b0.5;vae|MNIST|m20|s123|e300|es1|b0.5;vae|MNIST|m24|s123|e300|es1|b0.5;vae|MNIST|m32|s123|e300|es1|b0.5;vae|MNIST|m48|s123|e300|es1|b0.5,425.836138010025,0.0,425.836138010025,425.836138010025,False,0.01885369468221859,0.018454716273716518,False
MNIST,123,0.5,Ascending Q,2,0.15,0.25,,False,8,8,0,0,True,True,0.02161059947111169,5,64;2;4;6;8,vae|MNIST|m64|s123|e300|es1|b0.5;vae|MNIST|m2|s123|e300|es1|b0.5;vae|MNIST|m4|s123|e300|es1|b0.5;vae|MNIST|m6|s123|e300|es1|b0.5;vae|MNIST|m8|s123|e300|es1|b0.5,167.5571346282959,0.0,167.5571346282959,167.5571346282959,False,0.01885369468221859,0.018454716273716518,False
MNIST,123,0.5,Legacy window,2,0.15,0.25,True,False,8,8,0,0,True,True,0.02161059947111169,10,64;2;4;6;8;10;12;16;20;24,vae|MNIST|m64|s123|e300|es1|b0.5;vae|MNIST|m2|s123|e300|es1|b0.5;vae|MNIST|m4|s123|e300|es1|b0.5;vae|MNIST|m6|s123|e300|es1|b0.5;vae|MNIST|m8|s123|e300|es1|b0.5;vae|MNIST|m10|s123|e300|es1|b0.5;vae|MNIST|m12|s123|e300|es1|b0.5;vae|MNIST|m16|s123|e300|es1|b0.5;vae|MNIST|m20|s123|e300|es1|b0.5;vae|MNIST|m24|s123|e300|es1|b0.5,349.68627762794495,207.46426463127136,557.1505422592163,357.9848482131958,False,0.01885369468221859,0.018454716273716518,False
MNIST,123,0.5,ID local,2,0.15,0.25,True,False,8,8,0,0,True,True,0.02161059947111169,8,64;24;20;16;12;10;8;6,vae|MNIST|m64|s123|e300|es1|b0.5;vae|MNIST|m24|s123|e300|es1|b0.5;vae|MNIST|m20|s123|e300|es1|b0.5;vae|MNIST|m16|s123|e300|es1|b0.5;vae|MNIST|m12|s123|e300|es1|b0.5;vae|MNIST|m10|s123|e300|es1|b0.5;vae|MNIST|m8|s123|e300|es1|b0.5;vae|MNIST|m6|s123|e300|es1|b0.5,284.22961831092834,207.46426463127136,491.6938829421997,292.5281888961792,False,0.01885369468221859,0.018454716273716518,False
MNIST,123,0.5,Midpoint local,2,0.15,0.25,,False,8,8,0,0,True,True,0.02161059947111169,5,64;12;10;8;6,vae|MNIST|m64|s123|e300|es1|b0.5;vae|MNIST|m12|s123|e300|es1|b0.5;vae|MNIST|m10|s123|e300|es1|b0.5;vae|MNIST|m8|s123|e300|es1|b0.5;vae|MNIST|m6|s123|e300|es1|b0.5,174.17437744140625,0.0,174.17437744140625,174.17437744140625,False,0.01885369468221859,0.018454716273716518,False
MNIST,123,0.5,ID certified,2,0.15,0.25,True,False,8,8,0,0,True,True,0.02161059947111169,10,64;24;20;16;12;10;8;6;2;4,vae|MNIST|m64|s123|e300|es1|b0.5;vae|MNIST|m24|s123|e300|es1|b0.5;vae|MNIST|m20|s123|e300|es1|b0.5;vae|MNIST|m16|s123|e300|es1|b0.5;vae|MNIST|m12|s123|e300|es1|b0.5;vae|MNIST|m10|s123|e300|es1|b0.5;vae|MNIST|m8|s123|e300|es1|b0.5;vae|MNIST|m6|s123|e300|es1|b0.5;vae|MNIST|m2|s123|e300|es1|b0.5;vae|MNIST|m4|s123|e300|es1|b0.5,349.68627762794495,207.46426463127136,557.1505422592163,357.9848482131958,False,0.01885369468221859,0.018454716273716518,False
MNIST,777,0.5,Full grid Q,2,0.15,0.25,,False,8,8,0,0,True,True,0.02126352336649992,12,64;2;4;6;8;10;12;16;20;24;32;48,vae|MNIST|m64|s777|e300|es1|b0.5;vae|MNIST|m2|s777|e300|es1|b0.5;vae|MNIST|m4|s777|e300|es1|b0.5;vae|MNIST|m6|s777|e300|es1|b0.5;vae|MNIST|m8|s777|e300|es1|b0.5;vae|MNIST|m10|s777|e300|es1|b0.5;vae|MNIST|m12|s777|e300|es1|b0.5;vae|MNIST|m16|s777|e300|es1|b0.5;vae|MNIST|m20|s777|e300|es1|b0.5;vae|MNIST|m24|s777|e300|es1|b0.5;vae|MNIST|m32|s777|e300|es1|b0.5;vae|MNIST|m48|s777|e300|es1|b0.5,430.6029107570648,0.0,430.6029107570648,430.6029107570648,False,0.018424380866848694,0.01797459774925595,False
MNIST,777,0.5,Ascending Q,2,0.15,0.25,,False,8,8,0,0,True,True,0.02126352336649992,5,64;2;4;6;8,vae|MNIST|m64|s777|e300|es1|b0.5;vae|MNIST|m2|s777|e300|es1|b0.5;vae|MNIST|m4|s777|e300|es1|b0.5;vae|MNIST|m6|s777|e300|es1|b0.5;vae|MNIST|m8|s777|e300|es1|b0.5,174.8340265750885,0.0,174.8340265750885,174.8340265750885,False,0.018424380866848694,0.01797459774925595,False
MNIST,777,0.5,Legacy window,2,0.15,0.25,True,False,8,8,0,0,True,True,0.02126352336649992,10,64;2;4;6;8;10;12;16;20;24,vae|MNIST|m64|s777|e300|es1|b0.5;vae|MNIST|m2|s777|e300|es1|b0.5;vae|MNIST|m4|s777|e300|es1|b0.5;vae|MNIST|m6|s777|e300|es1|b0.5;vae|MNIST|m8|s777|e300|es1|b0.5;vae|MNIST|m10|s777|e300|es1|b0.5;vae|MNIST|m12|s777|e300|es1|b0.5;vae|MNIST|m16|s777|e300|es1|b0.5;vae|MNIST|m20|s777|e300|es1|b0.5;vae|MNIST|m24|s777|e300|es1|b0.5,332.48730087280273,207.46426463127136,539.9515655040741,340.7858714580536,False,0.018424380866848694,0.01797459774925595,False
MNIST,777,0.5,ID local,2,0.15,0.25,True,False,8,8,0,0,True,True,0.02126352336649992,8,64;24;20;16;12;10;8;6,vae|MNIST|m64|s777|e300|es1|b0.5;vae|MNIST|m24|s777|e300|es1|b0.5;vae|MNIST|m20|s777|e300|es1|b0.5;vae|MNIST|m16|s777|e300|es1|b0.5;vae|MNIST|m12|s777|e300|es1|b0.5;vae|MNIST|m10|s777|e300|es1|b0.5;vae|MNIST|m8|s777|e300|es1|b0.5;vae|MNIST|m6|s777|e300|es1|b0.5,290.03485679626465,207.46426463127136,497.499121427536,298.3334273815155,False,0.018424380866848694,0.01797459774925595,False
MNIST,777,0.5,Midpoint local,2,0.15,0.25,,False,8,8,0,0,True,True,0.02126352336649992,5,64;12;10;8;6,vae|MNIST|m64|s777|e300|es1|b0.5;vae|MNIST|m12|s777|e300|es1|b0.5;vae|MNIST|m10|s777|e300|es1|b0.5;vae|MNIST|m8|s777|e300|es1|b0.5;vae|MNIST|m6|s777|e300|es1|b0.5,182.91644167900085,0.0,182.91644167900085,182.91644167900085,False,0.018424380866848694,0.01797459774925595,False
MNIST,777,0.5,ID certified,2,0.15,0.25,True,False,8,8,0,0,True,True,0.02126352336649992,10,64;24;20;16;12;10;8;6;2;4,vae|MNIST|m64|s777|e300|es1|b0.5;vae|MNIST|m24|s777|e300|es1|b0.5;vae|MNIST|m20|s777|e300|es1|b0.5;vae|MNIST|m16|s777|e300|es1|b0.5;vae|MNIST|m12|s777|e300|es1|b0.5;vae|MNIST|m10|s777|e300|es1|b0.5;vae|MNIST|m8|s777|e300|es1|b0.5;vae|MNIST|m6|s777|e300|es1|b0.5;vae|MNIST|m2|s777|e300|es1|b0.5;vae|MNIST|m4|s777|e300|es1|b0.5,332.48730087280273,207.46426463127136,539.9515655040741,340.7858714580536,False,0.018424380866848694,0.01797459774925595,False
MNIST,2024,0.5,Full grid Q,2,0.15,0.25,,False,8,8,0,0,True,True,0.021222151900310907,12,64;2;4;6;8;10;12;16;20;24;32;48,vae|MNIST|m64|s2024|e300|es1|b0.5;vae|MNIST|m2|s2024|e300|es1|b0.5;vae|MNIST|m4|s2024|e300|es1|b0.5;vae|MNIST|m6|s2024|e300|es1|b0.5;vae|MNIST|m8|s2024|e300|es1|b0.5;vae|MNIST|m10|s2024|e300|es1|b0.5;vae|MNIST|m12|s2024|e300|es1|b0.5;vae|MNIST|m16|s2024|e300|es1|b0.5;vae|MNIST|m20|s2024|e300|es1|b0.5;vae|MNIST|m24|s2024|e300|es1|b0.5;vae|MNIST|m32|s2024|e300|es1|b0.5;vae|MNIST|m48|s2024|e300|es1|b0.5,466.5135853290558,0.0,466.5135853290558,466.5135853290558,False,0.019092746968172033,0.018522724800369365,False
MNIST,2024,0.5,Ascending Q,2,0.15,0.25,,False,8,8,0,0,True,True,0.021222151900310907,5,64;2;4;6;8,vae|MNIST|m64|s2024|e300|es1|b0.5;vae|MNIST|m2|s2024|e300|es1|b0.5;vae|MNIST|m4|s2024|e300|es1|b0.5;vae|MNIST|m6|s2024|e300|es1|b0.5;vae|MNIST|m8|s2024|e300|es1|b0.5,183.36746191978455,0.0,183.36746191978455,183.36746191978455,False,0.019092746968172033,0.018522724800369365,False
MNIST,2024,0.5,Legacy window,2,0.15,0.25,True,False,8,8,0,0,True,True,0.021222151900310907,10,64;2;4;6;8;10;12;16;20;24,vae|MNIST|m64|s2024|e300|es1|b0.5;vae|MNIST|m2|s2024|e300|es1|b0.5;vae|MNIST|m4|s2024|e300|es1|b0.5;vae|MNIST|m6|s2024|e300|es1|b0.5;vae|MNIST|m8|s2024|e300|es1|b0.5;vae|MNIST|m10|s2024|e300|es1|b0.5;vae|MNIST|m12|s2024|e300|es1|b0.5;vae|MNIST|m16|s2024|e300|es1|b0.5;vae|MNIST|m20|s2024|e300|es1|b0.5;vae|MNIST|m24|s2024|e300|es1|b0.5,382.27311086654663,207.46426463127136,589.737375497818,390.5716814517975,False,0.019092746968172033,0.018522724800369365,False
MNIST,2024,0.5,ID local,2,0.15,0.25,True,False,8,8,0,0,True,True,0.021222151900310907,8,64;24;20;16;12;10;8;6,vae|MNIST|m64|s2024|e300|es1|b0.5;vae|MNIST|m24|s2024|e300|es1|b0.5;vae|MNIST|m20|s2024|e300|es1|b0.5;vae|MNIST|m16|s2024|e300|es1|b0.5;vae|MNIST|m12|s2024|e300|es1|b0.5;vae|MNIST|m10|s2024|e300|es1|b0.5;vae|MNIST|m8|s2024|e300|es1|b0.5;vae|MNIST|m6|s2024|e300|es1|b0.5,315.17111802101135,207.46426463127136,522.6353826522827,323.4696886062622,False,0.019092746968172033,0.018522724800369365,False
MNIST,2024,0.5,Midpoint local,2,0.15,0.25,,False,8,8,0,0,True,True,0.021222151900310907,5,64;12;10;8;6,vae|MNIST|m64|s2024|e300|es1|b0.5;vae|MNIST|m12|s2024|e300|es1|b0.5;vae|MNIST|m10|s2024|e300|es1|b0.5;vae|MNIST|m8|s2024|e300|es1|b0.5;vae|MNIST|m6|s2024|e300|es1|b0.5,191.51782894134521,0.0,191.51782894134521,191.51782894134521,False,0.019092746968172033,0.018522724800369365,False
MNIST,2024,0.5,ID certified,2,0.15,0.25,True,False,8,8,0,0,True,True,0.021222151900310907,10,64;24;20;16;12;10;8;6;2;4,vae|MNIST|m64|s2024|e300|es1|b0.5;vae|MNIST|m24|s2024|e300|es1|b0.5;vae|MNIST|m20|s2024|e300|es1|b0.5;vae|MNIST|m16|s2024|e300|es1|b0.5;vae|MNIST|m12|s2024|e300|es1|b0.5;vae|MNIST|m10|s2024|e300|es1|b0.5;vae|MNIST|m8|s2024|e300|es1|b0.5;vae|MNIST|m6|s2024|e300|es1|b0.5;vae|MNIST|m2|s2024|e300|es1|b0.5;vae|MNIST|m4|s2024|e300|es1|b0.5,382.27311086654663,207.46426463127136,589.737375497818,390.5716814517975,False,0.019092746968172033,0.018522724800369365,False
MNIST,31337,0.5,Full grid Q,2,0.15,0.25,,False,8,8,0,0,True,True,0.021330707939303657,12,64;2;4;6;8;10;12;16;20;24;32;48,vae|MNIST|m64|s31337|e300|es1|b0.5;vae|MNIST|m2|s31337|e300|es1|b0.5;vae|MNIST|m4|s31337|e300|es1|b0.5;vae|MNIST|m6|s31337|e300|es1|b0.5;vae|MNIST|m8|s31337|e300|es1|b0.5;vae|MNIST|m10|s31337|e300|es1|b0.5;vae|MNIST|m12|s31337|e300|es1|b0.5;vae|MNIST|m16|s31337|e300|es1|b0.5;vae|MNIST|m20|s31337|e300|es1|b0.5;vae|MNIST|m24|s31337|e300|es1|b0.5;vae|MNIST|m32|s31337|e300|es1|b0.5;vae|MNIST|m48|s31337|e300|es1|b0.5,486.17253041267395,0.0,486.17253041267395,486.17253041267395,False,0.02010508136360013,0.019637247721354167,False
MNIST,31337,0.5,Ascending Q,2,0.15,0.25,,False,8,8,0,0,True,True,0.021330707939303657,5,64;2;4;6;8,vae|MNIST|m64|s31337|e300|es1|b0.5;vae|MNIST|m2|s31337|e300|es1|b0.5;vae|MNIST|m4|s31337|e300|es1|b0.5;vae|MNIST|m6|s31337|e300|es1|b0.5;vae|MNIST|m8|s31337|e300|es1|b0.5,188.14741206169128,0.0,188.14741206169128,188.14741206169128,False,0.02010508136360013,0.019637247721354167,False
MNIST,31337,0.5,Legacy window,2,0.15,0.25,True,False,8,8,0,0,True,True,0.021330707939303657,10,64;2;4;6;8;10;12;16;20;24,vae|MNIST|m64|s31337|e300|es1|b0.5;vae|MNIST|m2|s31337|e300|es1|b0.5;vae|MNIST|m4|s31337|e300|es1|b0.5;vae|MNIST|m6|s31337|e300|es1|b0.5;vae|MNIST|m8|s31337|e300|es1|b0.5;vae|MNIST|m10|s31337|e300|es1|b0.5;vae|MNIST|m12|s31337|e300|es1|b0.5;vae|MNIST|m16|s31337|e300|es1|b0.5;vae|MNIST|m20|s31337|e300|es1|b0.5;vae|MNIST|m24|s31337|e300|es1|b0.5,393.0822455883026,207.46426463127136,600.546510219574,401.38081617355346,False,0.02010508136360013,0.019637247721354167,False
MNIST,31337,0.5,ID local,2,0.15,0.25,True,False,8,8,0,0,True,True,0.021330707939303657,8,64;24;20;16;12;10;8;6,vae|MNIST|m64|s31337|e300|es1|b0.5;vae|MNIST|m24|s31337|e300|es1|b0.5;vae|MNIST|m20|s31337|e300|es1|b0.5;vae|MNIST|m16|s31337|e300|es1|b0.5;vae|MNIST|m12|s31337|e300|es1|b0.5;vae|MNIST|m10|s31337|e300|es1|b0.5;vae|MNIST|m8|s31337|e300|es1|b0.5;vae|MNIST|m6|s31337|e300|es1|b0.5,336.29344034194946,207.46426463127136,543.7577049732208,344.5920109272003,False,0.02010508136360013,0.019637247721354167,False
MNIST,31337,0.5,Midpoint local,2,0.15,0.25,,False,8,8,0,0,True,True,0.021330707939303657,5,64;12;10;8;6,vae|MNIST|m64|s31337|e300|es1|b0.5;vae|MNIST|m12|s31337|e300|es1|b0.5;vae|MNIST|m10|s31337|e300|es1|b0.5;vae|MNIST|m8|s31337|e300|es1|b0.5;vae|MNIST|m6|s31337|e300|es1|b0.5,204.7052125930786,0.0,204.7052125930786,204.7052125930786,False,0.02010508136360013,0.019637247721354167,False
MNIST,31337,0.5,ID certified,2,0.15,0.25,True,False,8,8,0,0,True,True,0.021330707939303657,10,64;24;20;16;12;10;8;6;2;4,vae|MNIST|m64|s31337|e300|es1|b0.5;vae|MNIST|m24|s31337|e300|es1|b0.5;vae|MNIST|m20|s31337|e300|es1|b0.5;vae|MNIST|m16|s31337|e300|es1|b0.5;vae|MNIST|m12|s31337|e300|es1|b0.5;vae|MNIST|m10|s31337|e300|es1|b0.5;vae|MNIST|m8|s31337|e300|es1|b0.5;vae|MNIST|m6|s31337|e300|es1|b0.5;vae|MNIST|m2|s31337|e300|es1|b0.5;vae|MNIST|m4|s31337|e300|es1|b0.5,393.0822455883026,207.46426463127136,600.546510219574,401.38081617355346,False,0.02010508136360013,0.019637247721354167,False
MNIST,42,1.0,Full grid Q,2,0.15,0.25,,False,6,6,0,0,True,True,0.026236856452786193,12,64;2;4;6;8;10;12;16;20;24;32;48,vae|MNIST|m64|s42|e300|es1|b1;vae|MNIST|m2|s42|e300|es1|b1;vae|MNIST|m4|s42|e300|es1|b1;vae|MNIST|m6|s42|e300|es1|b1;vae|MNIST|m8|s42|e300|es1|b1;vae|MNIST|m10|s42|e300|es1|b1;vae|MNIST|m12|s42|e300|es1|b1;vae|MNIST|m16|s42|e300|es1|b1;vae|MNIST|m20|s42|e300|es1|b1;vae|MNIST|m24|s42|e300|es1|b1;vae|MNIST|m32|s42|e300|es1|b1;vae|MNIST|m48|s42|e300|es1|b1,602.6946105957031,0.0,602.6946105957031,602.6946105957031,False,0.022674509165238364,0.022301241504902744,False
MNIST,42,1.0,Ascending Q,2,0.15,0.25,,False,6,6,0,0,True,True,0.026236856452786193,4,64;2;4;6,vae|MNIST|m64|s42|e300|es1|b1;vae|MNIST|m2|s42|e300|es1|b1;vae|MNIST|m4|s42|e300|es1|b1;vae|MNIST|m6|s42|e300|es1|b1,168.8898766040802,0.0,168.8898766040802,168.8898766040802,False,0.022674509165238364,0.022301241504902744,False
MNIST,42,1.0,Legacy window,2,0.15,0.25,True,False,6,6,0,0,True,True,0.026236856452786193,10,64;2;4;6;8;10;12;16;20;24,vae|MNIST|m64|s42|e300|es1|b1;vae|MNIST|m2|s42|e300|es1|b1;vae|MNIST|m4|s42|e300|es1|b1;vae|MNIST|m6|s42|e300|es1|b1;vae|MNIST|m8|s42|e300|es1|b1;vae|MNIST|m10|s42|e300|es1|b1;vae|MNIST|m12|s42|e300|es1|b1;vae|MNIST|m16|s42|e300|es1|b1;vae|MNIST|m20|s42|e300|es1|b1;vae|MNIST|m24|s42|e300|es1|b1,479.760466337204,207.46426463127136,687.2247309684753,488.0590369224548,False,0.022674509165238364,0.022301241504902744,False
MNIST,42,1.0,ID local,2,0.15,0.25,True,False,6,6,0,0,True,True,0.026236856452786193,9,64;24;20;16;12;10;8;6;4,vae|MNIST|m64|s42|e300|es1|b1;vae|MNIST|m24|s42|e300|es1|b1;vae|MNIST|m20|s42|e300|es1|b1;vae|MNIST|m16|s42|e300|es1|b1;vae|MNIST|m12|s42|e300|es1|b1;vae|MNIST|m10|s42|e300|es1|b1;vae|MNIST|m8|s42|e300|es1|b1;vae|MNIST|m6|s42|e300|es1|b1;vae|MNIST|m4|s42|e300|es1|b1,445.4218213558197,207.46426463127136,652.8860859870911,453.72039194107055,False,0.022674509165238364,0.022301241504902744,False
MNIST,42,1.0,Midpoint local,2,0.15,0.25,,False,6,6,0,0,True,True,0.026236856452786193,6,64;12;10;8;6;4,vae|MNIST|m64|s42|e300|es1|b1;vae|MNIST|m12|s42|e300|es1|b1;vae|MNIST|m10|s42|e300|es1|b1;vae|MNIST|m8|s42|e300|es1|b1;vae|MNIST|m6|s42|e300|es1|b1;vae|MNIST|m4|s42|e300|es1|b1,287.35966396331787,0.0,287.35966396331787,287.35966396331787,False,0.022674509165238364,0.022301241504902744,False
MNIST,42,1.0,ID certified,2,0.15,0.25,True,False,6,6,0,0,True,True,0.026236856452786193,10,64;24;20;16;12;10;8;6;4;2,vae|MNIST|m64|s42|e300|es1|b1;vae|MNIST|m24|s42|e300|es1|b1;vae|MNIST|m20|s42|e300|es1|b1;vae|MNIST|m16|s42|e300|es1|b1;vae|MNIST|m12|s42|e300|es1|b1;vae|MNIST|m10|s42|e300|es1|b1;vae|MNIST|m8|s42|e300|es1|b1;vae|MNIST|m6|s42|e300|es1|b1;vae|MNIST|m4|s42|e300|es1|b1;vae|MNIST|m2|s42|e300|es1|b1,479.760466337204,207.46426463127136,687.2247309684753,488.0590369224548,False,0.022674509165238364,0.022301241504902744,False
MNIST,123,1.0,Full grid Q,2,0.15,0.25,,False,6,6,0,0,True,True,0.026704953438895094,12,64;2;4;6;8;10;12;16;20;24;32;48,vae|MNIST|m64|s123|e300|es1|b1;vae|MNIST|m2|s123|e300|es1|b1;vae|MNIST|m4|s123|e300|es1|b1;vae|MNIST|m6|s123|e300|es1|b1;vae|MNIST|m8|s123|e300|es1|b1;vae|MNIST|m10|s123|e300|es1|b1;vae|MNIST|m12|s123|e300|es1|b1;vae|MNIST|m16|s123|e300|es1|b1;vae|MNIST|m20|s123|e300|es1|b1;vae|MNIST|m24|s123|e300|es1|b1;vae|MNIST|m32|s123|e300|es1|b1;vae|MNIST|m48|s123|e300|es1|b1,522.5860285758972,0.0,522.5860285758972,522.5860285758972,False,0.022411734444754465,0.02202388550635098,False
MNIST,123,1.0,Ascending Q,2,0.15,0.25,,False,6,6,0,0,True,True,0.026704953438895094,4,64;2;4;6,vae|MNIST|m64|s123|e300|es1|b1;vae|MNIST|m2|s123|e300|es1|b1;vae|MNIST|m4|s123|e300|es1|b1;vae|MNIST|m6|s123|e300|es1|b1,149.01807975769043,0.0,149.01807975769043,149.01807975769043,False,0.022411734444754465,0.02202388550635098,False
MNIST,123,1.0,Legacy window,2,0.15,0.25,True,False,6,6,0,0,True,True,0.026704953438895094,10,64;2;4;6;8;10;12;16;20;24,vae|MNIST|m64|s123|e300|es1|b1;vae|MNIST|m2|s123|e300|es1|b1;vae|MNIST|m4|s123|e300|es1|b1;vae|MNIST|m6|s123|e300|es1|b1;vae|MNIST|m8|s123|e300|es1|b1;vae|MNIST|m10|s123|e300|es1|b1;vae|MNIST|m12|s123|e300|es1|b1;vae|MNIST|m16|s123|e300|es1|b1;vae|MNIST|m20|s123|e300|es1|b1;vae|MNIST|m24|s123|e300|es1|b1,431.21688747406006,207.46426463127136,638.6811521053314,439.5154580593109,False,0.022411734444754465,0.02202388550635098,False
MNIST,123,1.0,ID local,2,0.15,0.25,True,False,6,6,0,0,True,True,0.026704953438895094,9,64;24;20;16;12;10;8;6;4,vae|MNIST|m64|s123|e300|es1|b1;vae|MNIST|m24|s123|e300|es1|b1;vae|MNIST|m20|s123|e300|es1|b1;vae|MNIST|m16|s123|e300|es1|b1;vae|MNIST|m12|s123|e300|es1|b1;vae|MNIST|m10|s123|e300|es1|b1;vae|MNIST|m8|s123|e300|es1|b1;vae|MNIST|m6|s123|e300|es1|b1;vae|MNIST|m4|s123|e300|es1|b1,398.16908740997314,207.46426463127136,605.6333520412445,406.467657995224,False,0.022411734444754465,0.02202388550635098,False
MNIST,123,1.0,Midpoint local,2,0.15,0.25,,False,6,6,0,0,True,True,0.026704953438895094,6,64;12;10;8;6;4,vae|MNIST|m64|s123|e300|es1|b1;vae|MNIST|m12|s123|e300|es1|b1;vae|MNIST|m10|s123|e300|es1|b1;vae|MNIST|m8|s123|e300|es1|b1;vae|MNIST|m6|s123|e300|es1|b1;vae|MNIST|m4|s123|e300|es1|b1,241.06237292289734,0.0,241.06237292289734,241.06237292289734,False,0.022411734444754465,0.02202388550635098,False
MNIST,123,1.0,ID certified,2,0.15,0.25,True,False,6,6,0,0,True,True,0.026704953438895094,10,64;24;20;16;12;10;8;6;4;2,vae|MNIST|m64|s123|e300|es1|b1;vae|MNIST|m24|s123|e300|es1|b1;vae|MNIST|m20|s123|e300|es1|b1;vae|MNIST|m16|s123|e300|es1|b1;vae|MNIST|m12|s123|e300|es1|b1;vae|MNIST|m10|s123|e300|es1|b1;vae|MNIST|m8|s123|e300|es1|b1;vae|MNIST|m6|s123|e300|es1|b1;vae|MNIST|m4|s123|e300|es1|b1;vae|MNIST|m2|s123|e300|es1|b1,431.21688747406006,207.46426463127136,638.6811521053314,439.5154580593109,False,0.022411734444754465,0.02202388550635098,False
MNIST,777,1.0,Full grid Q,2,0.15,0.25,,False,6,6,0,0,True,True,0.02518899237185109,12,64;2;4;6;8;10;12;16;20;24;32;48,vae|MNIST|m64|s777|e300|es1|b1;vae|MNIST|m2|s777|e300|es1|b1;vae|MNIST|m4|s777|e300|es1|b1;vae|MNIST|m6|s777|e300|es1|b1;vae|MNIST|m8|s777|e300|es1|b1;vae|MNIST|m10|s777|e300|es1|b1;vae|MNIST|m12|s777|e300|es1|b1;vae|MNIST|m16|s777|e300|es1|b1;vae|MNIST|m20|s777|e300|es1|b1;vae|MNIST|m24|s777|e300|es1|b1;vae|MNIST|m32|s777|e300|es1|b1;vae|MNIST|m48|s777|e300|es1|b1,598.674542427063,0.0,598.674542427063,598.674542427063,False,0.02243539771255182,0.022122164148862672,False
MNIST,777,1.0,Ascending Q,2,0.15,0.25,,False,6,6,0,0,True,True,0.02518899237185109,4,64;2;4;6,vae|MNIST|m64|s777|e300|es1|b1;vae|MNIST|m2|s777|e300|es1|b1;vae|MNIST|m4|s777|e300|es1|b1;vae|MNIST|m6|s777|e300|es1|b1,175.76474952697754,0.0,175.76474952697754,175.76474952697754,False,0.02243539771255182,0.022122164148862672,False
MNIST,777,1.0,Legacy window,2,0.15,0.25,True,False,6,6,0,0,True,True,0.02518899237185109,10,64;2;4;6;8;10;12;16;20;24,vae|MNIST|m64|s777|e300|es1|b1;vae|MNIST|m2|s777|e300|es1|b1;vae|MNIST|m4|s777|e300|es1|b1;vae|MNIST|m6|s777|e300|es1|b1;vae|MNIST|m8|s777|e300|es1|b1;vae|MNIST|m10|s777|e300|es1|b1;vae|MNIST|m12|s777|e300|es1|b1;vae|MNIST|m16|s777|e300|es1|b1;vae|MNIST|m20|s777|e300|es1|b1;vae|MNIST|m24|s777|e300|es1|b1,491.3708951473236,207.46426463127136,698.835159778595,499.66946573257445,False,0.02243539771255182,0.022122164148862672,False
MNIST,777,1.0,ID local,2,0.15,0.25,True,False,6,6,0,0,True,True,0.02518899237185109,9,64;24;20;16;12;10;8;6;4,vae|MNIST|m64|s777|e300|es1|b1;vae|MNIST|m24|s777|e300|es1|b1;vae|MNIST|m20|s777|e300|es1|b1;vae|MNIST|m16|s777|e300|es1|b1;vae|MNIST|m12|s777|e300|es1|b1;vae|MNIST|m10|s777|e300|es1|b1;vae|MNIST|m8|s777|e300|es1|b1;vae|MNIST|m6|s777|e300|es1|b1;vae|MNIST|m4|s777|e300|es1|b1,461.0211865901947,207.46426463127136,668.4854512214661,469.31975717544555,False,0.02243539771255182,0.022122164148862672,False
MNIST,777,1.0,Midpoint local,2,0.15,0.25,,False,6,6,0,0,True,True,0.02518899237185109,6,64;12;10;8;6;4,vae|MNIST|m64|s777|e300|es1|b1;vae|MNIST|m12|s777|e300|es1|b1;vae|MNIST|m10|s777|e300|es1|b1;vae|MNIST|m8|s777|e300|es1|b1;vae|MNIST|m6|s777|e300|es1|b1;vae|MNIST|m4|s777|e300|es1|b1,297.7128381729126,0.0,297.7128381729126,297.7128381729126,False,0.02243539771255182,0.022122164148862672,False
MNIST,777,1.0,ID certified,2,0.15,0.25,True,False,6,6,0,0,True,True,0.02518899237185109,10,64;24;20;16;12;10;8;6;4;2,vae|MNIST|m64|s777|e300|es1|b1;vae|MNIST|m24|s777|e300|es1|b1;vae|MNIST|m20|s777|e300|es1|b1;vae|MNIST|m16|s777|e300|es1|b1;vae|MNIST|m12|s777|e300|es1|b1;vae|MNIST|m10|s777|e300|es1|b1;vae|MNIST|m8|s777|e300|es1|b1;vae|MNIST|m6|s777|e300|es1|b1;vae|MNIST|m4|s777|e300|es1|b1;vae|MNIST|m2|s777|e300|es1|b1,491.3708951473236,207.46426463127136,698.835159778595,499.66946573257445,False,0.02243539771255182,0.022122164148862672,False
MNIST,2024,1.0,Full grid Q,2,0.15,0.25,,False,6,6,0,0,True,True,0.02586728204221142,12,64;2;4;6;8;10;12;16;20;24;32;48,vae|MNIST|m64|s2024|e300|es1|b1;vae|MNIST|m2|s2024|e300|es1|b1;vae|MNIST|m4|s2024|e300|es1|b1;vae|MNIST|m6|s2024|e300|es1|b1;vae|MNIST|m8|s2024|e300|es1|b1;vae|MNIST|m10|s2024|e300|es1|b1;vae|MNIST|m12|s2024|e300|es1|b1;vae|MNIST|m16|s2024|e300|es1|b1;vae|MNIST|m20|s2024|e300|es1|b1;vae|MNIST|m24|s2024|e300|es1|b1;vae|MNIST|m32|s2024|e300|es1|b1;vae|MNIST|m48|s2024|e300|es1|b1,530.4031536579132,0.0,530.4031536579132,530.4031536579132,False,0.022447507897201853,0.02193109836708121,False
MNIST,2024,1.0,Ascending Q,2,0.15,0.25,,False,6,6,0,0,True,True,0.02586728204221142,4,64;2;4;6,vae|MNIST|m64|s2024|e300|es1|b1;vae|MNIST|m2|s2024|e300|es1|b1;vae|MNIST|m4|s2024|e300|es1|b1;vae|MNIST|m6|s2024|e300|es1|b1,184.54361963272095,0.0,184.54361963272095,184.54361963272095,False,0.022447507897201853,0.02193109836708121,False
MNIST,2024,1.0,Legacy window,2,0.15,0.25,True,False,6,6,0,0,True,True,0.02586728204221142,10,64;2;4;6;8;10;12;16;20;24,vae|MNIST|m64|s2024|e300|es1|b1;vae|MNIST|m2|s2024|e300|es1|b1;vae|MNIST|m4|s2024|e300|es1|b1;vae|MNIST|m6|s2024|e300|es1|b1;vae|MNIST|m8|s2024|e300|es1|b1;vae|MNIST|m10|s2024|e300|es1|b1;vae|MNIST|m12|s2024|e300|es1|b1;vae|MNIST|m16|s2024|e300|es1|b1;vae|MNIST|m20|s2024|e300|es1|b1;vae|MNIST|m24|s2024|e300|es1|b1,422.06542348861694,207.46426463127136,629.5296881198883,430.3639940738678,False,0.022447507897201853,0.02193109836708121,False
MNIST,2024,1.0,ID local,2,0.15,0.25,True,False,6,6,0,0,True,True,0.02586728204221142,9,64;24;20;16;12;10;8;6;4,vae|MNIST|m64|s2024|e300|es1|b1;vae|MNIST|m24|s2024|e300|es1|b1;vae|MNIST|m20|s2024|e300|es1|b1;vae|MNIST|m16|s2024|e300|es1|b1;vae|MNIST|m12|s2024|e300|es1|b1;vae|MNIST|m10|s2024|e300|es1|b1;vae|MNIST|m8|s2024|e300|es1|b1;vae|MNIST|m6|s2024|e300|es1|b1;vae|MNIST|m4|s2024|e300|es1|b1,383.8218102455139,207.46426463127136,591.2860748767853,392.12038083076476,False,0.022447507897201853,0.02193109836708121,False
MNIST,2024,1.0,Midpoint local,2,0.15,0.25,,False,6,6,0,0,True,True,0.02586728204221142,6,64;12;10;8;6;4,vae|MNIST|m64|s2024|e300|es1|b1;vae|MNIST|m12|s2024|e300|es1|b1;vae|MNIST|m10|s2024|e300|es1|b1;vae|MNIST|m8|s2024|e300|es1|b1;vae|MNIST|m6|s2024|e300|es1|b1;vae|MNIST|m4|s2024|e300|es1|b1,277.0897421836853,0.0,277.0897421836853,277.0897421836853,False,0.022447507897201853,0.02193109836708121,False
MNIST,2024,1.0,ID certified,2,0.15,0.25,True,False,6,6,0,0,True,True,0.02586728204221142,10,64;24;20;16;12;10;8;6;4;2,vae|MNIST|m64|s2024|e300|es1|b1;vae|MNIST|m24|s2024|e300|es1|b1;vae|MNIST|m20|s2024|e300|es1|b1;vae|MNIST|m16|s2024|e300|es1|b1;vae|MNIST|m12|s2024|e300|es1|b1;vae|MNIST|m10|s2024|e300|es1|b1;vae|MNIST|m8|s2024|e300|es1|b1;vae|MNIST|m6|s2024|e300|es1|b1;vae|MNIST|m4|s2024|e300|es1|b1;vae|MNIST|m2|s2024|e300|es1|b1,422.06542348861694,207.46426463127136,629.5296881198883,430.3639940738678,False,0.022447507897201853,0.02193109836708121,False
MNIST,31337,1.0,Full grid Q,2,0.15,0.25,,False,6,6,0,0,True,True,0.026419799742406727,12,64;2;4;6;8;10;12;16;20;24;32;48,vae|MNIST|m64|s31337|e300|es1|b1;vae|MNIST|m2|s31337|e300|es1|b1;vae|MNIST|m4|s31337|e300|es1|b1;vae|MNIST|m6|s31337|e300|es1|b1;vae|MNIST|m8|s31337|e300|es1|b1;vae|MNIST|m10|s31337|e300|es1|b1;vae|MNIST|m12|s31337|e300|es1|b1;vae|MNIST|m16|s31337|e300|es1|b1;vae|MNIST|m20|s31337|e300|es1|b1;vae|MNIST|m24|s31337|e300|es1|b1;vae|MNIST|m32|s31337|e300|es1|b1;vae|MNIST|m48|s31337|e300|es1|b1,607.6232833862305,0.0,607.6232833862305,607.6232833862305,False,0.022243900532625163,0.021856735540896045,False
MNIST,31337,1.0,Ascending Q,2,0.15,0.25,,False,6,6,0,0,True,True,0.026419799742406727,4,64;2;4;6,vae|MNIST|m64|s31337|e300|es1|b1;vae|MNIST|m2|s31337|e300|es1|b1;vae|MNIST|m4|s31337|e300|es1|b1;vae|MNIST|m6|s31337|e300|es1|b1,207.2628312110901,0.0,207.2628312110901,207.2628312110901,False,0.022243900532625163,0.021856735540896045,False
MNIST,31337,1.0,Legacy window,2,0.15,0.25,True,False,6,6,0,0,True,True,0.026419799742406727,10,64;2;4;6;8;10;12;16;20;24,vae|MNIST|m64|s31337|e300|es1|b1;vae|MNIST|m2|s31337|e300|es1|b1;vae|MNIST|m4|s31337|e300|es1|b1;vae|MNIST|m6|s31337|e300|es1|b1;vae|MNIST|m8|s31337|e300|es1|b1;vae|MNIST|m10|s31337|e300|es1|b1;vae|MNIST|m12|s31337|e300|es1|b1;vae|MNIST|m16|s31337|e300|es1|b1;vae|MNIST|m20|s31337|e300|es1|b1;vae|MNIST|m24|s31337|e300|es1|b1,499.66646456718445,207.46426463127136,707.1307291984558,507.9650351524353,False,0.022243900532625163,0.021856735540896045,False
MNIST,31337,1.0,ID local,2,0.15,0.25,True,False,6,6,0,0,True,True,0.026419799742406727,9,64;24;20;16;12;10;8;6;4,vae|MNIST|m64|s31337|e300|es1|b1;vae|MNIST|m24|s31337|e300|es1|b1;vae|MNIST|m20|s31337|e300|es1|b1;vae|MNIST|m16|s31337|e300|es1|b1;vae|MNIST|m12|s31337|e300|es1|b1;vae|MNIST|m10|s31337|e300|es1|b1;vae|MNIST|m8|s31337|e300|es1|b1;vae|MNIST|m6|s31337|e300|es1|b1;vae|MNIST|m4|s31337|e300|es1|b1,453.8261592388153,207.46426463127136,661.2904238700867,462.12472982406615,False,0.022243900532625163,0.021856735540896045,False
MNIST,31337,1.0,Midpoint local,2,0.15,0.25,,False,6,6,0,0,True,True,0.026419799742406727,6,64;12;10;8;6;4,vae|MNIST|m64|s31337|e300|es1|b1;vae|MNIST|m12|s31337|e300|es1|b1;vae|MNIST|m10|s31337|e300|es1|b1;vae|MNIST|m8|s31337|e300|es1|b1;vae|MNIST|m6|s31337|e300|es1|b1;vae|MNIST|m4|s31337|e300|es1|b1,292.2011857032776,0.0,292.2011857032776,292.2011857032776,False,0.022243900532625163,0.021856735540896045,False
MNIST,31337,1.0,ID certified,2,0.15,0.25,True,False,6,6,0,0,True,True,0.026419799742406727,10,64;24;20;16;12;10;8;6;4;2,vae|MNIST|m64|s31337|e300|es1|b1;vae|MNIST|m24|s31337|e300|es1|b1;vae|MNIST|m20|s31337|e300|es1|b1;vae|MNIST|m16|s31337|e300|es1|b1;vae|MNIST|m12|s31337|e300|es1|b1;vae|MNIST|m10|s31337|e300|es1|b1;vae|MNIST|m8|s31337|e300|es1|b1;vae|MNIST|m6|s31337|e300|es1|b1;vae|MNIST|m4|s31337|e300|es1|b1;vae|MNIST|m2|s31337|e300|es1|b1,499.66646456718445,207.46426463127136,707.1307291984558,507.9650351524353,False,0.022243900532625163,0.021856735540896045,False
MNIST,42,2.0,Full grid Q,2,0.15,0.25,,False,4,4,0,0,True,True,0.03229478292659838,12,64;2;4;6;8;10;12;16;20;24;32;48,vae|MNIST|m64|s42|e300|es1|b2;vae|MNIST|m2|s42|e300|es1|b2;vae|MNIST|m4|s42|e300|es1|b2;vae|MNIST|m6|s42|e300|es1|b2;vae|MNIST|m8|s42|e300|es1|b2;vae|MNIST|m10|s42|e300|es1|b2;vae|MNIST|m12|s42|e300|es1|b2;vae|MNIST|m16|s42|e300|es1|b2;vae|MNIST|m20|s42|e300|es1|b2;vae|MNIST|m24|s42|e300|es1|b2;vae|MNIST|m32|s42|e300|es1|b2;vae|MNIST|m48|s42|e300|es1|b2,855.914279460907,0.0,855.914279460907,855.914279460907,False,0.02888416336993782,0.028250271959369685,False
MNIST,42,2.0,Ascending Q,2,0.15,0.25,,False,4,4,0,0,True,True,0.03229478292659838,3,64;2;4,vae|MNIST|m64|s42|e300|es1|b2;vae|MNIST|m2|s42|e300|es1|b2;vae|MNIST|m4|s42|e300|es1|b2,195.22781610488892,0.0,195.22781610488892,195.22781610488892,False,0.02888416336993782,0.028250271959369685,False
MNIST,42,2.0,Legacy window,2,0.15,0.25,True,False,4,4,0,0,True,True,0.03229478292659838,10,64;2;4;6;8;10;12;16;20;24,vae|MNIST|m64|s42|e300|es1|b2;vae|MNIST|m2|s42|e300|es1|b2;vae|MNIST|m4|s42|e300|es1|b2;vae|MNIST|m6|s42|e300|es1|b2;vae|MNIST|m8|s42|e300|es1|b2;vae|MNIST|m10|s42|e300|es1|b2;vae|MNIST|m12|s42|e300|es1|b2;vae|MNIST|m16|s42|e300|es1|b2;vae|MNIST|m20|s42|e300|es1|b2;vae|MNIST|m24|s42|e300|es1|b2,723.6594853401184,207.46426463127136,931.1237499713898,731.9580559253693,False,0.02888416336993782,0.028250271959369685,False
MNIST,42,2.0,ID local,2,0.15,0.25,True,False,4,4,0,0,True,True,0.03229478292659838,10,64;24;20;16;12;10;8;6;4;2,vae|MNIST|m64|s42|e300|es1|b2;vae|MNIST|m24|s42|e300|es1|b2;vae|MNIST|m20|s42|e300|es1|b2;vae|MNIST|m16|s42|e300|es1|b2;vae|MNIST|m12|s42|e300|es1|b2;vae|MNIST|m10|s42|e300|es1|b2;vae|MNIST|m8|s42|e300|es1|b2;vae|MNIST|m6|s42|e300|es1|b2;vae|MNIST|m4|s42|e300|es1|b2;vae|MNIST|m2|s42|e300|es1|b2,723.6594853401184,207.46426463127136,931.1237499713898,731.9580559253693,False,0.02888416336993782,0.028250271959369685,False
MNIST,42,2.0,Midpoint local,2,0.15,0.25,,False,4,4,0,0,True,True,0.03229478292659838,7,64;12;10;8;6;4;2,vae|MNIST|m64|s42|e300|es1|b2;vae|MNIST|m12|s42|e300|es1|b2;vae|MNIST|m10|s42|e300|es1|b2;vae|MNIST|m8|s42|e300|es1|b2;vae|MNIST|m6|s42|e300|es1|b2;vae|MNIST|m4|s42|e300|es1|b2;vae|MNIST|m2|s42|e300|es1|b2,489.2454013824463,0.0,489.2454013824463,489.2454013824463,False,0.02888416336993782,0.028250271959369685,False
MNIST,42,2.0,ID certified,2,0.15,0.25,True,False,4,4,0,0,True,True,0.03229478292659838,10,64;24;20;16;12;10;8;6;4;2,vae|MNIST|m64|s42|e300|es1|b2;vae|MNIST|m24|s42|e300|es1|b2;vae|MNIST|m20|s42|e300|es1|b2;vae|MNIST|m16|s42|e300|es1|b2;vae|MNIST|m12|s42|e300|es1|b2;vae|MNIST|m10|s42|e300|es1|b2;vae|MNIST|m8|s42|e300|es1|b2;vae|MNIST|m6|s42|e300|es1|b2;vae|MNIST|m4|s42|e300|es1|b2;vae|MNIST|m2|s42|e300|es1|b2,723.6594853401184,207.46426463127136,931.1237499713898,731.9580559253693,False,0.02888416336993782,0.028250271959369685,False
MNIST,123,2.0,Full grid Q,2,0.15,0.25,,False,4,4,0,0,True,True,0.033353489903041295,12,64;2;4;6;8;10;12;16;20;24;32;48,vae|MNIST|m64|s123|e300|es1|b2;vae|MNIST|m2|s123|e300|es1|b2;vae|MNIST|m4|s123|e300|es1|b2;vae|MNIST|m6|s123|e300|es1|b2;vae|MNIST|m8|s123|e300|es1|b2;vae|MNIST|m10|s123|e300|es1|b2;vae|MNIST|m12|s123|e300|es1|b2;vae|MNIST|m16|s123|e300|es1|b2;vae|MNIST|m20|s123|e300|es1|b2;vae|MNIST|m24|s123|e300|es1|b2;vae|MNIST|m32|s123|e300|es1|b2;vae|MNIST|m48|s123|e300|es1|b2,839.8801906108856,0.0,839.8801906108856,839.8801906108856,False,0.029258442158601725,0.028695986377949612,False
MNIST,123,2.0,Ascending Q,2,0.15,0.25,,False,4,4,0,0,True,True,0.033353489903041295,3,64;2;4,vae|MNIST|m64|s123|e300|es1|b2;vae|MNIST|m2|s123|e300|es1|b2;vae|MNIST|m4|s123|e300|es1|b2,186.77274179458618,0.0,186.77274179458618,186.77274179458618,False,0.029258442158601725,0.028695986377949612,False
MNIST,123,2.0,Legacy window,2,0.15,0.25,True,False,4,4,0,0,True,True,0.033353489903041295,10,64;2;4;6;8;10;12;16;20;24,vae|MNIST|m64|s123|e300|es1|b2;vae|MNIST|m2|s123|e300|es1|b2;vae|MNIST|m4|s123|e300|es1|b2;vae|MNIST|m6|s123|e300|es1|b2;vae|MNIST|m8|s123|e300|es1|b2;vae|MNIST|m10|s123|e300|es1|b2;vae|MNIST|m12|s123|e300|es1|b2;vae|MNIST|m16|s123|e300|es1|b2;vae|MNIST|m20|s123|e300|es1|b2;vae|MNIST|m24|s123|e300|es1|b2,675.935403585434,207.46426463127136,883.3996682167053,684.2339741706849,False,0.029258442158601725,0.028695986377949612,False
MNIST,123,2.0,ID local,2,0.15,0.25,True,False,4,4,0,0,True,True,0.033353489903041295,10,64;24;20;16;12;10;8;6;4;2,vae|MNIST|m64|s123|e300|es1|b2;vae|MNIST|m24|s123|e300|es1|b2;vae|MNIST|m20|s123|e300|es1|b2;vae|MNIST|m16|s123|e300|es1|b2;vae|MNIST|m12|s123|e300|es1|b2;vae|MNIST|m10|s123|e300|es1|b2;vae|MNIST|m8|s123|e300|es1|b2;vae|MNIST|m6|s123|e300|es1|b2;vae|MNIST|m4|s123|e300|es1|b2;vae|MNIST|m2|s123|e300|es1|b2,675.935403585434,207.46426463127136,883.3996682167053,684.2339741706849,False,0.029258442158601725,0.028695986377949612,False
MNIST,123,2.0,Midpoint local,2,0.15,0.25,,False,4,4,0,0,True,True,0.033353489903041295,7,64;12;10;8;6;4;2,vae|MNIST|m64|s123|e300|es1|b2;vae|MNIST|m12|s123|e300|es1|b2;vae|MNIST|m10|s123|e300|es1|b2;vae|MNIST|m8|s123|e300|es1|b2;vae|MNIST|m6|s123|e300|es1|b2;vae|MNIST|m4|s123|e300|es1|b2;vae|MNIST|m2|s123|e300|es1|b2,454.3006284236908,0.0,454.3006284236908,454.3006284236908,False,0.029258442158601725,0.028695986377949612,False
MNIST,123,2.0,ID certified,2,0.15,0.25,True,False,4,4,0,0,True,True,0.033353489903041295,10,64;24;20;16;12;10;8;6;4;2,vae|MNIST|m64|s123|e300|es1|b2;vae|MNIST|m24|s123|e300|es1|b2;vae|MNIST|m20|s123|e300|es1|b2;vae|MNIST|m16|s123|e300|es1|b2;vae|MNIST|m12|s123|e300|es1|b2;vae|MNIST|m10|s123|e300|es1|b2;vae|MNIST|m8|s123|e300|es1|b2;vae|MNIST|m6|s123|e300|es1|b2;vae|MNIST|m4|s123|e300|es1|b2;vae|MNIST|m2|s123|e300|es1|b2,675.935403585434,207.46426463127136,883.3996682167053,684.2339741706849,False,0.029258442158601725,0.028695986377949612,False
MNIST,777,2.0,Full grid Q,2,0.15,0.25,,False,4,4,0,0,True,True,0.033932559577786195,12,64;2;4;6;8;10;12;16;20;24;32;48,vae|MNIST|m64|s777|e300|es1|b2;vae|MNIST|m2|s777|e300|es1|b2;vae|MNIST|m4|s777|e300|es1|b2;vae|MNIST|m6|s777|e300|es1|b2;vae|MNIST|m8|s777|e300|es1|b2;vae|MNIST|m10|s777|e300|es1|b2;vae|MNIST|m12|s777|e300|es1|b2;vae|MNIST|m16|s777|e300|es1|b2;vae|MNIST|m20|s777|e300|es1|b2;vae|MNIST|m24|s777|e300|es1|b2;vae|MNIST|m32|s777|e300|es1|b2;vae|MNIST|m48|s777|e300|es1|b2,861.2665030956268,0.0,861.2665030956268,861.2665030956268,False,0.028452262411312185,0.027894696501647536,False
MNIST,777,2.0,Ascending Q,2,0.15,0.25,,False,4,4,0,0,True,True,0.033932559577786195,3,64;2;4,vae|MNIST|m64|s777|e300|es1|b2;vae|MNIST|m2|s777|e300|es1|b2;vae|MNIST|m4|s777|e300|es1|b2,209.8121953010559,0.0,209.8121953010559,209.8121953010559,False,0.028452262411312185,0.027894696501647536,False
MNIST,777,2.0,Legacy window,2,0.15,0.25,True,False,4,4,0,0,True,True,0.033932559577786195,10,64;2;4;6;8;10;12;16;20;24,vae|MNIST|m64|s777|e300|es1|b2;vae|MNIST|m2|s777|e300|es1|b2;vae|MNIST|m4|s777|e300|es1|b2;vae|MNIST|m6|s777|e300|es1|b2;vae|MNIST|m8|s777|e300|es1|b2;vae|MNIST|m10|s777|e300|es1|b2;vae|MNIST|m12|s777|e300|es1|b2;vae|MNIST|m16|s777|e300|es1|b2;vae|MNIST|m20|s777|e300|es1|b2;vae|MNIST|m24|s777|e300|es1|b2,694.6581764221191,207.46426463127136,902.1224410533905,702.95674700737,False,0.028452262411312185,0.027894696501647536,False
MNIST,777,2.0,ID local,2,0.15,0.25,True,False,4,4,0,0,True,True,0.033932559577786195,10,64;24;20;16;12;10;8;6;4;2,vae|MNIST|m64|s777|e300|es1|b2;vae|MNIST|m24|s777|e300|es1|b2;vae|MNIST|m20|s777|e300|es1|b2;vae|MNIST|m16|s777|e300|es1|b2;vae|MNIST|m12|s777|e300|es1|b2;vae|MNIST|m10|s777|e300|es1|b2;vae|MNIST|m8|s777|e300|es1|b2;vae|MNIST|m6|s777|e300|es1|b2;vae|MNIST|m4|s777|e300|es1|b2;vae|MNIST|m2|s777|e300|es1|b2,694.6581764221191,207.46426463127136,902.1224410533905,702.95674700737,False,0.028452262411312185,0.027894696501647536,False
MNIST,777,2.0,Midpoint local,2,0.15,0.25,,False,4,4,0,0,True,True,0.033932559577786195,7,64;12;10;8;6;4;2,vae|MNIST|m64|s777|e300|es1|b2;vae|MNIST|m12|s777|e300|es1|b2;vae|MNIST|m10|s777|e300|es1|b2;vae|MNIST|m8|s777|e300|es1|b2;vae|MNIST|m6|s777|e300|es1|b2;vae|MNIST|m4|s777|e300|es1|b2;vae|MNIST|m2|s777|e300|es1|b2,459.0156362056732,0.0,459.0156362056732,459.0156362056732,False,0.028452262411312185,0.027894696501647536,False
MNIST,777,2.0,ID certified,2,0.15,0.25,True,False,4,4,0,0,True,True,0.033932559577786195,10,64;24;20;16;12;10;8;6;4;2,vae|MNIST|m64|s777|e300|es1|b2;vae|MNIST|m24|s777|e300|es1|b2;vae|MNIST|m20|s777|e300|es1|b2;vae|MNIST|m16|s777|e300|es1|b2;vae|MNIST|m12|s777|e300|es1|b2;vae|MNIST|m10|s777|e300|es1|b2;vae|MNIST|m8|s777|e300|es1|b2;vae|MNIST|m6|s777|e300|es1|b2;vae|MNIST|m4|s777|e300|es1|b2;vae|MNIST|m2|s777|e300|es1|b2,694.6581764221191,207.46426463127136,902.1224410533905,702.95674700737,False,0.028452262411312185,0.027894696501647536,False
MNIST,2024,2.0,Full grid Q,2,0.15,0.25,,False,4,4,0,0,True,True,0.03298336194096779,12,64;2;4;6;8;10;12;16;20;24;32;48,vae|MNIST|m64|s2024|e300|es1|b2;vae|MNIST|m2|s2024|e300|es1|b2;vae|MNIST|m4|s2024|e300|es1|b2;vae|MNIST|m6|s2024|e300|es1|b2;vae|MNIST|m8|s2024|e300|es1|b2;vae|MNIST|m10|s2024|e300|es1|b2;vae|MNIST|m12|s2024|e300|es1|b2;vae|MNIST|m16|s2024|e300|es1|b2;vae|MNIST|m20|s2024|e300|es1|b2;vae|MNIST|m24|s2024|e300|es1|b2;vae|MNIST|m32|s2024|e300|es1|b2;vae|MNIST|m48|s2024|e300|es1|b2,781.0528078079224,0.0,781.0528078079224,781.0528078079224,False,0.028419791085379464,0.027931905941087375,False
MNIST,2024,2.0,Ascending Q,2,0.15,0.25,,False,4,4,0,0,True,True,0.03298336194096779,3,64;2;4,vae|MNIST|m64|s2024|e300|es1|b2;vae|MNIST|m2|s2024|e300|es1|b2;vae|MNIST|m4|s2024|e300|es1|b2,159.9523274898529,0.0,159.9523274898529,159.9523274898529,False,0.028419791085379464,0.027931905941087375,False
MNIST,2024,2.0,Legacy window,2,0.15,0.25,True,False,4,4,0,0,True,True,0.03298336194096779,10,64;2;4;6;8;10;12;16;20;24,vae|MNIST|m64|s2024|e300|es1|b2;vae|MNIST|m2|s2024|e300|es1|b2;vae|MNIST|m4|s2024|e300|es1|b2;vae|MNIST|m6|s2024|e300|es1|b2;vae|MNIST|m8|s2024|e300|es1|b2;vae|MNIST|m10|s2024|e300|es1|b2;vae|MNIST|m12|s2024|e300|es1|b2;vae|MNIST|m16|s2024|e300|es1|b2;vae|MNIST|m20|s2024|e300|es1|b2;vae|MNIST|m24|s2024|e300|es1|b2,608.4030079841614,207.46426463127136,815.8672726154327,616.7015785694123,False,0.028419791085379464,0.027931905941087375,False
MNIST,2024,2.0,ID local,2,0.15,0.25,True,False,4,4,0,0,True,True,0.03298336194096779,10,64;24;20;16;12;10;8;6;4;2,vae|MNIST|m64|s2024|e300|es1|b2;vae|MNIST|m24|s2024|e300|es1|b2;vae|MNIST|m20|s2024|e300|es1|b2;vae|MNIST|m16|s2024|e300|es1|b2;vae|MNIST|m12|s2024|e300|es1|b2;vae|MNIST|m10|s2024|e300|es1|b2;vae|MNIST|m8|s2024|e300|es1|b2;vae|MNIST|m6|s2024|e300|es1|b2;vae|MNIST|m4|s2024|e300|es1|b2;vae|MNIST|m2|s2024|e300|es1|b2,608.4030079841614,207.46426463127136,815.8672726154327,616.7015785694123,False,0.028419791085379464,0.027931905941087375,False
MNIST,2024,2.0,Midpoint local,2,0.15,0.25,,False,4,4,0,0,True,True,0.03298336194096779,7,64;12;10;8;6;4;2,vae|MNIST|m64|s2024|e300|es1|b2;vae|MNIST|m12|s2024|e300|es1|b2;vae|MNIST|m10|s2024|e300|es1|b2;vae|MNIST|m8|s2024|e300|es1|b2;vae|MNIST|m6|s2024|e300|es1|b2;vae|MNIST|m4|s2024|e300|es1|b2;vae|MNIST|m2|s2024|e300|es1|b2,380.73290967941284,0.0,380.73290967941284,380.73290967941284,False,0.028419791085379464,0.027931905941087375,False
MNIST,2024,2.0,ID certified,2,0.15,0.25,True,False,4,4,0,0,True,True,0.03298336194096779,10,64;24;20;16;12;10;8;6;4;2,vae|MNIST|m64|s2024|e300|es1|b2;vae|MNIST|m24|s2024|e300|es1|b2;vae|MNIST|m20|s2024|e300|es1|b2;vae|MNIST|m16|s2024|e300|es1|b2;vae|MNIST|m12|s2024|e300|es1|b2;vae|MNIST|m10|s2024|e300|es1|b2;vae|MNIST|m8|s2024|e300|es1|b2;vae|MNIST|m6|s2024|e300|es1|b2;vae|MNIST|m4|s2024|e300|es1|b2;vae|MNIST|m2|s2024|e300|es1|b2,608.4030079841614,207.46426463127136,815.8672726154327,616.7015785694123,False,0.028419791085379464,0.027931905941087375,False
MNIST,31337,2.0,Full grid Q,2,0.15,0.25,,False,4,4,0,0,True,True,0.03277397971639828,12,64;2;4;6;8;10;12;16;20;24;32;48,vae|MNIST|m64|s31337|e300|es1|b2;vae|MNIST|m2|s31337|e300|es1|b2;vae|MNIST|m4|s31337|e300|es1|b2;vae|MNIST|m6|s31337|e300|es1|b2;vae|MNIST|m8|s31337|e300|es1|b2;vae|MNIST|m10|s31337|e300|es1|b2;vae|MNIST|m12|s31337|e300|es1|b2;vae|MNIST|m16|s31337|e300|es1|b2;vae|MNIST|m20|s31337|e300|es1|b2;vae|MNIST|m24|s31337|e300|es1|b2;vae|MNIST|m32|s31337|e300|es1|b2;vae|MNIST|m48|s31337|e300|es1|b2,864.3758680820465,0.0,864.3758680820465,864.3758680820465,False,0.029752575932716838,0.028886816738414117,False
MNIST,31337,2.0,Ascending Q,2,0.15,0.25,,False,4,4,0,0,True,True,0.03277397971639828,3,64;2;4,vae|MNIST|m64|s31337|e300|es1|b2;vae|MNIST|m2|s31337|e300|es1|b2;vae|MNIST|m4|s31337|e300|es1|b2,195.54220485687256,0.0,195.54220485687256,195.54220485687256,False,0.029752575932716838,0.028886816738414117,False
MNIST,31337,2.0,Legacy window,2,0.15,0.25,True,False,4,4,0,0,True,True,0.03277397971639828,10,64;2;4;6;8;10;12;16;20;24,vae|MNIST|m64|s31337|e300|es1|b2;vae|MNIST|m2|s31337|e300|es1|b2;vae|MNIST|m4|s31337|e300|es1|b2;vae|MNIST|m6|s31337|e300|es1|b2;vae|MNIST|m8|s31337|e300|es1|b2;vae|MNIST|m10|s31337|e300|es1|b2;vae|MNIST|m12|s31337|e300|es1|b2;vae|MNIST|m16|s31337|e300|es1|b2;vae|MNIST|m20|s31337|e300|es1|b2;vae|MNIST|m24|s31337|e300|es1|b2,716.072291135788,207.46426463127136,923.5365557670593,724.3708617210389,False,0.029752575932716838,0.028886816738414117,False
MNIST,31337,2.0,ID local,2,0.15,0.25,True,False,4,4,0,0,True,True,0.03277397971639828,10,64;24;20;16;12;10;8;6;4;2,vae|MNIST|m64|s31337|e300|es1|b2;vae|MNIST|m24|s31337|e300|es1|b2;vae|MNIST|m20|s31337|e300|es1|b2;vae|MNIST|m16|s31337|e300|es1|b2;vae|MNIST|m12|s31337|e300|es1|b2;vae|MNIST|m10|s31337|e300|es1|b2;vae|MNIST|m8|s31337|e300|es1|b2;vae|MNIST|m6|s31337|e300|es1|b2;vae|MNIST|m4|s31337|e300|es1|b2;vae|MNIST|m2|s31337|e300|es1|b2,716.072291135788,207.46426463127136,923.5365557670593,724.3708617210389,False,0.029752575932716838,0.028886816738414117,False
MNIST,31337,2.0,Midpoint local,2,0.15,0.25,,False,4,4,0,0,True,True,0.03277397971639828,7,64;12;10;8;6;4;2,vae|MNIST|m64|s31337|e300|es1|b2;vae|MNIST|m12|s31337|e300|es1|b2;vae|MNIST|m10|s31337|e300|es1|b2;vae|MNIST|m8|s31337|e300|es1|b2;vae|MNIST|m6|s31337|e300|es1|b2;vae|MNIST|m4|s31337|e300|es1|b2;vae|MNIST|m2|s31337|e300|es1|b2,474.93692445755005,0.0,474.93692445755005,474.93692445755005,False,0.029752575932716838,0.028886816738414117,False
MNIST,31337,2.0,ID certified,2,0.15,0.25,True,False,4,4,0,0,True,True,0.03277397971639828,10,64;24;20;16;12;10;8;6;4;2,vae|MNIST|m64|s31337|e300|es1|b2;vae|MNIST|m24|s31337|e300|es1|b2;vae|MNIST|m20|s31337|e300|es1|b2;vae|MNIST|m16|s31337|e300|es1|b2;vae|MNIST|m12|s31337|e300|es1|b2;vae|MNIST|m10|s31337|e300|es1|b2;vae|MNIST|m8|s31337|e300|es1|b2;vae|MNIST|m6|s31337|e300|es1|b2;vae|MNIST|m4|s31337|e300|es1|b2;vae|MNIST|m2|s31337|e300|es1|b2,716.072291135788,207.46426463127136,923.5365557670593,724.3708617210389,False,0.029752575932716838,0.028886816738414117,False
MNIST,42,4.0,Full grid Q,2,0.15,0.25,,False,4,4,0,0,True,True,0.04315267570651307,12,64;2;4;6;8;10;12;16;20;24;32;48,vae|MNIST|m64|s42|e300|es1|b4;vae|MNIST|m2|s42|e300|es1|b4;vae|MNIST|m4|s42|e300|es1|b4;vae|MNIST|m6|s42|e300|es1|b4;vae|MNIST|m8|s42|e300|es1|b4;vae|MNIST|m10|s42|e300|es1|b4;vae|MNIST|m12|s42|e300|es1|b4;vae|MNIST|m16|s42|e300|es1|b4;vae|MNIST|m20|s42|e300|es1|b4;vae|MNIST|m24|s42|e300|es1|b4;vae|MNIST|m32|s42|e300|es1|b4;vae|MNIST|m48|s42|e300|es1|b4,914.701578617096,0.0,914.701578617096,914.701578617096,False,0.03709009536431761,0.0364254831327062,False
MNIST,42,4.0,Ascending Q,2,0.15,0.25,,False,4,4,0,0,True,True,0.04315267570651307,3,64;2;4,vae|MNIST|m64|s42|e300|es1|b4;vae|MNIST|m2|s42|e300|es1|b4;vae|MNIST|m4|s42|e300|es1|b4,260.6898682117462,0.0,260.6898682117462,260.6898682117462,False,0.03709009536431761,0.0364254831327062,False
MNIST,42,4.0,Legacy window,2,0.15,0.25,True,False,4,4,0,0,True,True,0.04315267570651307,10,64;2;4;6;8;10;12;16;20;24,vae|MNIST|m64|s42|e300|es1|b4;vae|MNIST|m2|s42|e300|es1|b4;vae|MNIST|m4|s42|e300|es1|b4;vae|MNIST|m6|s42|e300|es1|b4;vae|MNIST|m8|s42|e300|es1|b4;vae|MNIST|m10|s42|e300|es1|b4;vae|MNIST|m12|s42|e300|es1|b4;vae|MNIST|m16|s42|e300|es1|b4;vae|MNIST|m20|s42|e300|es1|b4;vae|MNIST|m24|s42|e300|es1|b4,783.1500780582428,207.46426463127136,990.6143426895142,791.4486486434937,False,0.03709009536431761,0.0364254831327062,False
MNIST,42,4.0,ID local,2,0.15,0.25,True,False,4,4,0,0,True,True,0.04315267570651307,10,64;24;20;16;12;10;8;6;4;2,vae|MNIST|m64|s42|e300|es1|b4;vae|MNIST|m24|s42|e300|es1|b4;vae|MNIST|m20|s42|e300|es1|b4;vae|MNIST|m16|s42|e300|es1|b4;vae|MNIST|m12|s42|e300|es1|b4;vae|MNIST|m10|s42|e300|es1|b4;vae|MNIST|m8|s42|e300|es1|b4;vae|MNIST|m6|s42|e300|es1|b4;vae|MNIST|m4|s42|e300|es1|b4;vae|MNIST|m2|s42|e300|es1|b4,783.1500780582428,207.46426463127136,990.6143426895142,791.4486486434937,False,0.03709009536431761,0.0364254831327062,False
MNIST,42,4.0,Midpoint local,2,0.15,0.25,,False,4,4,0,0,True,True,0.04315267570651307,7,64;12;10;8;6;4;2,vae|MNIST|m64|s42|e300|es1|b4;vae|MNIST|m12|s42|e300|es1|b4;vae|MNIST|m10|s42|e300|es1|b4;vae|MNIST|m8|s42|e300|es1|b4;vae|MNIST|m6|s42|e300|es1|b4;vae|MNIST|m4|s42|e300|es1|b4;vae|MNIST|m2|s42|e300|es1|b4,553.7229559421539,0.0,553.7229559421539,553.7229559421539,False,0.03709009536431761,0.0364254831327062,False
MNIST,42,4.0,ID certified,2,0.15,0.25,True,False,4,4,0,0,True,True,0.04315267570651307,10,64;24;20;16;12;10;8;6;4;2,vae|MNIST|m64|s42|e300|es1|b4;vae|MNIST|m24|s42|e300|es1|b4;vae|MNIST|m20|s42|e300|es1|b4;vae|MNIST|m16|s42|e300|es1|b4;vae|MNIST|m12|s42|e300|es1|b4;vae|MNIST|m10|s42|e300|es1|b4;vae|MNIST|m8|s42|e300|es1|b4;vae|MNIST|m6|s42|e300|es1|b4;vae|MNIST|m4|s42|e300|es1|b4;vae|MNIST|m2|s42|e300|es1|b4,783.1500780582428,207.46426463127136,990.6143426895142,791.4486486434937,False,0.03709009536431761,0.0364254831327062,False
MNIST,123,4.0,Full grid Q,2,0.15,0.25,,False,4,4,0,0,True,True,0.04206413107112963,12,64;2;4;6;8;10;12;16;20;24;32;48,vae|MNIST|m64|s123|e300|es1|b4;vae|MNIST|m2|s123|e300|es1|b4;vae|MNIST|m4|s123|e300|es1|b4;vae|MNIST|m6|s123|e300|es1|b4;vae|MNIST|m8|s123|e300|es1|b4;vae|MNIST|m10|s123|e300|es1|b4;vae|MNIST|m12|s123|e300|es1|b4;vae|MNIST|m16|s123|e300|es1|b4;vae|MNIST|m20|s123|e300|es1|b4;vae|MNIST|m24|s123|e300|es1|b4;vae|MNIST|m32|s123|e300|es1|b4;vae|MNIST|m48|s123|e300|es1|b4,955.8977336883545,0.0,955.8977336883545,955.8977336883545,False,0.03801988874162947,0.03738835922552615,False
MNIST,123,4.0,Ascending Q,2,0.15,0.25,,False,4,4,0,0,True,True,0.04206413107112963,3,64;2;4,vae|MNIST|m64|s123|e300|es1|b4;vae|MNIST|m2|s123|e300|es1|b4;vae|MNIST|m4|s123|e300|es1|b4,267.9412052631378,0.0,267.9412052631378,267.9412052631378,False,0.03801988874162947,0.03738835922552615,False
MNIST,123,4.0,Legacy window,2,0.15,0.25,True,False,4,4,0,0,True,True,0.04206413107112963,10,64;2;4;6;8;10;12;16;20;24,vae|MNIST|m64|s123|e300|es1|b4;vae|MNIST|m2|s123|e300|es1|b4;vae|MNIST|m4|s123|e300|es1|b4;vae|MNIST|m6|s123|e300|es1|b4;vae|MNIST|m8|s123|e300|es1|b4;vae|MNIST|m10|s123|e300|es1|b4;vae|MNIST|m12|s123|e300|es1|b4;vae|MNIST|m16|s123|e300|es1|b4;vae|MNIST|m20|s123|e300|es1|b4;vae|MNIST|m24|s123|e300|es1|b4,793.55420088768,207.46426463127136,1001.0184655189514,801.852771472931,False,0.03801988874162947,0.03738835922552615,False
MNIST,123,4.0,ID local,2,0.15,0.25,True,False,4,4,0,0,True,True,0.04206413107112963,10,64;24;20;16;12;10;8;6;4;2,vae|MNIST|m64|s123|e300|es1|b4;vae|MNIST|m24|s123|e300|es1|b4;vae|MNIST|m20|s123|e300|es1|b4;vae|MNIST|m16|s123|e300|es1|b4;vae|MNIST|m12|s123|e300|es1|b4;vae|MNIST|m10|s123|e300|es1|b4;vae|MNIST|m8|s123|e300|es1|b4;vae|MNIST|m6|s123|e300|es1|b4;vae|MNIST|m4|s123|e300|es1|b4;vae|MNIST|m2|s123|e300|es1|b4,793.55420088768,207.46426463127136,1001.0184655189514,801.852771472931,False,0.03801988874162947,0.03738835922552615,False
MNIST,123,4.0,Midpoint local,2,0.15,0.25,,False,4,4,0,0,True,True,0.04206413107112963,7,64;12;10;8;6;4;2,vae|MNIST|m64|s123|e300|es1|b4;vae|MNIST|m12|s123|e300|es1|b4;vae|MNIST|m10|s123|e300|es1|b4;vae|MNIST|m8|s123|e300|es1|b4;vae|MNIST|m6|s123|e300|es1|b4;vae|MNIST|m4|s123|e300|es1|b4;vae|MNIST|m2|s123|e300|es1|b4,548.1835918426514,0.0,548.1835918426514,548.1835918426514,False,0.03801988874162947,0.03738835922552615,False
MNIST,123,4.0,ID certified,2,0.15,0.25,True,False,4,4,0,0,True,True,0.04206413107112963,10,64;24;20;16;12;10;8;6;4;2,vae|MNIST|m64|s123|e300|es1|b4;vae|MNIST|m24|s123|e300|es1|b4;vae|MNIST|m20|s123|e300|es1|b4;vae|MNIST|m16|s123|e300|es1|b4;vae|MNIST|m12|s123|e300|es1|b4;vae|MNIST|m10|s123|e300|es1|b4;vae|MNIST|m8|s123|e300|es1|b4;vae|MNIST|m6|s123|e300|es1|b4;vae|MNIST|m4|s123|e300|es1|b4;vae|MNIST|m2|s123|e300|es1|b4,793.55420088768,207.46426463127136,1001.0184655189514,801.852771472931,False,0.03801988874162947,0.03738835922552615,False
MNIST,777,4.0,Full grid Q,2,0.15,0.25,,False,4,4,0,0,True,True,0.042120848176917254,12,64;2;4;6;8;10;12;16;20;24;32;48,vae|MNIST|m64|s777|e300|es1|b4;vae|MNIST|m2|s777|e300|es1|b4;vae|MNIST|m4|s777|e300|es1|b4;vae|MNIST|m6|s777|e300|es1|b4;vae|MNIST|m8|s777|e300|es1|b4;vae|MNIST|m10|s777|e300|es1|b4;vae|MNIST|m12|s777|e300|es1|b4;vae|MNIST|m16|s777|e300|es1|b4;vae|MNIST|m20|s777|e300|es1|b4;vae|MNIST|m24|s777|e300|es1|b4;vae|MNIST|m32|s777|e300|es1|b4;vae|MNIST|m48|s777|e300|es1|b4,1010.3669619560242,0.0,1010.3669619560242,1010.3669619560242,False,0.04049683613679846,0.04020805223945047,False
MNIST,777,4.0,Ascending Q,2,0.15,0.25,,False,4,4,0,0,True,True,0.042120848176917254,3,64;2;4,vae|MNIST|m64|s777|e300|es1|b4;vae|MNIST|m2|s777|e300|es1|b4;vae|MNIST|m4|s777|e300|es1|b4,282.02865743637085,0.0,282.02865743637085,282.02865743637085,False,0.04049683613679846,0.04020805223945047,False
MNIST,777,4.0,Legacy window,2,0.15,0.25,True,False,4,4,0,0,True,True,0.042120848176917254,10,64;2;4;6;8;10;12;16;20;24,vae|MNIST|m64|s777|e300|es1|b4;vae|MNIST|m2|s777|e300|es1|b4;vae|MNIST|m4|s777|e300|es1|b4;vae|MNIST|m6|s777|e300|es1|b4;vae|MNIST|m8|s777|e300|es1|b4;vae|MNIST|m10|s777|e300|es1|b4;vae|MNIST|m12|s777|e300|es1|b4;vae|MNIST|m16|s777|e300|es1|b4;vae|MNIST|m20|s777|e300|es1|b4;vae|MNIST|m24|s777|e300|es1|b4,819.5794363021851,207.46426463127136,1027.0437009334564,827.878006887436,False,0.04049683613679846,0.04020805223945047,False
MNIST,777,4.0,ID local,2,0.15,0.25,True,False,4,4,0,0,True,True,0.042120848176917254,10,64;24;20;16;12;10;8;6;4;2,vae|MNIST|m64|s777|e300|es1|b4;vae|MNIST|m24|s777|e300|es1|b4;vae|MNIST|m20|s777|e300|es1|b4;vae|MNIST|m16|s777|e300|es1|b4;vae|MNIST|m12|s777|e300|es1|b4;vae|MNIST|m10|s777|e300|es1|b4;vae|MNIST|m8|s777|e300|es1|b4;vae|MNIST|m6|s777|e300|es1|b4;vae|MNIST|m4|s777|e300|es1|b4;vae|MNIST|m2|s777|e300|es1|b4,819.5794363021851,207.46426463127136,1027.0437009334564,827.878006887436,False,0.04049683613679846,0.04020805223945047,False
MNIST,777,4.0,Midpoint local,2,0.15,0.25,,False,4,4,0,0,True,True,0.042120848176917254,7,64;12;10;8;6;4;2,vae|MNIST|m64|s777|e300|es1|b4;vae|MNIST|m12|s777|e300|es1|b4;vae|MNIST|m10|s777|e300|es1|b4;vae|MNIST|m8|s777|e300|es1|b4;vae|MNIST|m6|s777|e300|es1|b4;vae|MNIST|m4|s777|e300|es1|b4;vae|MNIST|m2|s777|e300|es1|b4,614.1566832065582,0.0,614.1566832065582,614.1566832065582,False,0.04049683613679846,0.04020805223945047,False
MNIST,777,4.0,ID certified,2,0.15,0.25,True,False,4,4,0,0,True,True,0.042120848176917254,10,64;24;20;16;12;10;8;6;4;2,vae|MNIST|m64|s777|e300|es1|b4;vae|MNIST|m24|s777|e300|es1|b4;vae|MNIST|m20|s777|e300|es1|b4;vae|MNIST|m16|s777|e300|es1|b4;vae|MNIST|m12|s777|e300|es1|b4;vae|MNIST|m10|s777|e300|es1|b4;vae|MNIST|m8|s777|e300|es1|b4;vae|MNIST|m6|s777|e300|es1|b4;vae|MNIST|m4|s777|e300|es1|b4;vae|MNIST|m2|s777|e300|es1|b4,819.5794363021851,207.46426463127136,1027.0437009334564,827.878006887436,False,0.04049683613679846,0.04020805223945047,False
MNIST,2024,4.0,Full grid Q,2,0.15,0.25,,False,2,2,0,0,True,True,0.04334171354332749,12,64;2;4;6;8;10;12;16;20;24;32;48,vae|MNIST|m64|s2024|e300|es1|b4;vae|MNIST|m2|s2024|e300|es1|b4;vae|MNIST|m4|s2024|e300|es1|b4;vae|MNIST|m6|s2024|e300|es1|b4;vae|MNIST|m8|s2024|e300|es1|b4;vae|MNIST|m10|s2024|e300|es1|b4;vae|MNIST|m12|s2024|e300|es1|b4;vae|MNIST|m16|s2024|e300|es1|b4;vae|MNIST|m20|s2024|e300|es1|b4;vae|MNIST|m24|s2024|e300|es1|b4;vae|MNIST|m32|s2024|e300|es1|b4;vae|MNIST|m48|s2024|e300|es1|b4,966.2723009586334,0.0,966.2723009586334,966.2723009586334,False,0.040719702272999043,0.040322275589923476,False
MNIST,2024,4.0,Ascending Q,2,0.15,0.25,,False,2,2,0,0,True,True,0.04334171354332749,2,64;2,vae|MNIST|m64|s2024|e300|es1|b4;vae|MNIST|m2|s2024|e300|es1|b4,187.38098168373108,0.0,187.38098168373108,187.38098168373108,False,0.040719702272999043,0.040322275589923476,False
MNIST,2024,4.0,Legacy window,2,0.15,0.25,True,False,2,2,0,0,True,True,0.04334171354332749,10,64;2;4;6;8;10;12;16;20;24,vae|MNIST|m64|s2024|e300|es1|b4;vae|MNIST|m2|s2024|e300|es1|b4;vae|MNIST|m4|s2024|e300|es1|b4;vae|MNIST|m6|s2024|e300|es1|b4;vae|MNIST|m8|s2024|e300|es1|b4;vae|MNIST|m10|s2024|e300|es1|b4;vae|MNIST|m12|s2024|e300|es1|b4;vae|MNIST|m16|s2024|e300|es1|b4;vae|MNIST|m20|s2024|e300|es1|b4;vae|MNIST|m24|s2024|e300|es1|b4,825.4185733795166,207.46426463127136,1032.882838010788,833.7171439647675,False,0.040719702272999043,0.040322275589923476,False
MNIST,2024,4.0,ID local,2,0.15,0.25,True,False,2,2,0,0,True,True,0.04334171354332749,10,64;24;20;16;12;10;8;6;4;2,vae|MNIST|m64|s2024|e300|es1|b4;vae|MNIST|m24|s2024|e300|es1|b4;vae|MNIST|m20|s2024|e300|es1|b4;vae|MNIST|m16|s2024|e300|es1|b4;vae|MNIST|m12|s2024|e300|es1|b4;vae|MNIST|m10|s2024|e300|es1|b4;vae|MNIST|m8|s2024|e300|es1|b4;vae|MNIST|m6|s2024|e300|es1|b4;vae|MNIST|m4|s2024|e300|es1|b4;vae|MNIST|m2|s2024|e300|es1|b4,825.4185733795166,207.46426463127136,1032.882838010788,833.7171439647675,False,0.040719702272999043,0.040322275589923476,False
MNIST,2024,4.0,Midpoint local,2,0.15,0.25,,False,2,2,0,0,True,True,0.04334171354332749,7,64;12;10;8;6;4;2,vae|MNIST|m64|s2024|e300|es1|b4;vae|MNIST|m12|s2024|e300|es1|b4;vae|MNIST|m10|s2024|e300|es1|b4;vae|MNIST|m8|s2024|e300|es1|b4;vae|MNIST|m6|s2024|e300|es1|b4;vae|MNIST|m4|s2024|e300|es1|b4;vae|MNIST|m2|s2024|e300|es1|b4,603.6983885765076,0.0,603.6983885765076,603.6983885765076,False,0.040719702272999043,0.040322275589923476,False
MNIST,2024,4.0,ID certified,2,0.15,0.25,True,False,2,2,0,0,True,True,0.04334171354332749,10,64;24;20;16;12;10;8;6;4;2,vae|MNIST|m64|s2024|e300|es1|b4;vae|MNIST|m24|s2024|e300|es1|b4;vae|MNIST|m20|s2024|e300|es1|b4;vae|MNIST|m16|s2024|e300|es1|b4;vae|MNIST|m12|s2024|e300|es1|b4;vae|MNIST|m10|s2024|e300|es1|b4;vae|MNIST|m8|s2024|e300|es1|b4;vae|MNIST|m6|s2024|e300|es1|b4;vae|MNIST|m4|s2024|e300|es1|b4;vae|MNIST|m2|s2024|e300|es1|b4,825.4185733795166,207.46426463127136,1032.882838010788,833.7171439647675,False,0.040719702272999043,0.040322275589923476,False
MNIST,31337,4.0,Full grid Q,2,0.15,0.25,,False,4,4,0,0,True,True,0.04369391205456793,12,64;2;4;6;8;10;12;16;20;24;32;48,vae|MNIST|m64|s31337|e300|es1|b4;vae|MNIST|m2|s31337|e300|es1|b4;vae|MNIST|m4|s31337|e300|es1|b4;vae|MNIST|m6|s31337|e300|es1|b4;vae|MNIST|m8|s31337|e300|es1|b4;vae|MNIST|m10|s31337|e300|es1|b4;vae|MNIST|m12|s31337|e300|es1|b4;vae|MNIST|m16|s31337|e300|es1|b4;vae|MNIST|m20|s31337|e300|es1|b4;vae|MNIST|m24|s31337|e300|es1|b4;vae|MNIST|m32|s31337|e300|es1|b4;vae|MNIST|m48|s31337|e300|es1|b4,998.4057836532593,0.0,998.4057836532593,998.4057836532593,False,0.03680811169682717,0.03626395587531887,False
MNIST,31337,4.0,Ascending Q,2,0.15,0.25,,False,4,4,0,0,True,True,0.04369391205456793,3,64;2;4,vae|MNIST|m64|s31337|e300|es1|b4;vae|MNIST|m2|s31337|e300|es1|b4;vae|MNIST|m4|s31337|e300|es1|b4,258.0441880226135,0.0,258.0441880226135,258.0441880226135,False,0.03680811169682717,0.03626395587531887,False
MNIST,31337,4.0,Legacy window,2,0.15,0.25,True,False,4,4,0,0,True,True,0.04369391205456793,10,64;2;4;6;8;10;12;16;20;24,vae|MNIST|m64|s31337|e300|es1|b4;vae|MNIST|m2|s31337|e300|es1|b4;vae|MNIST|m4|s31337|e300|es1|b4;vae|MNIST|m6|s31337|e300|es1|b4;vae|MNIST|m8|s31337|e300|es1|b4;vae|MNIST|m10|s31337|e300|es1|b4;vae|MNIST|m12|s31337|e300|es1|b4;vae|MNIST|m16|s31337|e300|es1|b4;vae|MNIST|m20|s31337|e300|es1|b4;vae|MNIST|m24|s31337|e300|es1|b4,862.2171750068665,207.46426463127136,1069.6814396381378,870.5157455921174,False,0.03680811169682717,0.03626395587531887,False
MNIST,31337,4.0,ID local,2,0.15,0.25,True,False,4,4,0,0,True,True,0.04369391205456793,10,64;24;20;16;12;10;8;6;4;2,vae|MNIST|m64|s31337|e300|es1|b4;vae|MNIST|m24|s31337|e300|es1|b4;vae|MNIST|m20|s31337|e300|es1|b4;vae|MNIST|m16|s31337|e300|es1|b4;vae|MNIST|m12|s31337|e300|es1|b4;vae|MNIST|m10|s31337|e300|es1|b4;vae|MNIST|m8|s31337|e300|es1|b4;vae|MNIST|m6|s31337|e300|es1|b4;vae|MNIST|m4|s31337|e300|es1|b4;vae|MNIST|m2|s31337|e300|es1|b4,862.2171750068665,207.46426463127136,1069.6814396381378,870.5157455921174,False,0.03680811169682717,0.03626395587531887,False
MNIST,31337,4.0,Midpoint local,2,0.15,0.25,,False,4,4,0,0,True,True,0.04369391205456793,7,64;12;10;8;6;4;2,vae|MNIST|m64|s31337|e300|es1|b4;vae|MNIST|m12|s31337|e300|es1|b4;vae|MNIST|m10|s31337|e300|es1|b4;vae|MNIST|m8|s31337|e300|es1|b4;vae|MNIST|m6|s31337|e300|es1|b4;vae|MNIST|m4|s31337|e300|es1|b4;vae|MNIST|m2|s31337|e300|es1|b4,598.326803445816,0.0,598.326803445816,598.326803445816,False,0.03680811169682717,0.03626395587531887,False
MNIST,31337,4.0,ID certified,2,0.15,0.25,True,False,4,4,0,0,True,True,0.04369391205456793,10,64;24;20;16;12;10;8;6;4;2,vae|MNIST|m64|s31337|e300|es1|b4;vae|MNIST|m24|s31337|e300|es1|b4;vae|MNIST|m20|s31337|e300|es1|b4;vae|MNIST|m16|s31337|e300|es1|b4;vae|MNIST|m12|s31337|e300|es1|b4;vae|MNIST|m10|s31337|e300|es1|b4;vae|MNIST|m8|s31337|e300|es1|b4;vae|MNIST|m6|s31337|e300|es1|b4;vae|MNIST|m4|s31337|e300|es1|b4;vae|MNIST|m2|s31337|e300|es1|b4,862.2171750068665,207.46426463127136,1069.6814396381378,870.5157455921174,False,0.03680811169682717,0.03626395587531887,False
FashionMNIST,42,0.25,Full grid Q,2,0.15,0.25,,False,6,6,0,0,True,True,0.018325794391242826,12,64;2;4;6;8;10;12;16;20;24;32;48,vae|FashionMNIST|m64|s42|e300|es1|b0.25;vae|FashionMNIST|m2|s42|e300|es1|b0.25;vae|FashionMNIST|m4|s42|e300|es1|b0.25;vae|FashionMNIST|m6|s42|e300|es1|b0.25;vae|FashionMNIST|m8|s42|e300|es1|b0.25;vae|FashionMNIST|m10|s42|e300|es1|b0.25;vae|FashionMNIST|m12|s42|e300|es1|b0.25;vae|FashionMNIST|m16|s42|e300|es1|b0.25;vae|FashionMNIST|m20|s42|e300|es1|b0.25;vae|FashionMNIST|m24|s42|e300|es1|b0.25;vae|FashionMNIST|m32|s42|e300|es1|b0.25;vae|FashionMNIST|m48|s42|e300|es1|b0.25,339.679128408432,0.0,339.679128408432,339.679128408432,False,0.01589170993104273,0.01573723534824086,False
FashionMNIST,42,0.25,Ascending Q,2,0.15,0.25,,False,6,6,0,0,True,True,0.018325794391242826,4,64;2;4;6,vae|FashionMNIST|m64|s42|e300|es1|b0.25;vae|FashionMNIST|m2|s42|e300|es1|b0.25;vae|FashionMNIST|m4|s42|e300|es1|b0.25;vae|FashionMNIST|m6|s42|e300|es1|b0.25,107.42989921569824,0.0,107.42989921569824,107.42989921569824,False,0.01589170993104273,0.01573723534824086,False
FashionMNIST,42,0.25,Legacy window,2,0.15,0.25,False,True,10,6,4,2,False,True,0.018325794391242826,4,64;2;4;10,vae|FashionMNIST|m64|s42|e300|es1|b0.25;vae|FashionMNIST|m2|s42|e300|es1|b0.25;vae|FashionMNIST|m4|s42|e300|es1|b0.25;vae|FashionMNIST|m10|s42|e300|es1|b0.25,109.62850546836853,207.12160634994507,316.7501118183136,117.91336972236633,False,0.015153926304408483,0.01485738201530612,False
FashionMNIST,42,0.25,ID local,2,0.15,0.25,False,True,6,6,0,0,True,True,0.018325794391242826,4,64;2;4;6,vae|FashionMNIST|m64|s42|e300|es1|b0.25;vae|FashionMNIST|m2|s42|e300|es1|b0.25;vae|FashionMNIST|m4|s42|e300|es1|b0.25;vae|FashionMNIST|m6|s42|e300|es1|b0.25,107.42989921569824,207.12160634994507,314.5515055656433,115.71476346969604,False,0.01589170993104273,0.01573723534824086,False
FashionMNIST,42,0.25,Midpoint local,2,0.15,0.25,,False,6,6,0,0,True,True,0.018325794391242826,6,64;12;10;8;6;4,vae|FashionMNIST|m64|s42|e300|es1|b0.25;vae|FashionMNIST|m12|s42|e300|es1|b0.25;vae|FashionMNIST|m10|s42|e300|es1|b0.25;vae|FashionMNIST|m8|s42|e300|es1|b0.25;vae|FashionMNIST|m6|s42|e300|es1|b0.25;vae|FashionMNIST|m4|s42|e300|es1|b0.25,178.6750407218933,0.0,178.6750407218933,178.6750407218933,False,0.01589170993104273,0.01573723534824086,False
FashionMNIST,42,0.25,ID certified,2,0.15,0.25,False,True,6,6,0,0,True,True,0.018325794391242826,4,64;2;4;6,vae|FashionMNIST|m64|s42|e300|es1|b0.25;vae|FashionMNIST|m2|s42|e300|es1|b0.25;vae|FashionMNIST|m4|s42|e300|es1|b0.25;vae|FashionMNIST|m6|s42|e300|es1|b0.25,107.42989921569824,207.12160634994507,314.5515055656433,115.71476346969604,False,0.01589170993104273,0.01573723534824086,False
FashionMNIST,123,0.25,Full grid Q,2,0.15,0.25,,False,6,6,0,0,True,True,0.016958804445850607,12,64;2;4;6;8;10;12;16;20;24;32;48,vae|FashionMNIST|m64|s123|e300|es1|b0.25;vae|FashionMNIST|m2|s123|e300|es1|b0.25;vae|FashionMNIST|m4|s123|e300|es1|b0.25;vae|FashionMNIST|m6|s123|e300|es1|b0.25;vae|FashionMNIST|m8|s123|e300|es1|b0.25;vae|FashionMNIST|m10|s123|e300|es1|b0.25;vae|FashionMNIST|m12|s123|e300|es1|b0.25;vae|FashionMNIST|m16|s123|e300|es1|b0.25;vae|FashionMNIST|m20|s123|e300|es1|b0.25;vae|FashionMNIST|m24|s123|e300|es1|b0.25;vae|FashionMNIST|m32|s123|e300|es1|b0.25;vae|FashionMNIST|m48|s123|e300|es1|b0.25,314.9396662712097,0.0,314.9396662712097,314.9396662712097,False,0.01651782008579799,0.016278564453125,False
FashionMNIST,123,0.25,Ascending Q,2,0.15,0.25,,False,6,6,0,0,True,True,0.016958804445850607,4,64;2;4;6,vae|FashionMNIST|m64|s123|e300|es1|b0.25;vae|FashionMNIST|m2|s123|e300|es1|b0.25;vae|FashionMNIST|m4|s123|e300|es1|b0.25;vae|FashionMNIST|m6|s123|e300|es1|b0.25,97.72594404220581,0.0,97.72594404220581,97.72594404220581,False,0.01651782008579799,0.016278564453125,False
FashionMNIST,123,0.25,Legacy window,2,0.15,0.25,False,True,64,6,58,9,False,True,0.016958804445850607,4,64;2;4;10,vae|FashionMNIST|m64|s123|e300|es1|b0.25;vae|FashionMNIST|m2|s123|e300|es1|b0.25;vae|FashionMNIST|m4|s123|e300|es1|b0.25;vae|FashionMNIST|m10|s123|e300|es1|b0.25,88.36187529563904,207.12160634994507,295.4834816455841,96.64673954963683,False,0.015417094950773277,0.015223048203656461,False
FashionMNIST,123,0.25,ID local,2,0.15,0.25,False,True,6,6,0,0,True,True,0.016958804445850607,4,64;2;4;6,vae|FashionMNIST|m64|s123|e300|es1|b0.25;vae|FashionMNIST|m2|s123|e300|es1|b0.25;vae|FashionMNIST|m4|s123|e300|es1|b0.25;vae|FashionMNIST|m6|s123|e300|es1|b0.25,97.72594404220581,207.12160634994507,304.8475503921509,106.0108082962036,False,0.01651782008579799,0.016278564453125,False
FashionMNIST,123,0.25,Midpoint local,2,0.15,0.25,,False,6,6,0,0,True,True,0.016958804445850607,6,64;12;10;8;6;4,vae|FashionMNIST|m64|s123|e300|es1|b0.25;vae|FashionMNIST|m12|s123|e300|es1|b0.25;vae|FashionMNIST|m10|s123|e300|es1|b0.25;vae|FashionMNIST|m8|s123|e300|es1|b0.25;vae|FashionMNIST|m6|s123|e300|es1|b0.25;vae|FashionMNIST|m4|s123|e300|es1|b0.25,146.65833282470703,0.0,146.65833282470703,146.65833282470703,False,0.01651782008579799,0.016278564453125,False
FashionMNIST,123,0.25,ID certified,2,0.15,0.25,False,True,6,6,0,0,True,True,0.016958804445850607,4,64;2;4;6,vae|FashionMNIST|m64|s123|e300|es1|b0.25;vae|FashionMNIST|m2|s123|e300|es1|b0.25;vae|FashionMNIST|m4|s123|e300|es1|b0.25;vae|FashionMNIST|m6|s123|e300|es1|b0.25,97.72594404220581,207.12160634994507,304.8475503921509,106.0108082962036,False,0.01651782008579799,0.016278564453125,False
FashionMNIST,777,0.25,Full grid Q,2,0.15,0.25,,False,6,6,0,0,True,True,0.017362450704769213,12,64;2;4;6;8;10;12;16;20;24;32;48,vae|FashionMNIST|m64|s777|e300|es1|b0.25;vae|FashionMNIST|m2|s777|e300|es1|b0.25;vae|FashionMNIST|m4|s777|e300|es1|b0.25;vae|FashionMNIST|m6|s777|e300|es1|b0.25;vae|FashionMNIST|m8|s777|e300|es1|b0.25;vae|FashionMNIST|m10|s777|e300|es1|b0.25;vae|FashionMNIST|m12|s777|e300|es1|b0.25;vae|FashionMNIST|m16|s777|e300|es1|b0.25;vae|FashionMNIST|m20|s777|e300|es1|b0.25;vae|FashionMNIST|m24|s777|e300|es1|b0.25;vae|FashionMNIST|m32|s777|e300|es1|b0.25;vae|FashionMNIST|m48|s777|e300|es1|b0.25,361.97401547431946,0.0,361.97401547431946,361.97401547431946,False,0.01599206387266821,0.015808724539620535,False
FashionMNIST,777,0.25,Ascending Q,2,0.15,0.25,,False,6,6,0,0,True,True,0.017362450704769213,4,64;2;4;6,vae|FashionMNIST|m64|s777|e300|es1|b0.25;vae|FashionMNIST|m2|s777|e300|es1|b0.25;vae|FashionMNIST|m4|s777|e300|es1|b0.25;vae|FashionMNIST|m6|s777|e300|es1|b0.25,113.3151752948761,0.0,113.3151752948761,113.3151752948761,False,0.01599206387266821,0.015808724539620535,False
FashionMNIST,777,0.25,Legacy window,2,0.15,0.25,False,True,10,6,4,2,False,True,0.017362450704769213,4,64;2;4;10,vae|FashionMNIST|m64|s777|e300|es1|b0.25;vae|FashionMNIST|m2|s777|e300|es1|b0.25;vae|FashionMNIST|m4|s777|e300|es1|b0.25;vae|FashionMNIST|m10|s777|e300|es1|b0.25,109.18467664718628,207.12160634994507,316.30628299713135,117.46954090118408,False,0.015370664012675382,0.01519858929900085,False
FashionMNIST,777,0.25,ID local,2,0.15,0.25,False,True,6,6,0,0,True,True,0.017362450704769213,4,64;2;4;6,vae|FashionMNIST|m64|s777|e300|es1|b0.25;vae|FashionMNIST|m2|s777|e300|es1|b0.25;vae|FashionMNIST|m4|s777|e300|es1|b0.25;vae|FashionMNIST|m6|s777|e300|es1|b0.25,113.3151752948761,207.12160634994507,320.43678164482117,121.6000395488739,False,0.01599206387266821,0.015808724539620535,False
FashionMNIST,777,0.25,Midpoint local,2,0.15,0.25,,False,6,6,0,0,True,True,0.017362450704769213,6,64;12;10;8;6;4,vae|FashionMNIST|m64|s777|e300|es1|b0.25;vae|FashionMNIST|m12|s777|e300|es1|b0.25;vae|FashionMNIST|m10|s777|e300|es1|b0.25;vae|FashionMNIST|m8|s777|e300|es1|b0.25;vae|FashionMNIST|m6|s777|e300|es1|b0.25;vae|FashionMNIST|m4|s777|e300|es1|b0.25,178.41700410842896,0.0,178.41700410842896,178.41700410842896,False,0.01599206387266821,0.015808724539620535,False
FashionMNIST,777,0.25,ID certified,2,0.15,0.25,False,True,6,6,0,0,True,True,0.017362450704769213,4,64;2;4;6,vae|FashionMNIST|m64|s777|e300|es1|b0.25;vae|FashionMNIST|m2|s777|e300|es1|b0.25;vae|FashionMNIST|m4|s777|e300|es1|b0.25;vae|FashionMNIST|m6|s777|e300|es1|b0.25,113.3151752948761,207.12160634994507,320.43678164482117,121.6000395488739,False,0.01599206387266821,0.015808724539620535,False
FashionMNIST,2024,0.25,Full grid Q,2,0.15,0.25,,False,6,6,0,0,True,True,0.016698010098204322,12,64;2;4;6;8;10;12;16;20;24;32;48,vae|FashionMNIST|m64|s2024|e300|es1|b0.25;vae|FashionMNIST|m2|s2024|e300|es1|b0.25;vae|FashionMNIST|m4|s2024|e300|es1|b0.25;vae|FashionMNIST|m6|s2024|e300|es1|b0.25;vae|FashionMNIST|m8|s2024|e300|es1|b0.25;vae|FashionMNIST|m10|s2024|e300|es1|b0.25;vae|FashionMNIST|m12|s2024|e300|es1|b0.25;vae|FashionMNIST|m16|s2024|e300|es1|b0.25;vae|FashionMNIST|m20|s2024|e300|es1|b0.25;vae|FashionMNIST|m24|s2024|e300|es1|b0.25;vae|FashionMNIST|m32|s2024|e300|es1|b0.25;vae|FashionMNIST|m48|s2024|e300|es1|b0.25,363.21363139152527,0.0,363.21363139152527,363.21363139152527,False,0.016437609614158164,0.016248694179820368,True
FashionMNIST,2024,0.25,Ascending Q,2,0.15,0.25,,False,6,6,0,0,True,True,0.016698010098204322,4,64;2;4;6,vae|FashionMNIST|m64|s2024|e300|es1|b0.25;vae|FashionMNIST|m2|s2024|e300|es1|b0.25;vae|FashionMNIST|m4|s2024|e300|es1|b0.25;vae|FashionMNIST|m6|s2024|e300|es1|b0.25,112.7492368221283,0.0,112.7492368221283,112.7492368221283,False,0.016437609614158164,0.016248694179820368,True
FashionMNIST,2024,0.25,Legacy window,2,0.15,0.25,False,True,64,6,58,9,False,True,0.016698010098204322,4,64;2;4;10,vae|FashionMNIST|m64|s2024|e300|es1|b0.25;vae|FashionMNIST|m2|s2024|e300|es1|b0.25;vae|FashionMNIST|m4|s2024|e300|es1|b0.25;vae|FashionMNIST|m10|s2024|e300|es1|b0.25,121.9269790649414,207.12160634994507,329.0485854148865,130.2118433189392,False,0.015180009180185748,0.01496850835060587,True
FashionMNIST,2024,0.25,ID local,2,0.15,0.25,False,True,6,6,0,0,True,True,0.016698010098204322,4,64;2;4;6,vae|FashionMNIST|m64|s2024|e300|es1|b0.25;vae|FashionMNIST|m2|s2024|e300|es1|b0.25;vae|FashionMNIST|m4|s2024|e300|es1|b0.25;vae|FashionMNIST|m6|s2024|e300|es1|b0.25,112.7492368221283,207.12160634994507,319.87084317207336,121.03410107612609,False,0.016437609614158164,0.016248694179820368,True
FashionMNIST,2024,0.25,Midpoint local,2,0.15,0.25,,False,6,6,0,0,True,True,0.016698010098204322,6,64;12;10;8;6;4,vae|FashionMNIST|m64|s2024|e300|es1|b0.25;vae|FashionMNIST|m12|s2024|e300|es1|b0.25;vae|FashionMNIST|m10|s2024|e300|es1|b0.25;vae|FashionMNIST|m8|s2024|e300|es1|b0.25;vae|FashionMNIST|m6|s2024|e300|es1|b0.25;vae|FashionMNIST|m4|s2024|e300|es1|b0.25,157.52573442459106,0.0,157.52573442459106,157.52573442459106,False,0.016437609614158164,0.016248694179820368,True
FashionMNIST,2024,0.25,ID certified,2,0.15,0.25,False,True,6,6,0,0,True,True,0.016698010098204322,4,64;2;4;6,vae|FashionMNIST|m64|s2024|e300|es1|b0.25;vae|FashionMNIST|m2|s2024|e300|es1|b0.25;vae|FashionMNIST|m4|s2024|e300|es1|b0.25;vae|FashionMNIST|m6|s2024|e300|es1|b0.25,112.7492368221283,207.12160634994507,319.87084317207336,121.03410107612609,False,0.016437609614158164,0.016248694179820368,True
FashionMNIST,31337,0.25,Full grid Q,2,0.15,0.25,,False,6,6,0,0,True,True,0.01640498130954042,12,64;2;4;6;8;10;12;16;20;24;32;48,vae|FashionMNIST|m64|s31337|e300|es1|b0.25;vae|FashionMNIST|m2|s31337|e300|es1|b0.25;vae|FashionMNIST|m4|s31337|e300|es1|b0.25;vae|FashionMNIST|m6|s31337|e300|es1|b0.25;vae|FashionMNIST|m8|s31337|e300|es1|b0.25;vae|FashionMNIST|m10|s31337|e300|es1|b0.25;vae|FashionMNIST|m12|s31337|e300|es1|b0.25;vae|FashionMNIST|m16|s31337|e300|es1|b0.25;vae|FashionMNIST|m20|s31337|e300|es1|b0.25;vae|FashionMNIST|m24|s31337|e300|es1|b0.25;vae|FashionMNIST|m32|s31337|e300|es1|b0.25;vae|FashionMNIST|m48|s31337|e300|es1|b0.25,392.1580047607422,0.0,392.1580047607422,392.1580047607422,False,0.016240782445790816,0.0159902516060135,True
FashionMNIST,31337,0.25,Ascending Q,2,0.15,0.25,,False,6,6,0,0,True,True,0.01640498130954042,4,64;2;4;6,vae|FashionMNIST|m64|s31337|e300|es1|b0.25;vae|FashionMNIST|m2|s31337|e300|es1|b0.25;vae|FashionMNIST|m4|s31337|e300|es1|b0.25;vae|FashionMNIST|m6|s31337|e300|es1|b0.25,131.05301308631897,0.0,131.05301308631897,131.05301308631897,False,0.016240782445790816,0.0159902516060135,True
FashionMNIST,31337,0.25,Legacy window,2,0.15,0.25,False,True,64,6,58,9,False,True,0.01640498130954042,4,64;2;4;10,vae|FashionMNIST|m64|s31337|e300|es1|b0.25;vae|FashionMNIST|m2|s31337|e300|es1|b0.25;vae|FashionMNIST|m4|s31337|e300|es1|b0.25;vae|FashionMNIST|m10|s31337|e300|es1|b0.25,127.23256516456604,207.12160634994507,334.3541715145111,135.51742941856384,False,0.014913619372309471,0.01463666871778008,True
FashionMNIST,31337,0.25,ID local,2,0.15,0.25,False,True,6,6,0,0,True,True,0.01640498130954042,4,64;2;4;6,vae|FashionMNIST|m64|s31337|e300|es1|b0.25;vae|FashionMNIST|m2|s31337|e300|es1|b0.25;vae|FashionMNIST|m4|s31337|e300|es1|b0.25;vae|FashionMNIST|m6|s31337|e300|es1|b0.25,131.05301308631897,207.12160634994507,338.17461943626404,139.33787734031677,False,0.016240782445790816,0.0159902516060135,True
FashionMNIST,31337,0.25,Midpoint local,2,0.15,0.25,,False,12,6,6,3,False,True,0.01640498130954042,3,64;12;10,vae|FashionMNIST|m64|s31337|e300|es1|b0.25;vae|FashionMNIST|m12|s31337|e300|es1|b0.25;vae|FashionMNIST|m10|s31337|e300|es1|b0.25,91.40541529655457,0.0,91.40541529655457,91.40541529655457,False,0.014976807886240433,0.0147791538368277,True
FashionMNIST,31337,0.25,ID certified,2,0.15,0.25,False,True,6,6,0,0,True,True,0.01640498130954042,4,64;2;4;6,vae|FashionMNIST|m64|s31337|e300|es1|b0.25;vae|FashionMNIST|m2|s31337|e300|es1|b0.25;vae|FashionMNIST|m4|s31337|e300|es1|b0.25;vae|FashionMNIST|m6|s31337|e300|es1|b0.25,131.05301308631897,207.12160634994507,338.17461943626404,139.33787734031677,False,0.016240782445790816,0.0159902516060135,True
FashionMNIST,42,0.5,Full grid Q,2,0.15,0.25,,False,4,4,0,0,True,True,0.019960618653589366,12,64;2;4;6;8;10;12;16;20;24;32;48,vae|FashionMNIST|m64|s42|e300|es1|b0.5;vae|FashionMNIST|m2|s42|e300|es1|b0.5;vae|FashionMNIST|m4|s42|e300|es1|b0.5;vae|FashionMNIST|m6|s42|e300|es1|b0.5;vae|FashionMNIST|m8|s42|e300|es1|b0.5;vae|FashionMNIST|m10|s42|e300|es1|b0.5;vae|FashionMNIST|m12|s42|e300|es1|b0.5;vae|FashionMNIST|m16|s42|e300|es1|b0.5;vae|FashionMNIST|m20|s42|e300|es1|b0.5;vae|FashionMNIST|m24|s42|e300|es1|b0.5;vae|FashionMNIST|m32|s42|e300|es1|b0.5;vae|FashionMNIST|m48|s42|e300|es1|b0.5,473.00548338890076,0.0,473.00548338890076,473.00548338890076,False,0.018894278078663108,0.01870979859228848,False
FashionMNIST,42,0.5,Ascending Q,2,0.15,0.25,,False,4,4,0,0,True,True,0.019960618653589366,3,64;2;4,vae|FashionMNIST|m64|s42|e300|es1|b0.5;vae|FashionMNIST|m2|s42|e300|es1|b0.5;vae|FashionMNIST|m4|s42|e300|es1|b0.5,103.86961650848389,0.0,103.86961650848389,103.86961650848389,False,0.018894278078663108,0.01870979859228848,False
FashionMNIST,42,0.5,Legacy window,2,0.15,0.25,False,True,10,4,6,3,False,True,0.019960618653589366,4,64;2;4;10,vae|FashionMNIST|m64|s42|e300|es1|b0.5;vae|FashionMNIST|m2|s42|e300|es1|b0.5;vae|FashionMNIST|m4|s42|e300|es1|b0.5;vae|FashionMNIST|m10|s42|e300|es1|b0.5,144.2648582458496,207.12160634994507,351.3864645957947,152.5497224998474,False,0.017486363936443716,0.01733618620788159,False
FashionMNIST,42,0.5,ID local,2,0.15,0.25,False,True,4,4,0,0,True,True,0.019960618653589366,3,64;2;4,vae|FashionMNIST|m64|s42|e300|es1|b0.5;vae|FashionMNIST|m2|s42|e300|es1|b0.5;vae|FashionMNIST|m4|s42|e300|es1|b0.5,103.86961650848389,207.12160634994507,310.99122285842896,112.15448076248168,False,0.018894278078663108,0.01870979859228848,False
FashionMNIST,42,0.5,Midpoint local,2,0.15,0.25,,False,4,4,0,0,True,True,0.019960618653589366,7,64;12;10;8;6;4;2,vae|FashionMNIST|m64|s42|e300|es1|b0.5;vae|FashionMNIST|m12|s42|e300|es1|b0.5;vae|FashionMNIST|m10|s42|e300|es1|b0.5;vae|FashionMNIST|m8|s42|e300|es1|b0.5;vae|FashionMNIST|m6|s42|e300|es1|b0.5;vae|FashionMNIST|m4|s42|e300|es1|b0.5;vae|FashionMNIST|m2|s42|e300|es1|b0.5,265.10887026786804,0.0,265.10887026786804,265.10887026786804,False,0.018894278078663108,0.01870979859228848,False
FashionMNIST,42,0.5,ID certified,2,0.15,0.25,False,True,4,4,0,0,True,True,0.019960618653589366,3,64;2;4,vae|FashionMNIST|m64|s42|e300|es1|b0.5;vae|FashionMNIST|m2|s42|e300|es1|b0.5;vae|FashionMNIST|m4|s42|e300|es1|b0.5,103.86961650848389,207.12160634994507,310.99122285842896,112.15448076248168,False,0.018894278078663108,0.01870979859228848,False
FashionMNIST,123,0.5,Full grid Q,2,0.15,0.25,,False,4,4,0,0,True,True,0.019053214840013155,12,64;2;4;6;8;10;12;16;20;24;32;48,vae|FashionMNIST|m64|s123|e300|es1|b0.5;vae|FashionMNIST|m2|s123|e300|es1|b0.5;vae|FashionMNIST|m4|s123|e300|es1|b0.5;vae|FashionMNIST|m6|s123|e300|es1|b0.5;vae|FashionMNIST|m8|s123|e300|es1|b0.5;vae|FashionMNIST|m10|s123|e300|es1|b0.5;vae|FashionMNIST|m12|s123|e300|es1|b0.5;vae|FashionMNIST|m16|s123|e300|es1|b0.5;vae|FashionMNIST|m20|s123|e300|es1|b0.5;vae|FashionMNIST|m24|s123|e300|es1|b0.5;vae|FashionMNIST|m32|s123|e300|es1|b0.5;vae|FashionMNIST|m48|s123|e300|es1|b0.5,398.4369297027588,0.0,398.4369297027588,398.4369297027588,False,0.01897713112344547,0.018666560166547087,False
FashionMNIST,123,0.5,Ascending Q,2,0.15,0.25,,False,4,4,0,0,True,True,0.019053214840013155,3,64;2;4,vae|FashionMNIST|m64|s123|e300|es1|b0.5;vae|FashionMNIST|m2|s123|e300|es1|b0.5;vae|FashionMNIST|m4|s123|e300|es1|b0.5,98.55628561973572,0.0,98.55628561973572,98.55628561973572,False,0.01897713112344547,0.018666560166547087,False
FashionMNIST,123,0.5,Legacy window,2,0.15,0.25,False,True,10,4,6,3,False,True,0.019053214840013155,4,64;2;4;10,vae|FashionMNIST|m64|s123|e300|es1|b0.5;vae|FashionMNIST|m2|s123|e300|es1|b0.5;vae|FashionMNIST|m4|s123|e300|es1|b0.5;vae|FashionMNIST|m10|s123|e300|es1|b0.5,134.9480016231537,207.12160634994507,342.06960797309875,143.23286587715148,False,0.016269156319754466,0.016161972149699725,False
FashionMNIST,123,0.5,ID local,2,0.15,0.25,False,True,4,4,0,0,True,True,0.019053214840013155,3,64;2;4,vae|FashionMNIST|m64|s123|e300|es1|b0.5;vae|FashionMNIST|m2|s123|e300|es1|b0.5;vae|FashionMNIST|m4|s123|e300|es1|b0.5,98.55628561973572,207.12160634994507,305.6778919696808,106.84114987373351,False,0.01897713112344547,0.018666560166547087,False
FashionMNIST,123,0.5,Midpoint local,2,0.15,0.25,,False,4,4,0,0,True,True,0.019053214840013155,7,64;12;10;8;6;4;2,vae|FashionMNIST|m64|s123|e300|es1|b0.5;vae|FashionMNIST|m12|s123|e300|es1|b0.5;vae|FashionMNIST|m10|s123|e300|es1|b0.5;vae|FashionMNIST|m8|s123|e300|es1|b0.5;vae|FashionMNIST|m6|s123|e300|es1|b0.5;vae|FashionMNIST|m4|s123|e300|es1|b0.5;vae|FashionMNIST|m2|s123|e300|es1|b0.5,233.08798623085022,0.0,233.08798623085022,233.08798623085022,False,0.01897713112344547,0.018666560166547087,False
FashionMNIST,123,0.5,ID certified,2,0.15,0.25,False,True,4,4,0,0,True,True,0.019053214840013155,3,64;2;4,vae|FashionMNIST|m64|s123|e300|es1|b0.5;vae|FashionMNIST|m2|s123|e300|es1|b0.5;vae|FashionMNIST|m4|s123|e300|es1|b0.5,98.55628561973572,207.12160634994507,305.6778919696808,106.84114987373351,False,0.01897713112344547,0.018666560166547087,False
FashionMNIST,777,0.5,Full grid Q,2,0.15,0.25,,False,6,6,0,0,True,True,0.019348245457240516,12,64;2;4;6;8;10;12;16;20;24;32;48,vae|FashionMNIST|m64|s777|e300|es1|b0.5;vae|FashionMNIST|m2|s777|e300|es1|b0.5;vae|FashionMNIST|m4|s777|e300|es1|b0.5;vae|FashionMNIST|m6|s777|e300|es1|b0.5;vae|FashionMNIST|m8|s777|e300|es1|b0.5;vae|FashionMNIST|m10|s777|e300|es1|b0.5;vae|FashionMNIST|m12|s777|e300|es1|b0.5;vae|FashionMNIST|m16|s777|e300|es1|b0.5;vae|FashionMNIST|m20|s777|e300|es1|b0.5;vae|FashionMNIST|m24|s777|e300|es1|b0.5;vae|FashionMNIST|m32|s777|e300|es1|b0.5;vae|FashionMNIST|m48|s777|e300|es1|b0.5,429.6774926185608,0.0,429.6774926185608,429.6774926185608,False,0.019105410517478476,0.018927551477133823,False
FashionMNIST,777,0.5,Ascending Q,2,0.15,0.25,,False,6,6,0,0,True,True,0.019348245457240516,4,64;2;4;6,vae|FashionMNIST|m64|s777|e300|es1|b0.5;vae|FashionMNIST|m2|s777|e300|es1|b0.5;vae|FashionMNIST|m4|s777|e300|es1|b0.5;vae|FashionMNIST|m6|s777|e300|es1|b0.5,140.4898226261139,0.0,140.4898226261139,140.4898226261139,False,0.019105410517478476,0.018927551477133823,False
FashionMNIST,777,0.5,Legacy window,2,0.15,0.25,False,True,10,6,4,2,False,True,0.019348245457240516,4,64;2;4;10,vae|FashionMNIST|m64|s777|e300|es1|b0.5;vae|FashionMNIST|m2|s777|e300|es1|b0.5;vae|FashionMNIST|m4|s777|e300|es1|b0.5;vae|FashionMNIST|m10|s777|e300|es1|b0.5,159.8531711101532,207.12160634994507,366.97477746009827,168.138035364151,False,0.016556389633490112,0.01632601866430166,False
FashionMNIST,777,0.5,ID local,2,0.15,0.25,False,True,6,6,0,0,True,True,0.019348245457240516,4,64;2;4;6,vae|FashionMNIST|m64|s777|e300|es1|b0.5;vae|FashionMNIST|m2|s777|e300|es1|b0.5;vae|FashionMNIST|m4|s777|e300|es1|b0.5;vae|FashionMNIST|m6|s777|e300|es1|b0.5,140.4898226261139,207.12160634994507,347.61142897605896,148.7746868801117,False,0.019105410517478476,0.018927551477133823,False
FashionMNIST,777,0.5,Midpoint local,2,0.15,0.25,,False,6,6,0,0,True,True,0.019348245457240516,6,64;12;10;8;6;4,vae|FashionMNIST|m64|s777|e300|es1|b0.5;vae|FashionMNIST|m12|s777|e300|es1|b0.5;vae|FashionMNIST|m10|s777|e300|es1|b0.5;vae|FashionMNIST|m8|s777|e300|es1|b0.5;vae|FashionMNIST|m6|s777|e300|es1|b0.5;vae|FashionMNIST|m4|s777|e300|es1|b0.5,188.36333894729614,0.0,188.36333894729614,188.36333894729614,False,0.019105410517478476,0.018927551477133823,False
FashionMNIST,777,0.5,ID certified,2,0.15,0.25,False,True,6,6,0,0,True,True,0.019348245457240516,4,64;2;4;6,vae|FashionMNIST|m64|s777|e300|es1|b0.5;vae|FashionMNIST|m2|s777|e300|es1|b0.5;vae|FashionMNIST|m4|s777|e300|es1|b0.5;vae|FashionMNIST|m6|s777|e300|es1|b0.5,140.4898226261139,207.12160634994507,347.61142897605896,148.7746868801117,False,0.019105410517478476,0.018927551477133823,False
FashionMNIST,2024,0.5,Full grid Q,2,0.15,0.25,,False,6,6,0,0,True,True,0.018421363207758692,12,64;2;4;6;8;10;12;16;20;24;32;48,vae|FashionMNIST|m64|s2024|e300|es1|b0.5;vae|FashionMNIST|m2|s2024|e300|es1|b0.5;vae|FashionMNIST|m4|s2024|e300|es1|b0.5;vae|FashionMNIST|m6|s2024|e300|es1|b0.5;vae|FashionMNIST|m8|s2024|e300|es1|b0.5;vae|FashionMNIST|m10|s2024|e300|es1|b0.5;vae|FashionMNIST|m12|s2024|e300|es1|b0.5;vae|FashionMNIST|m16|s2024|e300|es1|b0.5;vae|FashionMNIST|m20|s2024|e300|es1|b0.5;vae|FashionMNIST|m24|s2024|e300|es1|b0.5;vae|FashionMNIST|m32|s2024|e300|es1|b0.5;vae|FashionMNIST|m48|s2024|e300|es1|b0.5,417.2781069278717,0.0,417.2781069278717,417.2781069278717,False,0.017394511631556916,0.017126018913424745,False
FashionMNIST,2024,0.5,Ascending Q,2,0.15,0.25,,False,6,6,0,0,True,True,0.018421363207758692,4,64;2;4;6,vae|FashionMNIST|m64|s2024|e300|es1|b0.5;vae|FashionMNIST|m2|s2024|e300|es1|b0.5;vae|FashionMNIST|m4|s2024|e300|es1|b0.5;vae|FashionMNIST|m6|s2024|e300|es1|b0.5,121.7393000125885,0.0,121.7393000125885,121.7393000125885,False,0.017394511631556916,0.017126018913424745,False
FashionMNIST,2024,0.5,Legacy window,2,0.15,0.25,False,True,10,6,4,2,False,True,0.018421363207758692,4,64;2;4;10,vae|FashionMNIST|m64|s2024|e300|es1|b0.5;vae|FashionMNIST|m2|s2024|e300|es1|b0.5;vae|FashionMNIST|m4|s2024|e300|es1|b0.5;vae|FashionMNIST|m10|s2024|e300|es1|b0.5,114.48629689216614,207.12160634994507,321.6079032421112,122.77116114616393,False,0.016437964925960617,0.016225527808779765,False
FashionMNIST,2024,0.5,ID local,2,0.15,0.25,False,True,6,6,0,0,True,True,0.018421363207758692,4,64;2;4;6,vae|FashionMNIST|m64|s2024|e300|es1|b0.5;vae|FashionMNIST|m2|s2024|e300|es1|b0.5;vae|FashionMNIST|m4|s2024|e300|es1|b0.5;vae|FashionMNIST|m6|s2024|e300|es1|b0.5,121.7393000125885,207.12160634994507,328.86090636253357,130.0241642665863,False,0.017394511631556916,0.017126018913424745,False
FashionMNIST,2024,0.5,Midpoint local,2,0.15,0.25,,False,6,6,0,0,True,True,0.018421363207758692,6,64;12;10;8;6;4,vae|FashionMNIST|m64|s2024|e300|es1|b0.5;vae|FashionMNIST|m12|s2024|e300|es1|b0.5;vae|FashionMNIST|m10|s2024|e300|es1|b0.5;vae|FashionMNIST|m8|s2024|e300|es1|b0.5;vae|FashionMNIST|m6|s2024|e300|es1|b0.5;vae|FashionMNIST|m4|s2024|e300|es1|b0.5,204.38384628295898,0.0,204.38384628295898,204.38384628295898,False,0.017394511631556916,0.017126018913424745,False
FashionMNIST,2024,0.5,ID certified,2,0.15,0.25,False,True,6,6,0,0,True,True,0.018421363207758692,4,64;2;4;6,vae|FashionMNIST|m64|s2024|e300|es1|b0.5;vae|FashionMNIST|m2|s2024|e300|es1|b0.5;vae|FashionMNIST|m4|s2024|e300|es1|b0.5;vae|FashionMNIST|m6|s2024|e300|es1|b0.5,121.7393000125885,207.12160634994507,328.86090636253357,130.0241642665863,False,0.017394511631556916,0.017126018913424745,False
FashionMNIST,31337,0.5,Full grid Q,2,0.15,0.25,,False,4,4,0,0,True,True,0.018958567124970106,12,64;2;4;6;8;10;12;16;20;24;32;48,vae|FashionMNIST|m64|s31337|e300|es1|b0.5;vae|FashionMNIST|m2|s31337|e300|es1|b0.5;vae|FashionMNIST|m4|s31337|e300|es1|b0.5;vae|FashionMNIST|m6|s31337|e300|es1|b0.5;vae|FashionMNIST|m8|s31337|e300|es1|b0.5;vae|FashionMNIST|m10|s31337|e300|es1|b0.5;vae|FashionMNIST|m12|s31337|e300|es1|b0.5;vae|FashionMNIST|m16|s31337|e300|es1|b0.5;vae|FashionMNIST|m20|s31337|e300|es1|b0.5;vae|FashionMNIST|m24|s31337|e300|es1|b0.5;vae|FashionMNIST|m32|s31337|e300|es1|b0.5;vae|FashionMNIST|m48|s31337|e300|es1|b0.5,489.68001532554626,0.0,489.68001532554626,489.68001532554626,False,0.018748449520188934,0.01848271957708865,False
FashionMNIST,31337,0.5,Ascending Q,2,0.15,0.25,,False,4,4,0,0,True,True,0.018958567124970106,3,64;2;4,vae|FashionMNIST|m64|s31337|e300|es1|b0.5;vae|FashionMNIST|m2|s31337|e300|es1|b0.5;vae|FashionMNIST|m4|s31337|e300|es1|b0.5,125.5118625164032,0.0,125.5118625164032,125.5118625164032,False,0.018748449520188934,0.01848271957708865,False
FashionMNIST,31337,0.5,Legacy window,2,0.15,0.25,False,True,10,4,6,3,False,True,0.018958567124970106,4,64;2;4;10,vae|FashionMNIST|m64|s31337|e300|es1|b0.5;vae|FashionMNIST|m2|s31337|e300|es1|b0.5;vae|FashionMNIST|m4|s31337|e300|es1|b0.5;vae|FashionMNIST|m10|s31337|e300|es1|b0.5,177.04983353614807,207.12160634994507,384.17143988609314,185.33469779014587,False,0.01709591363400829,0.016779764811197917,False
FashionMNIST,31337,0.5,ID local,2,0.15,0.25,False,True,4,4,0,0,True,True,0.018958567124970106,3,64;2;4,vae|FashionMNIST|m64|s31337|e300|es1|b0.5;vae|FashionMNIST|m2|s31337|e300|es1|b0.5;vae|FashionMNIST|m4|s31337|e300|es1|b0.5,125.5118625164032,207.12160634994507,332.63346886634827,133.796726770401,False,0.018748449520188934,0.01848271957708865,False
FashionMNIST,31337,0.5,Midpoint local,2,0.15,0.25,,False,4,4,0,0,True,True,0.018958567124970106,7,64;12;10;8;6;4;2,vae|FashionMNIST|m64|s31337|e300|es1|b0.5;vae|FashionMNIST|m12|s31337|e300|es1|b0.5;vae|FashionMNIST|m10|s31337|e300|es1|b0.5;vae|FashionMNIST|m8|s31337|e300|es1|b0.5;vae|FashionMNIST|m6|s31337|e300|es1|b0.5;vae|FashionMNIST|m4|s31337|e300|es1|b0.5;vae|FashionMNIST|m2|s31337|e300|es1|b0.5,270.20671677589417,0.0,270.20671677589417,270.20671677589417,False,0.018748449520188934,0.01848271957708865,False
FashionMNIST,31337,0.5,ID certified,2,0.15,0.25,False,True,4,4,0,0,True,True,0.018958567124970106,3,64;2;4,vae|FashionMNIST|m64|s31337|e300|es1|b0.5;vae|FashionMNIST|m2|s31337|e300|es1|b0.5;vae|FashionMNIST|m4|s31337|e300|es1|b0.5,125.5118625164032,207.12160634994507,332.63346886634827,133.796726770401,False,0.018748449520188934,0.01848271957708865,False
FashionMNIST,42,1.0,Full grid Q,2,0.15,0.25,,False,4,4,0,0,True,True,0.021810600436463653,12,64;2;4;6;8;10;12;16;20;24;32;48,vae|FashionMNIST|m64|s42|e300|es1|b1;vae|FashionMNIST|m2|s42|e300|es1|b1;vae|FashionMNIST|m4|s42|e300|es1|b1;vae|FashionMNIST|m6|s42|e300|es1|b1;vae|FashionMNIST|m8|s42|e300|es1|b1;vae|FashionMNIST|m10|s42|e300|es1|b1;vae|FashionMNIST|m12|s42|e300|es1|b1;vae|FashionMNIST|m16|s42|e300|es1|b1;vae|FashionMNIST|m20|s42|e300|es1|b1;vae|FashionMNIST|m24|s42|e300|es1|b1;vae|FashionMNIST|m32|s42|e300|es1|b1;vae|FashionMNIST|m48|s42|e300|es1|b1,647.4602501392365,0.0,647.4602501392365,647.4602501392365,False,0.01915222728495695,0.018750815878109055,False
FashionMNIST,42,1.0,Ascending Q,2,0.15,0.25,,False,4,4,0,0,True,True,0.021810600436463653,3,64;2;4,vae|FashionMNIST|m64|s42|e300|es1|b1;vae|FashionMNIST|m2|s42|e300|es1|b1;vae|FashionMNIST|m4|s42|e300|es1|b1,210.1895136833191,0.0,210.1895136833191,210.1895136833191,False,0.01915222728495695,0.018750815878109055,False
FashionMNIST,42,1.0,Legacy window,2,0.15,0.25,False,True,4,4,0,0,True,True,0.021810600436463653,4,64;2;4;10,vae|FashionMNIST|m64|s42|e300|es1|b1;vae|FashionMNIST|m2|s42|e300|es1|b1;vae|FashionMNIST|m4|s42|e300|es1|b1;vae|FashionMNIST|m10|s42|e300|es1|b1,252.33272981643677,207.12160634994507,459.45433616638184,260.61759407043456,False,0.01915222728495695,0.018750815878109055,False
FashionMNIST,42,1.0,ID local,2,0.15,0.25,False,True,4,4,0,0,True,True,0.021810600436463653,3,64;2;4,vae|FashionMNIST|m64|s42|e300|es1|b1;vae|FashionMNIST|m2|s42|e300|es1|b1;vae|FashionMNIST|m4|s42|e300|es1|b1,210.1895136833191,207.12160634994507,417.31112003326416,218.4743779373169,False,0.01915222728495695,0.018750815878109055,False
FashionMNIST,42,1.0,Midpoint local,2,0.15,0.25,,False,4,4,0,0,True,True,0.021810600436463653,7,64;12;10;8;6;4;2,vae|FashionMNIST|m64|s42|e300|es1|b1;vae|FashionMNIST|m12|s42|e300|es1|b1;vae|FashionMNIST|m10|s42|e300|es1|b1;vae|FashionMNIST|m8|s42|e300|es1|b1;vae|FashionMNIST|m6|s42|e300|es1|b1;vae|FashionMNIST|m4|s42|e300|es1|b1;vae|FashionMNIST|m2|s42|e300|es1|b1,420.83118176460266,0.0,420.83118176460266,420.83118176460266,False,0.01915222728495695,0.018750815878109055,False
FashionMNIST,42,1.0,ID certified,2,0.15,0.25,False,True,4,4,0,0,True,True,0.021810600436463653,3,64;2;4,vae|FashionMNIST|m64|s42|e300|es1|b1;vae|FashionMNIST|m2|s42|e300|es1|b1;vae|FashionMNIST|m4|s42|e300|es1|b1,210.1895136833191,207.12160634994507,417.31112003326416,218.4743779373169,False,0.01915222728495695,0.018750815878109055,False
FashionMNIST,123,1.0,Full grid Q,2,0.15,0.25,,False,4,4,0,0,True,True,0.021802826052295915,12,64;2;4;6;8;10;12;16;20;24;32;48,vae|FashionMNIST|m64|s123|e300|es1|b1;vae|FashionMNIST|m2|s123|e300|es1|b1;vae|FashionMNIST|m4|s123|e300|es1|b1;vae|FashionMNIST|m6|s123|e300|es1|b1;vae|FashionMNIST|m8|s123|e300|es1|b1;vae|FashionMNIST|m10|s123|e300|es1|b1;vae|FashionMNIST|m12|s123|e300|es1|b1;vae|FashionMNIST|m16|s123|e300|es1|b1;vae|FashionMNIST|m20|s123|e300|es1|b1;vae|FashionMNIST|m24|s123|e300|es1|b1;vae|FashionMNIST|m32|s123|e300|es1|b1;vae|FashionMNIST|m48|s123|e300|es1|b1,577.5586862564087,0.0,577.5586862564087,577.5586862564087,False,0.01954606099031409,0.01919929680856718,False
FashionMNIST,123,1.0,Ascending Q,2,0.15,0.25,,False,4,4,0,0,True,True,0.021802826052295915,3,64;2;4,vae|FashionMNIST|m64|s123|e300|es1|b1;vae|FashionMNIST|m2|s123|e300|es1|b1;vae|FashionMNIST|m4|s123|e300|es1|b1,165.20254611968994,0.0,165.20254611968994,165.20254611968994,False,0.01954606099031409,0.01919929680856718,False
FashionMNIST,123,1.0,Legacy window,2,0.15,0.25,False,True,4,4,0,0,True,True,0.021802826052295915,4,64;2;4;10,vae|FashionMNIST|m64|s123|e300|es1|b1;vae|FashionMNIST|m2|s123|e300|es1|b1;vae|FashionMNIST|m4|s123|e300|es1|b1;vae|FashionMNIST|m10|s123|e300|es1|b1,197.36998391151428,207.12160634994507,404.49159026145935,205.65484816551208,False,0.01954606099031409,0.01919929680856718,False
FashionMNIST,123,1.0,ID local,2,0.15,0.25,False,True,4,4,0,0,True,True,0.021802826052295915,3,64;2;4,vae|FashionMNIST|m64|s123|e300|es1|b1;vae|FashionMNIST|m2|s123|e300|es1|b1;vae|FashionMNIST|m4|s123|e300|es1|b1,165.20254611968994,207.12160634994507,372.324152469635,173.48741037368774,False,0.01954606099031409,0.01919929680856718,False
FashionMNIST,123,1.0,Midpoint local,2,0.15,0.25,,False,4,4,0,0,True,True,0.021802826052295915,7,64;12;10;8;6;4;2,vae|FashionMNIST|m64|s123|e300|es1|b1;vae|FashionMNIST|m12|s123|e300|es1|b1;vae|FashionMNIST|m10|s123|e300|es1|b1;vae|FashionMNIST|m8|s123|e300|es1|b1;vae|FashionMNIST|m6|s123|e300|es1|b1;vae|FashionMNIST|m4|s123|e300|es1|b1;vae|FashionMNIST|m2|s123|e300|es1|b1,371.36798548698425,0.0,371.36798548698425,371.36798548698425,False,0.01954606099031409,0.01919929680856718,False
FashionMNIST,123,1.0,ID certified,2,0.15,0.25,False,True,4,4,0,0,True,True,0.021802826052295915,3,64;2;4,vae|FashionMNIST|m64|s123|e300|es1|b1;vae|FashionMNIST|m2|s123|e300|es1|b1;vae|FashionMNIST|m4|s123|e300|es1|b1,165.20254611968994,207.12160634994507,372.324152469635,173.48741037368774,False,0.01954606099031409,0.01919929680856718,False
FashionMNIST,777,1.0,Full grid Q,2,0.15,0.25,,False,4,4,0,0,True,True,0.021373924691336494,12,64;2;4;6;8;10;12;16;20;24;32;48,vae|FashionMNIST|m64|s777|e300|es1|b1;vae|FashionMNIST|m2|s777|e300|es1|b1;vae|FashionMNIST|m4|s777|e300|es1|b1;vae|FashionMNIST|m6|s777|e300|es1|b1;vae|FashionMNIST|m8|s777|e300|es1|b1;vae|FashionMNIST|m10|s777|e300|es1|b1;vae|FashionMNIST|m12|s777|e300|es1|b1;vae|FashionMNIST|m16|s777|e300|es1|b1;vae|FashionMNIST|m20|s777|e300|es1|b1;vae|FashionMNIST|m24|s777|e300|es1|b1;vae|FashionMNIST|m32|s777|e300|es1|b1;vae|FashionMNIST|m48|s777|e300|es1|b1,683.5152037143707,0.0,683.5152037143707,683.5152037143707,False,0.019139275375677615,0.018863277305551127,False
FashionMNIST,777,1.0,Ascending Q,2,0.15,0.25,,False,4,4,0,0,True,True,0.021373924691336494,3,64;2;4,vae|FashionMNIST|m64|s777|e300|es1|b1;vae|FashionMNIST|m2|s777|e300|es1|b1;vae|FashionMNIST|m4|s777|e300|es1|b1,234.70831680297852,0.0,234.70831680297852,234.70831680297852,False,0.019139275375677615,0.018863277305551127,False
FashionMNIST,777,1.0,Legacy window,2,0.15,0.25,False,True,10,4,6,3,False,True,0.021373924691336494,4,64;2;4;10,vae|FashionMNIST|m64|s777|e300|es1|b1;vae|FashionMNIST|m2|s777|e300|es1|b1;vae|FashionMNIST|m4|s777|e300|es1|b1;vae|FashionMNIST|m10|s777|e300|es1|b1,272.9481601715088,207.12160634994507,480.06976652145386,281.2330244255066,False,0.018477792856644613,0.018287376767113093,False
FashionMNIST,777,1.0,ID local,2,0.15,0.25,False,True,4,4,0,0,True,True,0.021373924691336494,3,64;2;4,vae|FashionMNIST|m64|s777|e300|es1|b1;vae|FashionMNIST|m2|s777|e300|es1|b1;vae|FashionMNIST|m4|s777|e300|es1|b1,234.70831680297852,207.12160634994507,441.8299231529236,242.9931810569763,False,0.019139275375677615,0.018863277305551127,False
FashionMNIST,777,1.0,Midpoint local,2,0.15,0.25,,False,4,4,0,0,True,True,0.021373924691336494,7,64;12;10;8;6;4;2,vae|FashionMNIST|m64|s777|e300|es1|b1;vae|FashionMNIST|m12|s777|e300|es1|b1;vae|FashionMNIST|m10|s777|e300|es1|b1;vae|FashionMNIST|m8|s777|e300|es1|b1;vae|FashionMNIST|m6|s777|e300|es1|b1;vae|FashionMNIST|m4|s777|e300|es1|b1;vae|FashionMNIST|m2|s777|e300|es1|b1,423.37745451927185,0.0,423.37745451927185,423.37745451927185,False,0.019139275375677615,0.018863277305551127,False
FashionMNIST,777,1.0,ID certified,2,0.15,0.25,False,True,4,4,0,0,True,True,0.021373924691336494,3,64;2;4,vae|FashionMNIST|m64|s777|e300|es1|b1;vae|FashionMNIST|m2|s777|e300|es1|b1;vae|FashionMNIST|m4|s777|e300|es1|b1,234.70831680297852,207.12160634994507,441.8299231529236,242.9931810569763,False,0.019139275375677615,0.018863277305551127,False
FashionMNIST,2024,1.0,Full grid Q,2,0.15,0.25,,False,4,4,0,0,True,True,0.021646050402582908,12,64;2;4;6;8;10;12;16;20;24;32;48,vae|FashionMNIST|m64|s2024|e300|es1|b1;vae|FashionMNIST|m2|s2024|e300|es1|b1;vae|FashionMNIST|m4|s2024|e300|es1|b1;vae|FashionMNIST|m6|s2024|e300|es1|b1;vae|FashionMNIST|m8|s2024|e300|es1|b1;vae|FashionMNIST|m10|s2024|e300|es1|b1;vae|FashionMNIST|m12|s2024|e300|es1|b1;vae|FashionMNIST|m16|s2024|e300|es1|b1;vae|FashionMNIST|m20|s2024|e300|es1|b1;vae|FashionMNIST|m24|s2024|e300|es1|b1;vae|FashionMNIST|m32|s2024|e300|es1|b1;vae|FashionMNIST|m48|s2024|e300|es1|b1,640.3038945198059,0.0,640.3038945198059,640.3038945198059,False,0.019670929889289698,0.019370610243609164,False
FashionMNIST,2024,1.0,Ascending Q,2,0.15,0.25,,False,4,4,0,0,True,True,0.021646050402582908,3,64;2;4,vae|FashionMNIST|m64|s2024|e300|es1|b1;vae|FashionMNIST|m2|s2024|e300|es1|b1;vae|FashionMNIST|m4|s2024|e300|es1|b1,215.50914025306702,0.0,215.50914025306702,215.50914025306702,False,0.019670929889289698,0.019370610243609164,False
FashionMNIST,2024,1.0,Legacy window,2,0.15,0.25,False,True,4,4,0,0,True,True,0.021646050402582908,4,64;2;4;10,vae|FashionMNIST|m64|s2024|e300|es1|b1;vae|FashionMNIST|m2|s2024|e300|es1|b1;vae|FashionMNIST|m4|s2024|e300|es1|b1;vae|FashionMNIST|m10|s2024|e300|es1|b1,245.44613122940063,207.12160634994507,452.5677375793457,253.73099548339843,False,0.019670929889289698,0.019370610243609164,False
FashionMNIST,2024,1.0,ID local,2,0.15,0.25,False,True,4,4,0,0,True,True,0.021646050402582908,3,64;2;4,vae|FashionMNIST|m64|s2024|e300|es1|b1;vae|FashionMNIST|m2|s2024|e300|es1|b1;vae|FashionMNIST|m4|s2024|e300|es1|b1,215.50914025306702,207.12160634994507,422.6307466030121,223.7940045070648,False,0.019670929889289698,0.019370610243609164,False
FashionMNIST,2024,1.0,Midpoint local,2,0.15,0.25,,False,4,4,0,0,True,True,0.021646050402582908,7,64;12;10;8;6;4;2,vae|FashionMNIST|m64|s2024|e300|es1|b1;vae|FashionMNIST|m12|s2024|e300|es1|b1;vae|FashionMNIST|m10|s2024|e300|es1|b1;vae|FashionMNIST|m8|s2024|e300|es1|b1;vae|FashionMNIST|m6|s2024|e300|es1|b1;vae|FashionMNIST|m4|s2024|e300|es1|b1;vae|FashionMNIST|m2|s2024|e300|es1|b1,391.47783756256104,0.0,391.47783756256104,391.47783756256104,False,0.019670929889289698,0.019370610243609164,False
FashionMNIST,2024,1.0,ID certified,2,0.15,0.25,False,True,4,4,0,0,True,True,0.021646050402582908,3,64;2;4,vae|FashionMNIST|m64|s2024|e300|es1|b1;vae|FashionMNIST|m2|s2024|e300|es1|b1;vae|FashionMNIST|m4|s2024|e300|es1|b1,215.50914025306702,207.12160634994507,422.6307466030121,223.7940045070648,False,0.019670929889289698,0.019370610243609164,False
FashionMNIST,31337,1.0,Full grid Q,2,0.15,0.25,,False,4,4,0,0,True,True,0.02160110345957231,12,64;2;4;6;8;10;12;16;20;24;32;48,vae|FashionMNIST|m64|s31337|e300|es1|b1;vae|FashionMNIST|m2|s31337|e300|es1|b1;vae|FashionMNIST|m4|s31337|e300|es1|b1;vae|FashionMNIST|m6|s31337|e300|es1|b1;vae|FashionMNIST|m8|s31337|e300|es1|b1;vae|FashionMNIST|m10|s31337|e300|es1|b1;vae|FashionMNIST|m12|s31337|e300|es1|b1;vae|FashionMNIST|m16|s31337|e300|es1|b1;vae|FashionMNIST|m20|s31337|e300|es1|b1;vae|FashionMNIST|m24|s31337|e300|es1|b1;vae|FashionMNIST|m32|s31337|e300|es1|b1;vae|FashionMNIST|m48|s31337|e300|es1|b1,676.6077723503113,0.0,676.6077723503113,676.6077723503113,False,0.019404155809052134,0.019116301659824083,False
FashionMNIST,31337,1.0,Ascending Q,2,0.15,0.25,,False,4,4,0,0,True,True,0.02160110345957231,3,64;2;4,vae|FashionMNIST|m64|s31337|e300|es1|b1;vae|FashionMNIST|m2|s31337|e300|es1|b1;vae|FashionMNIST|m4|s31337|e300|es1|b1,220.78410983085632,0.0,220.78410983085632,220.78410983085632,False,0.019404155809052134,0.019116301659824083,False
FashionMNIST,31337,1.0,Legacy window,2,0.15,0.25,False,True,10,4,6,3,False,True,0.02160110345957231,4,64;2;4;10,vae|FashionMNIST|m64|s31337|e300|es1|b1;vae|FashionMNIST|m2|s31337|e300|es1|b1;vae|FashionMNIST|m4|s31337|e300|es1|b1;vae|FashionMNIST|m10|s31337|e300|es1|b1,279.9371106624603,207.12160634994507,487.0587170124054,288.2219749164581,False,0.018321445075833064,0.018033301113414116,False
FashionMNIST,31337,1.0,ID local,2,0.15,0.25,False,True,4,4,0,0,True,True,0.02160110345957231,3,64;2;4,vae|FashionMNIST|m64|s31337|e300|es1|b1;vae|FashionMNIST|m2|s31337|e300|es1|b1;vae|FashionMNIST|m4|s31337|e300|es1|b1,220.78410983085632,207.12160634994507,427.9057161808014,229.06897408485412,False,0.019404155809052134,0.019116301659824083,False
FashionMNIST,31337,1.0,Midpoint local,2,0.15,0.25,,False,4,4,0,0,True,True,0.02160110345957231,7,64;12;10;8;6;4;2,vae|FashionMNIST|m64|s31337|e300|es1|b1;vae|FashionMNIST|m12|s31337|e300|es1|b1;vae|FashionMNIST|m10|s31337|e300|es1|b1;vae|FashionMNIST|m8|s31337|e300|es1|b1;vae|FashionMNIST|m6|s31337|e300|es1|b1;vae|FashionMNIST|m4|s31337|e300|es1|b1;vae|FashionMNIST|m2|s31337|e300|es1|b1,428.62537717819214,0.0,428.62537717819214,428.62537717819214,False,0.019404155809052134,0.019116301659824083,False
FashionMNIST,31337,1.0,ID certified,2,0.15,0.25,False,True,4,4,0,0,True,True,0.02160110345957231,3,64;2;4,vae|FashionMNIST|m64|s31337|e300|es1|b1;vae|FashionMNIST|m2|s31337|e300|es1|b1;vae|FashionMNIST|m4|s31337|e300|es1|b1,220.78410983085632,207.12160634994507,427.9057161808014,229.06897408485412,False,0.019404155809052134,0.019116301659824083,False
FashionMNIST,42,2.0,Full grid Q,2,0.15,0.25,,False,4,4,0,0,True,True,0.02391380531155333,12,64;2;4;6;8;10;12;16;20;24;32;48,vae|FashionMNIST|m64|s42|e300|es1|b2;vae|FashionMNIST|m2|s42|e300|es1|b2;vae|FashionMNIST|m4|s42|e300|es1|b2;vae|FashionMNIST|m6|s42|e300|es1|b2;vae|FashionMNIST|m8|s42|e300|es1|b2;vae|FashionMNIST|m10|s42|e300|es1|b2;vae|FashionMNIST|m12|s42|e300|es1|b2;vae|FashionMNIST|m16|s42|e300|es1|b2;vae|FashionMNIST|m20|s42|e300|es1|b2;vae|FashionMNIST|m24|s42|e300|es1|b2;vae|FashionMNIST|m32|s42|e300|es1|b2;vae|FashionMNIST|m48|s42|e300|es1|b2,629.6670815944672,0.0,629.6670815944672,629.6670815944672,False,0.02200398316675303,0.02194842653858418,False
FashionMNIST,42,2.0,Ascending Q,2,0.15,0.25,,False,4,4,0,0,True,True,0.02391380531155333,3,64;2;4,vae|FashionMNIST|m64|s42|e300|es1|b2;vae|FashionMNIST|m2|s42|e300|es1|b2;vae|FashionMNIST|m4|s42|e300|es1|b2,157.91363883018494,0.0,157.91363883018494,157.91363883018494,False,0.02200398316675303,0.02194842653858418,False
FashionMNIST,42,2.0,Legacy window,2,0.15,0.25,False,True,10,4,6,3,False,True,0.02391380531155333,4,64;2;4;10,vae|FashionMNIST|m64|s42|e300|es1|b2;vae|FashionMNIST|m2|s42|e300|es1|b2;vae|FashionMNIST|m4|s42|e300|es1|b2;vae|FashionMNIST|m10|s42|e300|es1|b2,222.7851812839508,207.12160634994507,429.9067876338959,231.0700455379486,False,0.021225272665218432,0.020947626853475766,False
FashionMNIST,42,2.0,ID local,2,0.15,0.25,False,True,4,4,0,0,True,True,0.02391380531155333,3,64;2;4,vae|FashionMNIST|m64|s42|e300|es1|b2;vae|FashionMNIST|m2|s42|e300|es1|b2;vae|FashionMNIST|m4|s42|e300|es1|b2,157.91363883018494,207.12160634994507,365.03524518013,166.19850308418273,False,0.02200398316675303,0.02194842653858418,False
FashionMNIST,42,2.0,Midpoint local,2,0.15,0.25,,False,4,4,0,0,True,True,0.02391380531155333,7,64;12;10;8;6;4;2,vae|FashionMNIST|m64|s42|e300|es1|b2;vae|FashionMNIST|m12|s42|e300|es1|b2;vae|FashionMNIST|m10|s42|e300|es1|b2;vae|FashionMNIST|m8|s42|e300|es1|b2;vae|FashionMNIST|m6|s42|e300|es1|b2;vae|FashionMNIST|m4|s42|e300|es1|b2;vae|FashionMNIST|m2|s42|e300|es1|b2,345.5345184803009,0.0,345.5345184803009,345.5345184803009,False,0.02200398316675303,0.02194842653858418,False
FashionMNIST,42,2.0,ID certified,2,0.15,0.25,False,True,4,4,0,0,True,True,0.02391380531155333,3,64;2;4,vae|FashionMNIST|m64|s42|e300|es1|b2;vae|FashionMNIST|m2|s42|e300|es1|b2;vae|FashionMNIST|m4|s42|e300|es1|b2,157.91363883018494,207.12160634994507,365.03524518013,166.19850308418273,False,0.02200398316675303,0.02194842653858418,False
FashionMNIST,123,2.0,Full grid Q,2,0.15,0.25,,False,4,4,0,0,True,True,0.024567799003756777,12,64;2;4;6;8;10;12;16;20;24;32;48,vae|FashionMNIST|m64|s123|e300|es1|b2;vae|FashionMNIST|m2|s123|e300|es1|b2;vae|FashionMNIST|m4|s123|e300|es1|b2;vae|FashionMNIST|m6|s123|e300|es1|b2;vae|FashionMNIST|m8|s123|e300|es1|b2;vae|FashionMNIST|m10|s123|e300|es1|b2;vae|FashionMNIST|m12|s123|e300|es1|b2;vae|FashionMNIST|m16|s123|e300|es1|b2;vae|FashionMNIST|m20|s123|e300|es1|b2;vae|FashionMNIST|m24|s123|e300|es1|b2;vae|FashionMNIST|m32|s123|e300|es1|b2;vae|FashionMNIST|m48|s123|e300|es1|b2,603.0399243831635,0.0,603.0399243831635,603.0399243831635,False,0.022463344029017854,0.022365277763937607,False
FashionMNIST,123,2.0,Ascending Q,2,0.15,0.25,,False,4,4,0,0,True,True,0.024567799003756777,3,64;2;4,vae|FashionMNIST|m64|s123|e300|es1|b2;vae|FashionMNIST|m2|s123|e300|es1|b2;vae|FashionMNIST|m4|s123|e300|es1|b2,132.792959690094,0.0,132.792959690094,132.792959690094,False,0.022463344029017854,0.022365277763937607,False
FashionMNIST,123,2.0,Legacy window,2,0.15,0.25,False,True,10,4,6,3,False,True,0.024567799003756777,4,64;2;4;10,vae|FashionMNIST|m64|s123|e300|es1|b2;vae|FashionMNIST|m2|s123|e300|es1|b2;vae|FashionMNIST|m4|s123|e300|es1|b2;vae|FashionMNIST|m10|s123|e300|es1|b2,179.61300706863403,207.12160634994507,386.7346134185791,187.89787132263183,False,0.02096080017089844,0.020616803642843854,False
FashionMNIST,123,2.0,ID local,2,0.15,0.25,False,True,4,4,0,0,True,True,0.024567799003756777,3,64;2;4,vae|FashionMNIST|m64|s123|e300|es1|b2;vae|FashionMNIST|m2|s123|e300|es1|b2;vae|FashionMNIST|m4|s123|e300|es1|b2,132.792959690094,207.12160634994507,339.91456604003906,141.0778239440918,False,0.022463344029017854,0.022365277763937607,False
FashionMNIST,123,2.0,Midpoint local,2,0.15,0.25,,False,4,4,0,0,True,True,0.024567799003756777,7,64;12;10;8;6;4;2,vae|FashionMNIST|m64|s123|e300|es1|b2;vae|FashionMNIST|m12|s123|e300|es1|b2;vae|FashionMNIST|m10|s123|e300|es1|b2;vae|FashionMNIST|m8|s123|e300|es1|b2;vae|FashionMNIST|m6|s123|e300|es1|b2;vae|FashionMNIST|m4|s123|e300|es1|b2;vae|FashionMNIST|m2|s123|e300|es1|b2,350.2872202396393,0.0,350.2872202396393,350.2872202396393,False,0.022463344029017854,0.022365277763937607,False
FashionMNIST,123,2.0,ID certified,2,0.15,0.25,False,True,4,4,0,0,True,True,0.024567799003756777,3,64;2;4,vae|FashionMNIST|m64|s123|e300|es1|b2;vae|FashionMNIST|m2|s123|e300|es1|b2;vae|FashionMNIST|m4|s123|e300|es1|b2,132.792959690094,207.12160634994507,339.91456604003906,141.0778239440918,False,0.022463344029017854,0.022365277763937607,False
FashionMNIST,777,2.0,Full grid Q,2,0.15,0.25,,False,4,4,0,0,True,True,0.025435558459223538,12,64;2;4;6;8;10;12;16;20;24;32;48,vae|FashionMNIST|m64|s777|e300|es1|b2;vae|FashionMNIST|m2|s777|e300|es1|b2;vae|FashionMNIST|m4|s777|e300|es1|b2;vae|FashionMNIST|m6|s777|e300|es1|b2;vae|FashionMNIST|m8|s777|e300|es1|b2;vae|FashionMNIST|m10|s777|e300|es1|b2;vae|FashionMNIST|m12|s777|e300|es1|b2;vae|FashionMNIST|m16|s777|e300|es1|b2;vae|FashionMNIST|m20|s777|e300|es1|b2;vae|FashionMNIST|m24|s777|e300|es1|b2;vae|FashionMNIST|m32|s777|e300|es1|b2;vae|FashionMNIST|m48|s777|e300|es1|b2,571.872834444046,0.0,571.872834444046,571.872834444046,False,0.02219947846081792,0.02210460574610704,False
FashionMNIST,777,2.0,Ascending Q,2,0.15,0.25,,False,4,4,0,0,True,True,0.025435558459223538,3,64;2;4,vae|FashionMNIST|m64|s777|e300|es1|b2;vae|FashionMNIST|m2|s777|e300|es1|b2;vae|FashionMNIST|m4|s777|e300|es1|b2,134.45657682418823,0.0,134.45657682418823,134.45657682418823,False,0.02219947846081792,0.02210460574610704,False
FashionMNIST,777,2.0,Legacy window,2,0.15,0.25,False,True,10,4,6,3,False,True,0.025435558459223538,4,64;2;4;10,vae|FashionMNIST|m64|s777|e300|es1|b2;vae|FashionMNIST|m2|s777|e300|es1|b2;vae|FashionMNIST|m4|s777|e300|es1|b2;vae|FashionMNIST|m10|s777|e300|es1|b2,173.63443779945374,207.12160634994507,380.7560441493988,181.91930205345153,False,0.02146780893753986,0.021258657442469176,False
FashionMNIST,777,2.0,ID local,2,0.15,0.25,False,True,4,4,0,0,True,True,0.025435558459223538,3,64;2;4,vae|FashionMNIST|m64|s777|e300|es1|b2;vae|FashionMNIST|m2|s777|e300|es1|b2;vae|FashionMNIST|m4|s777|e300|es1|b2,134.45657682418823,207.12160634994507,341.5781831741333,142.74144107818603,False,0.02219947846081792,0.02210460574610704,False
FashionMNIST,777,2.0,Midpoint local,2,0.15,0.25,,False,4,4,0,0,True,True,0.025435558459223538,7,64;12;10;8;6;4;2,vae|FashionMNIST|m64|s777|e300|es1|b2;vae|FashionMNIST|m12|s777|e300|es1|b2;vae|FashionMNIST|m10|s777|e300|es1|b2;vae|FashionMNIST|m8|s777|e300|es1|b2;vae|FashionMNIST|m6|s777|e300|es1|b2;vae|FashionMNIST|m4|s777|e300|es1|b2;vae|FashionMNIST|m2|s777|e300|es1|b2,329.4680287837982,0.0,329.4680287837982,329.4680287837982,False,0.02219947846081792,0.02210460574610704,False
FashionMNIST,777,2.0,ID certified,2,0.15,0.25,False,True,4,4,0,0,True,True,0.025435558459223538,3,64;2;4,vae|FashionMNIST|m64|s777|e300|es1|b2;vae|FashionMNIST|m2|s777|e300|es1|b2;vae|FashionMNIST|m4|s777|e300|es1|b2,134.45657682418823,207.12160634994507,341.5781831741333,142.74144107818603,False,0.02219947846081792,0.02210460574610704,False
FashionMNIST,2024,2.0,Full grid Q,2,0.15,0.25,,False,4,4,0,0,True,True,0.024387478232870297,12,64;2;4;6;8;10;12;16;20;24;32;48,vae|FashionMNIST|m64|s2024|e300|es1|b2;vae|FashionMNIST|m2|s2024|e300|es1|b2;vae|FashionMNIST|m4|s2024|e300|es1|b2;vae|FashionMNIST|m6|s2024|e300|es1|b2;vae|FashionMNIST|m8|s2024|e300|es1|b2;vae|FashionMNIST|m10|s2024|e300|es1|b2;vae|FashionMNIST|m12|s2024|e300|es1|b2;vae|FashionMNIST|m16|s2024|e300|es1|b2;vae|FashionMNIST|m20|s2024|e300|es1|b2;vae|FashionMNIST|m24|s2024|e300|es1|b2;vae|FashionMNIST|m32|s2024|e300|es1|b2;vae|FashionMNIST|m48|s2024|e300|es1|b2,679.5504107475281,0.0,679.5504107475281,679.5504107475281,False,0.021649714567223376,0.021481394657472366,False
FashionMNIST,2024,2.0,Ascending Q,2,0.15,0.25,,False,4,4,0,0,True,True,0.024387478232870297,3,64;2;4,vae|FashionMNIST|m64|s2024|e300|es1|b2;vae|FashionMNIST|m2|s2024|e300|es1|b2;vae|FashionMNIST|m4|s2024|e300|es1|b2,184.0894913673401,0.0,184.0894913673401,184.0894913673401,False,0.021649714567223376,0.021481394657472366,False
FashionMNIST,2024,2.0,Legacy window,2,0.15,0.25,False,True,10,4,6,3,False,True,0.024387478232870297,4,64;2;4;10,vae|FashionMNIST|m64|s2024|e300|es1|b2;vae|FashionMNIST|m2|s2024|e300|es1|b2;vae|FashionMNIST|m4|s2024|e300|es1|b2;vae|FashionMNIST|m10|s2024|e300|es1|b2,253.8031406402588,207.12160634994507,460.92474699020386,262.0880048942566,False,0.0215786170180963,0.021361507286019873,False
FashionMNIST,2024,2.0,ID local,2,0.15,0.25,False,True,4,4,0,0,True,True,0.024387478232870297,3,64;2;4,vae|FashionMNIST|m64|s2024|e300|es1|b2;vae|FashionMNIST|m2|s2024|e300|es1|b2;vae|FashionMNIST|m4|s2024|e300|es1|b2,184.0894913673401,207.12160634994507,391.21109771728516,192.37435562133788,False,0.021649714567223376,0.021481394657472366,False
FashionMNIST,2024,2.0,Midpoint local,2,0.15,0.25,,False,4,4,0,0,True,True,0.024387478232870297,7,64;12;10;8;6;4;2,vae|FashionMNIST|m64|s2024|e300|es1|b2;vae|FashionMNIST|m12|s2024|e300|es1|b2;vae|FashionMNIST|m10|s2024|e300|es1|b2;vae|FashionMNIST|m8|s2024|e300|es1|b2;vae|FashionMNIST|m6|s2024|e300|es1|b2;vae|FashionMNIST|m4|s2024|e300|es1|b2;vae|FashionMNIST|m2|s2024|e300|es1|b2,397.1826686859131,0.0,397.1826686859131,397.1826686859131,False,0.021649714567223376,0.021481394657472366,False
FashionMNIST,2024,2.0,ID certified,2,0.15,0.25,False,True,4,4,0,0,True,True,0.024387478232870297,3,64;2;4,vae|FashionMNIST|m64|s2024|e300|es1|b2;vae|FashionMNIST|m2|s2024|e300|es1|b2;vae|FashionMNIST|m4|s2024|e300|es1|b2,184.0894913673401,207.12160634994507,391.21109771728516,192.37435562133788,False,0.021649714567223376,0.021481394657472366,False
FashionMNIST,31337,2.0,Full grid Q,2,0.15,0.25,,False,4,4,0,0,True,True,0.024984133786571276,12,64;2;4;6;8;10;12;16;20;24;32;48,vae|FashionMNIST|m64|s31337|e300|es1|b2;vae|FashionMNIST|m2|s31337|e300|es1|b2;vae|FashionMNIST|m4|s31337|e300|es1|b2;vae|FashionMNIST|m6|s31337|e300|es1|b2;vae|FashionMNIST|m8|s31337|e300|es1|b2;vae|FashionMNIST|m10|s31337|e300|es1|b2;vae|FashionMNIST|m12|s31337|e300|es1|b2;vae|FashionMNIST|m16|s31337|e300|es1|b2;vae|FashionMNIST|m20|s31337|e300|es1|b2;vae|FashionMNIST|m24|s31337|e300|es1|b2;vae|FashionMNIST|m32|s31337|e300|es1|b2;vae|FashionMNIST|m48|s31337|e300|es1|b2,631.6524798870087,0.0,631.6524798870087,631.6524798870087,False,0.022356528768734056,0.02219645410654496,False
FashionMNIST,31337,2.0,Ascending Q,2,0.15,0.25,,False,4,4,0,0,True,True,0.024984133786571276,3,64;2;4,vae|FashionMNIST|m64|s31337|e300|es1|b2;vae|FashionMNIST|m2|s31337|e300|es1|b2;vae|FashionMNIST|m4|s31337|e300|es1|b2,142.41157817840576,0.0,142.41157817840576,142.41157817840576,False,0.022356528768734056,0.02219645410654496,False
FashionMNIST,31337,2.0,Legacy window,2,0.15,0.25,False,True,4,4,0,0,True,True,0.024984133786571276,4,64;2;4;10,vae|FashionMNIST|m64|s31337|e300|es1|b2;vae|FashionMNIST|m2|s31337|e300|es1|b2;vae|FashionMNIST|m4|s31337|e300|es1|b2;vae|FashionMNIST|m10|s31337|e300|es1|b2,186.80009865760803,207.12160634994507,393.9217050075531,195.08496291160583,False,0.022356528768734056,0.02219645410654496,False
FashionMNIST,31337,2.0,ID local,2,0.15,0.25,False,True,4,4,0,0,True,True,0.024984133786571276,3,64;2;4,vae|FashionMNIST|m64|s31337|e300|es1|b2;vae|FashionMNIST|m2|s31337|e300|es1|b2;vae|FashionMNIST|m4|s31337|e300|es1|b2,142.41157817840576,207.12160634994507,349.53318452835083,150.69644243240356,False,0.022356528768734056,0.02219645410654496,False
FashionMNIST,31337,2.0,Midpoint local,2,0.15,0.25,,False,4,4,0,0,True,True,0.024984133786571276,7,64;12;10;8;6;4;2,vae|FashionMNIST|m64|s31337|e300|es1|b2;vae|FashionMNIST|m12|s31337|e300|es1|b2;vae|FashionMNIST|m10|s31337|e300|es1|b2;vae|FashionMNIST|m8|s31337|e300|es1|b2;vae|FashionMNIST|m6|s31337|e300|es1|b2;vae|FashionMNIST|m4|s31337|e300|es1|b2;vae|FashionMNIST|m2|s31337|e300|es1|b2,358.32371640205383,0.0,358.32371640205383,358.32371640205383,False,0.022356528768734056,0.02219645410654496,False
FashionMNIST,31337,2.0,ID certified,2,0.15,0.25,False,True,4,4,0,0,True,True,0.024984133786571276,3,64;2;4,vae|FashionMNIST|m64|s31337|e300|es1|b2;vae|FashionMNIST|m2|s31337|e300|es1|b2;vae|FashionMNIST|m4|s31337|e300|es1|b2,142.41157817840576,207.12160634994507,349.53318452835083,150.69644243240356,False,0.022356528768734056,0.02219645410654496,False
FashionMNIST,42,4.0,Full grid Q,2,0.15,0.25,,False,2,2,0,0,True,True,0.029624252506178252,12,64;2;4;6;8;10;12;16;20;24;32;48,vae|FashionMNIST|m64|s42|e300|es1|b4;vae|FashionMNIST|m2|s42|e300|es1|b4;vae|FashionMNIST|m4|s42|e300|es1|b4;vae|FashionMNIST|m6|s42|e300|es1|b4;vae|FashionMNIST|m8|s42|e300|es1|b4;vae|FashionMNIST|m10|s42|e300|es1|b4;vae|FashionMNIST|m12|s42|e300|es1|b4;vae|FashionMNIST|m16|s42|e300|es1|b4;vae|FashionMNIST|m20|s42|e300|es1|b4;vae|FashionMNIST|m24|s42|e300|es1|b4;vae|FashionMNIST|m32|s42|e300|es1|b4;vae|FashionMNIST|m48|s42|e300|es1|b4,685.6093838214874,0.0,685.6093838214874,685.6093838214874,False,0.02838203710439254,0.02836064594294749,False
FashionMNIST,42,4.0,Ascending Q,2,0.15,0.25,,False,2,2,0,0,True,True,0.029624252506178252,2,64;2,vae|FashionMNIST|m64|s42|e300|es1|b4;vae|FashionMNIST|m2|s42|e300|es1|b4,112.36861491203308,0.0,112.36861491203308,112.36861491203308,False,0.02838203710439254,0.02836064594294749,False
FashionMNIST,42,4.0,Legacy window,2,0.15,0.25,False,True,4,2,2,1,False,True,0.029624252506178252,4,64;2;4;10,vae|FashionMNIST|m64|s42|e300|es1|b4;vae|FashionMNIST|m2|s42|e300|es1|b4;vae|FashionMNIST|m4|s42|e300|es1|b4;vae|FashionMNIST|m10|s42|e300|es1|b4,217.20424127578735,207.12160634994507,424.3258476257324,225.48910552978515,False,0.025243107386997764,0.025070250634433463,False
FashionMNIST,42,4.0,ID local,2,0.15,0.25,False,True,2,2,0,0,True,True,0.029624252506178252,2,64;2,vae|FashionMNIST|m64|s42|e300|es1|b4;vae|FashionMNIST|m2|s42|e300|es1|b4,112.36861491203308,207.12160634994507,319.49022126197815,120.65347916603088,False,0.02838203710439254,0.02836064594294749,False
FashionMNIST,42,4.0,Midpoint local,2,0.15,0.25,,False,2,2,0,0,True,True,0.029624252506178252,7,64;12;10;8;6;4;2,vae|FashionMNIST|m64|s42|e300|es1|b4;vae|FashionMNIST|m12|s42|e300|es1|b4;vae|FashionMNIST|m10|s42|e300|es1|b4;vae|FashionMNIST|m8|s42|e300|es1|b4;vae|FashionMNIST|m6|s42|e300|es1|b4;vae|FashionMNIST|m4|s42|e300|es1|b4;vae|FashionMNIST|m2|s42|e300|es1|b4,404.39853835105896,0.0,404.39853835105896,404.39853835105896,False,0.02838203710439254,0.02836064594294749,False
FashionMNIST,42,4.0,ID certified,2,0.15,0.25,False,True,2,2,0,0,True,True,0.029624252506178252,2,64;2,vae|FashionMNIST|m64|s42|e300|es1|b4;vae|FashionMNIST|m2|s42|e300|es1|b4,112.36861491203308,207.12160634994507,319.49022126197815,120.65347916603088,False,0.02838203710439254,0.02836064594294749,False
FashionMNIST,123,4.0,Full grid Q,2,0.15,0.25,,False,2,2,0,0,True,True,0.02824846259915099,12,64;2;4;6;8;10;12;16;20;24;32;48,vae|FashionMNIST|m64|s123|e300|es1|b4;vae|FashionMNIST|m2|s123|e300|es1|b4;vae|FashionMNIST|m4|s123|e300|es1|b4;vae|FashionMNIST|m6|s123|e300|es1|b4;vae|FashionMNIST|m8|s123|e300|es1|b4;vae|FashionMNIST|m10|s123|e300|es1|b4;vae|FashionMNIST|m12|s123|e300|es1|b4;vae|FashionMNIST|m16|s123|e300|es1|b4;vae|FashionMNIST|m20|s123|e300|es1|b4;vae|FashionMNIST|m24|s123|e300|es1|b4;vae|FashionMNIST|m32|s123|e300|es1|b4;vae|FashionMNIST|m48|s123|e300|es1|b4,713.6594431400299,0.0,713.6594431400299,713.6594431400299,False,0.028084378612284758,0.027880755158508713,False
FashionMNIST,123,4.0,Ascending Q,2,0.15,0.25,,False,2,2,0,0,True,True,0.02824846259915099,2,64;2,vae|FashionMNIST|m64|s123|e300|es1|b4;vae|FashionMNIST|m2|s123|e300|es1|b4,127.43938708305359,0.0,127.43938708305359,127.43938708305359,False,0.028084378612284758,0.027880755158508713,False
FashionMNIST,123,4.0,Legacy window,2,0.15,0.25,False,True,10,2,8,4,False,True,0.02824846259915099,4,64;2;4;10,vae|FashionMNIST|m64|s123|e300|es1|b4;vae|FashionMNIST|m2|s123|e300|es1|b4;vae|FashionMNIST|m4|s123|e300|es1|b4;vae|FashionMNIST|m10|s123|e300|es1|b4,210.79663491249084,207.12160634994507,417.9182412624359,219.08149916648864,False,0.02530903158382494,0.025237753109056123,False
FashionMNIST,123,4.0,ID local,2,0.15,0.25,False,True,2,2,0,0,True,True,0.02824846259915099,2,64;2,vae|FashionMNIST|m64|s123|e300|es1|b4;vae|FashionMNIST|m2|s123|e300|es1|b4,127.43938708305359,207.12160634994507,334.56099343299866,135.72425133705138,False,0.028084378612284758,0.027880755158508713,False
FashionMNIST,123,4.0,Midpoint local,2,0.15,0.25,,False,2,2,0,0,True,True,0.02824846259915099,7,64;12;10;8;6;4;2,vae|FashionMNIST|m64|s123|e300|es1|b4;vae|FashionMNIST|m12|s123|e300|es1|b4;vae|FashionMNIST|m10|s123|e300|es1|b4;vae|FashionMNIST|m8|s123|e300|es1|b4;vae|FashionMNIST|m6|s123|e300|es1|b4;vae|FashionMNIST|m4|s123|e300|es1|b4;vae|FashionMNIST|m2|s123|e300|es1|b4,391.3531286716461,0.0,391.3531286716461,391.3531286716461,False,0.028084378612284758,0.027880755158508713,False
FashionMNIST,123,4.0,ID certified,2,0.15,0.25,False,True,2,2,0,0,True,True,0.02824846259915099,2,64;2,vae|FashionMNIST|m64|s123|e300|es1|b4;vae|FashionMNIST|m2|s123|e300|es1|b4,127.43938708305359,207.12160634994507,334.56099343299866,135.72425133705138,False,0.028084378612284758,0.027880755158508713,False
FashionMNIST,777,4.0,Full grid Q,2,0.15,0.25,,False,4,4,0,0,True,True,0.02797009127869898,12,64;2;4;6;8;10;12;16;20;24;32;48,vae|FashionMNIST|m64|s777|e300|es1|b4;vae|FashionMNIST|m2|s777|e300|es1|b4;vae|FashionMNIST|m4|s777|e300|es1|b4;vae|FashionMNIST|m6|s777|e300|es1|b4;vae|FashionMNIST|m8|s777|e300|es1|b4;vae|FashionMNIST|m10|s777|e300|es1|b4;vae|FashionMNIST|m12|s777|e300|es1|b4;vae|FashionMNIST|m16|s777|e300|es1|b4;vae|FashionMNIST|m20|s777|e300|es1|b4;vae|FashionMNIST|m24|s777|e300|es1|b4;vae|FashionMNIST|m32|s777|e300|es1|b4;vae|FashionMNIST|m48|s777|e300|es1|b4,754.6048395633698,0.0,754.6048395633698,754.6048395633698,False,0.025198446468431123,0.02500290768162734,False
FashionMNIST,777,4.0,Ascending Q,2,0.15,0.25,,False,4,4,0,0,True,True,0.02797009127869898,3,64;2;4,vae|FashionMNIST|m64|s777|e300|es1|b4;vae|FashionMNIST|m2|s777|e300|es1|b4;vae|FashionMNIST|m4|s777|e300|es1|b4,212.12636399269104,0.0,212.12636399269104,212.12636399269104,False,0.025198446468431123,0.02500290768162734,False
FashionMNIST,777,4.0,Legacy window,2,0.15,0.25,False,True,4,4,0,0,True,True,0.02797009127869898,4,64;2;4;10,vae|FashionMNIST|m64|s777|e300|es1|b4;vae|FashionMNIST|m2|s777|e300|es1|b4;vae|FashionMNIST|m4|s777|e300|es1|b4;vae|FashionMNIST|m10|s777|e300|es1|b4,265.4755651950836,207.12160634994507,472.5971715450287,273.7604294490814,False,0.025198446468431123,0.02500290768162734,False
FashionMNIST,777,4.0,ID local,2,0.15,0.25,False,True,4,4,0,0,True,True,0.02797009127869898,3,64;2;4,vae|FashionMNIST|m64|s777|e300|es1|b4;vae|FashionMNIST|m2|s777|e300|es1|b4;vae|FashionMNIST|m4|s777|e300|es1|b4,212.12636399269104,207.12160634994507,419.2479703426361,220.41122824668884,False,0.025198446468431123,0.02500290768162734,False
FashionMNIST,777,4.0,Midpoint local,2,0.15,0.25,,False,4,4,0,0,True,True,0.02797009127869898,7,64;12;10;8;6;4;2,vae|FashionMNIST|m64|s777|e300|es1|b4;vae|FashionMNIST|m12|s777|e300|es1|b4;vae|FashionMNIST|m10|s777|e300|es1|b4;vae|FashionMNIST|m8|s777|e300|es1|b4;vae|FashionMNIST|m6|s777|e300|es1|b4;vae|FashionMNIST|m4|s777|e300|es1|b4;vae|FashionMNIST|m2|s777|e300|es1|b4,468.9759953022003,0.0,468.9759953022003,468.9759953022003,False,0.025198446468431123,0.02500290768162734,False
FashionMNIST,777,4.0,ID certified,2,0.15,0.25,False,True,4,4,0,0,True,True,0.02797009127869898,3,64;2;4,vae|FashionMNIST|m64|s777|e300|es1|b4;vae|FashionMNIST|m2|s777|e300|es1|b4;vae|FashionMNIST|m4|s777|e300|es1|b4,212.12636399269104,207.12160634994507,419.2479703426361,220.41122824668884,False,0.025198446468431123,0.02500290768162734,False
FashionMNIST,2024,4.0,Full grid Q,2,0.15,0.25,,False,2,2,0,0,True,True,0.028290893554687502,12,64;2;4;6;8;10;12;16;20;24;32;48,vae|FashionMNIST|m64|s2024|e300|es1|b4;vae|FashionMNIST|m2|s2024|e300|es1|b4;vae|FashionMNIST|m4|s2024|e300|es1|b4;vae|FashionMNIST|m6|s2024|e300|es1|b4;vae|FashionMNIST|m8|s2024|e300|es1|b4;vae|FashionMNIST|m10|s2024|e300|es1|b4;vae|FashionMNIST|m12|s2024|e300|es1|b4;vae|FashionMNIST|m16|s2024|e300|es1|b4;vae|FashionMNIST|m20|s2024|e300|es1|b4;vae|FashionMNIST|m24|s2024|e300|es1|b4;vae|FashionMNIST|m32|s2024|e300|es1|b4;vae|FashionMNIST|m48|s2024|e300|es1|b4,634.0692694187164,0.0,634.0692694187164,634.0692694187164,False,0.0279159159757653,0.02763035365513393,False
FashionMNIST,2024,4.0,Ascending Q,2,0.15,0.25,,False,2,2,0,0,True,True,0.028290893554687502,2,64;2,vae|FashionMNIST|m64|s2024|e300|es1|b4;vae|FashionMNIST|m2|s2024|e300|es1|b4,123.18702626228333,0.0,123.18702626228333,123.18702626228333,False,0.0279159159757653,0.02763035365513393,False
FashionMNIST,2024,4.0,Legacy window,2,0.15,0.25,False,True,4,2,2,1,False,True,0.028290893554687502,4,64;2;4;10,vae|FashionMNIST|m64|s2024|e300|es1|b4;vae|FashionMNIST|m2|s2024|e300|es1|b4;vae|FashionMNIST|m4|s2024|e300|es1|b4;vae|FashionMNIST|m10|s2024|e300|es1|b4,227.87449645996094,207.12160634994507,434.996102809906,236.15936071395873,False,0.024997606549944193,0.024936770484561013,False
FashionMNIST,2024,4.0,ID local,2,0.15,0.25,False,True,2,2,0,0,True,True,0.028290893554687502,2,64;2,vae|FashionMNIST|m64|s2024|e300|es1|b4;vae|FashionMNIST|m2|s2024|e300|es1|b4,123.18702626228333,207.12160634994507,330.3086326122284,131.47189051628112,False,0.0279159159757653,0.02763035365513393,False
FashionMNIST,2024,4.0,Midpoint local,2,0.15,0.25,,False,2,2,0,0,True,True,0.028290893554687502,7,64;12;10;8;6;4;2,vae|FashionMNIST|m64|s2024|e300|es1|b4;vae|FashionMNIST|m12|s2024|e300|es1|b4;vae|FashionMNIST|m10|s2024|e300|es1|b4;vae|FashionMNIST|m8|s2024|e300|es1|b4;vae|FashionMNIST|m6|s2024|e300|es1|b4;vae|FashionMNIST|m4|s2024|e300|es1|b4;vae|FashionMNIST|m2|s2024|e300|es1|b4,348.522976398468,0.0,348.522976398468,348.522976398468,False,0.0279159159757653,0.02763035365513393,False
FashionMNIST,2024,4.0,ID certified,2,0.15,0.25,False,True,2,2,0,0,True,True,0.028290893554687502,2,64;2,vae|FashionMNIST|m64|s2024|e300|es1|b4;vae|FashionMNIST|m2|s2024|e300|es1|b4,123.18702626228333,207.12160634994507,330.3086326122284,131.47189051628112,False,0.0279159159757653,0.02763035365513393,False
FashionMNIST,31337,4.0,Full grid Q,2,0.15,0.25,,False,2,2,0,0,True,True,0.028685661409339126,12,64;2;4;6;8;10;12;16;20;24;32;48,vae|FashionMNIST|m64|s31337|e300|es1|b4;vae|FashionMNIST|m2|s31337|e300|es1|b4;vae|FashionMNIST|m4|s31337|e300|es1|b4;vae|FashionMNIST|m6|s31337|e300|es1|b4;vae|FashionMNIST|m8|s31337|e300|es1|b4;vae|FashionMNIST|m10|s31337|e300|es1|b4;vae|FashionMNIST|m12|s31337|e300|es1|b4;vae|FashionMNIST|m16|s31337|e300|es1|b4;vae|FashionMNIST|m20|s31337|e300|es1|b4;vae|FashionMNIST|m24|s31337|e300|es1|b4;vae|FashionMNIST|m32|s31337|e300|es1|b4;vae|FashionMNIST|m48|s31337|e300|es1|b4,715.8706228733063,0.0,715.8706228733063,715.8706228733063,False,0.028091254409478638,0.02799090866815476,False
FashionMNIST,31337,4.0,Ascending Q,2,0.15,0.25,,False,2,2,0,0,True,True,0.028685661409339126,2,64;2,vae|FashionMNIST|m64|s31337|e300|es1|b4;vae|FashionMNIST|m2|s31337|e300|es1|b4,119.41341543197632,0.0,119.41341543197632,119.41341543197632,False,0.028091254409478638,0.02799090866815476,False
FashionMNIST,31337,4.0,Legacy window,2,0.15,0.25,False,True,4,2,2,1,False,True,0.028685661409339126,4,64;2;4;10,vae|FashionMNIST|m64|s31337|e300|es1|b4;vae|FashionMNIST|m2|s31337|e300|es1|b4;vae|FashionMNIST|m4|s31337|e300|es1|b4;vae|FashionMNIST|m10|s31337|e300|es1|b4,210.51168584823608,207.12160634994507,417.63329219818115,218.79655010223388,False,0.025155467753507653,0.02507835709967581,False
FashionMNIST,31337,4.0,ID local,2,0.15,0.25,False,True,2,2,0,0,True,True,0.028685661409339126,2,64;2,vae|FashionMNIST|m64|s31337|e300|es1|b4;vae|FashionMNIST|m2|s31337|e300|es1|b4,119.41341543197632,207.12160634994507,326.5350217819214,127.69827968597411,False,0.028091254409478638,0.02799090866815476,False
FashionMNIST,31337,4.0,Midpoint local,2,0.15,0.25,,False,2,2,0,0,True,True,0.028685661409339126,7,64;12;10;8;6;4;2,vae|FashionMNIST|m64|s31337|e300|es1|b4;vae|FashionMNIST|m12|s31337|e300|es1|b4;vae|FashionMNIST|m10|s31337|e300|es1|b4;vae|FashionMNIST|m8|s31337|e300|es1|b4;vae|FashionMNIST|m6|s31337|e300|es1|b4;vae|FashionMNIST|m4|s31337|e300|es1|b4;vae|FashionMNIST|m2|s31337|e300|es1|b4,394.1546239852905,0.0,394.1546239852905,394.1546239852905,False,0.028091254409478638,0.02799090866815476,False
FashionMNIST,31337,4.0,ID certified,2,0.15,0.25,False,True,2,2,0,0,True,True,0.028685661409339126,2,64;2,vae|FashionMNIST|m64|s31337|e300|es1|b4;vae|FashionMNIST|m2|s31337|e300|es1|b4,119.41341543197632,207.12160634994507,326.5350217819214,127.69827968597411,False,0.028091254409478638,0.02799090866815476,False
dSprites,42,0.25,Full grid Q,2,0.15,0.25,,False,16,16,0,0,True,True,0.0011333681330084804,12,64;2;4;6;8;10;12;16;20;24;32;48,vae|dSprites|m64|s42|e300|es1|b0.25;vae|dSprites|m2|s42|e300|es1|b0.25;vae|dSprites|m4|s42|e300|es1|b0.25;vae|dSprites|m6|s42|e300|es1|b0.25;vae|dSprites|m8|s42|e300|es1|b0.25;vae|dSprites|m10|s42|e300|es1|b0.25;vae|dSprites|m12|s42|e300|es1|b0.25;vae|dSprites|m16|s42|e300|es1|b0.25;vae|dSprites|m20|s42|e300|es1|b0.25;vae|dSprites|m24|s42|e300|es1|b0.25;vae|dSprites|m32|s42|e300|es1|b0.25;vae|dSprites|m48|s42|e300|es1|b0.25,3029.936535835266,0.0,3029.936535835266,3029.936535835266,False,0.001125620886683464,0.0011154510875542958,True
dSprites,42,0.25,Ascending Q,2,0.15,0.25,,False,16,16,0,0,True,True,0.0011333681330084804,8,64;2;4;6;8;10;12;16,vae|dSprites|m64|s42|e300|es1|b0.25;vae|dSprites|m2|s42|e300|es1|b0.25;vae|dSprites|m4|s42|e300|es1|b0.25;vae|dSprites|m6|s42|e300|es1|b0.25;vae|dSprites|m8|s42|e300|es1|b0.25;vae|dSprites|m10|s42|e300|es1|b0.25;vae|dSprites|m12|s42|e300|es1|b0.25;vae|dSprites|m16|s42|e300|es1|b0.25,2011.9620156288147,0.0,2011.9620156288147,2011.9620156288147,False,0.001125620886683464,0.0011154510875542958,True
dSprites,42,0.25,Legacy window,2,0.15,0.25,False,True,64,16,48,5,False,True,0.0011333681330084804,4,64;2;4;10,vae|dSprites|m64|s42|e300|es1|b0.25;vae|dSprites|m2|s42|e300|es1|b0.25;vae|dSprites|m4|s42|e300|es1|b0.25;vae|dSprites|m10|s42|e300|es1|b0.25,814.0071399211884,295.7825562953949,1109.7896962165833,825.8384421730042,False,0.0010303346663713456,0.001013053963581721,True
dSprites,42,0.25,ID local,2,0.15,0.25,False,True,16,16,0,0,True,True,0.0011333681330084804,8,64;2;4;6;8;10;12;16,vae|dSprites|m64|s42|e300|es1|b0.25;vae|dSprites|m2|s42|e300|es1|b0.25;vae|dSprites|m4|s42|e300|es1|b0.25;vae|dSprites|m6|s42|e300|es1|b0.25;vae|dSprites|m8|s42|e300|es1|b0.25;vae|dSprites|m10|s42|e300|es1|b0.25;vae|dSprites|m12|s42|e300|es1|b0.25;vae|dSprites|m16|s42|e300|es1|b0.25,2011.9620156288147,295.7825562953949,2307.7445719242096,2023.7933178806304,False,0.001125620886683464,0.0011154510875542958,True
dSprites,42,0.25,Midpoint local,2,0.15,0.25,,False,16,16,0,0,True,True,0.0011333681330084804,3,64;12;16,vae|dSprites|m64|s42|e300|es1|b0.25;vae|dSprites|m12|s42|e300|es1|b0.25;vae|dSprites|m16|s42|e300|es1|b0.25,855.5001795291901,0.0,855.5001795291901,855.5001795291901,False,0.001125620886683464,0.0011154510875542958,True
dSprites,42,0.25,ID certified,2,0.15,0.25,False,True,16,16,0,0,True,True,0.0011333681330084804,8,64;2;4;6;8;10;12;16,vae|dSprites|m64|s42|e300|es1|b0.25;vae|dSprites|m2|s42|e300|es1|b0.25;vae|dSprites|m4|s42|e300|es1|b0.25;vae|dSprites|m6|s42|e300|es1|b0.25;vae|dSprites|m8|s42|e300|es1|b0.25;vae|dSprites|m10|s42|e300|es1|b0.25;vae|dSprites|m12|s42|e300|es1|b0.25;vae|dSprites|m16|s42|e300|es1|b0.25,2011.9620156288147,295.7825562953949,2307.7445719242096,2023.7933178806304,False,0.001125620886683464,0.0011154510875542958,True
dSprites,123,0.25,Full grid Q,2,0.15,0.25,,False,20,20,0,0,True,True,0.0011193018436431886,12,64;2;4;6;8;10;12;16;20;24;32;48,vae|dSprites|m64|s123|e300|es1|b0.25;vae|dSprites|m2|s123|e300|es1|b0.25;vae|dSprites|m4|s123|e300|es1|b0.25;vae|dSprites|m6|s123|e300|es1|b0.25;vae|dSprites|m8|s123|e300|es1|b0.25;vae|dSprites|m10|s123|e300|es1|b0.25;vae|dSprites|m12|s123|e300|es1|b0.25;vae|dSprites|m16|s123|e300|es1|b0.25;vae|dSprites|m20|s123|e300|es1|b0.25;vae|dSprites|m24|s123|e300|es1|b0.25;vae|dSprites|m32|s123|e300|es1|b0.25;vae|dSprites|m48|s123|e300|es1|b0.25,3053.7157995700836,0.0,3053.7157995700836,3053.7157995700836,False,0.0010477355122566223,0.0010264321813980737,True
dSprites,123,0.25,Ascending Q,2,0.15,0.25,,False,20,20,0,0,True,True,0.0011193018436431886,9,64;2;4;6;8;10;12;16;20,vae|dSprites|m64|s123|e300|es1|b0.25;vae|dSprites|m2|s123|e300|es1|b0.25;vae|dSprites|m4|s123|e300|es1|b0.25;vae|dSprites|m6|s123|e300|es1|b0.25;vae|dSprites|m8|s123|e300|es1|b0.25;vae|dSprites|m10|s123|e300|es1|b0.25;vae|dSprites|m12|s123|e300|es1|b0.25;vae|dSprites|m16|s123|e300|es1|b0.25;vae|dSprites|m20|s123|e300|es1|b0.25,2302.2108170986176,0.0,2302.2108170986176,2302.2108170986176,False,0.0010477355122566223,0.0010264321813980737,True
dSprites,123,0.25,Legacy window,2,0.15,0.25,False,True,64,20,44,4,False,True,0.0011193018436431886,4,64;2;4;10,vae|dSprites|m64|s123|e300|es1|b0.25;vae|dSprites|m2|s123|e300|es1|b0.25;vae|dSprites|m4|s123|e300|es1|b0.25;vae|dSprites|m10|s123|e300|es1|b0.25,840.2436923980713,295.7825562953949,1136.0262486934662,852.0749946498871,False,0.0010175471305847168,0.00099127330382665,True
dSprites,123,0.25,ID local,2,0.15,0.25,False,True,20,20,0,0,True,True,0.0011193018436431886,9,64;2;4;6;8;10;12;16;20,vae|dSprites|m64|s123|e300|es1|b0.25;vae|dSprites|m2|s123|e300|es1|b0.25;vae|dSprites|m4|s123|e300|es1|b0.25;vae|dSprites|m6|s123|e300|es1|b0.25;vae|dSprites|m8|s123|e300|es1|b0.25;vae|dSprites|m10|s123|e300|es1|b0.25;vae|dSprites|m12|s123|e300|es1|b0.25;vae|dSprites|m16|s123|e300|es1|b0.25;vae|dSprites|m20|s123|e300|es1|b0.25,2302.2108170986176,295.7825562953949,2597.9933733940125,2314.0421193504335,False,0.0010477355122566223,0.0010264321813980737,True
dSprites,123,0.25,Midpoint local,2,0.15,0.25,,False,20,20,0,0,True,True,0.0011193018436431886,4,64;12;16;20,vae|dSprites|m64|s123|e300|es1|b0.25;vae|dSprites|m12|s123|e300|es1|b0.25;vae|dSprites|m16|s123|e300|es1|b0.25;vae|dSprites|m20|s123|e300|es1|b0.25,1135.1217069625854,0.0,1135.1217069625854,1135.1217069625854,False,0.0010477355122566223,0.0010264321813980737,True
dSprites,123,0.25,ID certified,2,0.15,0.25,False,True,20,20,0,0,True,True,0.0011193018436431886,9,64;2;4;6;8;10;12;16;20,vae|dSprites|m64|s123|e300|es1|b0.25;vae|dSprites|m2|s123|e300|es1|b0.25;vae|dSprites|m4|s123|e300|es1|b0.25;vae|dSprites|m6|s123|e300|es1|b0.25;vae|dSprites|m8|s123|e300|es1|b0.25;vae|dSprites|m10|s123|e300|es1|b0.25;vae|dSprites|m12|s123|e300|es1|b0.25;vae|dSprites|m16|s123|e300|es1|b0.25;vae|dSprites|m20|s123|e300|es1|b0.25,2302.2108170986176,295.7825562953949,2597.9933733940125,2314.0421193504335,False,0.0010477355122566223,0.0010264321813980737,True
dSprites,777,0.25,Full grid Q,2,0.15,0.25,,False,32,32,0,0,True,True,0.0011331639468669893,12,64;2;4;6;8;10;12;16;20;24;32;48,vae|dSprites|m64|s777|e300|es1|b0.25;vae|dSprites|m2|s777|e300|es1|b0.25;vae|dSprites|m4|s777|e300|es1|b0.25;vae|dSprites|m6|s777|e300|es1|b0.25;vae|dSprites|m8|s777|e300|es1|b0.25;vae|dSprites|m10|s777|e300|es1|b0.25;vae|dSprites|m12|s777|e300|es1|b0.25;vae|dSprites|m16|s777|e300|es1|b0.25;vae|dSprites|m20|s777|e300|es1|b0.25;vae|dSprites|m24|s777|e300|es1|b0.25;vae|dSprites|m32|s777|e300|es1|b0.25;vae|dSprites|m48|s777|e300|es1|b0.25,2794.7920668125153,0.0,2794.7920668125153,2794.7920668125153,False,0.000994985282421112,0.0009779614408810934,False
dSprites,777,0.25,Ascending Q,2,0.15,0.25,,False,32,32,0,0,True,True,0.0011331639468669893,11,64;2;4;6;8;10;12;16;20;24;32,vae|dSprites|m64|s777|e300|es1|b0.25;vae|dSprites|m2|s777|e300|es1|b0.25;vae|dSprites|m4|s777|e300|es1|b0.25;vae|dSprites|m6|s777|e300|es1|b0.25;vae|dSprites|m8|s777|e300|es1|b0.25;vae|dSprites|m10|s777|e300|es1|b0.25;vae|dSprites|m12|s777|e300|es1|b0.25;vae|dSprites|m16|s777|e300|es1|b0.25;vae|dSprites|m20|s777|e300|es1|b0.25;vae|dSprites|m24|s777|e300|es1|b0.25;vae|dSprites|m32|s777|e300|es1|b0.25,2578.39236164093,0.0,2578.39236164093,2578.39236164093,False,0.000994985282421112,0.0009779614408810934,False
dSprites,777,0.25,Legacy window,2,0.15,0.25,False,True,64,32,32,2,False,True,0.0011331639468669893,4,64;2;4;10,vae|dSprites|m64|s777|e300|es1|b0.25;vae|dSprites|m2|s777|e300|es1|b0.25;vae|dSprites|m4|s777|e300|es1|b0.25;vae|dSprites|m10|s777|e300|es1|b0.25,772.7288620471954,295.7825562953949,1068.5114183425903,784.5601642990113,False,0.0010301490426063537,0.0010203494528929393,False
dSprites,777,0.25,ID local,2,0.15,0.25,False,True,32,32,0,0,True,True,0.0011331639468669893,11,64;2;4;6;8;10;12;16;20;24;32,vae|dSprites|m64|s777|e300|es1|b0.25;vae|dSprites|m2|s777|e300|es1|b0.25;vae|dSprites|m4|s777|e300|es1|b0.25;vae|dSprites|m6|s777|e300|es1|b0.25;vae|dSprites|m8|s777|e300|es1|b0.25;vae|dSprites|m10|s777|e300|es1|b0.25;vae|dSprites|m12|s777|e300|es1|b0.25;vae|dSprites|m16|s777|e300|es1|b0.25;vae|dSprites|m20|s777|e300|es1|b0.25;vae|dSprites|m24|s777|e300|es1|b0.25;vae|dSprites|m32|s777|e300|es1|b0.25,2578.39236164093,295.7825562953949,2874.174917936325,2590.223663892746,False,0.000994985282421112,0.0009779614408810934,False
dSprites,777,0.25,Midpoint local,2,0.15,0.25,,False,32,32,0,0,True,True,0.0011331639468669893,6,64;12;16;20;24;32,vae|dSprites|m64|s777|e300|es1|b0.25;vae|dSprites|m12|s777|e300|es1|b0.25;vae|dSprites|m16|s777|e300|es1|b0.25;vae|dSprites|m20|s777|e300|es1|b0.25;vae|dSprites|m24|s777|e300|es1|b0.25;vae|dSprites|m32|s777|e300|es1|b0.25,1582.1852033138275,0.0,1582.1852033138275,1582.1852033138275,False,0.000994985282421112,0.0009779614408810934,False
dSprites,777,0.25,ID certified,2,0.15,0.25,False,True,32,32,0,0,True,True,0.0011331639468669893,11,64;2;4;6;8;10;12;16;20;24;32,vae|dSprites|m64|s777|e300|es1|b0.25;vae|dSprites|m2|s777|e300|es1|b0.25;vae|dSprites|m4|s777|e300|es1|b0.25;vae|dSprites|m6|s777|e300|es1|b0.25;vae|dSprites|m8|s777|e300|es1|b0.25;vae|dSprites|m10|s777|e300|es1|b0.25;vae|dSprites|m12|s777|e300|es1|b0.25;vae|dSprites|m16|s777|e300|es1|b0.25;vae|dSprites|m20|s777|e300|es1|b0.25;vae|dSprites|m24|s777|e300|es1|b0.25;vae|dSprites|m32|s777|e300|es1|b0.25,2578.39236164093,295.7825562953949,2874.174917936325,2590.223663892746,False,0.000994985282421112,0.0009779614408810934,False
dSprites,2024,0.25,Full grid Q,2,0.15,0.25,,False,16,16,0,0,True,True,0.0011424610137939454,12,64;2;4;6;8;10;12;16;20;24;32;48,vae|dSprites|m64|s2024|e300|es1|b0.25;vae|dSprites|m2|s2024|e300|es1|b0.25;vae|dSprites|m4|s2024|e300|es1|b0.25;vae|dSprites|m6|s2024|e300|es1|b0.25;vae|dSprites|m8|s2024|e300|es1|b0.25;vae|dSprites|m10|s2024|e300|es1|b0.25;vae|dSprites|m12|s2024|e300|es1|b0.25;vae|dSprites|m16|s2024|e300|es1|b0.25;vae|dSprites|m20|s2024|e300|es1|b0.25;vae|dSprites|m24|s2024|e300|es1|b0.25;vae|dSprites|m32|s2024|e300|es1|b0.25;vae|dSprites|m48|s2024|e300|es1|b0.25,3109.7918553352356,0.0,3109.7918553352356,3109.7918553352356,False,0.0010706788897514342,0.0010620781183242798,False
dSprites,2024,0.25,Ascending Q,2,0.15,0.25,,False,16,16,0,0,True,True,0.0011424610137939454,8,64;2;4;6;8;10;12;16,vae|dSprites|m64|s2024|e300|es1|b0.25;vae|dSprites|m2|s2024|e300|es1|b0.25;vae|dSprites|m4|s2024|e300|es1|b0.25;vae|dSprites|m6|s2024|e300|es1|b0.25;vae|dSprites|m8|s2024|e300|es1|b0.25;vae|dSprites|m10|s2024|e300|es1|b0.25;vae|dSprites|m12|s2024|e300|es1|b0.25;vae|dSprites|m16|s2024|e300|es1|b0.25,2029.0167200565338,0.0,2029.0167200565338,2029.0167200565338,False,0.0010706788897514342,0.0010620781183242798,False
dSprites,2024,0.25,Legacy window,2,0.15,0.25,False,True,64,16,48,5,False,True,0.0011424610137939454,4,64;2;4;10,vae|dSprites|m64|s2024|e300|es1|b0.25;vae|dSprites|m2|s2024|e300|es1|b0.25;vae|dSprites|m4|s2024|e300|es1|b0.25;vae|dSprites|m10|s2024|e300|es1|b0.25,735.8607778549194,295.7825562953949,1031.6433341503143,747.6920801067353,False,0.0010386009216308593,0.0010090320010979971,False
dSprites,2024,0.25,ID local,2,0.15,0.25,False,True,16,16,0,0,True,True,0.0011424610137939454,8,64;2;4;6;8;10;12;16,vae|dSprites|m64|s2024|e300|es1|b0.25;vae|dSprites|m2|s2024|e300|es1|b0.25;vae|dSprites|m4|s2024|e300|es1|b0.25;vae|dSprites|m6|s2024|e300|es1|b0.25;vae|dSprites|m8|s2024|e300|es1|b0.25;vae|dSprites|m10|s2024|e300|es1|b0.25;vae|dSprites|m12|s2024|e300|es1|b0.25;vae|dSprites|m16|s2024|e300|es1|b0.25,2029.0167200565338,295.7825562953949,2324.7992763519287,2040.8480223083495,False,0.0010706788897514342,0.0010620781183242798,False
dSprites,2024,0.25,Midpoint local,2,0.15,0.25,,False,16,16,0,0,True,True,0.0011424610137939454,3,64;12;16,vae|dSprites|m64|s2024|e300|es1|b0.25;vae|dSprites|m12|s2024|e300|es1|b0.25;vae|dSprites|m16|s2024|e300|es1|b0.25,811.0711777210236,0.0,811.0711777210236,811.0711777210236,False,0.0010706788897514342,0.0010620781183242798,False
dSprites,2024,0.25,ID certified,2,0.15,0.25,False,True,16,16,0,0,True,True,0.0011424610137939454,8,64;2;4;6;8;10;12;16,vae|dSprites|m64|s2024|e300|es1|b0.25;vae|dSprites|m2|s2024|e300|es1|b0.25;vae|dSprites|m4|s2024|e300|es1|b0.25;vae|dSprites|m6|s2024|e300|es1|b0.25;vae|dSprites|m8|s2024|e300|es1|b0.25;vae|dSprites|m10|s2024|e300|es1|b0.25;vae|dSprites|m12|s2024|e300|es1|b0.25;vae|dSprites|m16|s2024|e300|es1|b0.25,2029.0167200565338,295.7825562953949,2324.7992763519287,2040.8480223083495,False,0.0010706788897514342,0.0010620781183242798,False
dSprites,31337,0.25,Full grid Q,2,0.15,0.25,,False,24,24,0,0,True,True,0.0010546437293291093,12,64;2;4;6;8;10;12;16;20;24;32;48,vae|dSprites|m64|s31337|e300|es1|b0.25;vae|dSprites|m2|s31337|e300|es1|b0.25;vae|dSprites|m4|s31337|e300|es1|b0.25;vae|dSprites|m6|s31337|e300|es1|b0.25;vae|dSprites|m8|s31337|e300|es1|b0.25;vae|dSprites|m10|s31337|e300|es1|b0.25;vae|dSprites|m12|s31337|e300|es1|b0.25;vae|dSprites|m16|s31337|e300|es1|b0.25;vae|dSprites|m20|s31337|e300|es1|b0.25;vae|dSprites|m24|s31337|e300|es1|b0.25;vae|dSprites|m32|s31337|e300|es1|b0.25;vae|dSprites|m48|s31337|e300|es1|b0.25,3052.8110201358795,0.0,3052.8110201358795,3052.8110201358795,False,0.0010425849854946137,0.0010329383114973704,True
dSprites,31337,0.25,Ascending Q,2,0.15,0.25,,False,24,24,0,0,True,True,0.0010546437293291093,10,64;2;4;6;8;10;12;16;20;24,vae|dSprites|m64|s31337|e300|es1|b0.25;vae|dSprites|m2|s31337|e300|es1|b0.25;vae|dSprites|m4|s31337|e300|es1|b0.25;vae|dSprites|m6|s31337|e300|es1|b0.25;vae|dSprites|m8|s31337|e300|es1|b0.25;vae|dSprites|m10|s31337|e300|es1|b0.25;vae|dSprites|m12|s31337|e300|es1|b0.25;vae|dSprites|m16|s31337|e300|es1|b0.25;vae|dSprites|m20|s31337|e300|es1|b0.25;vae|dSprites|m24|s31337|e300|es1|b0.25,2652.9240913391113,0.0,2652.9240913391113,2652.9240913391113,False,0.0010425849854946137,0.0010329383114973704,True
dSprites,31337,0.25,Legacy window,2,0.15,0.25,False,True,64,24,40,3,False,True,0.0010546437293291093,4,64;2;4;10,vae|dSprites|m64|s31337|e300|es1|b0.25;vae|dSprites|m2|s31337|e300|es1|b0.25;vae|dSprites|m4|s31337|e300|es1|b0.25;vae|dSprites|m10|s31337|e300|es1|b0.25,800.1722543239594,295.7825562953949,1095.9548106193542,812.0035565757752,False,0.0009587670266628266,0.0009573031862576802,True
dSprites,31337,0.25,ID local,2,0.15,0.25,False,True,24,24,0,0,True,True,0.0010546437293291093,10,64;2;4;6;8;10;12;16;20;24,vae|dSprites|m64|s31337|e300|es1|b0.25;vae|dSprites|m2|s31337|e300|es1|b0.25;vae|dSprites|m4|s31337|e300|es1|b0.25;vae|dSprites|m6|s31337|e300|es1|b0.25;vae|dSprites|m8|s31337|e300|es1|b0.25;vae|dSprites|m10|s31337|e300|es1|b0.25;vae|dSprites|m12|s31337|e300|es1|b0.25;vae|dSprites|m16|s31337|e300|es1|b0.25;vae|dSprites|m20|s31337|e300|es1|b0.25;vae|dSprites|m24|s31337|e300|es1|b0.25,2652.9240913391113,295.7825562953949,2948.706647634506,2664.7553935909273,False,0.0010425849854946137,0.0010329383114973704,True
dSprites,31337,0.25,Midpoint local,2,0.15,0.25,,False,24,24,0,0,True,True,0.0010546437293291093,5,64;12;16;20;24,vae|dSprites|m64|s31337|e300|es1|b0.25;vae|dSprites|m12|s31337|e300|es1|b0.25;vae|dSprites|m16|s31337|e300|es1|b0.25;vae|dSprites|m20|s31337|e300|es1|b0.25;vae|dSprites|m24|s31337|e300|es1|b0.25,1544.84627699852,0.0,1544.84627699852,1544.84627699852,False,0.0010425849854946137,0.0010329383114973704,True
dSprites,31337,0.25,ID certified,2,0.15,0.25,False,True,24,24,0,0,True,True,0.0010546437293291093,10,64;2;4;6;8;10;12;16;20;24,vae|dSprites|m64|s31337|e300|es1|b0.25;vae|dSprites|m2|s31337|e300|es1|b0.25;vae|dSprites|m4|s31337|e300|es1|b0.25;vae|dSprites|m6|s31337|e300|es1|b0.25;vae|dSprites|m8|s31337|e300|es1|b0.25;vae|dSprites|m10|s31337|e300|es1|b0.25;vae|dSprites|m12|s31337|e300|es1|b0.25;vae|dSprites|m16|s31337|e300|es1|b0.25;vae|dSprites|m20|s31337|e300|es1|b0.25;vae|dSprites|m24|s31337|e300|es1|b0.25,2652.9240913391113,295.7825562953949,2948.706647634506,2664.7553935909273,False,0.0010425849854946137,0.0010329383114973704,True
dSprites,42,0.5,Full grid Q,2,0.15,0.25,,False,32,32,0,0,True,True,0.001124944819509983,12,64;2;4;6;8;10;12;16;20;24;32;48,vae|dSprites|m64|s42|e300|es1|b0.5;vae|dSprites|m2|s42|e300|es1|b0.5;vae|dSprites|m4|s42|e300|es1|b0.5;vae|dSprites|m6|s42|e300|es1|b0.5;vae|dSprites|m8|s42|e300|es1|b0.5;vae|dSprites|m10|s42|e300|es1|b0.5;vae|dSprites|m12|s42|e300|es1|b0.5;vae|dSprites|m16|s42|e300|es1|b0.5;vae|dSprites|m20|s42|e300|es1|b0.5;vae|dSprites|m24|s42|e300|es1|b0.5;vae|dSprites|m32|s42|e300|es1|b0.5;vae|dSprites|m48|s42|e300|es1|b0.5,2131.067286968231,0.0,2131.067286968231,2131.067286968231,False,0.0011127369552850724,0.0011000025073687235,True
dSprites,42,0.5,Ascending Q,2,0.15,0.25,,False,32,32,0,0,True,True,0.001124944819509983,11,64;2;4;6;8;10;12;16;20;24;32,vae|dSprites|m64|s42|e300|es1|b0.5;vae|dSprites|m2|s42|e300|es1|b0.5;vae|dSprites|m4|s42|e300|es1|b0.5;vae|dSprites|m6|s42|e300|es1|b0.5;vae|dSprites|m8|s42|e300|es1|b0.5;vae|dSprites|m10|s42|e300|es1|b0.5;vae|dSprites|m12|s42|e300|es1|b0.5;vae|dSprites|m16|s42|e300|es1|b0.5;vae|dSprites|m20|s42|e300|es1|b0.5;vae|dSprites|m24|s42|e300|es1|b0.5;vae|dSprites|m32|s42|e300|es1|b0.5,1947.921816110611,0.0,1947.921816110611,1947.921816110611,False,0.0011127369552850724,0.0011000025073687235,True
dSprites,42,0.5,Legacy window,2,0.15,0.25,False,True,64,32,32,2,False,True,0.001124944819509983,4,64;2;4;10,vae|dSprites|m64|s42|e300|es1|b0.5;vae|dSprites|m2|s42|e300|es1|b0.5;vae|dSprites|m4|s42|e300|es1|b0.5;vae|dSprites|m10|s42|e300|es1|b0.5,628.896297454834,295.7825562953949,924.6788537502289,640.7275997066498,False,0.001022677108645439,0.0010170978804429373,True
dSprites,42,0.5,ID local,2,0.15,0.25,False,True,32,32,0,0,True,True,0.001124944819509983,11,64;2;4;6;8;10;12;16;20;24;32,vae|dSprites|m64|s42|e300|es1|b0.5;vae|dSprites|m2|s42|e300|es1|b0.5;vae|dSprites|m4|s42|e300|es1|b0.5;vae|dSprites|m6|s42|e300|es1|b0.5;vae|dSprites|m8|s42|e300|es1|b0.5;vae|dSprites|m10|s42|e300|es1|b0.5;vae|dSprites|m12|s42|e300|es1|b0.5;vae|dSprites|m16|s42|e300|es1|b0.5;vae|dSprites|m20|s42|e300|es1|b0.5;vae|dSprites|m24|s42|e300|es1|b0.5;vae|dSprites|m32|s42|e300|es1|b0.5,1947.921816110611,295.7825562953949,2243.704372406006,1959.7531183624267,False,0.0011127369552850724,0.0011000025073687235,True
dSprites,42,0.5,Midpoint local,2,0.15,0.25,,False,32,32,0,0,True,True,0.001124944819509983,6,64;12;16;20;24;32,vae|dSprites|m64|s42|e300|es1|b0.5;vae|dSprites|m12|s42|e300|es1|b0.5;vae|dSprites|m16|s42|e300|es1|b0.5;vae|dSprites|m20|s42|e300|es1|b0.5;vae|dSprites|m24|s42|e300|es1|b0.5;vae|dSprites|m32|s42|e300|es1|b0.5,1213.4920258522034,0.0,1213.4920258522034,1213.4920258522034,False,0.0011127369552850724,0.0011000025073687235,True
dSprites,42,0.5,ID certified,2,0.15,0.25,False,True,32,32,0,0,True,True,0.001124944819509983,11,64;2;4;6;8;10;12;16;20;24;32,vae|dSprites|m64|s42|e300|es1|b0.5;vae|dSprites|m2|s42|e300|es1|b0.5;vae|dSprites|m4|s42|e300|es1|b0.5;vae|dSprites|m6|s42|e300|es1|b0.5;vae|dSprites|m8|s42|e300|es1|b0.5;vae|dSprites|m10|s42|e300|es1|b0.5;vae|dSprites|m12|s42|e300|es1|b0.5;vae|dSprites|m16|s42|e300|es1|b0.5;vae|dSprites|m20|s42|e300|es1|b0.5;vae|dSprites|m24|s42|e300|es1|b0.5;vae|dSprites|m32|s42|e300|es1|b0.5,1947.921816110611,295.7825562953949,2243.704372406006,1959.7531183624267,False,0.0011127369552850724,0.0011000025073687235,True
dSprites,123,0.5,Full grid Q,2,0.15,0.25,,False,32,32,0,0,True,True,0.0011167500823736191,12,64;2;4;6;8;10;12;16;20;24;32;48,vae|dSprites|m64|s123|e300|es1|b0.5;vae|dSprites|m2|s123|e300|es1|b0.5;vae|dSprites|m4|s123|e300|es1|b0.5;vae|dSprites|m6|s123|e300|es1|b0.5;vae|dSprites|m8|s123|e300|es1|b0.5;vae|dSprites|m10|s123|e300|es1|b0.5;vae|dSprites|m12|s123|e300|es1|b0.5;vae|dSprites|m16|s123|e300|es1|b0.5;vae|dSprites|m20|s123|e300|es1|b0.5;vae|dSprites|m24|s123|e300|es1|b0.5;vae|dSprites|m32|s123|e300|es1|b0.5;vae|dSprites|m48|s123|e300|es1|b0.5,2246.439473390579,0.0,2246.439473390579,2246.439473390579,False,0.0010780636519193648,0.0010705913801987966,False
dSprites,123,0.5,Ascending Q,2,0.15,0.25,,False,32,32,0,0,True,True,0.0011167500823736191,11,64;2;4;6;8;10;12;16;20;24;32,vae|dSprites|m64|s123|e300|es1|b0.5;vae|dSprites|m2|s123|e300|es1|b0.5;vae|dSprites|m4|s123|e300|es1|b0.5;vae|dSprites|m6|s123|e300|es1|b0.5;vae|dSprites|m8|s123|e300|es1|b0.5;vae|dSprites|m10|s123|e300|es1|b0.5;vae|dSprites|m12|s123|e300|es1|b0.5;vae|dSprites|m16|s123|e300|es1|b0.5;vae|dSprites|m20|s123|e300|es1|b0.5;vae|dSprites|m24|s123|e300|es1|b0.5;vae|dSprites|m32|s123|e300|es1|b0.5,1932.8825047016144,0.0,1932.8825047016144,1932.8825047016144,False,0.0010780636519193648,0.0010705913801987966,False
dSprites,123,0.5,Legacy window,2,0.15,0.25,False,True,64,32,32,2,False,True,0.0011167500823736191,4,64;2;4;10,vae|dSprites|m64|s123|e300|es1|b0.5;vae|dSprites|m2|s123|e300|es1|b0.5;vae|dSprites|m4|s123|e300|es1|b0.5;vae|dSprites|m10|s123|e300|es1|b0.5,642.4050633907318,295.7825562953949,938.1876196861267,654.2363656425476,False,0.001015227347612381,0.0010155147711435953,False
dSprites,123,0.5,ID local,2,0.15,0.25,False,True,32,32,0,0,True,True,0.0011167500823736191,11,64;2;4;6;8;10;12;16;20;24;32,vae|dSprites|m64|s123|e300|es1|b0.5;vae|dSprites|m2|s123|e300|es1|b0.5;vae|dSprites|m4|s123|e300|es1|b0.5;vae|dSprites|m6|s123|e300|es1|b0.5;vae|dSprites|m8|s123|e300|es1|b0.5;vae|dSprites|m10|s123|e300|es1|b0.5;vae|dSprites|m12|s123|e300|es1|b0.5;vae|dSprites|m16|s123|e300|es1|b0.5;vae|dSprites|m20|s123|e300|es1|b0.5;vae|dSprites|m24|s123|e300|es1|b0.5;vae|dSprites|m32|s123|e300|es1|b0.5,1932.8825047016144,295.7825562953949,2228.6650609970093,1944.71380695343,False,0.0010780636519193648,0.0010705913801987966,False
dSprites,123,0.5,Midpoint local,2,0.15,0.25,,False,32,32,0,0,True,True,0.0011167500823736191,6,64;12;16;20;24;32,vae|dSprites|m64|s123|e300|es1|b0.5;vae|dSprites|m12|s123|e300|es1|b0.5;vae|dSprites|m16|s123|e300|es1|b0.5;vae|dSprites|m20|s123|e300|es1|b0.5;vae|dSprites|m24|s123|e300|es1|b0.5;vae|dSprites|m32|s123|e300|es1|b0.5,1214.9129014015198,0.0,1214.9129014015198,1214.9129014015198,False,0.0010780636519193648,0.0010705913801987966,False
dSprites,123,0.5,ID certified,2,0.15,0.25,False,True,32,32,0,0,True,True,0.0011167500823736191,11,64;2;4;6;8;10;12;16;20;24;32,vae|dSprites|m64|s123|e300|es1|b0.5;vae|dSprites|m2|s123|e300|es1|b0.5;vae|dSprites|m4|s123|e300|es1|b0.5;vae|dSprites|m6|s123|e300|es1|b0.5;vae|dSprites|m8|s123|e300|es1|b0.5;vae|dSprites|m10|s123|e300|es1|b0.5;vae|dSprites|m12|s123|e300|es1|b0.5;vae|dSprites|m16|s123|e300|es1|b0.5;vae|dSprites|m20|s123|e300|es1|b0.5;vae|dSprites|m24|s123|e300|es1|b0.5;vae|dSprites|m32|s123|e300|es1|b0.5,1932.8825047016144,295.7825562953949,2228.6650609970093,1944.71380695343,False,0.0010780636519193648,0.0010705913801987966,False
dSprites,777,0.5,Full grid Q,2,0.15,0.25,,False,20,20,0,0,True,True,0.0011572397992014884,12,64;2;4;6;8;10;12;16;20;24;32;48,vae|dSprites|m64|s777|e300|es1|b0.5;vae|dSprites|m2|s777|e300|es1|b0.5;vae|dSprites|m4|s777|e300|es1|b0.5;vae|dSprites|m6|s777|e300|es1|b0.5;vae|dSprites|m8|s777|e300|es1|b0.5;vae|dSprites|m10|s777|e300|es1|b0.5;vae|dSprites|m12|s777|e300|es1|b0.5;vae|dSprites|m16|s777|e300|es1|b0.5;vae|dSprites|m20|s777|e300|es1|b0.5;vae|dSprites|m24|s777|e300|es1|b0.5;vae|dSprites|m32|s777|e300|es1|b0.5;vae|dSprites|m48|s777|e300|es1|b0.5,2125.0334346294403,0.0,2125.0334346294403,2125.0334346294403,False,0.0011555265188217163,0.0011477844019730885,True
dSprites,777,0.5,Ascending Q,2,0.15,0.25,,False,20,20,0,0,True,True,0.0011572397992014884,9,64;2;4;6;8;10;12;16;20,vae|dSprites|m64|s777|e300|es1|b0.5;vae|dSprites|m2|s777|e300|es1|b0.5;vae|dSprites|m4|s777|e300|es1|b0.5;vae|dSprites|m6|s777|e300|es1|b0.5;vae|dSprites|m8|s777|e300|es1|b0.5;vae|dSprites|m10|s777|e300|es1|b0.5;vae|dSprites|m12|s777|e300|es1|b0.5;vae|dSprites|m16|s777|e300|es1|b0.5;vae|dSprites|m20|s777|e300|es1|b0.5,1528.1042575836182,0.0,1528.1042575836182,1528.1042575836182,False,0.0011555265188217163,0.0011477844019730885,True
dSprites,777,0.5,Legacy window,2,0.15,0.25,False,True,64,20,44,4,False,True,0.0011572397992014884,4,64;2;4;10,vae|dSprites|m64|s777|e300|es1|b0.5;vae|dSprites|m2|s777|e300|es1|b0.5;vae|dSprites|m4|s777|e300|es1|b0.5;vae|dSprites|m10|s777|e300|es1|b0.5,671.8599874973297,295.7825562953949,967.6425437927246,683.6912897491455,False,0.0010520361810922622,0.0010357703665892283,True
dSprites,777,0.5,ID local,2,0.15,0.25,False,True,20,20,0,0,True,True,0.0011572397992014884,9,64;2;4;6;8;10;12;16;20,vae|dSprites|m64|s777|e300|es1|b0.5;vae|dSprites|m2|s777|e300|es1|b0.5;vae|dSprites|m4|s777|e300|es1|b0.5;vae|dSprites|m6|s777|e300|es1|b0.5;vae|dSprites|m8|s777|e300|es1|b0.5;vae|dSprites|m10|s777|e300|es1|b0.5;vae|dSprites|m12|s777|e300|es1|b0.5;vae|dSprites|m16|s777|e300|es1|b0.5;vae|dSprites|m20|s777|e300|es1|b0.5,1528.1042575836182,295.7825562953949,1823.886813879013,1539.9355598354339,False,0.0011555265188217163,0.0011477844019730885,True
dSprites,777,0.5,Midpoint local,2,0.15,0.25,,False,20,20,0,0,True,True,0.0011572397992014884,4,64;12;16;20,vae|dSprites|m64|s777|e300|es1|b0.5;vae|dSprites|m12|s777|e300|es1|b0.5;vae|dSprites|m16|s777|e300|es1|b0.5;vae|dSprites|m20|s777|e300|es1|b0.5,741.6251289844513,0.0,741.6251289844513,741.6251289844513,False,0.0011555265188217163,0.0011477844019730885,True
dSprites,777,0.5,ID certified,2,0.15,0.25,False,True,20,20,0,0,True,True,0.0011572397992014884,9,64;2;4;6;8;10;12;16;20,vae|dSprites|m64|s777|e300|es1|b0.5;vae|dSprites|m2|s777|e300|es1|b0.5;vae|dSprites|m4|s777|e300|es1|b0.5;vae|dSprites|m6|s777|e300|es1|b0.5;vae|dSprites|m8|s777|e300|es1|b0.5;vae|dSprites|m10|s777|e300|es1|b0.5;vae|dSprites|m12|s777|e300|es1|b0.5;vae|dSprites|m16|s777|e300|es1|b0.5;vae|dSprites|m20|s777|e300|es1|b0.5,1528.1042575836182,295.7825562953949,1823.886813879013,1539.9355598354339,False,0.0011555265188217163,0.0011477844019730885,True
dSprites,2024,0.5,Full grid Q,2,0.15,0.25,,False,16,16,0,0,True,True,0.0011989995941519738,12,64;2;4;6;8;10;12;16;20;24;32;48,vae|dSprites|m64|s2024|e300|es1|b0.5;vae|dSprites|m2|s2024|e300|es1|b0.5;vae|dSprites|m4|s2024|e300|es1|b0.5;vae|dSprites|m6|s2024|e300|es1|b0.5;vae|dSprites|m8|s2024|e300|es1|b0.5;vae|dSprites|m10|s2024|e300|es1|b0.5;vae|dSprites|m12|s2024|e300|es1|b0.5;vae|dSprites|m16|s2024|e300|es1|b0.5;vae|dSprites|m20|s2024|e300|es1|b0.5;vae|dSprites|m24|s2024|e300|es1|b0.5;vae|dSprites|m32|s2024|e300|es1|b0.5;vae|dSprites|m48|s2024|e300|es1|b0.5,2098.949835062027,0.0,2098.949835062027,2098.949835062027,False,0.0011225876212120056,0.0011060138046741486,False
dSprites,2024,0.5,Ascending Q,2,0.15,0.25,,False,16,16,0,0,True,True,0.0011989995941519738,8,64;2;4;6;8;10;12;16,vae|dSprites|m64|s2024|e300|es1|b0.5;vae|dSprites|m2|s2024|e300|es1|b0.5;vae|dSprites|m4|s2024|e300|es1|b0.5;vae|dSprites|m6|s2024|e300|es1|b0.5;vae|dSprites|m8|s2024|e300|es1|b0.5;vae|dSprites|m10|s2024|e300|es1|b0.5;vae|dSprites|m12|s2024|e300|es1|b0.5;vae|dSprites|m16|s2024|e300|es1|b0.5,1276.8319132328033,0.0,1276.8319132328033,1276.8319132328033,False,0.0011225876212120056,0.0011060138046741486,False
dSprites,2024,0.5,Legacy window,2,0.15,0.25,False,True,64,16,48,5,False,True,0.0011989995941519738,4,64;2;4;10,vae|dSprites|m64|s2024|e300|es1|b0.5;vae|dSprites|m2|s2024|e300|es1|b0.5;vae|dSprites|m4|s2024|e300|es1|b0.5;vae|dSprites|m10|s2024|e300|es1|b0.5,591.446887254715,295.7825562953949,887.2294435501099,603.2781895065308,False,0.0010899996310472489,0.001078894406557083,False
dSprites,2024,0.5,ID local,2,0.15,0.25,False,True,16,16,0,0,True,True,0.0011989995941519738,8,64;2;4;6;8;10;12;16,vae|dSprites|m64|s2024|e300|es1|b0.5;vae|dSprites|m2|s2024|e300|es1|b0.5;vae|dSprites|m4|s2024|e300|es1|b0.5;vae|dSprites|m6|s2024|e300|es1|b0.5;vae|dSprites|m8|s2024|e300|es1|b0.5;vae|dSprites|m10|s2024|e300|es1|b0.5;vae|dSprites|m12|s2024|e300|es1|b0.5;vae|dSprites|m16|s2024|e300|es1|b0.5,1276.8319132328033,295.7825562953949,1572.6144695281982,1288.663215484619,False,0.0011225876212120056,0.0011060138046741486,False
dSprites,2024,0.5,Midpoint local,2,0.15,0.25,,False,16,16,0,0,True,True,0.0011989995941519738,3,64;12;16,vae|dSprites|m64|s2024|e300|es1|b0.5;vae|dSprites|m12|s2024|e300|es1|b0.5;vae|dSprites|m16|s2024|e300|es1|b0.5,606.1280012130737,0.0,606.1280012130737,606.1280012130737,False,0.0011225876212120056,0.0011060138046741486,False
dSprites,2024,0.5,ID certified,2,0.15,0.25,False,True,16,16,0,0,True,True,0.0011989995941519738,8,64;2;4;6;8;10;12;16,vae|dSprites|m64|s2024|e300|es1|b0.5;vae|dSprites|m2|s2024|e300|es1|b0.5;vae|dSprites|m4|s2024|e300|es1|b0.5;vae|dSprites|m6|s2024|e300|es1|b0.5;vae|dSprites|m8|s2024|e300|es1|b0.5;vae|dSprites|m10|s2024|e300|es1|b0.5;vae|dSprites|m12|s2024|e300|es1|b0.5;vae|dSprites|m16|s2024|e300|es1|b0.5,1276.8319132328033,295.7825562953949,1572.6144695281982,1288.663215484619,False,0.0011225876212120056,0.0011060138046741486,False
dSprites,31337,0.5,Full grid Q,2,0.15,0.25,,False,24,24,0,0,True,True,0.0011201906934380531,12,64;2;4;6;8;10;12;16;20;24;32;48,vae|dSprites|m64|s31337|e300|es1|b0.5;vae|dSprites|m2|s31337|e300|es1|b0.5;vae|dSprites|m4|s31337|e300|es1|b0.5;vae|dSprites|m6|s31337|e300|es1|b0.5;vae|dSprites|m8|s31337|e300|es1|b0.5;vae|dSprites|m10|s31337|e300|es1|b0.5;vae|dSprites|m12|s31337|e300|es1|b0.5;vae|dSprites|m16|s31337|e300|es1|b0.5;vae|dSprites|m20|s31337|e300|es1|b0.5;vae|dSprites|m24|s31337|e300|es1|b0.5;vae|dSprites|m32|s31337|e300|es1|b0.5;vae|dSprites|m48|s31337|e300|es1|b0.5,2197.506527662277,0.0,2197.506527662277,2197.506527662277,False,0.001075435906648636,0.0010610077182451885,True
dSprites,31337,0.5,Ascending Q,2,0.15,0.25,,False,24,24,0,0,True,True,0.0011201906934380531,10,64;2;4;6;8;10;12;16;20;24,vae|dSprites|m64|s31337|e300|es1|b0.5;vae|dSprites|m2|s31337|e300|es1|b0.5;vae|dSprites|m4|s31337|e300|es1|b0.5;vae|dSprites|m6|s31337|e300|es1|b0.5;vae|dSprites|m8|s31337|e300|es1|b0.5;vae|dSprites|m10|s31337|e300|es1|b0.5;vae|dSprites|m12|s31337|e300|es1|b0.5;vae|dSprites|m16|s31337|e300|es1|b0.5;vae|dSprites|m20|s31337|e300|es1|b0.5;vae|dSprites|m24|s31337|e300|es1|b0.5,1714.28915143013,0.0,1714.28915143013,1714.28915143013,False,0.001075435906648636,0.0010610077182451885,True
dSprites,31337,0.5,Legacy window,2,0.15,0.25,False,True,64,24,40,3,False,True,0.0011201906934380531,4,64;2;4;10,vae|dSprites|m64|s31337|e300|es1|b0.5;vae|dSprites|m2|s31337|e300|es1|b0.5;vae|dSprites|m4|s31337|e300|es1|b0.5;vae|dSprites|m10|s31337|e300|es1|b0.5,579.8913290500641,295.7825562953949,875.673885345459,591.7226313018799,False,0.0010183551758527756,0.0010220163265864054,True
dSprites,31337,0.5,ID local,2,0.15,0.25,False,True,24,24,0,0,True,True,0.0011201906934380531,10,64;2;4;6;8;10;12;16;20;24,vae|dSprites|m64|s31337|e300|es1|b0.5;vae|dSprites|m2|s31337|e300|es1|b0.5;vae|dSprites|m4|s31337|e300|es1|b0.5;vae|dSprites|m6|s31337|e300|es1|b0.5;vae|dSprites|m8|s31337|e300|es1|b0.5;vae|dSprites|m10|s31337|e300|es1|b0.5;vae|dSprites|m12|s31337|e300|es1|b0.5;vae|dSprites|m16|s31337|e300|es1|b0.5;vae|dSprites|m20|s31337|e300|es1|b0.5;vae|dSprites|m24|s31337|e300|es1|b0.5,1714.28915143013,295.7825562953949,2010.071707725525,1726.1204536819457,False,0.001075435906648636,0.0010610077182451885,True
dSprites,31337,0.5,Midpoint local,2,0.15,0.25,,False,24,24,0,0,True,True,0.0011201906934380531,5,64;12;16;20;24,vae|dSprites|m64|s31337|e300|es1|b0.5;vae|dSprites|m12|s31337|e300|es1|b0.5;vae|dSprites|m16|s31337|e300|es1|b0.5;vae|dSprites|m20|s31337|e300|es1|b0.5;vae|dSprites|m24|s31337|e300|es1|b0.5,1040.1136944293976,0.0,1040.1136944293976,1040.1136944293976,False,0.001075435906648636,0.0010610077182451885,True
dSprites,31337,0.5,ID certified,2,0.15,0.25,False,True,24,24,0,0,True,True,0.0011201906934380531,10,64;2;4;6;8;10;12;16;20;24,vae|dSprites|m64|s31337|e300|es1|b0.5;vae|dSprites|m2|s31337|e300|es1|b0.5;vae|dSprites|m4|s31337|e300|es1|b0.5;vae|dSprites|m6|s31337|e300|es1|b0.5;vae|dSprites|m8|s31337|e300|es1|b0.5;vae|dSprites|m10|s31337|e300|es1|b0.5;vae|dSprites|m12|s31337|e300|es1|b0.5;vae|dSprites|m16|s31337|e300|es1|b0.5;vae|dSprites|m20|s31337|e300|es1|b0.5;vae|dSprites|m24|s31337|e300|es1|b0.5,1714.28915143013,295.7825562953949,2010.071707725525,1726.1204536819457,False,0.001075435906648636,0.0010610077182451885,True
dSprites,42,1.0,Full grid Q,2,0.15,0.25,,False,24,24,0,0,True,True,0.0012827958852052689,12,64;2;4;6;8;10;12;16;20;24;32;48,vae|dSprites|m64|s42|e300|es1|b1;vae|dSprites|m2|s42|e300|es1|b1;vae|dSprites|m4|s42|e300|es1|b1;vae|dSprites|m6|s42|e300|es1|b1;vae|dSprites|m8|s42|e300|es1|b1;vae|dSprites|m10|s42|e300|es1|b1;vae|dSprites|m12|s42|e300|es1|b1;vae|dSprites|m16|s42|e300|es1|b1;vae|dSprites|m20|s42|e300|es1|b1;vae|dSprites|m24|s42|e300|es1|b1;vae|dSprites|m32|s42|e300|es1|b1;vae|dSprites|m48|s42|e300|es1|b1,2652.4137663841248,0.0,2652.4137663841248,2652.4137663841248,False,0.0012682644426822661,0.0012576948901017507,False
dSprites,42,1.0,Ascending Q,2,0.15,0.25,,False,24,24,0,0,True,True,0.0012827958852052689,10,64;2;4;6;8;10;12;16;20;24,vae|dSprites|m64|s42|e300|es1|b1;vae|dSprites|m2|s42|e300|es1|b1;vae|dSprites|m4|s42|e300|es1|b1;vae|dSprites|m6|s42|e300|es1|b1;vae|dSprites|m8|s42|e300|es1|b1;vae|dSprites|m10|s42|e300|es1|b1;vae|dSprites|m12|s42|e300|es1|b1;vae|dSprites|m16|s42|e300|es1|b1;vae|dSprites|m20|s42|e300|es1|b1;vae|dSprites|m24|s42|e300|es1|b1,2106.3552463054657,0.0,2106.3552463054657,2106.3552463054657,False,0.0012682644426822661,0.0012576948901017507,False
dSprites,42,1.0,Legacy window,2,0.15,0.25,False,True,64,24,40,3,False,True,0.0012827958852052689,4,64;2;4;10,vae|dSprites|m64|s42|e300|es1|b1;vae|dSprites|m2|s42|e300|es1|b1;vae|dSprites|m4|s42|e300|es1|b1;vae|dSprites|m10|s42|e300|es1|b1,750.4513065814972,295.7825562953949,1046.233862876892,762.282608833313,False,0.0011661780774593353,0.001149588018655777,False
dSprites,42,1.0,ID local,2,0.15,0.25,False,True,24,24,0,0,True,True,0.0012827958852052689,10,64;2;4;6;8;10;12;16;20;24,vae|dSprites|m64|s42|e300|es1|b1;vae|dSprites|m2|s42|e300|es1|b1;vae|dSprites|m4|s42|e300|es1|b1;vae|dSprites|m6|s42|e300|es1|b1;vae|dSprites|m8|s42|e300|es1|b1;vae|dSprites|m10|s42|e300|es1|b1;vae|dSprites|m12|s42|e300|es1|b1;vae|dSprites|m16|s42|e300|es1|b1;vae|dSprites|m20|s42|e300|es1|b1;vae|dSprites|m24|s42|e300|es1|b1,2106.3552463054657,295.7825562953949,2402.1378026008606,2118.1865485572816,False,0.0012682644426822661,0.0012576948901017507,False
dSprites,42,1.0,Midpoint local,2,0.15,0.25,,False,24,24,0,0,True,True,0.0012827958852052689,5,64;12;16;20;24,vae|dSprites|m64|s42|e300|es1|b1;vae|dSprites|m12|s42|e300|es1|b1;vae|dSprites|m16|s42|e300|es1|b1;vae|dSprites|m20|s42|e300|es1|b1;vae|dSprites|m24|s42|e300|es1|b1,1174.4419691562653,0.0,1174.4419691562653,1174.4419691562653,False,0.0012682644426822661,0.0012576948901017507,False
dSprites,42,1.0,ID certified,2,0.15,0.25,False,True,24,24,0,0,True,True,0.0012827958852052689,10,64;2;4;6;8;10;12;16;20;24,vae|dSprites|m64|s42|e300|es1|b1;vae|dSprites|m2|s42|e300|es1|b1;vae|dSprites|m4|s42|e300|es1|b1;vae|dSprites|m6|s42|e300|es1|b1;vae|dSprites|m8|s42|e300|es1|b1;vae|dSprites|m10|s42|e300|es1|b1;vae|dSprites|m12|s42|e300|es1|b1;vae|dSprites|m16|s42|e300|es1|b1;vae|dSprites|m20|s42|e300|es1|b1;vae|dSprites|m24|s42|e300|es1|b1,2106.3552463054657,295.7825562953949,2402.1378026008606,2118.1865485572816,False,0.0012682644426822661,0.0012576948901017507,False
dSprites,123,1.0,Full grid Q,2,0.15,0.25,,False,20,20,0,0,True,True,0.00125185474306345,12,64;2;4;6;8;10;12;16;20;24;32;48,vae|dSprites|m64|s123|e300|es1|b1;vae|dSprites|m2|s123|e300|es1|b1;vae|dSprites|m4|s123|e300|es1|b1;vae|dSprites|m6|s123|e300|es1|b1;vae|dSprites|m8|s123|e300|es1|b1;vae|dSprites|m10|s123|e300|es1|b1;vae|dSprites|m12|s123|e300|es1|b1;vae|dSprites|m16|s123|e300|es1|b1;vae|dSprites|m20|s123|e300|es1|b1;vae|dSprites|m24|s123|e300|es1|b1;vae|dSprites|m32|s123|e300|es1|b1;vae|dSprites|m48|s123|e300|es1|b1,2579.7630491256714,0.0,2579.7630491256714,2579.7630491256714,False,0.001183832734823227,0.0011632334192593892,True
dSprites,123,1.0,Ascending Q,2,0.15,0.25,,False,20,20,0,0,True,True,0.00125185474306345,9,64;2;4;6;8;10;12;16;20,vae|dSprites|m64|s123|e300|es1|b1;vae|dSprites|m2|s123|e300|es1|b1;vae|dSprites|m4|s123|e300|es1|b1;vae|dSprites|m6|s123|e300|es1|b1;vae|dSprites|m8|s123|e300|es1|b1;vae|dSprites|m10|s123|e300|es1|b1;vae|dSprites|m12|s123|e300|es1|b1;vae|dSprites|m16|s123|e300|es1|b1;vae|dSprites|m20|s123|e300|es1|b1,1871.171612739563,0.0,1871.171612739563,1871.171612739563,False,0.001183832734823227,0.0011632334192593892,True
dSprites,123,1.0,Legacy window,2,0.15,0.25,False,True,64,20,44,4,False,True,0.00125185474306345,4,64;2;4;10,vae|dSprites|m64|s123|e300|es1|b1;vae|dSprites|m2|s123|e300|es1|b1;vae|dSprites|m4|s123|e300|es1|b1;vae|dSprites|m10|s123|e300|es1|b1,701.8591780662537,295.7825562953949,997.6417343616486,713.6904803180695,False,0.001138049766421318,0.0011252888143062593,True
dSprites,123,1.0,ID local,2,0.15,0.25,False,True,20,20,0,0,True,True,0.00125185474306345,9,64;2;4;6;8;10;12;16;20,vae|dSprites|m64|s123|e300|es1|b1;vae|dSprites|m2|s123|e300|es1|b1;vae|dSprites|m4|s123|e300|es1|b1;vae|dSprites|m6|s123|e300|es1|b1;vae|dSprites|m8|s123|e300|es1|b1;vae|dSprites|m10|s123|e300|es1|b1;vae|dSprites|m12|s123|e300|es1|b1;vae|dSprites|m16|s123|e300|es1|b1;vae|dSprites|m20|s123|e300|es1|b1,1871.171612739563,295.7825562953949,2166.954169034958,1883.0029149913787,False,0.001183832734823227,0.0011632334192593892,True
dSprites,123,1.0,Midpoint local,2,0.15,0.25,,False,20,20,0,0,True,True,0.00125185474306345,4,64;12;16;20,vae|dSprites|m64|s123|e300|es1|b1;vae|dSprites|m12|s123|e300|es1|b1;vae|dSprites|m16|s123|e300|es1|b1;vae|dSprites|m20|s123|e300|es1|b1,971.0677287578583,0.0,971.0677287578583,971.0677287578583,False,0.001183832734823227,0.0011632334192593892,True
dSprites,123,1.0,ID certified,2,0.15,0.25,False,True,20,20,0,0,True,True,0.00125185474306345,9,64;2;4;6;8;10;12;16;20,vae|dSprites|m64|s123|e300|es1|b1;vae|dSprites|m2|s123|e300|es1|b1;vae|dSprites|m4|s123|e300|es1|b1;vae|dSprites|m6|s123|e300|es1|b1;vae|dSprites|m8|s123|e300|es1|b1;vae|dSprites|m10|s123|e300|es1|b1;vae|dSprites|m12|s123|e300|es1|b1;vae|dSprites|m16|s123|e300|es1|b1;vae|dSprites|m20|s123|e300|es1|b1,1871.171612739563,295.7825562953949,2166.954169034958,1883.0029149913787,False,0.001183832734823227,0.0011632334192593892,True
dSprites,777,1.0,Full grid Q,2,0.15,0.25,,False,16,16,0,0,True,True,0.0013249854266643526,12,64;2;4;6;8;10;12;16;20;24;32;48,vae|dSprites|m64|s777|e300|es1|b1;vae|dSprites|m2|s777|e300|es1|b1;vae|dSprites|m4|s777|e300|es1|b1;vae|dSprites|m6|s777|e300|es1|b1;vae|dSprites|m8|s777|e300|es1|b1;vae|dSprites|m10|s777|e300|es1|b1;vae|dSprites|m12|s777|e300|es1|b1;vae|dSprites|m16|s777|e300|es1|b1;vae|dSprites|m20|s777|e300|es1|b1;vae|dSprites|m24|s777|e300|es1|b1;vae|dSprites|m32|s777|e300|es1|b1;vae|dSprites|m48|s777|e300|es1|b1,2547.000735282898,0.0,2547.000735282898,2547.000735282898,False,0.0013037842810153962,0.0012872694929440816,True
dSprites,777,1.0,Ascending Q,2,0.15,0.25,,False,16,16,0,0,True,True,0.0013249854266643526,8,64;2;4;6;8;10;12;16,vae|dSprites|m64|s777|e300|es1|b1;vae|dSprites|m2|s777|e300|es1|b1;vae|dSprites|m4|s777|e300|es1|b1;vae|dSprites|m6|s777|e300|es1|b1;vae|dSprites|m8|s777|e300|es1|b1;vae|dSprites|m10|s777|e300|es1|b1;vae|dSprites|m12|s777|e300|es1|b1;vae|dSprites|m16|s777|e300|es1|b1,1486.0115869045258,0.0,1486.0115869045258,1486.0115869045258,False,0.0013037842810153962,0.0012872694929440816,True
dSprites,777,1.0,Legacy window,2,0.15,0.25,False,True,64,16,48,5,False,True,0.0013249854266643526,4,64;2;4;10,vae|dSprites|m64|s777|e300|es1|b1;vae|dSprites|m2|s777|e300|es1|b1;vae|dSprites|m4|s777|e300|es1|b1;vae|dSprites|m10|s777|e300|es1|b1,720.0995948314667,295.7825562953949,1015.8821511268616,731.9308970832825,False,0.0012045322060585022,0.0011939948399861653,True
dSprites,777,1.0,ID local,2,0.15,0.25,False,True,16,16,0,0,True,True,0.0013249854266643526,8,64;2;4;6;8;10;12;16,vae|dSprites|m64|s777|e300|es1|b1;vae|dSprites|m2|s777|e300|es1|b1;vae|dSprites|m4|s777|e300|es1|b1;vae|dSprites|m6|s777|e300|es1|b1;vae|dSprites|m8|s777|e300|es1|b1;vae|dSprites|m10|s777|e300|es1|b1;vae|dSprites|m12|s777|e300|es1|b1;vae|dSprites|m16|s777|e300|es1|b1,1486.0115869045258,295.7825562953949,1781.7941431999207,1497.8428891563415,False,0.0013037842810153962,0.0012872694929440816,True
dSprites,777,1.0,Midpoint local,2,0.15,0.25,,False,16,16,0,0,True,True,0.0013249854266643526,3,64;12;16,vae|dSprites|m64|s777|e300|es1|b1;vae|dSprites|m12|s777|e300|es1|b1;vae|dSprites|m16|s777|e300|es1|b1,659.3337261676788,0.0,659.3337261676788,659.3337261676788,False,0.0013037842810153962,0.0012872694929440816,True
dSprites,777,1.0,ID certified,2,0.15,0.25,False,True,16,16,0,0,True,True,0.0013249854266643526,8,64;2;4;6;8;10;12;16,vae|dSprites|m64|s777|e300|es1|b1;vae|dSprites|m2|s777|e300|es1|b1;vae|dSprites|m4|s777|e300|es1|b1;vae|dSprites|m6|s777|e300|es1|b1;vae|dSprites|m8|s777|e300|es1|b1;vae|dSprites|m10|s777|e300|es1|b1;vae|dSprites|m12|s777|e300|es1|b1;vae|dSprites|m16|s777|e300|es1|b1,1486.0115869045258,295.7825562953949,1781.7941431999207,1497.8428891563415,False,0.0013037842810153962,0.0012872694929440816,True
dSprites,2024,1.0,Full grid Q,2,0.15,0.25,,False,16,16,0,0,True,True,0.001283637446165085,12,64;2;4;6;8;10;12;16;20;24;32;48,vae|dSprites|m64|s2024|e300|es1|b1;vae|dSprites|m2|s2024|e300|es1|b1;vae|dSprites|m4|s2024|e300|es1|b1;vae|dSprites|m6|s2024|e300|es1|b1;vae|dSprites|m8|s2024|e300|es1|b1;vae|dSprites|m10|s2024|e300|es1|b1;vae|dSprites|m12|s2024|e300|es1|b1;vae|dSprites|m16|s2024|e300|es1|b1;vae|dSprites|m20|s2024|e300|es1|b1;vae|dSprites|m24|s2024|e300|es1|b1;vae|dSprites|m32|s2024|e300|es1|b1;vae|dSprites|m48|s2024|e300|es1|b1,2605.2005064487457,0.0,2605.2005064487457,2605.2005064487457,False,0.0012835567593574523,0.0012621796329816183,True
dSprites,2024,1.0,Ascending Q,2,0.15,0.25,,False,16,16,0,0,True,True,0.001283637446165085,8,64;2;4;6;8;10;12;16,vae|dSprites|m64|s2024|e300|es1|b1;vae|dSprites|m2|s2024|e300|es1|b1;vae|dSprites|m4|s2024|e300|es1|b1;vae|dSprites|m6|s2024|e300|es1|b1;vae|dSprites|m8|s2024|e300|es1|b1;vae|dSprites|m10|s2024|e300|es1|b1;vae|dSprites|m12|s2024|e300|es1|b1;vae|dSprites|m16|s2024|e300|es1|b1,1557.8695142269135,0.0,1557.8695142269135,1557.8695142269135,False,0.0012835567593574523,0.0012621796329816183,True
dSprites,2024,1.0,Legacy window,2,0.15,0.25,False,True,64,16,48,5,False,True,0.001283637446165085,4,64;2;4;10,vae|dSprites|m64|s2024|e300|es1|b1;vae|dSprites|m2|s2024|e300|es1|b1;vae|dSprites|m4|s2024|e300|es1|b1;vae|dSprites|m10|s2024|e300|es1|b1,647.8526268005371,295.7825562953949,943.635183095932,659.6839290523529,False,0.00116694313287735,0.001154283086458842,True
dSprites,2024,1.0,ID local,2,0.15,0.25,False,True,16,16,0,0,True,True,0.001283637446165085,8,64;2;4;6;8;10;12;16,vae|dSprites|m64|s2024|e300|es1|b1;vae|dSprites|m2|s2024|e300|es1|b1;vae|dSprites|m4|s2024|e300|es1|b1;vae|dSprites|m6|s2024|e300|es1|b1;vae|dSprites|m8|s2024|e300|es1|b1;vae|dSprites|m10|s2024|e300|es1|b1;vae|dSprites|m12|s2024|e300|es1|b1;vae|dSprites|m16|s2024|e300|es1|b1,1557.8695142269135,295.7825562953949,1853.6520705223083,1569.7008164787292,False,0.0012835567593574523,0.0012621796329816183,True
dSprites,2024,1.0,Midpoint local,2,0.15,0.25,,False,16,16,0,0,True,True,0.001283637446165085,3,64;12;16,vae|dSprites|m64|s2024|e300|es1|b1;vae|dSprites|m12|s2024|e300|es1|b1;vae|dSprites|m16|s2024|e300|es1|b1,752.9221503734589,0.0,752.9221503734589,752.9221503734589,False,0.0012835567593574523,0.0012621796329816183,True
dSprites,2024,1.0,ID certified,2,0.15,0.25,False,True,16,16,0,0,True,True,0.001283637446165085,8,64;2;4;6;8;10;12;16,vae|dSprites|m64|s2024|e300|es1|b1;vae|dSprites|m2|s2024|e300|es1|b1;vae|dSprites|m4|s2024|e300|es1|b1;vae|dSprites|m6|s2024|e300|es1|b1;vae|dSprites|m8|s2024|e300|es1|b1;vae|dSprites|m10|s2024|e300|es1|b1;vae|dSprites|m12|s2024|e300|es1|b1;vae|dSprites|m16|s2024|e300|es1|b1,1557.8695142269135,295.7825562953949,1853.6520705223083,1569.7008164787292,False,0.0012835567593574523,0.0012621796329816183,True
dSprites,31337,1.0,Full grid Q,2,0.15,0.25,,False,24,24,0,0,True,True,0.0012907823711633684,12,64;2;4;6;8;10;12;16;20;24;32;48,vae|dSprites|m64|s31337|e300|es1|b1;vae|dSprites|m2|s31337|e300|es1|b1;vae|dSprites|m4|s31337|e300|es1|b1;vae|dSprites|m6|s31337|e300|es1|b1;vae|dSprites|m8|s31337|e300|es1|b1;vae|dSprites|m10|s31337|e300|es1|b1;vae|dSprites|m12|s31337|e300|es1|b1;vae|dSprites|m16|s31337|e300|es1|b1;vae|dSprites|m20|s31337|e300|es1|b1;vae|dSprites|m24|s31337|e300|es1|b1;vae|dSprites|m32|s31337|e300|es1|b1;vae|dSprites|m48|s31337|e300|es1|b1,2432.6107659339905,0.0,2432.6107659339905,2432.6107659339905,False,0.001240153521299362,0.001212531417608261,True
dSprites,31337,1.0,Ascending Q,2,0.15,0.25,,False,24,24,0,0,True,True,0.0012907823711633684,10,64;2;4;6;8;10;12;16;20;24,vae|dSprites|m64|s31337|e300|es1|b1;vae|dSprites|m2|s31337|e300|es1|b1;vae|dSprites|m4|s31337|e300|es1|b1;vae|dSprites|m6|s31337|e300|es1|b1;vae|dSprites|m8|s31337|e300|es1|b1;vae|dSprites|m10|s31337|e300|es1|b1;vae|dSprites|m12|s31337|e300|es1|b1;vae|dSprites|m16|s31337|e300|es1|b1;vae|dSprites|m20|s31337|e300|es1|b1;vae|dSprites|m24|s31337|e300|es1|b1,1961.202864408493,0.0,1961.202864408493,1961.202864408493,False,0.001240153521299362,0.001212531417608261,True
dSprites,31337,1.0,Legacy window,2,0.15,0.25,False,True,64,24,40,3,False,True,0.0012907823711633684,4,64;2;4;10,vae|dSprites|m64|s31337|e300|es1|b1;vae|dSprites|m2|s31337|e300|es1|b1;vae|dSprites|m4|s31337|e300|es1|b1;vae|dSprites|m10|s31337|e300|es1|b1,696.7236897945404,295.7825562953949,992.5062460899353,708.5549920463562,False,0.0011734385192394257,0.001165797789891561,True
dSprites,31337,1.0,ID local,2,0.15,0.25,False,True,24,24,0,0,True,True,0.0012907823711633684,10,64;2;4;6;8;10;12;16;20;24,vae|dSprites|m64|s31337|e300|es1|b1;vae|dSprites|m2|s31337|e300|es1|b1;vae|dSprites|m4|s31337|e300|es1|b1;vae|dSprites|m6|s31337|e300|es1|b1;vae|dSprites|m8|s31337|e300|es1|b1;vae|dSprites|m10|s31337|e300|es1|b1;vae|dSprites|m12|s31337|e300|es1|b1;vae|dSprites|m16|s31337|e300|es1|b1;vae|dSprites|m20|s31337|e300|es1|b1;vae|dSprites|m24|s31337|e300|es1|b1,1961.202864408493,295.7825562953949,2256.985420703888,1973.0341666603088,False,0.001240153521299362,0.001212531417608261,True
dSprites,31337,1.0,Midpoint local,2,0.15,0.25,,False,24,24,0,0,True,True,0.0012907823711633684,5,64;12;16;20;24,vae|dSprites|m64|s31337|e300|es1|b1;vae|dSprites|m12|s31337|e300|es1|b1;vae|dSprites|m16|s31337|e300|es1|b1;vae|dSprites|m20|s31337|e300|es1|b1;vae|dSprites|m24|s31337|e300|es1|b1,1146.3915107250214,0.0,1146.3915107250214,1146.3915107250214,False,0.001240153521299362,0.001212531417608261,True
dSprites,31337,1.0,ID certified,2,0.15,0.25,False,True,24,24,0,0,True,True,0.0012907823711633684,10,64;2;4;6;8;10;12;16;20;24,vae|dSprites|m64|s31337|e300|es1|b1;vae|dSprites|m2|s31337|e300|es1|b1;vae|dSprites|m4|s31337|e300|es1|b1;vae|dSprites|m6|s31337|e300|es1|b1;vae|dSprites|m8|s31337|e300|es1|b1;vae|dSprites|m10|s31337|e300|es1|b1;vae|dSprites|m12|s31337|e300|es1|b1;vae|dSprites|m16|s31337|e300|es1|b1;vae|dSprites|m20|s31337|e300|es1|b1;vae|dSprites|m24|s31337|e300|es1|b1,1961.202864408493,295.7825562953949,2256.985420703888,1973.0341666603088,False,0.001240153521299362,0.001212531417608261,True
dSprites,42,2.0,Full grid Q,2,0.15,0.25,,False,20,20,0,0,True,True,0.0015795423895120621,12,64;2;4;6;8;10;12;16;20;24;32;48,vae|dSprites|m64|s42|e300|es1|b2;vae|dSprites|m2|s42|e300|es1|b2;vae|dSprites|m4|s42|e300|es1|b2;vae|dSprites|m6|s42|e300|es1|b2;vae|dSprites|m8|s42|e300|es1|b2;vae|dSprites|m10|s42|e300|es1|b2;vae|dSprites|m12|s42|e300|es1|b2;vae|dSprites|m16|s42|e300|es1|b2;vae|dSprites|m20|s42|e300|es1|b2;vae|dSprites|m24|s42|e300|es1|b2;vae|dSprites|m32|s42|e300|es1|b2;vae|dSprites|m48|s42|e300|es1|b2,3234.082118034363,0.0,3234.082118034363,3234.082118034363,False,0.0014907569289207459,0.0014646319349606832,False
dSprites,42,2.0,Ascending Q,2,0.15,0.25,,False,20,20,0,0,True,True,0.0015795423895120621,9,64;2;4;6;8;10;12;16;20,vae|dSprites|m64|s42|e300|es1|b2;vae|dSprites|m2|s42|e300|es1|b2;vae|dSprites|m4|s42|e300|es1|b2;vae|dSprites|m6|s42|e300|es1|b2;vae|dSprites|m8|s42|e300|es1|b2;vae|dSprites|m10|s42|e300|es1|b2;vae|dSprites|m12|s42|e300|es1|b2;vae|dSprites|m16|s42|e300|es1|b2;vae|dSprites|m20|s42|e300|es1|b2,2274.44824552536,0.0,2274.44824552536,2274.44824552536,False,0.0014907569289207459,0.0014646319349606832,False
dSprites,42,2.0,Legacy window,2,0.15,0.25,False,True,64,20,44,4,False,True,0.0015795423895120621,4,64;2;4;10,vae|dSprites|m64|s42|e300|es1|b2;vae|dSprites|m2|s42|e300|es1|b2;vae|dSprites|m4|s42|e300|es1|b2;vae|dSprites|m10|s42|e300|es1|b2,911.7640435695648,295.7825562953949,1207.5465998649597,923.5953458213806,False,0.0014359476268291473,0.001441325604915619,False
dSprites,42,2.0,ID local,2,0.15,0.25,False,True,20,20,0,0,True,True,0.0015795423895120621,9,64;2;4;6;8;10;12;16;20,vae|dSprites|m64|s42|e300|es1|b2;vae|dSprites|m2|s42|e300|es1|b2;vae|dSprites|m4|s42|e300|es1|b2;vae|dSprites|m6|s42|e300|es1|b2;vae|dSprites|m8|s42|e300|es1|b2;vae|dSprites|m10|s42|e300|es1|b2;vae|dSprites|m12|s42|e300|es1|b2;vae|dSprites|m16|s42|e300|es1|b2;vae|dSprites|m20|s42|e300|es1|b2,2274.44824552536,295.7825562953949,2570.230801820755,2286.279547777176,False,0.0014907569289207459,0.0014646319349606832,False
dSprites,42,2.0,Midpoint local,2,0.15,0.25,,False,20,20,0,0,True,True,0.0015795423895120621,4,64;12;16;20,vae|dSprites|m64|s42|e300|es1|b2;vae|dSprites|m12|s42|e300|es1|b2;vae|dSprites|m16|s42|e300|es1|b2;vae|dSprites|m20|s42|e300|es1|b2,1225.2409372329712,0.0,1225.2409372329712,1225.2409372329712,False,0.0014907569289207459,0.0014646319349606832,False
dSprites,42,2.0,ID certified,2,0.15,0.25,False,True,20,20,0,0,True,True,0.0015795423895120621,9,64;2;4;6;8;10;12;16;20,vae|dSprites|m64|s42|e300|es1|b2;vae|dSprites|m2|s42|e300|es1|b2;vae|dSprites|m4|s42|e300|es1|b2;vae|dSprites|m6|s42|e300|es1|b2;vae|dSprites|m8|s42|e300|es1|b2;vae|dSprites|m10|s42|e300|es1|b2;vae|dSprites|m12|s42|e300|es1|b2;vae|dSprites|m16|s42|e300|es1|b2;vae|dSprites|m20|s42|e300|es1|b2,2274.44824552536,295.7825562953949,2570.230801820755,2286.279547777176,False,0.0014907569289207459,0.0014646319349606832,False
dSprites,123,2.0,Full grid Q,2,0.15,0.25,,False,10,10,0,0,True,True,0.001651984164118767,12,64;2;4;6;8;10;12;16;20;24;32;48,vae|dSprites|m64|s123|e300|es1|b2;vae|dSprites|m2|s123|e300|es1|b2;vae|dSprites|m4|s123|e300|es1|b2;vae|dSprites|m6|s123|e300|es1|b2;vae|dSprites|m8|s123|e300|es1|b2;vae|dSprites|m10|s123|e300|es1|b2;vae|dSprites|m12|s123|e300|es1|b2;vae|dSprites|m16|s123|e300|es1|b2;vae|dSprites|m20|s123|e300|es1|b2;vae|dSprites|m24|s123|e300|es1|b2;vae|dSprites|m32|s123|e300|es1|b2;vae|dSprites|m48|s123|e300|es1|b2,3361.866826057434,0.0,3361.866826057434,3361.866826057434,False,0.001625580668449402,0.0016148937245210012,False
dSprites,123,2.0,Ascending Q,2,0.15,0.25,,False,10,10,0,0,True,True,0.001651984164118767,6,64;2;4;6;8;10,vae|dSprites|m64|s123|e300|es1|b2;vae|dSprites|m2|s123|e300|es1|b2;vae|dSprites|m4|s123|e300|es1|b2;vae|dSprites|m6|s123|e300|es1|b2;vae|dSprites|m8|s123|e300|es1|b2;vae|dSprites|m10|s123|e300|es1|b2,1463.6344275474548,0.0,1463.6344275474548,1463.6344275474548,False,0.001625580668449402,0.0016148937245210012,False
dSprites,123,2.0,Legacy window,2,0.15,0.25,False,True,64,10,54,7,False,True,0.001651984164118767,4,64;2;4;10,vae|dSprites|m64|s123|e300|es1|b2;vae|dSprites|m2|s123|e300|es1|b2;vae|dSprites|m4|s123|e300|es1|b2;vae|dSprites|m10|s123|e300|es1|b2,861.6911890506744,295.7825562953949,1157.4737453460693,873.5224913024903,False,0.0015018037855625153,0.001500560998916626,False
dSprites,123,2.0,ID local,2,0.15,0.25,False,True,10,10,0,0,True,True,0.001651984164118767,6,64;2;4;6;8;10,vae|dSprites|m64|s123|e300|es1|b2;vae|dSprites|m2|s123|e300|es1|b2;vae|dSprites|m4|s123|e300|es1|b2;vae|dSprites|m6|s123|e300|es1|b2;vae|dSprites|m8|s123|e300|es1|b2;vae|dSprites|m10|s123|e300|es1|b2,1463.6344275474548,295.7825562953949,1759.4169838428497,1475.4657297992705,False,0.001625580668449402,0.0016148937245210012,False
dSprites,123,2.0,Midpoint local,2,0.15,0.25,,False,10,10,0,0,True,True,0.001651984164118767,4,64;12;10;8,vae|dSprites|m64|s123|e300|es1|b2;vae|dSprites|m12|s123|e300|es1|b2;vae|dSprites|m10|s123|e300|es1|b2;vae|dSprites|m8|s123|e300|es1|b2,1151.260973930359,0.0,1151.260973930359,1151.260973930359,False,0.001625580668449402,0.0016148937245210012,False
dSprites,123,2.0,ID certified,2,0.15,0.25,False,True,10,10,0,0,True,True,0.001651984164118767,6,64;2;4;6;8;10,vae|dSprites|m64|s123|e300|es1|b2;vae|dSprites|m2|s123|e300|es1|b2;vae|dSprites|m4|s123|e300|es1|b2;vae|dSprites|m6|s123|e300|es1|b2;vae|dSprites|m8|s123|e300|es1|b2;vae|dSprites|m10|s123|e300|es1|b2,1463.6344275474548,295.7825562953949,1759.4169838428497,1475.4657297992705,False,0.001625580668449402,0.0016148937245210012,False
dSprites,777,2.0,Full grid Q,2,0.15,0.25,,False,12,12,0,0,True,True,0.0016147386580705645,12,64;2;4;6;8;10;12;16;20;24;32;48,vae|dSprites|m64|s777|e300|es1|b2;vae|dSprites|m2|s777|e300|es1|b2;vae|dSprites|m4|s777|e300|es1|b2;vae|dSprites|m6|s777|e300|es1|b2;vae|dSprites|m8|s777|e300|es1|b2;vae|dSprites|m10|s777|e300|es1|b2;vae|dSprites|m12|s777|e300|es1|b2;vae|dSprites|m16|s777|e300|es1|b2;vae|dSprites|m20|s777|e300|es1|b2;vae|dSprites|m24|s777|e300|es1|b2;vae|dSprites|m32|s777|e300|es1|b2;vae|dSprites|m48|s777|e300|es1|b2,3113.9479722976685,0.0,3113.9479722976685,3113.9479722976685,False,0.0015568358898162841,0.0015379440983136494,False
dSprites,777,2.0,Ascending Q,2,0.15,0.25,,False,12,12,0,0,True,True,0.0016147386580705645,7,64;2;4;6;8;10;12,vae|dSprites|m64|s777|e300|es1|b2;vae|dSprites|m2|s777|e300|es1|b2;vae|dSprites|m4|s777|e300|es1|b2;vae|dSprites|m6|s777|e300|es1|b2;vae|dSprites|m8|s777|e300|es1|b2;vae|dSprites|m10|s777|e300|es1|b2;vae|dSprites|m12|s777|e300|es1|b2,1677.5211057662964,0.0,1677.5211057662964,1677.5211057662964,False,0.0015568358898162841,0.0015379440983136494,False
dSprites,777,2.0,Legacy window,2,0.15,0.25,False,True,64,12,52,6,False,True,0.0016147386580705645,4,64;2;4;10,vae|dSprites|m64|s777|e300|es1|b2;vae|dSprites|m2|s777|e300|es1|b2;vae|dSprites|m4|s777|e300|es1|b2;vae|dSprites|m10|s777|e300|es1|b2,856.1480486392975,295.7825562953949,1151.9306049346924,867.9793508911133,False,0.001467944234609604,0.001435848633448283,False
dSprites,777,2.0,ID local,2,0.15,0.25,False,True,12,12,0,0,True,True,0.0016147386580705645,7,64;2;4;6;8;10;12,vae|dSprites|m64|s777|e300|es1|b2;vae|dSprites|m2|s777|e300|es1|b2;vae|dSprites|m4|s777|e300|es1|b2;vae|dSprites|m6|s777|e300|es1|b2;vae|dSprites|m8|s777|e300|es1|b2;vae|dSprites|m10|s777|e300|es1|b2;vae|dSprites|m12|s777|e300|es1|b2,1677.5211057662964,295.7825562953949,1973.3036620616913,1689.352408018112,False,0.0015568358898162841,0.0015379440983136494,False
dSprites,777,2.0,Midpoint local,2,0.15,0.25,,False,12,12,0,0,True,True,0.0016147386580705645,3,64;12;10,vae|dSprites|m64|s777|e300|es1|b2;vae|dSprites|m12|s777|e300|es1|b2;vae|dSprites|m10|s777|e300|es1|b2,936.6139812469482,0.0,936.6139812469482,936.6139812469482,False,0.0015568358898162841,0.0015379440983136494,False
dSprites,777,2.0,ID certified,2,0.15,0.25,False,True,12,12,0,0,True,True,0.0016147386580705645,7,64;2;4;6;8;10;12,vae|dSprites|m64|s777|e300|es1|b2;vae|dSprites|m2|s777|e300|es1|b2;vae|dSprites|m4|s777|e300|es1|b2;vae|dSprites|m6|s777|e300|es1|b2;vae|dSprites|m8|s777|e300|es1|b2;vae|dSprites|m10|s777|e300|es1|b2;vae|dSprites|m12|s777|e300|es1|b2,1677.5211057662964,295.7825562953949,1973.3036620616913,1689.352408018112,False,0.0015568358898162841,0.0015379440983136494,False
dSprites,2024,2.0,Full grid Q,2,0.15,0.25,,False,12,12,0,0,True,True,0.001603042957186699,12,64;2;4;6;8;10;12;16;20;24;32;48,vae|dSprites|m64|s2024|e300|es1|b2;vae|dSprites|m2|s2024|e300|es1|b2;vae|dSprites|m4|s2024|e300|es1|b2;vae|dSprites|m6|s2024|e300|es1|b2;vae|dSprites|m8|s2024|e300|es1|b2;vae|dSprites|m10|s2024|e300|es1|b2;vae|dSprites|m12|s2024|e300|es1|b2;vae|dSprites|m16|s2024|e300|es1|b2;vae|dSprites|m20|s2024|e300|es1|b2;vae|dSprites|m24|s2024|e300|es1|b2;vae|dSprites|m32|s2024|e300|es1|b2;vae|dSprites|m48|s2024|e300|es1|b2,2985.4632329940796,0.0,2985.4632329940796,2985.4632329940796,False,0.0015447506606578827,0.0015110662579536438,True
dSprites,2024,2.0,Ascending Q,2,0.15,0.25,,False,12,12,0,0,True,True,0.001603042957186699,7,64;2;4;6;8;10;12,vae|dSprites|m64|s2024|e300|es1|b2;vae|dSprites|m2|s2024|e300|es1|b2;vae|dSprites|m4|s2024|e300|es1|b2;vae|dSprites|m6|s2024|e300|es1|b2;vae|dSprites|m8|s2024|e300|es1|b2;vae|dSprites|m10|s2024|e300|es1|b2;vae|dSprites|m12|s2024|e300|es1|b2,1671.3167235851288,0.0,1671.3167235851288,1671.3167235851288,False,0.0015447506606578827,0.0015110662579536438,True
dSprites,2024,2.0,Legacy window,2,0.15,0.25,False,True,64,12,52,6,False,True,0.001603042957186699,4,64;2;4;10,vae|dSprites|m64|s2024|e300|es1|b2;vae|dSprites|m2|s2024|e300|es1|b2;vae|dSprites|m4|s2024|e300|es1|b2;vae|dSprites|m10|s2024|e300|es1|b2,901.3247332572937,295.7825562953949,1197.1072895526886,913.1560355091095,False,0.0014573117792606354,0.0014396627942721049,True
dSprites,2024,2.0,ID local,2,0.15,0.25,False,True,12,12,0,0,True,True,0.001603042957186699,7,64;2;4;6;8;10;12,vae|dSprites|m64|s2024|e300|es1|b2;vae|dSprites|m2|s2024|e300|es1|b2;vae|dSprites|m4|s2024|e300|es1|b2;vae|dSprites|m6|s2024|e300|es1|b2;vae|dSprites|m8|s2024|e300|es1|b2;vae|dSprites|m10|s2024|e300|es1|b2;vae|dSprites|m12|s2024|e300|es1|b2,1671.3167235851288,295.7825562953949,1967.0992798805237,1683.1480258369445,False,0.0015447506606578827,0.0015110662579536438,True
dSprites,2024,2.0,Midpoint local,2,0.15,0.25,,False,12,12,0,0,True,True,0.001603042957186699,3,64;12;10,vae|dSprites|m64|s2024|e300|es1|b2;vae|dSprites|m12|s2024|e300|es1|b2;vae|dSprites|m10|s2024|e300|es1|b2,942.1862714290619,0.0,942.1862714290619,942.1862714290619,False,0.0015447506606578827,0.0015110662579536438,True
dSprites,2024,2.0,ID certified,2,0.15,0.25,False,True,12,12,0,0,True,True,0.001603042957186699,7,64;2;4;6;8;10;12,vae|dSprites|m64|s2024|e300|es1|b2;vae|dSprites|m2|s2024|e300|es1|b2;vae|dSprites|m4|s2024|e300|es1|b2;vae|dSprites|m6|s2024|e300|es1|b2;vae|dSprites|m8|s2024|e300|es1|b2;vae|dSprites|m10|s2024|e300|es1|b2;vae|dSprites|m12|s2024|e300|es1|b2,1671.3167235851288,295.7825562953949,1967.0992798805237,1683.1480258369445,False,0.0015447506606578827,0.0015110662579536438,True
dSprites,31337,2.0,Full grid Q,2,0.15,0.25,,False,20,20,0,0,True,True,0.001540391528606415,12,64;2;4;6;8;10;12;16;20;24;32;48,vae|dSprites|m64|s31337|e300|es1|b2;vae|dSprites|m2|s31337|e300|es1|b2;vae|dSprites|m4|s31337|e300|es1|b2;vae|dSprites|m6|s31337|e300|es1|b2;vae|dSprites|m8|s31337|e300|es1|b2;vae|dSprites|m10|s31337|e300|es1|b2;vae|dSprites|m12|s31337|e300|es1|b2;vae|dSprites|m16|s31337|e300|es1|b2;vae|dSprites|m20|s31337|e300|es1|b2;vae|dSprites|m24|s31337|e300|es1|b2;vae|dSprites|m32|s31337|e300|es1|b2;vae|dSprites|m48|s31337|e300|es1|b2,3256.4888138771057,0.0,3256.4888138771057,3256.4888138771057,False,0.0015291853249073028,0.0015227804481983186,True
dSprites,31337,2.0,Ascending Q,2,0.15,0.25,,False,20,20,0,0,True,True,0.001540391528606415,9,64;2;4;6;8;10;12;16;20,vae|dSprites|m64|s31337|e300|es1|b2;vae|dSprites|m2|s31337|e300|es1|b2;vae|dSprites|m4|s31337|e300|es1|b2;vae|dSprites|m6|s31337|e300|es1|b2;vae|dSprites|m8|s31337|e300|es1|b2;vae|dSprites|m10|s31337|e300|es1|b2;vae|dSprites|m12|s31337|e300|es1|b2;vae|dSprites|m16|s31337|e300|es1|b2;vae|dSprites|m20|s31337|e300|es1|b2,2317.7968254089355,0.0,2317.7968254089355,2317.7968254089355,False,0.0015291853249073028,0.0015227804481983186,True
dSprites,31337,2.0,Legacy window,2,0.15,0.25,False,True,64,20,44,4,False,True,0.001540391528606415,4,64;2;4;10,vae|dSprites|m64|s31337|e300|es1|b2;vae|dSprites|m2|s31337|e300|es1|b2;vae|dSprites|m4|s31337|e300|es1|b2;vae|dSprites|m10|s31337|e300|es1|b2,828.617014169693,295.7825562953949,1124.399570465088,840.4483164215088,False,0.0014003559350967408,0.0013738368650277456,True
dSprites,31337,2.0,ID local,2,0.15,0.25,False,True,20,20,0,0,True,True,0.001540391528606415,9,64;2;4;6;8;10;12;16;20,vae|dSprites|m64|s31337|e300|es1|b2;vae|dSprites|m2|s31337|e300|es1|b2;vae|dSprites|m4|s31337|e300|es1|b2;vae|dSprites|m6|s31337|e300|es1|b2;vae|dSprites|m8|s31337|e300|es1|b2;vae|dSprites|m10|s31337|e300|es1|b2;vae|dSprites|m12|s31337|e300|es1|b2;vae|dSprites|m16|s31337|e300|es1|b2;vae|dSprites|m20|s31337|e300|es1|b2,2317.7968254089355,295.7825562953949,2613.5793817043304,2329.6281276607515,False,0.0015291853249073028,0.0015227804481983186,True
dSprites,31337,2.0,Midpoint local,2,0.15,0.25,,False,20,20,0,0,True,True,0.001540391528606415,4,64;12;16;20,vae|dSprites|m64|s31337|e300|es1|b2;vae|dSprites|m12|s31337|e300|es1|b2;vae|dSprites|m16|s31337|e300|es1|b2;vae|dSprites|m20|s31337|e300|es1|b2,1271.0963966846466,0.0,1271.0963966846466,1271.0963966846466,False,0.0015291853249073028,0.0015227804481983186,True
dSprites,31337,2.0,ID certified,2,0.15,0.25,False,True,20,20,0,0,True,True,0.001540391528606415,9,64;2;4;6;8;10;12;16;20,vae|dSprites|m64|s31337|e300|es1|b2;vae|dSprites|m2|s31337|e300|es1|b2;vae|dSprites|m4|s31337|e300|es1|b2;vae|dSprites|m6|s31337|e300|es1|b2;vae|dSprites|m8|s31337|e300|es1|b2;vae|dSprites|m10|s31337|e300|es1|b2;vae|dSprites|m12|s31337|e300|es1|b2;vae|dSprites|m16|s31337|e300|es1|b2;vae|dSprites|m20|s31337|e300|es1|b2,2317.7968254089355,295.7825562953949,2613.5793817043304,2329.6281276607515,False,0.0015291853249073028,0.0015227804481983186,True
dSprites,42,4.0,Full grid Q,2,0.15,0.25,,False,10,10,0,0,True,True,0.002271739637851715,12,64;2;4;6;8;10;12;16;20;24;32;48,vae|dSprites|m64|s42|e300|es1|b4;vae|dSprites|m2|s42|e300|es1|b4;vae|dSprites|m4|s42|e300|es1|b4;vae|dSprites|m6|s42|e300|es1|b4;vae|dSprites|m8|s42|e300|es1|b4;vae|dSprites|m10|s42|e300|es1|b4;vae|dSprites|m12|s42|e300|es1|b4;vae|dSprites|m16|s42|e300|es1|b4;vae|dSprites|m20|s42|e300|es1|b4;vae|dSprites|m24|s42|e300|es1|b4;vae|dSprites|m32|s42|e300|es1|b4;vae|dSprites|m48|s42|e300|es1|b4,3506.6362450122833,0.0,3506.6362450122833,3506.6362450122833,False,0.002271032750606537,0.0022454744180043537,False
dSprites,42,4.0,Ascending Q,2,0.15,0.25,,False,10,10,0,0,True,True,0.002271739637851715,6,64;2;4;6;8;10,vae|dSprites|m64|s42|e300|es1|b4;vae|dSprites|m2|s42|e300|es1|b4;vae|dSprites|m4|s42|e300|es1|b4;vae|dSprites|m6|s42|e300|es1|b4;vae|dSprites|m8|s42|e300|es1|b4;vae|dSprites|m10|s42|e300|es1|b4,1518.374186515808,0.0,1518.374186515808,1518.374186515808,False,0.002271032750606537,0.0022454744180043537,False
dSprites,42,4.0,Legacy window,2,0.15,0.25,False,True,64,10,54,7,False,True,0.002271739637851715,4,64;2;4;10,vae|dSprites|m64|s42|e300|es1|b4;vae|dSprites|m2|s42|e300|es1|b4;vae|dSprites|m4|s42|e300|es1|b4;vae|dSprites|m10|s42|e300|es1|b4,915.4752292633057,295.7825562953949,1211.2577855587006,927.3065315151215,False,0.0020652178525924682,0.0020514565110206604,False
dSprites,42,4.0,ID local,2,0.15,0.25,False,True,10,10,0,0,True,True,0.002271739637851715,6,64;2;4;6;8;10,vae|dSprites|m64|s42|e300|es1|b4;vae|dSprites|m2|s42|e300|es1|b4;vae|dSprites|m4|s42|e300|es1|b4;vae|dSprites|m6|s42|e300|es1|b4;vae|dSprites|m8|s42|e300|es1|b4;vae|dSprites|m10|s42|e300|es1|b4,1518.374186515808,295.7825562953949,1814.156742811203,1530.2054887676238,False,0.002271032750606537,0.0022454744180043537,False
dSprites,42,4.0,Midpoint local,2,0.15,0.25,,False,10,10,0,0,True,True,0.002271739637851715,4,64;12;10;8,vae|dSprites|m64|s42|e300|es1|b4;vae|dSprites|m12|s42|e300|es1|b4;vae|dSprites|m10|s42|e300|es1|b4;vae|dSprites|m8|s42|e300|es1|b4,1324.7912209033966,0.0,1324.7912209033966,1324.7912209033966,False,0.002271032750606537,0.0022454744180043537,False
dSprites,42,4.0,ID certified,2,0.15,0.25,False,True,10,10,0,0,True,True,0.002271739637851715,6,64;2;4;6;8;10,vae|dSprites|m64|s42|e300|es1|b4;vae|dSprites|m2|s42|e300|es1|b4;vae|dSprites|m4|s42|e300|es1|b4;vae|dSprites|m6|s42|e300|es1|b4;vae|dSprites|m8|s42|e300|es1|b4;vae|dSprites|m10|s42|e300|es1|b4,1518.374186515808,295.7825562953949,1814.156742811203,1530.2054887676238,False,0.002271032750606537,0.0022454744180043537,False
dSprites,123,4.0,Full grid Q,2,0.15,0.25,,False,10,10,0,0,True,True,0.002367889755964279,12,64;2;4;6;8;10;12;16;20;24;32;48,vae|dSprites|m64|s123|e300|es1|b4;vae|dSprites|m2|s123|e300|es1|b4;vae|dSprites|m4|s123|e300|es1|b4;vae|dSprites|m6|s123|e300|es1|b4;vae|dSprites|m8|s123|e300|es1|b4;vae|dSprites|m10|s123|e300|es1|b4;vae|dSprites|m12|s123|e300|es1|b4;vae|dSprites|m16|s123|e300|es1|b4;vae|dSprites|m20|s123|e300|es1|b4;vae|dSprites|m24|s123|e300|es1|b4;vae|dSprites|m32|s123|e300|es1|b4;vae|dSprites|m48|s123|e300|es1|b4,3613.3100805282593,0.0,3613.3100805282593,3613.3100805282593,False,0.0021705603003501894,0.0021580156087875365,False
dSprites,123,4.0,Ascending Q,2,0.15,0.25,,False,10,10,0,0,True,True,0.002367889755964279,6,64;2;4;6;8;10,vae|dSprites|m64|s123|e300|es1|b4;vae|dSprites|m2|s123|e300|es1|b4;vae|dSprites|m4|s123|e300|es1|b4;vae|dSprites|m6|s123|e300|es1|b4;vae|dSprites|m8|s123|e300|es1|b4;vae|dSprites|m10|s123|e300|es1|b4,1624.9277622699738,0.0,1624.9277622699738,1624.9277622699738,False,0.0021705603003501894,0.0021580156087875365,False
dSprites,123,4.0,Legacy window,2,0.15,0.25,False,True,64,10,54,7,False,True,0.002367889755964279,4,64;2;4;10,vae|dSprites|m64|s123|e300|es1|b4;vae|dSprites|m2|s123|e300|es1|b4;vae|dSprites|m4|s123|e300|es1|b4;vae|dSprites|m10|s123|e300|es1|b4,967.5446927547455,295.7825562953949,1263.3272490501404,979.3759950065613,False,0.0021526270508766174,0.0021373684008916217,False
dSprites,123,4.0,ID local,2,0.15,0.25,False,True,10,10,0,0,True,True,0.002367889755964279,6,64;2;4;6;8;10,vae|dSprites|m64|s123|e300|es1|b4;vae|dSprites|m2|s123|e300|es1|b4;vae|dSprites|m4|s123|e300|es1|b4;vae|dSprites|m6|s123|e300|es1|b4;vae|dSprites|m8|s123|e300|es1|b4;vae|dSprites|m10|s123|e300|es1|b4,1624.9277622699738,295.7825562953949,1920.7103185653687,1636.7590645217895,False,0.0021705603003501894,0.0021580156087875365,False
dSprites,123,4.0,Midpoint local,2,0.15,0.25,,False,10,10,0,0,True,True,0.002367889755964279,4,64;12;10;8,vae|dSprites|m64|s123|e300|es1|b4;vae|dSprites|m12|s123|e300|es1|b4;vae|dSprites|m10|s123|e300|es1|b4;vae|dSprites|m8|s123|e300|es1|b4,1324.738758802414,0.0,1324.738758802414,1324.738758802414,False,0.0021705603003501894,0.0021580156087875365,False
dSprites,123,4.0,ID certified,2,0.15,0.25,False,True,10,10,0,0,True,True,0.002367889755964279,6,64;2;4;6;8;10,vae|dSprites|m64|s123|e300|es1|b4;vae|dSprites|m2|s123|e300|es1|b4;vae|dSprites|m4|s123|e300|es1|b4;vae|dSprites|m6|s123|e300|es1|b4;vae|dSprites|m8|s123|e300|es1|b4;vae|dSprites|m10|s123|e300|es1|b4,1624.9277622699738,295.7825562953949,1920.7103185653687,1636.7590645217895,False,0.0021705603003501894,0.0021580156087875365,False
dSprites,777,4.0,Full grid Q,2,0.15,0.25,,False,12,12,0,0,True,True,0.002303514260053635,12,64;2;4;6;8;10;12;16;20;24;32;48,vae|dSprites|m64|s777|e300|es1|b4;vae|dSprites|m2|s777|e300|es1|b4;vae|dSprites|m4|s777|e300|es1|b4;vae|dSprites|m6|s777|e300|es1|b4;vae|dSprites|m8|s777|e300|es1|b4;vae|dSprites|m10|s777|e300|es1|b4;vae|dSprites|m12|s777|e300|es1|b4;vae|dSprites|m16|s777|e300|es1|b4;vae|dSprites|m20|s777|e300|es1|b4;vae|dSprites|m24|s777|e300|es1|b4;vae|dSprites|m32|s777|e300|es1|b4;vae|dSprites|m48|s777|e300|es1|b4,3435.052194595337,0.0,3435.052194595337,3435.052194595337,False,0.002247362792491913,0.002224541982014974,False
dSprites,777,4.0,Ascending Q,2,0.15,0.25,,False,12,12,0,0,True,True,0.002303514260053635,7,64;2;4;6;8;10;12,vae|dSprites|m64|s777|e300|es1|b4;vae|dSprites|m2|s777|e300|es1|b4;vae|dSprites|m4|s777|e300|es1|b4;vae|dSprites|m6|s777|e300|es1|b4;vae|dSprites|m8|s777|e300|es1|b4;vae|dSprites|m10|s777|e300|es1|b4;vae|dSprites|m12|s777|e300|es1|b4,1776.7357110977173,0.0,1776.7357110977173,1776.7357110977173,False,0.002247362792491913,0.002224541982014974,False
dSprites,777,4.0,Legacy window,2,0.15,0.25,False,True,64,12,52,6,False,True,0.002303514260053635,4,64;2;4;10,vae|dSprites|m64|s777|e300|es1|b4;vae|dSprites|m2|s777|e300|es1|b4;vae|dSprites|m4|s777|e300|es1|b4;vae|dSprites|m10|s777|e300|es1|b4,787.7785272598267,295.7825562953949,1083.5610835552216,799.6098295116425,False,0.0020941038727760315,0.0020698169668515523,False
dSprites,777,4.0,ID local,2,0.15,0.25,False,True,12,12,0,0,True,True,0.002303514260053635,7,64;2;4;6;8;10;12,vae|dSprites|m64|s777|e300|es1|b4;vae|dSprites|m2|s777|e300|es1|b4;vae|dSprites|m4|s777|e300|es1|b4;vae|dSprites|m6|s777|e300|es1|b4;vae|dSprites|m8|s777|e300|es1|b4;vae|dSprites|m10|s777|e300|es1|b4;vae|dSprites|m12|s777|e300|es1|b4,1776.7357110977173,295.7825562953949,2072.518267393112,1788.567013349533,False,0.002247362792491913,0.002224541982014974,False
dSprites,777,4.0,Midpoint local,2,0.15,0.25,,False,12,12,0,0,True,True,0.002303514260053635,3,64;12;10,vae|dSprites|m64|s777|e300|es1|b4;vae|dSprites|m12|s777|e300|es1|b4;vae|dSprites|m10|s777|e300|es1|b4,926.2459788322449,0.0,926.2459788322449,926.2459788322449,False,0.002247362792491913,0.002224541982014974,False
dSprites,777,4.0,ID certified,2,0.15,0.25,False,True,12,12,0,0,True,True,0.002303514260053635,7,64;2;4;6;8;10;12,vae|dSprites|m64|s777|e300|es1|b4;vae|dSprites|m2|s777|e300|es1|b4;vae|dSprites|m4|s777|e300|es1|b4;vae|dSprites|m6|s777|e300|es1|b4;vae|dSprites|m8|s777|e300|es1|b4;vae|dSprites|m10|s777|e300|es1|b4;vae|dSprites|m12|s777|e300|es1|b4,1776.7357110977173,295.7825562953949,2072.518267393112,1788.567013349533,False,0.002247362792491913,0.002224541982014974,False
dSprites,2024,4.0,Full grid Q,2,0.15,0.25,,False,8,8,0,0,True,True,0.0024147162914276124,12,64;2;4;6;8;10;12;16;20;24;32;48,vae|dSprites|m64|s2024|e300|es1|b4;vae|dSprites|m2|s2024|e300|es1|b4;vae|dSprites|m4|s2024|e300|es1|b4;vae|dSprites|m6|s2024|e300|es1|b4;vae|dSprites|m8|s2024|e300|es1|b4;vae|dSprites|m10|s2024|e300|es1|b4;vae|dSprites|m12|s2024|e300|es1|b4;vae|dSprites|m16|s2024|e300|es1|b4;vae|dSprites|m20|s2024|e300|es1|b4;vae|dSprites|m24|s2024|e300|es1|b4;vae|dSprites|m32|s2024|e300|es1|b4;vae|dSprites|m48|s2024|e300|es1|b4,3563.3850553035736,0.0,3563.3850553035736,3563.3850553035736,False,0.0023683126866817475,0.0023631422122319537,False
dSprites,2024,4.0,Ascending Q,2,0.15,0.25,,False,8,8,0,0,True,True,0.0024147162914276124,5,64;2;4;6;8,vae|dSprites|m64|s2024|e300|es1|b4;vae|dSprites|m2|s2024|e300|es1|b4;vae|dSprites|m4|s2024|e300|es1|b4;vae|dSprites|m6|s2024|e300|es1|b4;vae|dSprites|m8|s2024|e300|es1|b4,1246.3960220813751,0.0,1246.3960220813751,1246.3960220813751,False,0.0023683126866817475,0.0023631422122319537,False
dSprites,2024,4.0,Legacy window,2,0.15,0.25,False,True,64,8,56,8,False,True,0.0024147162914276124,4,64;2;4;10,vae|dSprites|m64|s2024|e300|es1|b4;vae|dSprites|m2|s2024|e300|es1|b4;vae|dSprites|m4|s2024|e300|es1|b4;vae|dSprites|m10|s2024|e300|es1|b4,954.2553770542145,295.7825562953949,1250.0379333496094,966.0866793060303,False,0.0021951966285705567,0.0021717748443285624,False
dSprites,2024,4.0,ID local,2,0.15,0.25,False,True,8,8,0,0,True,True,0.0024147162914276124,5,64;2;4;6;8,vae|dSprites|m64|s2024|e300|es1|b4;vae|dSprites|m2|s2024|e300|es1|b4;vae|dSprites|m4|s2024|e300|es1|b4;vae|dSprites|m6|s2024|e300|es1|b4;vae|dSprites|m8|s2024|e300|es1|b4,1246.3960220813751,295.7825562953949,1542.17857837677,1258.2273243331908,False,0.0023683126866817475,0.0023631422122319537,False
dSprites,2024,4.0,Midpoint local,2,0.15,0.25,,False,8,8,0,0,True,True,0.0024147162914276124,5,64;12;10;8;6,vae|dSprites|m64|s2024|e300|es1|b4;vae|dSprites|m12|s2024|e300|es1|b4;vae|dSprites|m10|s2024|e300|es1|b4;vae|dSprites|m8|s2024|e300|es1|b4;vae|dSprites|m6|s2024|e300|es1|b4,1618.054750919342,0.0,1618.054750919342,1618.054750919342,False,0.0023683126866817475,0.0023631422122319537,False
dSprites,2024,4.0,ID certified,2,0.15,0.25,False,True,8,8,0,0,True,True,0.0024147162914276124,5,64;2;4;6;8,vae|dSprites|m64|s2024|e300|es1|b4;vae|dSprites|m2|s2024|e300|es1|b4;vae|dSprites|m4|s2024|e300|es1|b4;vae|dSprites|m6|s2024|e300|es1|b4;vae|dSprites|m8|s2024|e300|es1|b4,1246.3960220813751,295.7825562953949,1542.17857837677,1258.2273243331908,False,0.0023683126866817475,0.0023631422122319537,False
dSprites,31337,4.0,Full grid Q,2,0.15,0.25,,False,8,8,0,0,True,True,0.002434629300236702,12,64;2;4;6;8;10;12;16;20;24;32;48,vae|dSprites|m64|s31337|e300|es1|b4;vae|dSprites|m2|s31337|e300|es1|b4;vae|dSprites|m4|s31337|e300|es1|b4;vae|dSprites|m6|s31337|e300|es1|b4;vae|dSprites|m8|s31337|e300|es1|b4;vae|dSprites|m10|s31337|e300|es1|b4;vae|dSprites|m12|s31337|e300|es1|b4;vae|dSprites|m16|s31337|e300|es1|b4;vae|dSprites|m20|s31337|e300|es1|b4;vae|dSprites|m24|s31337|e300|es1|b4;vae|dSprites|m32|s31337|e300|es1|b4;vae|dSprites|m48|s31337|e300|es1|b4,3162.785455226898,0.0,3162.785455226898,3162.785455226898,False,0.002047998130321503,0.0020375224947929383,True
dSprites,31337,4.0,Ascending Q,2,0.15,0.25,,False,8,8,0,0,True,True,0.002434629300236702,5,64;2;4;6;8,vae|dSprites|m64|s31337|e300|es1|b4;vae|dSprites|m2|s31337|e300|es1|b4;vae|dSprites|m4|s31337|e300|es1|b4;vae|dSprites|m6|s31337|e300|es1|b4;vae|dSprites|m8|s31337|e300|es1|b4,1257.5162959098816,0.0,1257.5162959098816,1257.5162959098816,False,0.002047998130321503,0.0020375224947929383,True
dSprites,31337,4.0,Legacy window,2,0.15,0.25,False,True,64,8,56,8,False,True,0.002434629300236702,4,64;2;4;10,vae|dSprites|m64|s31337|e300|es1|b4;vae|dSprites|m2|s31337|e300|es1|b4;vae|dSprites|m4|s31337|e300|es1|b4;vae|dSprites|m10|s31337|e300|es1|b4,928.7611458301544,295.7825562953949,1224.5437021255493,940.5924480819702,False,0.002213299363851547,0.00220173321167628,True
dSprites,31337,4.0,ID local,2,0.15,0.25,False,True,8,8,0,0,True,True,0.002434629300236702,5,64;2;4;6;8,vae|dSprites|m64|s31337|e300|es1|b4;vae|dSprites|m2|s31337|e300|es1|b4;vae|dSprites|m4|s31337|e300|es1|b4;vae|dSprites|m6|s31337|e300|es1|b4;vae|dSprites|m8|s31337|e300|es1|b4,1257.5162959098816,295.7825562953949,1553.2988522052765,1269.3475981616973,False,0.002047998130321503,0.0020375224947929383,True
dSprites,31337,4.0,Midpoint local,2,0.15,0.25,,False,16,8,8,3,False,True,0.002434629300236702,3,64;12;16,vae|dSprites|m64|s31337|e300|es1|b4;vae|dSprites|m12|s31337|e300|es1|b4;vae|dSprites|m16|s31337|e300|es1|b4,970.1880683898926,0.0,970.1880683898926,970.1880683898926,False,0.002403215914964676,0.0023886407017707826,True
dSprites,31337,4.0,ID certified,2,0.15,0.25,False,True,8,8,0,0,True,True,0.002434629300236702,5,64;2;4;6;8,vae|dSprites|m64|s31337|e300|es1|b4;vae|dSprites|m2|s31337|e300|es1|b4;vae|dSprites|m4|s31337|e300|es1|b4;vae|dSprites|m6|s31337|e300|es1|b4;vae|dSprites|m8|s31337|e300|es1|b4,1257.5162959098816,295.7825562953949,1553.2988522052765,1269.3475981616973,False,0.002047998130321503,0.0020375224947929383,True
CIFAR10,42,0.25,Full grid Q,2,0.15,0.25,,False,48,48,0,0,True,True,0.011433868630727135,10,256;8;16;24;32;48;64;96;128;192,vae|CIFAR10|m256|s42|e300|es1|b0.25;vae|CIFAR10|m8|s42|e300|es1|b0.25;vae|CIFAR10|m16|s42|e300|es1|b0.25;vae|CIFAR10|m24|s42|e300|es1|b0.25;vae|CIFAR10|m32|s42|e300|es1|b0.25;vae|CIFAR10|m48|s42|e300|es1|b0.25;vae|CIFAR10|m64|s42|e300|es1|b0.25;vae|CIFAR10|m96|s42|e300|es1|b0.25;vae|CIFAR10|m128|s42|e300|es1|b0.25;vae|CIFAR10|m192|s42|e300|es1|b0.25,304.187735080719,0.0,304.187735080719,304.187735080719,False,0.00995166826248169,0.010118382771809896,True
CIFAR10,42,0.25,Ascending Q,2,0.15,0.25,,False,48,48,0,0,True,True,0.011433868630727135,6,256;8;16;24;32;48,vae|CIFAR10|m256|s42|e300|es1|b0.25;vae|CIFAR10|m8|s42|e300|es1|b0.25;vae|CIFAR10|m16|s42|e300|es1|b0.25;vae|CIFAR10|m24|s42|e300|es1|b0.25;vae|CIFAR10|m32|s42|e300|es1|b0.25;vae|CIFAR10|m48|s42|e300|es1|b0.25,204.87112426757812,0.0,204.87112426757812,204.87112426757812,False,0.00995166826248169,0.010118382771809896,True
CIFAR10,42,0.25,Legacy window,2,0.15,0.25,False,True,48,48,0,0,True,True,0.011433868630727135,4,256;8;16;48,vae|CIFAR10|m256|s42|e300|es1|b0.25;vae|CIFAR10|m8|s42|e300|es1|b0.25;vae|CIFAR10|m16|s42|e300|es1|b0.25;vae|CIFAR10|m48|s42|e300|es1|b0.25,139.68618059158325,340.50561332702637,480.1917939186096,153.3064051246643,False,0.00995166826248169,0.010118382771809896,True
CIFAR10,42,0.25,ID local,2,0.15,0.25,False,True,48,48,0,0,True,True,0.011433868630727135,6,256;8;16;24;32;48,vae|CIFAR10|m256|s42|e300|es1|b0.25;vae|CIFAR10|m8|s42|e300|es1|b0.25;vae|CIFAR10|m16|s42|e300|es1|b0.25;vae|CIFAR10|m24|s42|e300|es1|b0.25;vae|CIFAR10|m32|s42|e300|es1|b0.25;vae|CIFAR10|m48|s42|e300|es1|b0.25,204.87112426757812,340.50561332702637,545.3767375946045,218.49134880065918,False,0.00995166826248169,0.010118382771809896,True
CIFAR10,42,0.25,Midpoint local,2,0.15,0.25,,False,48,48,0,0,True,True,0.011433868630727135,3,256;48;32,vae|CIFAR10|m256|s42|e300|es1|b0.25;vae|CIFAR10|m48|s42|e300|es1|b0.25;vae|CIFAR10|m32|s42|e300|es1|b0.25,112.63422632217407,0.0,112.63422632217407,112.63422632217407,False,0.00995166826248169,0.010118382771809896,True
CIFAR10,42,0.25,ID certified,2,0.15,0.25,False,True,48,48,0,0,True,True,0.011433868630727135,6,256;8;16;24;32;48,vae|CIFAR10|m256|s42|e300|es1|b0.25;vae|CIFAR10|m8|s42|e300|es1|b0.25;vae|CIFAR10|m16|s42|e300|es1|b0.25;vae|CIFAR10|m24|s42|e300|es1|b0.25;vae|CIFAR10|m32|s42|e300|es1|b0.25;vae|CIFAR10|m48|s42|e300|es1|b0.25,204.87112426757812,340.50561332702637,545.3767375946045,218.49134880065918,False,0.00995166826248169,0.010118382771809896,True
CIFAR10,123,0.25,Full grid Q,2,0.15,0.25,,False,96,96,0,0,True,True,0.00991230665842692,10,256;8;16;24;32;48;64;96;128;192,vae|CIFAR10|m256|s123|e300|es1|b0.25;vae|CIFAR10|m8|s123|e300|es1|b0.25;vae|CIFAR10|m16|s123|e300|es1|b0.25;vae|CIFAR10|m24|s123|e300|es1|b0.25;vae|CIFAR10|m32|s123|e300|es1|b0.25;vae|CIFAR10|m48|s123|e300|es1|b0.25;vae|CIFAR10|m64|s123|e300|es1|b0.25;vae|CIFAR10|m96|s123|e300|es1|b0.25;vae|CIFAR10|m128|s123|e300|es1|b0.25;vae|CIFAR10|m192|s123|e300|es1|b0.25,321.5873022079468,0.0,321.5873022079468,321.5873022079468,False,0.009079593022664388,0.009231291876898872,False
CIFAR10,123,0.25,Ascending Q,2,0.15,0.25,,False,96,96,0,0,True,True,0.00991230665842692,8,256;8;16;24;32;48;64;96,vae|CIFAR10|m256|s123|e300|es1|b0.25;vae|CIFAR10|m8|s123|e300|es1|b0.25;vae|CIFAR10|m16|s123|e300|es1|b0.25;vae|CIFAR10|m24|s123|e300|es1|b0.25;vae|CIFAR10|m32|s123|e300|es1|b0.25;vae|CIFAR10|m48|s123|e300|es1|b0.25;vae|CIFAR10|m64|s123|e300|es1|b0.25;vae|CIFAR10|m96|s123|e300|es1|b0.25,266.9021198749542,0.0,266.9021198749542,266.9021198749542,False,0.009079593022664388,0.009231291876898872,False
CIFAR10,123,0.25,Legacy window,2,0.15,0.25,False,True,256,96,160,3,False,True,0.00991230665842692,4,256;8;16;48,vae|CIFAR10|m256|s123|e300|es1|b0.25;vae|CIFAR10|m8|s123|e300|es1|b0.25;vae|CIFAR10|m16|s123|e300|es1|b0.25;vae|CIFAR10|m48|s123|e300|es1|b0.25,147.41156935691833,340.50561332702637,487.9171826839447,161.0317938899994,False,0.0090111878712972,0.009151457256740993,False
CIFAR10,123,0.25,ID local,2,0.15,0.25,False,True,96,96,0,0,True,True,0.00991230665842692,8,256;8;16;24;32;48;64;96,vae|CIFAR10|m256|s123|e300|es1|b0.25;vae|CIFAR10|m8|s123|e300|es1|b0.25;vae|CIFAR10|m16|s123|e300|es1|b0.25;vae|CIFAR10|m24|s123|e300|es1|b0.25;vae|CIFAR10|m32|s123|e300|es1|b0.25;vae|CIFAR10|m48|s123|e300|es1|b0.25;vae|CIFAR10|m64|s123|e300|es1|b0.25;vae|CIFAR10|m96|s123|e300|es1|b0.25,266.9021198749542,340.50561332702637,607.4077332019806,280.5223444080353,False,0.009079593022664388,0.009231291876898872,False
CIFAR10,123,0.25,Midpoint local,2,0.15,0.25,,False,96,96,0,0,True,True,0.00991230665842692,4,256;48;64;96,vae|CIFAR10|m256|s123|e300|es1|b0.25;vae|CIFAR10|m48|s123|e300|es1|b0.25;vae|CIFAR10|m64|s123|e300|es1|b0.25;vae|CIFAR10|m96|s123|e300|es1|b0.25,140.10856986045837,0.0,140.10856986045837,140.10856986045837,False,0.009079593022664388,0.009231291876898872,False
CIFAR10,123,0.25,ID certified,2,0.15,0.25,False,True,96,96,0,0,True,True,0.00991230665842692,8,256;8;16;24;32;48;64;96,vae|CIFAR10|m256|s123|e300|es1|b0.25;vae|CIFAR10|m8|s123|e300|es1|b0.25;vae|CIFAR10|m16|s123|e300|es1|b0.25;vae|CIFAR10|m24|s123|e300|es1|b0.25;vae|CIFAR10|m32|s123|e300|es1|b0.25;vae|CIFAR10|m48|s123|e300|es1|b0.25;vae|CIFAR10|m64|s123|e300|es1|b0.25;vae|CIFAR10|m96|s123|e300|es1|b0.25,266.9021198749542,340.50561332702637,607.4077332019806,280.5223444080353,False,0.009079593022664388,0.009231291876898872,False
CIFAR10,777,0.25,Full grid Q,2,0.15,0.25,,False,48,48,0,0,True,True,0.010330108690261842,10,256;8;16;24;32;48;64;96;128;192,vae|CIFAR10|m256|s777|e300|es1|b0.25;vae|CIFAR10|m8|s777|e300|es1|b0.25;vae|CIFAR10|m16|s777|e300|es1|b0.25;vae|CIFAR10|m24|s777|e300|es1|b0.25;vae|CIFAR10|m32|s777|e300|es1|b0.25;vae|CIFAR10|m48|s777|e300|es1|b0.25;vae|CIFAR10|m64|s777|e300|es1|b0.25;vae|CIFAR10|m96|s777|e300|es1|b0.25;vae|CIFAR10|m128|s777|e300|es1|b0.25;vae|CIFAR10|m192|s777|e300|es1|b0.25,318.1697220802307,0.0,318.1697220802307,318.1697220802307,False,0.009859083811442059,0.010018228001064724,True
CIFAR10,777,0.25,Ascending Q,2,0.15,0.25,,False,48,48,0,0,True,True,0.010330108690261842,6,256;8;16;24;32;48,vae|CIFAR10|m256|s777|e300|es1|b0.25;vae|CIFAR10|m8|s777|e300|es1|b0.25;vae|CIFAR10|m16|s777|e300|es1|b0.25;vae|CIFAR10|m24|s777|e300|es1|b0.25;vae|CIFAR10|m32|s777|e300|es1|b0.25;vae|CIFAR10|m48|s777|e300|es1|b0.25,218.5912516117096,0.0,218.5912516117096,218.5912516117096,False,0.009859083811442059,0.010018228001064724,True
CIFAR10,777,0.25,Legacy window,2,0.15,0.25,False,True,256,48,208,5,False,True,0.010330108690261842,4,256;8;16;48,vae|CIFAR10|m256|s777|e300|es1|b0.25;vae|CIFAR10|m8|s777|e300|es1|b0.25;vae|CIFAR10|m16|s777|e300|es1|b0.25;vae|CIFAR10|m48|s777|e300|es1|b0.25,149.86221265792847,340.50561332702637,490.36782598495483,163.48243719100952,False,0.009391007900238037,0.009528807746039496,True
CIFAR10,777,0.25,ID local,2,0.15,0.25,False,True,48,48,0,0,True,True,0.010330108690261842,6,256;8;16;24;32;48,vae|CIFAR10|m256|s777|e300|es1|b0.25;vae|CIFAR10|m8|s777|e300|es1|b0.25;vae|CIFAR10|m16|s777|e300|es1|b0.25;vae|CIFAR10|m24|s777|e300|es1|b0.25;vae|CIFAR10|m32|s777|e300|es1|b0.25;vae|CIFAR10|m48|s777|e300|es1|b0.25,218.5912516117096,340.50561332702637,559.096864938736,232.21147614479065,False,0.009859083811442059,0.010018228001064724,True
CIFAR10,777,0.25,Midpoint local,2,0.15,0.25,,False,48,48,0,0,True,True,0.010330108690261842,3,256;48;32,vae|CIFAR10|m256|s777|e300|es1|b0.25;vae|CIFAR10|m48|s777|e300|es1|b0.25;vae|CIFAR10|m32|s777|e300|es1|b0.25,130.26517844200134,0.0,130.26517844200134,130.26517844200134,False,0.009859083811442059,0.010018228001064724,True
CIFAR10,777,0.25,ID certified,2,0.15,0.25,False,True,48,48,0,0,True,True,0.010330108690261842,6,256;8;16;24;32;48,vae|CIFAR10|m256|s777|e300|es1|b0.25;vae|CIFAR10|m8|s777|e300|es1|b0.25;vae|CIFAR10|m16|s777|e300|es1|b0.25;vae|CIFAR10|m24|s777|e300|es1|b0.25;vae|CIFAR10|m32|s777|e300|es1|b0.25;vae|CIFAR10|m48|s777|e300|es1|b0.25,218.5912516117096,340.50561332702637,559.096864938736,232.21147614479065,False,0.009859083811442059,0.010018228001064724,True
CIFAR10,2024,0.25,Full grid Q,2,0.15,0.25,,False,64,64,0,0,True,True,0.00969115292231242,10,256;8;16;24;32;48;64;96;128;192,vae|CIFAR10|m256|s2024|e300|es1|b0.25;vae|CIFAR10|m8|s2024|e300|es1|b0.25;vae|CIFAR10|m16|s2024|e300|es1|b0.25;vae|CIFAR10|m24|s2024|e300|es1|b0.25;vae|CIFAR10|m32|s2024|e300|es1|b0.25;vae|CIFAR10|m48|s2024|e300|es1|b0.25;vae|CIFAR10|m64|s2024|e300|es1|b0.25;vae|CIFAR10|m96|s2024|e300|es1|b0.25;vae|CIFAR10|m128|s2024|e300|es1|b0.25;vae|CIFAR10|m192|s2024|e300|es1|b0.25,313.7926037311554,0.0,313.7926037311554,313.7926037311554,False,0.009592088858286541,0.009757555855645075,True
CIFAR10,2024,0.25,Ascending Q,2,0.15,0.25,,False,64,64,0,0,True,True,0.00969115292231242,7,256;8;16;24;32;48;64,vae|CIFAR10|m256|s2024|e300|es1|b0.25;vae|CIFAR10|m8|s2024|e300|es1|b0.25;vae|CIFAR10|m16|s2024|e300|es1|b0.25;vae|CIFAR10|m24|s2024|e300|es1|b0.25;vae|CIFAR10|m32|s2024|e300|es1|b0.25;vae|CIFAR10|m48|s2024|e300|es1|b0.25;vae|CIFAR10|m64|s2024|e300|es1|b0.25,238.54529523849487,0.0,238.54529523849487,238.54529523849487,False,0.009592088858286541,0.009757555855645075,True
CIFAR10,2024,0.25,Legacy window,2,0.15,0.25,False,True,256,64,192,4,False,True,0.00969115292231242,4,256;8;16;48,vae|CIFAR10|m256|s2024|e300|es1|b0.25;vae|CIFAR10|m8|s2024|e300|es1|b0.25;vae|CIFAR10|m16|s2024|e300|es1|b0.25;vae|CIFAR10|m48|s2024|e300|es1|b0.25,121.15420413017273,340.50561332702637,461.6598174571991,134.7744286632538,False,0.008810139020284017,0.008949226061503092,True
CIFAR10,2024,0.25,ID local,2,0.15,0.25,False,True,64,64,0,0,True,True,0.00969115292231242,7,256;8;16;24;32;48;64,vae|CIFAR10|m256|s2024|e300|es1|b0.25;vae|CIFAR10|m8|s2024|e300|es1|b0.25;vae|CIFAR10|m16|s2024|e300|es1|b0.25;vae|CIFAR10|m24|s2024|e300|es1|b0.25;vae|CIFAR10|m32|s2024|e300|es1|b0.25;vae|CIFAR10|m48|s2024|e300|es1|b0.25;vae|CIFAR10|m64|s2024|e300|es1|b0.25,238.54529523849487,340.50561332702637,579.0509085655212,252.16551977157593,False,0.009592088858286541,0.009757555855645075,True
CIFAR10,2024,0.25,Midpoint local,2,0.15,0.25,,False,64,64,0,0,True,True,0.00969115292231242,3,256;48;64,vae|CIFAR10|m256|s2024|e300|es1|b0.25;vae|CIFAR10|m48|s2024|e300|es1|b0.25;vae|CIFAR10|m64|s2024|e300|es1|b0.25,90.23681974411011,0.0,90.23681974411011,90.23681974411011,False,0.009592088858286541,0.009757555855645075,True
CIFAR10,2024,0.25,ID certified,2,0.15,0.25,False,True,64,64,0,0,True,True,0.00969115292231242,7,256;8;16;24;32;48;64,vae|CIFAR10|m256|s2024|e300|es1|b0.25;vae|CIFAR10|m8|s2024|e300|es1|b0.25;vae|CIFAR10|m16|s2024|e300|es1|b0.25;vae|CIFAR10|m24|s2024|e300|es1|b0.25;vae|CIFAR10|m32|s2024|e300|es1|b0.25;vae|CIFAR10|m48|s2024|e300|es1|b0.25;vae|CIFAR10|m64|s2024|e300|es1|b0.25,238.54529523849487,340.50561332702637,579.0509085655212,252.16551977157593,False,0.009592088858286541,0.009757555855645075,True
CIFAR10,31337,0.25,Full grid Q,2,0.15,0.25,,False,48,48,0,0,True,True,0.010373150523503622,10,256;8;16;24;32;48;64;96;128;192,vae|CIFAR10|m256|s31337|e300|es1|b0.25;vae|CIFAR10|m8|s31337|e300|es1|b0.25;vae|CIFAR10|m16|s31337|e300|es1|b0.25;vae|CIFAR10|m24|s31337|e300|es1|b0.25;vae|CIFAR10|m32|s31337|e300|es1|b0.25;vae|CIFAR10|m48|s31337|e300|es1|b0.25;vae|CIFAR10|m64|s31337|e300|es1|b0.25;vae|CIFAR10|m96|s31337|e300|es1|b0.25;vae|CIFAR10|m128|s31337|e300|es1|b0.25;vae|CIFAR10|m192|s31337|e300|es1|b0.25,297.2378873825073,0.0,297.2378873825073,297.2378873825073,False,0.010125338077545166,0.010311804877387152,True
CIFAR10,31337,0.25,Ascending Q,2,0.15,0.25,,False,48,48,0,0,True,True,0.010373150523503622,6,256;8;16;24;32;48,vae|CIFAR10|m256|s31337|e300|es1|b0.25;vae|CIFAR10|m8|s31337|e300|es1|b0.25;vae|CIFAR10|m16|s31337|e300|es1|b0.25;vae|CIFAR10|m24|s31337|e300|es1|b0.25;vae|CIFAR10|m32|s31337|e300|es1|b0.25;vae|CIFAR10|m48|s31337|e300|es1|b0.25,196.37514805793762,0.0,196.37514805793762,196.37514805793762,False,0.010125338077545166,0.010311804877387152,True
CIFAR10,31337,0.25,Legacy window,2,0.15,0.25,False,True,256,48,208,5,False,True,0.010373150523503622,4,256;8;16;48,vae|CIFAR10|m256|s31337|e300|es1|b0.25;vae|CIFAR10|m8|s31337|e300|es1|b0.25;vae|CIFAR10|m16|s31337|e300|es1|b0.25;vae|CIFAR10|m48|s31337|e300|es1|b0.25,115.5078718662262,340.50561332702637,456.01348519325256,129.12809639930725,False,0.009430136839548747,0.009592602835761176,True
CIFAR10,31337,0.25,ID local,2,0.15,0.25,False,True,48,48,0,0,True,True,0.010373150523503622,6,256;8;16;24;32;48,vae|CIFAR10|m256|s31337|e300|es1|b0.25;vae|CIFAR10|m8|s31337|e300|es1|b0.25;vae|CIFAR10|m16|s31337|e300|es1|b0.25;vae|CIFAR10|m24|s31337|e300|es1|b0.25;vae|CIFAR10|m32|s31337|e300|es1|b0.25;vae|CIFAR10|m48|s31337|e300|es1|b0.25,196.37514805793762,340.50561332702637,536.880761384964,209.99537259101868,False,0.010125338077545166,0.010311804877387152,True
CIFAR10,31337,0.25,Midpoint local,2,0.15,0.25,,False,48,48,0,0,True,True,0.010373150523503622,3,256;48;32,vae|CIFAR10|m256|s31337|e300|es1|b0.25;vae|CIFAR10|m48|s31337|e300|es1|b0.25;vae|CIFAR10|m32|s31337|e300|es1|b0.25,105.41885209083557,0.0,105.41885209083557,105.41885209083557,False,0.010125338077545166,0.010311804877387152,True
CIFAR10,31337,0.25,ID certified,2,0.15,0.25,False,True,48,48,0,0,True,True,0.010373150523503622,6,256;8;16;24;32;48,vae|CIFAR10|m256|s31337|e300|es1|b0.25;vae|CIFAR10|m8|s31337|e300|es1|b0.25;vae|CIFAR10|m16|s31337|e300|es1|b0.25;vae|CIFAR10|m24|s31337|e300|es1|b0.25;vae|CIFAR10|m32|s31337|e300|es1|b0.25;vae|CIFAR10|m48|s31337|e300|es1|b0.25,196.37514805793762,340.50561332702637,536.880761384964,209.99537259101868,False,0.010125338077545166,0.010311804877387152,True
CIFAR10,42,0.5,Full grid Q,2,0.15,0.25,,False,48,48,0,0,True,True,0.012374004983901978,10,256;8;16;24;32;48;64;96;128;192,vae|CIFAR10|m256|s42|e300|es1|b0.5;vae|CIFAR10|m8|s42|e300|es1|b0.5;vae|CIFAR10|m16|s42|e300|es1|b0.5;vae|CIFAR10|m24|s42|e300|es1|b0.5;vae|CIFAR10|m32|s42|e300|es1|b0.5;vae|CIFAR10|m48|s42|e300|es1|b0.5;vae|CIFAR10|m64|s42|e300|es1|b0.5;vae|CIFAR10|m96|s42|e300|es1|b0.5;vae|CIFAR10|m128|s42|e300|es1|b0.5;vae|CIFAR10|m192|s42|e300|es1|b0.5,351.720201253891,0.0,351.720201253891,351.720201253891,False,0.0116044545173645,0.011802848603990342,False
CIFAR10,42,0.5,Ascending Q,2,0.15,0.25,,False,48,48,0,0,True,True,0.012374004983901978,6,256;8;16;24;32;48,vae|CIFAR10|m256|s42|e300|es1|b0.5;vae|CIFAR10|m8|s42|e300|es1|b0.5;vae|CIFAR10|m16|s42|e300|es1|b0.5;vae|CIFAR10|m24|s42|e300|es1|b0.5;vae|CIFAR10|m32|s42|e300|es1|b0.5;vae|CIFAR10|m48|s42|e300|es1|b0.5,195.8528847694397,0.0,195.8528847694397,195.8528847694397,False,0.0116044545173645,0.011802848603990342,False
CIFAR10,42,0.5,Legacy window,2,0.15,0.25,False,True,256,48,208,5,False,True,0.012374004983901978,4,256;8;16;48,vae|CIFAR10|m256|s42|e300|es1|b0.5;vae|CIFAR10|m8|s42|e300|es1|b0.5;vae|CIFAR10|m16|s42|e300|es1|b0.5;vae|CIFAR10|m48|s42|e300|es1|b0.5,130.08443784713745,340.50561332702637,470.5900511741638,143.7046623802185,False,0.011249095439910888,0.011475189208984375,False
CIFAR10,42,0.5,ID local,2,0.15,0.25,False,True,48,48,0,0,True,True,0.012374004983901978,6,256;8;16;24;32;48,vae|CIFAR10|m256|s42|e300|es1|b0.5;vae|CIFAR10|m8|s42|e300|es1|b0.5;vae|CIFAR10|m16|s42|e300|es1|b0.5;vae|CIFAR10|m24|s42|e300|es1|b0.5;vae|CIFAR10|m32|s42|e300|es1|b0.5;vae|CIFAR10|m48|s42|e300|es1|b0.5,195.8528847694397,340.50561332702637,536.3584980964661,209.47310930252075,False,0.0116044545173645,0.011802848603990342,False
CIFAR10,42,0.5,Midpoint local,2,0.15,0.25,,False,48,48,0,0,True,True,0.012374004983901978,3,256;48;32,vae|CIFAR10|m256|s42|e300|es1|b0.5;vae|CIFAR10|m48|s42|e300|es1|b0.5;vae|CIFAR10|m32|s42|e300|es1|b0.5,100.63246011734009,0.0,100.63246011734009,100.63246011734009,False,0.0116044545173645,0.011802848603990342,False
CIFAR10,42,0.5,ID certified,2,0.15,0.25,False,True,48,48,0,0,True,True,0.012374004983901978,6,256;8;16;24;32;48,vae|CIFAR10|m256|s42|e300|es1|b0.5;vae|CIFAR10|m8|s42|e300|es1|b0.5;vae|CIFAR10|m16|s42|e300|es1|b0.5;vae|CIFAR10|m24|s42|e300|es1|b0.5;vae|CIFAR10|m32|s42|e300|es1|b0.5;vae|CIFAR10|m48|s42|e300|es1|b0.5,195.8528847694397,340.50561332702637,536.3584980964661,209.47310930252075,False,0.0116044545173645,0.011802848603990342,False
CIFAR10,123,0.5,Full grid Q,2,0.15,0.25,,False,48,48,0,0,True,True,0.012588839467366537,10,256;8;16;24;32;48;64;96;128;192,vae|CIFAR10|m256|s123|e300|es1|b0.5;vae|CIFAR10|m8|s123|e300|es1|b0.5;vae|CIFAR10|m16|s123|e300|es1|b0.5;vae|CIFAR10|m24|s123|e300|es1|b0.5;vae|CIFAR10|m32|s123|e300|es1|b0.5;vae|CIFAR10|m48|s123|e300|es1|b0.5;vae|CIFAR10|m64|s123|e300|es1|b0.5;vae|CIFAR10|m96|s123|e300|es1|b0.5;vae|CIFAR10|m128|s123|e300|es1|b0.5;vae|CIFAR10|m192|s123|e300|es1|b0.5,358.213561296463,0.0,358.213561296463,358.213561296463,False,0.011865446408589681,0.012052074432373047,False
CIFAR10,123,0.5,Ascending Q,2,0.15,0.25,,False,48,48,0,0,True,True,0.012588839467366537,6,256;8;16;24;32;48,vae|CIFAR10|m256|s123|e300|es1|b0.5;vae|CIFAR10|m8|s123|e300|es1|b0.5;vae|CIFAR10|m16|s123|e300|es1|b0.5;vae|CIFAR10|m24|s123|e300|es1|b0.5;vae|CIFAR10|m32|s123|e300|es1|b0.5;vae|CIFAR10|m48|s123|e300|es1|b0.5,198.87803530693054,0.0,198.87803530693054,198.87803530693054,False,0.011865446408589681,0.012052074432373047,False
CIFAR10,123,0.5,Legacy window,2,0.15,0.25,False,True,256,48,208,5,False,True,0.012588839467366537,4,256;8;16;48,vae|CIFAR10|m256|s123|e300|es1|b0.5;vae|CIFAR10|m8|s123|e300|es1|b0.5;vae|CIFAR10|m16|s123|e300|es1|b0.5;vae|CIFAR10|m48|s123|e300|es1|b0.5,128.61051058769226,340.50561332702637,469.1161239147186,142.23073512077332,False,0.01144439951578776,0.011644757164849175,False
CIFAR10,123,0.5,ID local,2,0.15,0.25,False,True,48,48,0,0,True,True,0.012588839467366537,6,256;8;16;24;32;48,vae|CIFAR10|m256|s123|e300|es1|b0.5;vae|CIFAR10|m8|s123|e300|es1|b0.5;vae|CIFAR10|m16|s123|e300|es1|b0.5;vae|CIFAR10|m24|s123|e300|es1|b0.5;vae|CIFAR10|m32|s123|e300|es1|b0.5;vae|CIFAR10|m48|s123|e300|es1|b0.5,198.87803530693054,340.50561332702637,539.3836486339569,212.4982598400116,False,0.011865446408589681,0.012052074432373047,False
CIFAR10,123,0.5,Midpoint local,2,0.15,0.25,,False,48,48,0,0,True,True,0.012588839467366537,3,256;48;32,vae|CIFAR10|m256|s123|e300|es1|b0.5;vae|CIFAR10|m48|s123|e300|es1|b0.5;vae|CIFAR10|m32|s123|e300|es1|b0.5,94.96747541427612,0.0,94.96747541427612,94.96747541427612,False,0.011865446408589681,0.012052074432373047,False
CIFAR10,123,0.5,ID certified,2,0.15,0.25,False,True,48,48,0,0,True,True,0.012588839467366537,6,256;8;16;24;32;48,vae|CIFAR10|m256|s123|e300|es1|b0.5;vae|CIFAR10|m8|s123|e300|es1|b0.5;vae|CIFAR10|m16|s123|e300|es1|b0.5;vae|CIFAR10|m24|s123|e300|es1|b0.5;vae|CIFAR10|m32|s123|e300|es1|b0.5;vae|CIFAR10|m48|s123|e300|es1|b0.5,198.87803530693054,340.50561332702637,539.3836486339569,212.4982598400116,False,0.011865446408589681,0.012052074432373047,False
CIFAR10,777,0.5,Full grid Q,2,0.15,0.25,,False,48,48,0,0,True,True,0.012212991937001549,10,256;8;16;24;32;48;64;96;128;192,vae|CIFAR10|m256|s777|e300|es1|b0.5;vae|CIFAR10|m8|s777|e300|es1|b0.5;vae|CIFAR10|m16|s777|e300|es1|b0.5;vae|CIFAR10|m24|s777|e300|es1|b0.5;vae|CIFAR10|m32|s777|e300|es1|b0.5;vae|CIFAR10|m48|s777|e300|es1|b0.5;vae|CIFAR10|m64|s777|e300|es1|b0.5;vae|CIFAR10|m96|s777|e300|es1|b0.5;vae|CIFAR10|m128|s777|e300|es1|b0.5;vae|CIFAR10|m192|s777|e300|es1|b0.5,313.7964470386505,0.0,313.7964470386505,313.7964470386505,False,0.011706672032674153,0.011903567208184135,False
CIFAR10,777,0.5,Ascending Q,2,0.15,0.25,,False,48,48,0,0,True,True,0.012212991937001549,6,256;8;16;24;32;48,vae|CIFAR10|m256|s777|e300|es1|b0.5;vae|CIFAR10|m8|s777|e300|es1|b0.5;vae|CIFAR10|m16|s777|e300|es1|b0.5;vae|CIFAR10|m24|s777|e300|es1|b0.5;vae|CIFAR10|m32|s777|e300|es1|b0.5;vae|CIFAR10|m48|s777|e300|es1|b0.5,179.10556507110596,0.0,179.10556507110596,179.10556507110596,False,0.011706672032674153,0.011903567208184135,False
CIFAR10,777,0.5,Legacy window,2,0.15,0.25,False,True,256,48,208,5,False,True,0.012212991937001549,4,256;8;16;48,vae|CIFAR10|m256|s777|e300|es1|b0.5;vae|CIFAR10|m8|s777|e300|es1|b0.5;vae|CIFAR10|m16|s777|e300|es1|b0.5;vae|CIFAR10|m48|s777|e300|es1|b0.5,125.46044683456421,340.50561332702637,465.9660601615906,139.08067136764527,False,0.01110271994272868,0.011296980857849118,False
CIFAR10,777,0.5,ID local,2,0.15,0.25,False,True,48,48,0,0,True,True,0.012212991937001549,6,256;8;16;24;32;48,vae|CIFAR10|m256|s777|e300|es1|b0.5;vae|CIFAR10|m8|s777|e300|es1|b0.5;vae|CIFAR10|m16|s777|e300|es1|b0.5;vae|CIFAR10|m24|s777|e300|es1|b0.5;vae|CIFAR10|m32|s777|e300|es1|b0.5;vae|CIFAR10|m48|s777|e300|es1|b0.5,179.10556507110596,340.50561332702637,519.6111783981323,192.725789604187,False,0.011706672032674153,0.011903567208184135,False
CIFAR10,777,0.5,Midpoint local,2,0.15,0.25,,False,48,48,0,0,True,True,0.012212991937001549,3,256;48;32,vae|CIFAR10|m256|s777|e300|es1|b0.5;vae|CIFAR10|m48|s777|e300|es1|b0.5;vae|CIFAR10|m32|s777|e300|es1|b0.5,96.53845453262329,0.0,96.53845453262329,96.53845453262329,False,0.011706672032674153,0.011903567208184135,False
CIFAR10,777,0.5,ID certified,2,0.15,0.25,False,True,48,48,0,0,True,True,0.012212991937001549,6,256;8;16;24;32;48,vae|CIFAR10|m256|s777|e300|es1|b0.5;vae|CIFAR10|m8|s777|e300|es1|b0.5;vae|CIFAR10|m16|s777|e300|es1|b0.5;vae|CIFAR10|m24|s777|e300|es1|b0.5;vae|CIFAR10|m32|s777|e300|es1|b0.5;vae|CIFAR10|m48|s777|e300|es1|b0.5,179.10556507110596,340.50561332702637,519.6111783981323,192.725789604187,False,0.011706672032674153,0.011903567208184135,False
CIFAR10,2024,0.5,Full grid Q,2,0.15,0.25,,False,48,48,0,0,True,True,0.012116209793090821,10,256;8;16;24;32;48;64;96;128;192,vae|CIFAR10|m256|s2024|e300|es1|b0.5;vae|CIFAR10|m8|s2024|e300|es1|b0.5;vae|CIFAR10|m16|s2024|e300|es1|b0.5;vae|CIFAR10|m24|s2024|e300|es1|b0.5;vae|CIFAR10|m32|s2024|e300|es1|b0.5;vae|CIFAR10|m48|s2024|e300|es1|b0.5;vae|CIFAR10|m64|s2024|e300|es1|b0.5;vae|CIFAR10|m96|s2024|e300|es1|b0.5;vae|CIFAR10|m128|s2024|e300|es1|b0.5;vae|CIFAR10|m192|s2024|e300|es1|b0.5,356.1513855457306,0.0,356.1513855457306,356.1513855457306,False,0.011135773022969564,0.011326357735527886,False
CIFAR10,2024,0.5,Ascending Q,2,0.15,0.25,,False,48,48,0,0,True,True,0.012116209793090821,6,256;8;16;24;32;48,vae|CIFAR10|m256|s2024|e300|es1|b0.5;vae|CIFAR10|m8|s2024|e300|es1|b0.5;vae|CIFAR10|m16|s2024|e300|es1|b0.5;vae|CIFAR10|m24|s2024|e300|es1|b0.5;vae|CIFAR10|m32|s2024|e300|es1|b0.5;vae|CIFAR10|m48|s2024|e300|es1|b0.5,219.2290494441986,0.0,219.2290494441986,219.2290494441986,False,0.011135773022969564,0.011326357735527886,False
CIFAR10,2024,0.5,Legacy window,2,0.15,0.25,False,True,256,48,208,5,False,True,0.012116209793090821,4,256;8;16;48,vae|CIFAR10|m256|s2024|e300|es1|b0.5;vae|CIFAR10|m8|s2024|e300|es1|b0.5;vae|CIFAR10|m16|s2024|e300|es1|b0.5;vae|CIFAR10|m48|s2024|e300|es1|b0.5,152.23494219779968,340.50561332702637,492.74055552482605,165.85516673088074,False,0.01101473617553711,0.011202271143595378,False
CIFAR10,2024,0.5,ID local,2,0.15,0.25,False,True,48,48,0,0,True,True,0.012116209793090821,6,256;8;16;24;32;48,vae|CIFAR10|m256|s2024|e300|es1|b0.5;vae|CIFAR10|m8|s2024|e300|es1|b0.5;vae|CIFAR10|m16|s2024|e300|es1|b0.5;vae|CIFAR10|m24|s2024|e300|es1|b0.5;vae|CIFAR10|m32|s2024|e300|es1|b0.5;vae|CIFAR10|m48|s2024|e300|es1|b0.5,219.2290494441986,340.50561332702637,559.734662771225,232.84927397727967,False,0.011135773022969564,0.011326357735527886,False
CIFAR10,2024,0.5,Midpoint local,2,0.15,0.25,,False,48,48,0,0,True,True,0.012116209793090821,3,256;48;32,vae|CIFAR10|m256|s2024|e300|es1|b0.5;vae|CIFAR10|m48|s2024|e300|es1|b0.5;vae|CIFAR10|m32|s2024|e300|es1|b0.5,138.47572588920593,0.0,138.47572588920593,138.47572588920593,False,0.011135773022969564,0.011326357735527886,False
CIFAR10,2024,0.5,ID certified,2,0.15,0.25,False,True,48,48,0,0,True,True,0.012116209793090821,6,256;8;16;24;32;48,vae|CIFAR10|m256|s2024|e300|es1|b0.5;vae|CIFAR10|m8|s2024|e300|es1|b0.5;vae|CIFAR10|m16|s2024|e300|es1|b0.5;vae|CIFAR10|m24|s2024|e300|es1|b0.5;vae|CIFAR10|m32|s2024|e300|es1|b0.5;vae|CIFAR10|m48|s2024|e300|es1|b0.5,219.2290494441986,340.50561332702637,559.734662771225,232.84927397727967,False,0.011135773022969564,0.011326357735527886,False
CIFAR10,31337,0.5,Full grid Q,2,0.15,0.25,,False,48,48,0,0,True,True,0.012036330509185792,10,256;8;16;24;32;48;64;96;128;192,vae|CIFAR10|m256|s31337|e300|es1|b0.5;vae|CIFAR10|m8|s31337|e300|es1|b0.5;vae|CIFAR10|m16|s31337|e300|es1|b0.5;vae|CIFAR10|m24|s31337|e300|es1|b0.5;vae|CIFAR10|m32|s31337|e300|es1|b0.5;vae|CIFAR10|m48|s31337|e300|es1|b0.5;vae|CIFAR10|m64|s31337|e300|es1|b0.5;vae|CIFAR10|m96|s31337|e300|es1|b0.5;vae|CIFAR10|m128|s31337|e300|es1|b0.5;vae|CIFAR10|m192|s31337|e300|es1|b0.5,364.3768353462219,0.0,364.3768353462219,364.3768353462219,False,0.011969376881917317,0.012170281834072535,False
CIFAR10,31337,0.5,Ascending Q,2,0.15,0.25,,False,48,48,0,0,True,True,0.012036330509185792,6,256;8;16;24;32;48,vae|CIFAR10|m256|s31337|e300|es1|b0.5;vae|CIFAR10|m8|s31337|e300|es1|b0.5;vae|CIFAR10|m16|s31337|e300|es1|b0.5;vae|CIFAR10|m24|s31337|e300|es1|b0.5;vae|CIFAR10|m32|s31337|e300|es1|b0.5;vae|CIFAR10|m48|s31337|e300|es1|b0.5,204.60678029060364,0.0,204.60678029060364,204.60678029060364,False,0.011969376881917317,0.012170281834072535,False
CIFAR10,31337,0.5,Legacy window,2,0.15,0.25,False,True,256,48,208,5,False,True,0.012036330509185792,4,256;8;16;48,vae|CIFAR10|m256|s31337|e300|es1|b0.5;vae|CIFAR10|m8|s31337|e300|es1|b0.5;vae|CIFAR10|m16|s31337|e300|es1|b0.5;vae|CIFAR10|m48|s31337|e300|es1|b0.5,131.6414647102356,340.50561332702637,472.14707803726196,145.26168924331665,False,0.010942118644714355,0.011140876558091907,False
CIFAR10,31337,0.5,ID local,2,0.15,0.25,False,True,48,48,0,0,True,True,0.012036330509185792,6,256;8;16;24;32;48,vae|CIFAR10|m256|s31337|e300|es1|b0.5;vae|CIFAR10|m8|s31337|e300|es1|b0.5;vae|CIFAR10|m16|s31337|e300|es1|b0.5;vae|CIFAR10|m24|s31337|e300|es1|b0.5;vae|CIFAR10|m32|s31337|e300|es1|b0.5;vae|CIFAR10|m48|s31337|e300|es1|b0.5,204.60678029060364,340.50561332702637,545.11239361763,218.2270048236847,False,0.011969376881917317,0.012170281834072535,False
CIFAR10,31337,0.5,Midpoint local,2,0.15,0.25,,False,48,48,0,0,True,True,0.012036330509185792,3,256;48;32,vae|CIFAR10|m256|s31337|e300|es1|b0.5;vae|CIFAR10|m48|s31337|e300|es1|b0.5;vae|CIFAR10|m32|s31337|e300|es1|b0.5,117.58654427528381,0.0,117.58654427528381,117.58654427528381,False,0.011969376881917317,0.012170281834072535,False
CIFAR10,31337,0.5,ID certified,2,0.15,0.25,False,True,48,48,0,0,True,True,0.012036330509185792,6,256;8;16;24;32;48,vae|CIFAR10|m256|s31337|e300|es1|b0.5;vae|CIFAR10|m8|s31337|e300|es1|b0.5;vae|CIFAR10|m16|s31337|e300|es1|b0.5;vae|CIFAR10|m24|s31337|e300|es1|b0.5;vae|CIFAR10|m32|s31337|e300|es1|b0.5;vae|CIFAR10|m48|s31337|e300|es1|b0.5,204.60678029060364,340.50561332702637,545.11239361763,218.2270048236847,False,0.011969376881917317,0.012170281834072535,False
CIFAR10,42,1.0,Full grid Q,2,0.15,0.25,,False,24,24,0,0,True,True,0.015541307322184247,10,256;8;16;24;32;48;64;96;128;192,vae|CIFAR10|m256|s42|e300|es1|b1;vae|CIFAR10|m8|s42|e300|es1|b1;vae|CIFAR10|m16|s42|e300|es1|b1;vae|CIFAR10|m24|s42|e300|es1|b1;vae|CIFAR10|m32|s42|e300|es1|b1;vae|CIFAR10|m48|s42|e300|es1|b1;vae|CIFAR10|m64|s42|e300|es1|b1;vae|CIFAR10|m96|s42|e300|es1|b1;vae|CIFAR10|m128|s42|e300|es1|b1;vae|CIFAR10|m192|s42|e300|es1|b1,419.78951025009155,0.0,419.78951025009155,419.78951025009155,False,0.015143075942993162,0.01534807374742296,False
CIFAR10,42,1.0,Ascending Q,2,0.15,0.25,,False,24,24,0,0,True,True,0.015541307322184247,4,256;8;16;24,vae|CIFAR10|m256|s42|e300|es1|b1;vae|CIFAR10|m8|s42|e300|es1|b1;vae|CIFAR10|m16|s42|e300|es1|b1;vae|CIFAR10|m24|s42|e300|es1|b1,171.03609418869019,0.0,171.03609418869019,171.03609418869019,False,0.015143075942993162,0.01534807374742296,False
CIFAR10,42,1.0,Legacy window,2,0.15,0.25,False,True,48,24,24,2,False,True,0.015541307322184247,4,256;8;16;48,vae|CIFAR10|m256|s42|e300|es1|b1;vae|CIFAR10|m8|s42|e300|es1|b1;vae|CIFAR10|m16|s42|e300|es1|b1;vae|CIFAR10|m48|s42|e300|es1|b1,171.57205891609192,340.50561332702637,512.0776722431183,185.19228344917298,False,0.014041882832845052,0.014293385187784832,False
CIFAR10,42,1.0,ID local,2,0.15,0.25,False,True,24,24,0,0,True,True,0.015541307322184247,4,256;8;16;24,vae|CIFAR10|m256|s42|e300|es1|b1;vae|CIFAR10|m8|s42|e300|es1|b1;vae|CIFAR10|m16|s42|e300|es1|b1;vae|CIFAR10|m24|s42|e300|es1|b1,171.03609418869019,340.50561332702637,511.54170751571655,184.65631872177124,False,0.015143075942993162,0.01534807374742296,False
CIFAR10,42,1.0,Midpoint local,2,0.15,0.25,,False,24,24,0,0,True,True,0.015541307322184247,5,256;48;32;24;16,vae|CIFAR10|m256|s42|e300|es1|b1;vae|CIFAR10|m48|s42|e300|es1|b1;vae|CIFAR10|m32|s42|e300|es1|b1;vae|CIFAR10|m24|s42|e300|es1|b1;vae|CIFAR10|m16|s42|e300|es1|b1,216.26315259933472,0.0,216.26315259933472,216.26315259933472,False,0.015143075942993162,0.01534807374742296,False
CIFAR10,42,1.0,ID certified,2,0.15,0.25,False,True,24,24,0,0,True,True,0.015541307322184247,4,256;8;16;24,vae|CIFAR10|m256|s42|e300|es1|b1;vae|CIFAR10|m8|s42|e300|es1|b1;vae|CIFAR10|m16|s42|e300|es1|b1;vae|CIFAR10|m24|s42|e300|es1|b1,171.03609418869019,340.50561332702637,511.54170751571655,184.65631872177124,False,0.015143075942993162,0.01534807374742296,False
CIFAR10,123,1.0,Full grid Q,2,0.15,0.25,,False,24,24,0,0,True,True,0.015621129957834878,10,256;8;16;24;32;48;64;96;128;192,vae|CIFAR10|m256|s123|e300|es1|b1;vae|CIFAR10|m8|s123|e300|es1|b1;vae|CIFAR10|m16|s123|e300|es1|b1;vae|CIFAR10|m24|s123|e300|es1|b1;vae|CIFAR10|m32|s123|e300|es1|b1;vae|CIFAR10|m48|s123|e300|es1|b1;vae|CIFAR10|m64|s123|e300|es1|b1;vae|CIFAR10|m96|s123|e300|es1|b1;vae|CIFAR10|m128|s123|e300|es1|b1;vae|CIFAR10|m192|s123|e300|es1|b1,425.7245047092438,0.0,425.7245047092438,425.7245047092438,False,0.015105733235677083,0.015347531848483614,False
CIFAR10,123,1.0,Ascending Q,2,0.15,0.25,,False,24,24,0,0,True,True,0.015621129957834878,4,256;8;16;24,vae|CIFAR10|m256|s123|e300|es1|b1;vae|CIFAR10|m8|s123|e300|es1|b1;vae|CIFAR10|m16|s123|e300|es1|b1;vae|CIFAR10|m24|s123|e300|es1|b1,156.53069758415222,0.0,156.53069758415222,156.53069758415222,False,0.015105733235677083,0.015347531848483614,False
CIFAR10,123,1.0,Legacy window,2,0.15,0.25,False,True,256,24,232,7,False,True,0.015621129957834878,4,256;8;16;48,vae|CIFAR10|m256|s123|e300|es1|b1;vae|CIFAR10|m8|s123|e300|es1|b1;vae|CIFAR10|m16|s123|e300|es1|b1;vae|CIFAR10|m48|s123|e300|es1|b1,149.6433289051056,340.50561332702637,490.14894223213196,163.26355343818665,False,0.014201027234395343,0.01446106931898329,False
CIFAR10,123,1.0,ID local,2,0.15,0.25,False,True,24,24,0,0,True,True,0.015621129957834878,4,256;8;16;24,vae|CIFAR10|m256|s123|e300|es1|b1;vae|CIFAR10|m8|s123|e300|es1|b1;vae|CIFAR10|m16|s123|e300|es1|b1;vae|CIFAR10|m24|s123|e300|es1|b1,156.53069758415222,340.50561332702637,497.0363109111786,170.15092211723328,False,0.015105733235677083,0.015347531848483614,False
CIFAR10,123,1.0,Midpoint local,2,0.15,0.25,,False,24,24,0,0,True,True,0.015621129957834878,5,256;48;32;24;16,vae|CIFAR10|m256|s123|e300|es1|b1;vae|CIFAR10|m48|s123|e300|es1|b1;vae|CIFAR10|m32|s123|e300|es1|b1;vae|CIFAR10|m24|s123|e300|es1|b1;vae|CIFAR10|m16|s123|e300|es1|b1,218.17275214195251,0.0,218.17275214195251,218.17275214195251,False,0.015105733235677083,0.015347531848483614,False
CIFAR10,123,1.0,ID certified,2,0.15,0.25,False,True,24,24,0,0,True,True,0.015621129957834878,4,256;8;16;24,vae|CIFAR10|m256|s123|e300|es1|b1;vae|CIFAR10|m8|s123|e300|es1|b1;vae|CIFAR10|m16|s123|e300|es1|b1;vae|CIFAR10|m24|s123|e300|es1|b1,156.53069758415222,340.50561332702637,497.0363109111786,170.15092211723328,False,0.015105733235677083,0.015347531848483614,False
CIFAR10,777,1.0,Full grid Q,2,0.15,0.25,,False,24,24,0,0,True,True,0.015487051582336427,10,256;8;16;24;32;48;64;96;128;192,vae|CIFAR10|m256|s777|e300|es1|b1;vae|CIFAR10|m8|s777|e300|es1|b1;vae|CIFAR10|m16|s777|e300|es1|b1;vae|CIFAR10|m24|s777|e300|es1|b1;vae|CIFAR10|m32|s777|e300|es1|b1;vae|CIFAR10|m48|s777|e300|es1|b1;vae|CIFAR10|m64|s777|e300|es1|b1;vae|CIFAR10|m96|s777|e300|es1|b1;vae|CIFAR10|m128|s777|e300|es1|b1;vae|CIFAR10|m192|s777|e300|es1|b1,407.58110427856445,0.0,407.58110427856445,407.58110427856445,False,0.015329091389973959,0.015577608956231013,False
CIFAR10,777,1.0,Ascending Q,2,0.15,0.25,,False,24,24,0,0,True,True,0.015487051582336427,4,256;8;16;24,vae|CIFAR10|m256|s777|e300|es1|b1;vae|CIFAR10|m8|s777|e300|es1|b1;vae|CIFAR10|m16|s777|e300|es1|b1;vae|CIFAR10|m24|s777|e300|es1|b1,125.16966676712036,0.0,125.16966676712036,125.16966676712036,False,0.015329091389973959,0.015577608956231013,False
CIFAR10,777,1.0,Legacy window,2,0.15,0.25,False,True,48,24,24,2,False,True,0.015487051582336427,4,256;8;16;48,vae|CIFAR10|m256|s777|e300|es1|b1;vae|CIFAR10|m8|s777|e300|es1|b1;vae|CIFAR10|m16|s777|e300|es1|b1;vae|CIFAR10|m48|s777|e300|es1|b1,138.21670937538147,340.50561332702637,478.72232270240784,151.83693390846253,False,0.014024112065633138,0.014240312576293948,False
CIFAR10,777,1.0,ID local,2,0.15,0.25,False,True,24,24,0,0,True,True,0.015487051582336427,4,256;8;16;24,vae|CIFAR10|m256|s777|e300|es1|b1;vae|CIFAR10|m8|s777|e300|es1|b1;vae|CIFAR10|m16|s777|e300|es1|b1;vae|CIFAR10|m24|s777|e300|es1|b1,125.16966676712036,340.50561332702637,465.67528009414673,138.78989130020142,False,0.015329091389973959,0.015577608956231013,False
CIFAR10,777,1.0,Midpoint local,2,0.15,0.25,,False,24,24,0,0,True,True,0.015487051582336427,5,256;48;32;24;16,vae|CIFAR10|m256|s777|e300|es1|b1;vae|CIFAR10|m48|s777|e300|es1|b1;vae|CIFAR10|m32|s777|e300|es1|b1;vae|CIFAR10|m24|s777|e300|es1|b1;vae|CIFAR10|m16|s777|e300|es1|b1,174.83320236206055,0.0,174.83320236206055,174.83320236206055,False,0.015329091389973959,0.015577608956231013,False
CIFAR10,777,1.0,ID certified,2,0.15,0.25,False,True,24,24,0,0,True,True,0.015487051582336427,4,256;8;16;24,vae|CIFAR10|m256|s777|e300|es1|b1;vae|CIFAR10|m8|s777|e300|es1|b1;vae|CIFAR10|m16|s777|e300|es1|b1;vae|CIFAR10|m24|s777|e300|es1|b1,125.16966676712036,340.50561332702637,465.67528009414673,138.78989130020142,False,0.015329091389973959,0.015577608956231013,False
CIFAR10,2024,1.0,Full grid Q,2,0.15,0.25,,False,24,24,0,0,True,True,0.015334938780466717,10,256;8;16;24;32;48;64;96;128;192,vae|CIFAR10|m256|s2024|e300|es1|b1;vae|CIFAR10|m8|s2024|e300|es1|b1;vae|CIFAR10|m16|s2024|e300|es1|b1;vae|CIFAR10|m24|s2024|e300|es1|b1;vae|CIFAR10|m32|s2024|e300|es1|b1;vae|CIFAR10|m48|s2024|e300|es1|b1;vae|CIFAR10|m64|s2024|e300|es1|b1;vae|CIFAR10|m96|s2024|e300|es1|b1;vae|CIFAR10|m128|s2024|e300|es1|b1;vae|CIFAR10|m192|s2024|e300|es1|b1,438.4691801071167,0.0,438.4691801071167,438.4691801071167,False,0.015023370107014974,0.01525981330871582,False
CIFAR10,2024,1.0,Ascending Q,2,0.15,0.25,,False,24,24,0,0,True,True,0.015334938780466717,4,256;8;16;24,vae|CIFAR10|m256|s2024|e300|es1|b1;vae|CIFAR10|m8|s2024|e300|es1|b1;vae|CIFAR10|m16|s2024|e300|es1|b1;vae|CIFAR10|m24|s2024|e300|es1|b1,159.11051058769226,0.0,159.11051058769226,159.11051058769226,False,0.015023370107014974,0.01525981330871582,False
CIFAR10,2024,1.0,Legacy window,2,0.15,0.25,False,True,256,24,232,7,False,True,0.015334938780466717,4,256;8;16;48,vae|CIFAR10|m256|s2024|e300|es1|b1;vae|CIFAR10|m8|s2024|e300|es1|b1;vae|CIFAR10|m16|s2024|e300|es1|b1;vae|CIFAR10|m48|s2024|e300|es1|b1,152.4931607246399,340.50561332702637,492.99877405166626,166.11338525772095,False,0.013940853436787923,0.014170780817667643,False
CIFAR10,2024,1.0,ID local,2,0.15,0.25,False,True,24,24,0,0,True,True,0.015334938780466717,4,256;8;16;24,vae|CIFAR10|m256|s2024|e300|es1|b1;vae|CIFAR10|m8|s2024|e300|es1|b1;vae|CIFAR10|m16|s2024|e300|es1|b1;vae|CIFAR10|m24|s2024|e300|es1|b1,159.11051058769226,340.50561332702637,499.6161239147186,172.73073512077332,False,0.015023370107014974,0.01525981330871582,False
CIFAR10,2024,1.0,Midpoint local,2,0.15,0.25,,False,24,24,0,0,True,True,0.015334938780466717,5,256;48;32;24;16,vae|CIFAR10|m256|s2024|e300|es1|b1;vae|CIFAR10|m48|s2024|e300|es1|b1;vae|CIFAR10|m32|s2024|e300|es1|b1;vae|CIFAR10|m24|s2024|e300|es1|b1;vae|CIFAR10|m16|s2024|e300|es1|b1,217.3611671924591,0.0,217.3611671924591,217.3611671924591,False,0.015023370107014974,0.01525981330871582,False
CIFAR10,2024,1.0,ID certified,2,0.15,0.25,False,True,24,24,0,0,True,True,0.015334938780466717,4,256;8;16;24,vae|CIFAR10|m256|s2024|e300|es1|b1;vae|CIFAR10|m8|s2024|e300|es1|b1;vae|CIFAR10|m16|s2024|e300|es1|b1;vae|CIFAR10|m24|s2024|e300|es1|b1,159.11051058769226,340.50561332702637,499.6161239147186,172.73073512077332,False,0.015023370107014974,0.01525981330871582,False
CIFAR10,31337,1.0,Full grid Q,2,0.15,0.25,,False,24,24,0,0,True,True,0.015368051433563235,10,256;8;16;24;32;48;64;96;128;192,vae|CIFAR10|m256|s31337|e300|es1|b1;vae|CIFAR10|m8|s31337|e300|es1|b1;vae|CIFAR10|m16|s31337|e300|es1|b1;vae|CIFAR10|m24|s31337|e300|es1|b1;vae|CIFAR10|m32|s31337|e300|es1|b1;vae|CIFAR10|m48|s31337|e300|es1|b1;vae|CIFAR10|m64|s31337|e300|es1|b1;vae|CIFAR10|m96|s31337|e300|es1|b1;vae|CIFAR10|m128|s31337|e300|es1|b1;vae|CIFAR10|m192|s31337|e300|es1|b1,449.70130014419556,0.0,449.70130014419556,449.70130014419556,False,0.014977188428243002,0.015247868008083768,False
CIFAR10,31337,1.0,Ascending Q,2,0.15,0.25,,False,24,24,0,0,True,True,0.015368051433563235,4,256;8;16;24,vae|CIFAR10|m256|s31337|e300|es1|b1;vae|CIFAR10|m8|s31337|e300|es1|b1;vae|CIFAR10|m16|s31337|e300|es1|b1;vae|CIFAR10|m24|s31337|e300|es1|b1,174.82684922218323,0.0,174.82684922218323,174.82684922218323,False,0.014977188428243002,0.015247868008083768,False
CIFAR10,31337,1.0,Legacy window,2,0.15,0.25,False,True,48,24,24,2,False,True,0.015368051433563235,4,256;8;16;48,vae|CIFAR10|m256|s31337|e300|es1|b1;vae|CIFAR10|m8|s31337|e300|es1|b1;vae|CIFAR10|m16|s31337|e300|es1|b1;vae|CIFAR10|m48|s31337|e300|es1|b1,182.44230675697327,340.50561332702637,522.9479200839996,196.06253129005432,False,0.01384730879465739,0.014090888341267904,False
CIFAR10,31337,1.0,ID local,2,0.15,0.25,False,True,24,24,0,0,True,True,0.015368051433563235,4,256;8;16;24,vae|CIFAR10|m256|s31337|e300|es1|b1;vae|CIFAR10|m8|s31337|e300|es1|b1;vae|CIFAR10|m16|s31337|e300|es1|b1;vae|CIFAR10|m24|s31337|e300|es1|b1,174.82684922218323,340.50561332702637,515.3324625492096,188.44707375526428,False,0.014977188428243002,0.015247868008083768,False
CIFAR10,31337,1.0,Midpoint local,2,0.15,0.25,,False,24,24,0,0,True,True,0.015368051433563235,5,256;48;32;24;16,vae|CIFAR10|m256|s31337|e300|es1|b1;vae|CIFAR10|m48|s31337|e300|es1|b1;vae|CIFAR10|m32|s31337|e300|es1|b1;vae|CIFAR10|m24|s31337|e300|es1|b1;vae|CIFAR10|m16|s31337|e300|es1|b1,237.3902416229248,0.0,237.3902416229248,237.3902416229248,False,0.014977188428243002,0.015247868008083768,False
CIFAR10,31337,1.0,ID certified,2,0.15,0.25,False,True,24,24,0,0,True,True,0.015368051433563235,4,256;8;16;24,vae|CIFAR10|m256|s31337|e300|es1|b1;vae|CIFAR10|m8|s31337|e300|es1|b1;vae|CIFAR10|m16|s31337|e300|es1|b1;vae|CIFAR10|m24|s31337|e300|es1|b1,174.82684922218323,340.50561332702637,515.3324625492096,188.44707375526428,False,0.014977188428243002,0.015247868008083768,False
CIFAR10,42,2.0,Full grid Q,2,0.15,0.25,,False,16,16,0,0,True,True,0.019649237664540613,10,256;8;16;24;32;48;64;96;128;192,vae|CIFAR10|m256|s42|e300|es1|b2;vae|CIFAR10|m8|s42|e300|es1|b2;vae|CIFAR10|m16|s42|e300|es1|b2;vae|CIFAR10|m24|s42|e300|es1|b2;vae|CIFAR10|m32|s42|e300|es1|b2;vae|CIFAR10|m48|s42|e300|es1|b2;vae|CIFAR10|m64|s42|e300|es1|b2;vae|CIFAR10|m96|s42|e300|es1|b2;vae|CIFAR10|m128|s42|e300|es1|b2;vae|CIFAR10|m192|s42|e300|es1|b2,498.3830804824829,0.0,498.3830804824829,498.3830804824829,False,0.018239872296651204,0.01854544406467014,False
CIFAR10,42,2.0,Ascending Q,2,0.15,0.25,,False,16,16,0,0,True,True,0.019649237664540613,3,256;8;16,vae|CIFAR10|m256|s42|e300|es1|b2;vae|CIFAR10|m8|s42|e300|es1|b2;vae|CIFAR10|m16|s42|e300|es1|b2,132.75689387321472,0.0,132.75689387321472,132.75689387321472,False,0.018239872296651204,0.01854544406467014,False
CIFAR10,42,2.0,Legacy window,2,0.15,0.25,False,True,48,16,32,3,False,True,0.019649237664540613,4,256;8;16;48,vae|CIFAR10|m256|s42|e300|es1|b2;vae|CIFAR10|m8|s42|e300|es1|b2;vae|CIFAR10|m16|s42|e300|es1|b2;vae|CIFAR10|m48|s42|e300|es1|b2,169.44025182724,340.50561332702637,509.94586515426636,183.06047636032105,False,0.0177041654586792,0.018005649354722767,False
CIFAR10,42,2.0,ID local,2,0.15,0.25,False,True,16,16,0,0,True,True,0.019649237664540613,3,256;8;16,vae|CIFAR10|m256|s42|e300|es1|b2;vae|CIFAR10|m8|s42|e300|es1|b2;vae|CIFAR10|m16|s42|e300|es1|b2,132.75689387321472,340.50561332702637,473.2625072002411,146.37711840629578,False,0.018239872296651204,0.01854544406467014,False
CIFAR10,42,2.0,Midpoint local,2,0.15,0.25,,False,16,16,0,0,True,True,0.019649237664540613,6,256;48;32;24;16;8,vae|CIFAR10|m256|s42|e300|es1|b2;vae|CIFAR10|m48|s42|e300|es1|b2;vae|CIFAR10|m32|s42|e300|es1|b2;vae|CIFAR10|m24|s42|e300|es1|b2;vae|CIFAR10|m16|s42|e300|es1|b2;vae|CIFAR10|m8|s42|e300|es1|b2,280.86848306655884,0.0,280.86848306655884,280.86848306655884,False,0.018239872296651204,0.01854544406467014,False
CIFAR10,42,2.0,ID certified,2,0.15,0.25,False,True,16,16,0,0,True,True,0.019649237664540613,3,256;8;16,vae|CIFAR10|m256|s42|e300|es1|b2;vae|CIFAR10|m8|s42|e300|es1|b2;vae|CIFAR10|m16|s42|e300|es1|b2,132.75689387321472,340.50561332702637,473.2625072002411,146.37711840629578,False,0.018239872296651204,0.01854544406467014,False
CIFAR10,123,2.0,Full grid Q,2,0.15,0.25,,False,16,16,0,0,True,True,0.019467571258544925,10,256;8;16;24;32;48;64;96;128;192,vae|CIFAR10|m256|s123|e300|es1|b2;vae|CIFAR10|m8|s123|e300|es1|b2;vae|CIFAR10|m16|s123|e300|es1|b2;vae|CIFAR10|m24|s123|e300|es1|b2;vae|CIFAR10|m32|s123|e300|es1|b2;vae|CIFAR10|m48|s123|e300|es1|b2;vae|CIFAR10|m64|s123|e300|es1|b2;vae|CIFAR10|m96|s123|e300|es1|b2;vae|CIFAR10|m128|s123|e300|es1|b2;vae|CIFAR10|m192|s123|e300|es1|b2,532.3994700908661,0.0,532.3994700908661,532.3994700908661,False,0.018371124267578122,0.018696205563015406,False
CIFAR10,123,2.0,Ascending Q,2,0.15,0.25,,False,16,16,0,0,True,True,0.019467571258544925,3,256;8;16,vae|CIFAR10|m256|s123|e300|es1|b2;vae|CIFAR10|m8|s123|e300|es1|b2;vae|CIFAR10|m16|s123|e300|es1|b2,149.53957986831665,0.0,149.53957986831665,149.53957986831665,False,0.018371124267578122,0.018696205563015406,False
CIFAR10,123,2.0,Legacy window,2,0.15,0.25,False,True,48,16,32,3,False,True,0.019467571258544925,4,256;8;16;48,vae|CIFAR10|m256|s123|e300|es1|b2;vae|CIFAR10|m8|s123|e300|es1|b2;vae|CIFAR10|m16|s123|e300|es1|b2;vae|CIFAR10|m48|s123|e300|es1|b2,196.5708339214325,340.50561332702637,537.0764472484589,210.19105845451355,False,0.017532121022542316,0.017783558527628585,False
CIFAR10,123,2.0,ID local,2,0.15,0.25,False,True,16,16,0,0,True,True,0.019467571258544925,3,256;8;16,vae|CIFAR10|m256|s123|e300|es1|b2;vae|CIFAR10|m8|s123|e300|es1|b2;vae|CIFAR10|m16|s123|e300|es1|b2,149.53957986831665,340.50561332702637,490.045193195343,163.1598044013977,False,0.018371124267578122,0.018696205563015406,False
CIFAR10,123,2.0,Midpoint local,2,0.15,0.25,,False,16,16,0,0,True,True,0.019467571258544925,6,256;48;32;24;16;8,vae|CIFAR10|m256|s123|e300|es1|b2;vae|CIFAR10|m48|s123|e300|es1|b2;vae|CIFAR10|m32|s123|e300|es1|b2;vae|CIFAR10|m24|s123|e300|es1|b2;vae|CIFAR10|m16|s123|e300|es1|b2;vae|CIFAR10|m8|s123|e300|es1|b2,286.120493888855,0.0,286.120493888855,286.120493888855,False,0.018371124267578122,0.018696205563015406,False
CIFAR10,123,2.0,ID certified,2,0.15,0.25,False,True,16,16,0,0,True,True,0.019467571258544925,3,256;8;16,vae|CIFAR10|m256|s123|e300|es1|b2;vae|CIFAR10|m8|s123|e300|es1|b2;vae|CIFAR10|m16|s123|e300|es1|b2,149.53957986831665,340.50561332702637,490.045193195343,163.1598044013977,False,0.018371124267578122,0.018696205563015406,False
CIFAR10,777,2.0,Full grid Q,2,0.15,0.25,,False,16,16,0,0,True,True,0.019363713677724208,10,256;8;16;24;32;48;64;96;128;192,vae|CIFAR10|m256|s777|e300|es1|b2;vae|CIFAR10|m8|s777|e300|es1|b2;vae|CIFAR10|m16|s777|e300|es1|b2;vae|CIFAR10|m24|s777|e300|es1|b2;vae|CIFAR10|m32|s777|e300|es1|b2;vae|CIFAR10|m48|s777|e300|es1|b2;vae|CIFAR10|m64|s777|e300|es1|b2;vae|CIFAR10|m96|s777|e300|es1|b2;vae|CIFAR10|m128|s777|e300|es1|b2;vae|CIFAR10|m192|s777|e300|es1|b2,492.9080789089203,0.0,492.9080789089203,492.9080789089203,False,0.018454594294230145,0.01876207245720757,False
CIFAR10,777,2.0,Ascending Q,2,0.15,0.25,,False,16,16,0,0,True,True,0.019363713677724208,3,256;8;16,vae|CIFAR10|m256|s777|e300|es1|b2;vae|CIFAR10|m8|s777|e300|es1|b2;vae|CIFAR10|m16|s777|e300|es1|b2,158.46822595596313,0.0,158.46822595596313,158.46822595596313,False,0.018454594294230145,0.01876207245720757,False
CIFAR10,777,2.0,Legacy window,2,0.15,0.25,False,True,256,16,240,8,False,True,0.019363713677724208,4,256;8;16;48,vae|CIFAR10|m256|s777|e300|es1|b2;vae|CIFAR10|m8|s777|e300|es1|b2;vae|CIFAR10|m16|s777|e300|es1|b2;vae|CIFAR10|m48|s777|e300|es1|b2,199.25412249565125,340.50561332702637,539.7597358226776,212.8743470287323,False,0.01760337607065837,0.01789156786600749,False
CIFAR10,777,2.0,ID local,2,0.15,0.25,False,True,16,16,0,0,True,True,0.019363713677724208,3,256;8;16,vae|CIFAR10|m256|s777|e300|es1|b2;vae|CIFAR10|m8|s777|e300|es1|b2;vae|CIFAR10|m16|s777|e300|es1|b2,158.46822595596313,340.50561332702637,498.9738392829895,172.0884504890442,False,0.018454594294230145,0.01876207245720757,False
CIFAR10,777,2.0,Midpoint local,2,0.15,0.25,,False,16,16,0,0,True,True,0.019363713677724208,6,256;48;32;24;16;8,vae|CIFAR10|m256|s777|e300|es1|b2;vae|CIFAR10|m48|s777|e300|es1|b2;vae|CIFAR10|m32|s777|e300|es1|b2;vae|CIFAR10|m24|s777|e300|es1|b2;vae|CIFAR10|m16|s777|e300|es1|b2;vae|CIFAR10|m8|s777|e300|es1|b2,289.20479822158813,0.0,289.20479822158813,289.20479822158813,False,0.018454594294230145,0.01876207245720757,False
CIFAR10,777,2.0,ID certified,2,0.15,0.25,False,True,16,16,0,0,True,True,0.019363713677724208,3,256;8;16,vae|CIFAR10|m256|s777|e300|es1|b2;vae|CIFAR10|m8|s777|e300|es1|b2;vae|CIFAR10|m16|s777|e300|es1|b2,158.46822595596313,340.50561332702637,498.9738392829895,172.0884504890442,False,0.018454594294230145,0.01876207245720757,False
CIFAR10,2024,2.0,Full grid Q,2,0.15,0.25,,False,16,16,0,0,True,True,0.019392666880289712,10,256;8;16;24;32;48;64;96;128;192,vae|CIFAR10|m256|s2024|e300|es1|b2;vae|CIFAR10|m8|s2024|e300|es1|b2;vae|CIFAR10|m16|s2024|e300|es1|b2;vae|CIFAR10|m24|s2024|e300|es1|b2;vae|CIFAR10|m32|s2024|e300|es1|b2;vae|CIFAR10|m48|s2024|e300|es1|b2;vae|CIFAR10|m64|s2024|e300|es1|b2;vae|CIFAR10|m96|s2024|e300|es1|b2;vae|CIFAR10|m128|s2024|e300|es1|b2;vae|CIFAR10|m192|s2024|e300|es1|b2,510.46059370040894,0.0,510.46059370040894,510.46059370040894,False,0.018295852979024255,0.018633155398898652,False
CIFAR10,2024,2.0,Ascending Q,2,0.15,0.25,,False,16,16,0,0,True,True,0.019392666880289712,3,256;8;16,vae|CIFAR10|m256|s2024|e300|es1|b2;vae|CIFAR10|m8|s2024|e300|es1|b2;vae|CIFAR10|m16|s2024|e300|es1|b2,141.78093695640564,0.0,141.78093695640564,141.78093695640564,False,0.018295852979024255,0.018633155398898652,False
CIFAR10,2024,2.0,Legacy window,2,0.15,0.25,False,True,256,16,240,8,False,True,0.019392666880289712,4,256;8;16;48,vae|CIFAR10|m256|s2024|e300|es1|b2;vae|CIFAR10|m8|s2024|e300|es1|b2;vae|CIFAR10|m16|s2024|e300|es1|b2;vae|CIFAR10|m48|s2024|e300|es1|b2,190.7026686668396,340.50561332702637,531.208281993866,204.32289319992066,False,0.017629697163899737,0.01787359831068251,False
CIFAR10,2024,2.0,ID local,2,0.15,0.25,False,True,16,16,0,0,True,True,0.019392666880289712,3,256;8;16,vae|CIFAR10|m256|s2024|e300|es1|b2;vae|CIFAR10|m8|s2024|e300|es1|b2;vae|CIFAR10|m16|s2024|e300|es1|b2,141.78093695640564,340.50561332702637,482.286550283432,155.4011614894867,False,0.018295852979024255,0.018633155398898652,False
CIFAR10,2024,2.0,Midpoint local,2,0.15,0.25,,False,16,16,0,0,True,True,0.019392666880289712,6,256;48;32;24;16;8,vae|CIFAR10|m256|s2024|e300|es1|b2;vae|CIFAR10|m48|s2024|e300|es1|b2;vae|CIFAR10|m32|s2024|e300|es1|b2;vae|CIFAR10|m24|s2024|e300|es1|b2;vae|CIFAR10|m16|s2024|e300|es1|b2;vae|CIFAR10|m8|s2024|e300|es1|b2,303.1598770618439,0.0,303.1598770618439,303.1598770618439,False,0.018295852979024255,0.018633155398898652,False
CIFAR10,2024,2.0,ID certified,2,0.15,0.25,False,True,16,16,0,0,True,True,0.019392666880289712,3,256;8;16,vae|CIFAR10|m256|s2024|e300|es1|b2;vae|CIFAR10|m8|s2024|e300|es1|b2;vae|CIFAR10|m16|s2024|e300|es1|b2,141.78093695640564,340.50561332702637,482.286550283432,155.4011614894867,False,0.018295852979024255,0.018633155398898652,False
CIFAR10,31337,2.0,Full grid Q,2,0.15,0.25,,False,16,16,0,0,True,True,0.020061897118886313,10,256;8;16;24;32;48;64;96;128;192,vae|CIFAR10|m256|s31337|e300|es1|b2;vae|CIFAR10|m8|s31337|e300|es1|b2;vae|CIFAR10|m16|s31337|e300|es1|b2;vae|CIFAR10|m24|s31337|e300|es1|b2;vae|CIFAR10|m32|s31337|e300|es1|b2;vae|CIFAR10|m48|s31337|e300|es1|b2;vae|CIFAR10|m64|s31337|e300|es1|b2;vae|CIFAR10|m96|s31337|e300|es1|b2;vae|CIFAR10|m128|s31337|e300|es1|b2;vae|CIFAR10|m192|s31337|e300|es1|b2,498.7108428478241,0.0,498.7108428478241,498.7108428478241,False,0.018255422592163086,0.01857117780049642,False
CIFAR10,31337,2.0,Ascending Q,2,0.15,0.25,,False,16,16,0,0,True,True,0.020061897118886313,3,256;8;16,vae|CIFAR10|m256|s31337|e300|es1|b2;vae|CIFAR10|m8|s31337|e300|es1|b2;vae|CIFAR10|m16|s31337|e300|es1|b2,127.79151105880737,0.0,127.79151105880737,127.79151105880737,False,0.018255422592163086,0.01857117780049642,False
CIFAR10,31337,2.0,Legacy window,2,0.15,0.25,False,True,48,16,32,3,False,True,0.020061897118886313,4,256;8;16;48,vae|CIFAR10|m256|s31337|e300|es1|b2;vae|CIFAR10|m8|s31337|e300|es1|b2;vae|CIFAR10|m16|s31337|e300|es1|b2;vae|CIFAR10|m48|s31337|e300|es1|b2,170.00148248672485,340.50561332702637,510.5070958137512,183.6217070198059,False,0.01774790318806966,0.01802895312839084,False
CIFAR10,31337,2.0,ID local,2,0.15,0.25,False,True,16,16,0,0,True,True,0.020061897118886313,3,256;8;16,vae|CIFAR10|m256|s31337|e300|es1|b2;vae|CIFAR10|m8|s31337|e300|es1|b2;vae|CIFAR10|m16|s31337|e300|es1|b2,127.79151105880737,340.50561332702637,468.29712438583374,141.41173559188843,False,0.018255422592163086,0.01857117780049642,False
CIFAR10,31337,2.0,Midpoint local,2,0.15,0.25,,False,16,16,0,0,True,True,0.020061897118886313,6,256;48;32;24;16;8,vae|CIFAR10|m256|s31337|e300|es1|b2;vae|CIFAR10|m48|s31337|e300|es1|b2;vae|CIFAR10|m32|s31337|e300|es1|b2;vae|CIFAR10|m24|s31337|e300|es1|b2;vae|CIFAR10|m16|s31337|e300|es1|b2;vae|CIFAR10|m8|s31337|e300|es1|b2,260.00393891334534,0.0,260.00393891334534,260.00393891334534,False,0.018255422592163086,0.01857117780049642,False
CIFAR10,31337,2.0,ID certified,2,0.15,0.25,False,True,16,16,0,0,True,True,0.020061897118886313,3,256;8;16,vae|CIFAR10|m256|s31337|e300|es1|b2;vae|CIFAR10|m8|s31337|e300|es1|b2;vae|CIFAR10|m16|s31337|e300|es1|b2,127.79151105880737,340.50561332702637,468.29712438583374,141.41173559188843,False,0.018255422592163086,0.01857117780049642,False
CIFAR10,42,4.0,Full grid Q,2,0.15,0.25,,False,8,8,0,0,True,True,0.024714219284057617,10,256;8;16;24;32;48;64;96;128;192,vae|CIFAR10|m256|s42|e300|es1|b4;vae|CIFAR10|m8|s42|e300|es1|b4;vae|CIFAR10|m16|s42|e300|es1|b4;vae|CIFAR10|m24|s42|e300|es1|b4;vae|CIFAR10|m32|s42|e300|es1|b4;vae|CIFAR10|m48|s42|e300|es1|b4;vae|CIFAR10|m64|s42|e300|es1|b4;vae|CIFAR10|m96|s42|e300|es1|b4;vae|CIFAR10|m128|s42|e300|es1|b4;vae|CIFAR10|m192|s42|e300|es1|b4,500.1377968788147,0.0,500.1377968788147,500.1377968788147,False,0.02364984893798828,0.024019171820746525,False
CIFAR10,42,4.0,Ascending Q,2,0.15,0.25,,False,8,8,0,0,True,True,0.024714219284057617,2,256;8,vae|CIFAR10|m256|s42|e300|es1|b4;vae|CIFAR10|m8|s42|e300|es1|b4,109.86117362976074,0.0,109.86117362976074,109.86117362976074,False,0.02364984893798828,0.024019171820746525,False
CIFAR10,42,4.0,Legacy window,2,0.15,0.25,False,True,48,8,40,4,False,True,0.024714219284057617,4,256;8;16;48,vae|CIFAR10|m256|s42|e300|es1|b4;vae|CIFAR10|m8|s42|e300|es1|b4;vae|CIFAR10|m16|s42|e300|es1|b4;vae|CIFAR10|m48|s42|e300|es1|b4,219.6532220840454,340.50561332702637,560.1588354110718,233.27344661712647,False,0.02198976294199626,0.022323357899983725,False
CIFAR10,42,4.0,ID local,2,0.15,0.25,False,True,8,8,0,0,True,True,0.024714219284057617,2,256;8,vae|CIFAR10|m256|s42|e300|es1|b4;vae|CIFAR10|m8|s42|e300|es1|b4,109.86117362976074,340.50561332702637,450.3667869567871,123.4813981628418,False,0.02364984893798828,0.024019171820746525,False
CIFAR10,42,4.0,Midpoint local,2,0.15,0.25,,False,8,8,0,0,True,True,0.024714219284057617,6,256;48;32;24;16;8,vae|CIFAR10|m256|s42|e300|es1|b4;vae|CIFAR10|m48|s42|e300|es1|b4;vae|CIFAR10|m32|s42|e300|es1|b4;vae|CIFAR10|m24|s42|e300|es1|b4;vae|CIFAR10|m16|s42|e300|es1|b4;vae|CIFAR10|m8|s42|e300|es1|b4,302.3589744567871,0.0,302.3589744567871,302.3589744567871,False,0.02364984893798828,0.024019171820746525,False
CIFAR10,42,4.0,ID certified,2,0.15,0.25,False,True,8,8,0,0,True,True,0.024714219284057617,2,256;8,vae|CIFAR10|m256|s42|e300|es1|b4;vae|CIFAR10|m8|s42|e300|es1|b4,109.86117362976074,340.50561332702637,450.3667869567871,123.4813981628418,False,0.02364984893798828,0.024019171820746525,False
CIFAR10,123,4.0,Full grid Q,2,0.15,0.25,,False,8,8,0,0,True,True,0.024501252269744877,10,256;8;16;24;32;48;64;96;128;192,vae|CIFAR10|m256|s123|e300|es1|b4;vae|CIFAR10|m8|s123|e300|es1|b4;vae|CIFAR10|m16|s123|e300|es1|b4;vae|CIFAR10|m24|s123|e300|es1|b4;vae|CIFAR10|m32|s123|e300|es1|b4;vae|CIFAR10|m48|s123|e300|es1|b4;vae|CIFAR10|m64|s123|e300|es1|b4;vae|CIFAR10|m96|s123|e300|es1|b4;vae|CIFAR10|m128|s123|e300|es1|b4;vae|CIFAR10|m192|s123|e300|es1|b4,479.6073043346405,0.0,479.6073043346405,479.6073043346405,False,0.023855222066243492,0.02419240146213108,False
CIFAR10,123,4.0,Ascending Q,2,0.15,0.25,,False,8,8,0,0,True,True,0.024501252269744877,2,256;8,vae|CIFAR10|m256|s123|e300|es1|b4;vae|CIFAR10|m8|s123|e300|es1|b4,114.35517263412476,0.0,114.35517263412476,114.35517263412476,False,0.023855222066243492,0.02419240146213108,False
CIFAR10,123,4.0,Legacy window,2,0.15,0.25,False,True,48,8,40,4,False,True,0.024501252269744877,4,256;8;16;48,vae|CIFAR10|m256|s123|e300|es1|b4;vae|CIFAR10|m8|s123|e300|es1|b4;vae|CIFAR10|m16|s123|e300|es1|b4;vae|CIFAR10|m48|s123|e300|es1|b4,198.0195643901825,340.50561332702637,538.5251777172089,211.63978892326355,False,0.02197986698150635,0.022284746381971567,False
CIFAR10,123,4.0,ID local,2,0.15,0.25,False,True,8,8,0,0,True,True,0.024501252269744877,2,256;8,vae|CIFAR10|m256|s123|e300|es1|b4;vae|CIFAR10|m8|s123|e300|es1|b4,114.35517263412476,340.50561332702637,454.8607859611511,127.97539716720581,False,0.023855222066243492,0.02419240146213108,False
CIFAR10,123,4.0,Midpoint local,2,0.15,0.25,,False,8,8,0,0,True,True,0.024501252269744877,6,256;48;32;24;16;8,vae|CIFAR10|m256|s123|e300|es1|b4;vae|CIFAR10|m48|s123|e300|es1|b4;vae|CIFAR10|m32|s123|e300|es1|b4;vae|CIFAR10|m24|s123|e300|es1|b4;vae|CIFAR10|m16|s123|e300|es1|b4;vae|CIFAR10|m8|s123|e300|es1|b4,273.38734340667725,0.0,273.38734340667725,273.38734340667725,False,0.023855222066243492,0.02419240146213108,False
CIFAR10,123,4.0,ID certified,2,0.15,0.25,False,True,8,8,0,0,True,True,0.024501252269744877,2,256;8,vae|CIFAR10|m256|s123|e300|es1|b4;vae|CIFAR10|m8|s123|e300|es1|b4,114.35517263412476,340.50561332702637,454.8607859611511,127.97539716720581,False,0.023855222066243492,0.02419240146213108,False
CIFAR10,777,4.0,Full grid Q,2,0.15,0.25,,False,8,8,0,0,True,True,0.024386806360880534,10,256;8;16;24;32;48;64;96;128;192,vae|CIFAR10|m256|s777|e300|es1|b4;vae|CIFAR10|m8|s777|e300|es1|b4;vae|CIFAR10|m16|s777|e300|es1|b4;vae|CIFAR10|m24|s777|e300|es1|b4;vae|CIFAR10|m32|s777|e300|es1|b4;vae|CIFAR10|m48|s777|e300|es1|b4;vae|CIFAR10|m64|s777|e300|es1|b4;vae|CIFAR10|m96|s777|e300|es1|b4;vae|CIFAR10|m128|s777|e300|es1|b4;vae|CIFAR10|m192|s777|e300|es1|b4,494.96798062324524,0.0,494.96798062324524,494.96798062324524,False,0.023652725219726563,0.02399538569980197,False
CIFAR10,777,4.0,Ascending Q,2,0.15,0.25,,False,8,8,0,0,True,True,0.024386806360880534,2,256;8,vae|CIFAR10|m256|s777|e300|es1|b4;vae|CIFAR10|m8|s777|e300|es1|b4,98.25721454620361,0.0,98.25721454620361,98.25721454620361,False,0.023652725219726563,0.02399538569980197,False
CIFAR10,777,4.0,Legacy window,2,0.15,0.25,False,True,48,8,40,4,False,True,0.024386806360880534,4,256;8;16;48,vae|CIFAR10|m256|s777|e300|es1|b4;vae|CIFAR10|m8|s777|e300|es1|b4;vae|CIFAR10|m16|s777|e300|es1|b4;vae|CIFAR10|m48|s777|e300|es1|b4,182.97759819030762,340.50561332702637,523.483211517334,196.59782272338867,False,0.022126270929972332,0.022436295827229818,False
CIFAR10,777,4.0,ID local,2,0.15,0.25,False,True,8,8,0,0,True,True,0.024386806360880534,2,256;8,vae|CIFAR10|m256|s777|e300|es1|b4;vae|CIFAR10|m8|s777|e300|es1|b4,98.25721454620361,340.50561332702637,438.76282787323,111.87743907928467,False,0.023652725219726563,0.02399538569980197,False
CIFAR10,777,4.0,Midpoint local,2,0.15,0.25,,False,8,8,0,0,True,True,0.024386806360880534,6,256;48;32;24;16;8,vae|CIFAR10|m256|s777|e300|es1|b4;vae|CIFAR10|m48|s777|e300|es1|b4;vae|CIFAR10|m32|s777|e300|es1|b4;vae|CIFAR10|m24|s777|e300|es1|b4;vae|CIFAR10|m16|s777|e300|es1|b4;vae|CIFAR10|m8|s777|e300|es1|b4,281.83437490463257,0.0,281.83437490463257,281.83437490463257,False,0.023652725219726563,0.02399538569980197,False
CIFAR10,777,4.0,ID certified,2,0.15,0.25,False,True,8,8,0,0,True,True,0.024386806360880534,2,256;8,vae|CIFAR10|m256|s777|e300|es1|b4;vae|CIFAR10|m8|s777|e300|es1|b4,98.25721454620361,340.50561332702637,438.76282787323,111.87743907928467,False,0.023652725219726563,0.02399538569980197,False
CIFAR10,2024,4.0,Full grid Q,2,0.15,0.25,,False,8,8,0,0,True,True,0.02515392058690389,10,256;8;16;24;32;48;64;96;128;192,vae|CIFAR10|m256|s2024|e300|es1|b4;vae|CIFAR10|m8|s2024|e300|es1|b4;vae|CIFAR10|m16|s2024|e300|es1|b4;vae|CIFAR10|m24|s2024|e300|es1|b4;vae|CIFAR10|m32|s2024|e300|es1|b4;vae|CIFAR10|m48|s2024|e300|es1|b4;vae|CIFAR10|m64|s2024|e300|es1|b4;vae|CIFAR10|m96|s2024|e300|es1|b4;vae|CIFAR10|m128|s2024|e300|es1|b4;vae|CIFAR10|m192|s2024|e300|es1|b4,525.510351896286,0.0,525.510351896286,525.510351896286,False,0.023550862630208332,0.023869356155395507,False
CIFAR10,2024,4.0,Ascending Q,2,0.15,0.25,,False,8,8,0,0,True,True,0.02515392058690389,2,256;8,vae|CIFAR10|m256|s2024|e300|es1|b4;vae|CIFAR10|m8|s2024|e300|es1|b4,110.80192375183105,0.0,110.80192375183105,110.80192375183105,False,0.023550862630208332,0.023869356155395507,False
CIFAR10,2024,4.0,Legacy window,2,0.15,0.25,False,True,48,8,40,4,False,True,0.02515392058690389,4,256;8;16;48,vae|CIFAR10|m256|s2024|e300|es1|b4;vae|CIFAR10|m8|s2024|e300|es1|b4;vae|CIFAR10|m16|s2024|e300|es1|b4;vae|CIFAR10|m48|s2024|e300|es1|b4,206.87831449508667,340.50561332702637,547.383927822113,220.49853902816773,False,0.02191062037150065,0.022228098763359915,False
CIFAR10,2024,4.0,ID local,2,0.15,0.25,False,True,8,8,0,0,True,True,0.02515392058690389,2,256;8,vae|CIFAR10|m256|s2024|e300|es1|b4;vae|CIFAR10|m8|s2024|e300|es1|b4,110.80192375183105,340.50561332702637,451.3075370788574,124.42214828491211,False,0.023550862630208332,0.023869356155395507,False
CIFAR10,2024,4.0,Midpoint local,2,0.15,0.25,,False,8,8,0,0,True,True,0.02515392058690389,6,256;48;32;24;16;8,vae|CIFAR10|m256|s2024|e300|es1|b4;vae|CIFAR10|m48|s2024|e300|es1|b4;vae|CIFAR10|m32|s2024|e300|es1|b4;vae|CIFAR10|m24|s2024|e300|es1|b4;vae|CIFAR10|m16|s2024|e300|es1|b4;vae|CIFAR10|m8|s2024|e300|es1|b4,318.4507553577423,0.0,318.4507553577423,318.4507553577423,False,0.023550862630208332,0.023869356155395507,False
CIFAR10,2024,4.0,ID certified,2,0.15,0.25,False,True,8,8,0,0,True,True,0.02515392058690389,2,256;8,vae|CIFAR10|m256|s2024|e300|es1|b4;vae|CIFAR10|m8|s2024|e300|es1|b4,110.80192375183105,340.50561332702637,451.3075370788574,124.42214828491211,False,0.023550862630208332,0.023869356155395507,False
CIFAR10,31337,4.0,Full grid Q,2,0.15,0.25,,False,8,8,0,0,True,True,0.024435559527079268,10,256;8;16;24;32;48;64;96;128;192,vae|CIFAR10|m256|s31337|e300|es1|b4;vae|CIFAR10|m8|s31337|e300|es1|b4;vae|CIFAR10|m16|s31337|e300|es1|b4;vae|CIFAR10|m24|s31337|e300|es1|b4;vae|CIFAR10|m32|s31337|e300|es1|b4;vae|CIFAR10|m48|s31337|e300|es1|b4;vae|CIFAR10|m64|s31337|e300|es1|b4;vae|CIFAR10|m96|s31337|e300|es1|b4;vae|CIFAR10|m128|s31337|e300|es1|b4;vae|CIFAR10|m192|s31337|e300|es1|b4,549.3000745773315,0.0,549.3000745773315,549.3000745773315,False,0.02374441146850586,0.024121893988715275,False
CIFAR10,31337,4.0,Ascending Q,2,0.15,0.25,,False,8,8,0,0,True,True,0.024435559527079268,2,256;8,vae|CIFAR10|m256|s31337|e300|es1|b4;vae|CIFAR10|m8|s31337|e300|es1|b4,114.85573649406433,0.0,114.85573649406433,114.85573649406433,False,0.02374441146850586,0.024121893988715275,False
CIFAR10,31337,4.0,Legacy window,2,0.15,0.25,False,True,16,8,8,1,False,True,0.024435559527079268,4,256;8;16;48,vae|CIFAR10|m256|s31337|e300|es1|b4;vae|CIFAR10|m8|s31337|e300|es1|b4;vae|CIFAR10|m16|s31337|e300|es1|b4;vae|CIFAR10|m48|s31337|e300|es1|b4,213.48222255706787,340.50561332702637,553.9878358840942,227.10244709014893,False,0.02193097972869873,0.022267168256971573,False
CIFAR10,31337,4.0,ID local,2,0.15,0.25,False,True,8,8,0,0,True,True,0.024435559527079268,2,256;8,vae|CIFAR10|m256|s31337|e300|es1|b4;vae|CIFAR10|m8|s31337|e300|es1|b4,114.85573649406433,340.50561332702637,455.3613498210907,128.4759610271454,False,0.02374441146850586,0.024121893988715275,False
CIFAR10,31337,4.0,Midpoint local,2,0.15,0.25,,False,8,8,0,0,True,True,0.024435559527079268,6,256;48;32;24;16;8,vae|CIFAR10|m256|s31337|e300|es1|b4;vae|CIFAR10|m48|s31337|e300|es1|b4;vae|CIFAR10|m32|s31337|e300|es1|b4;vae|CIFAR10|m24|s31337|e300|es1|b4;vae|CIFAR10|m16|s31337|e300|es1|b4;vae|CIFAR10|m8|s31337|e300|es1|b4,308.945876121521,0.0,308.945876121521,308.945876121521,False,0.02374441146850586,0.024121893988715275,False
CIFAR10,31337,4.0,ID certified,2,0.15,0.25,False,True,8,8,0,0,True,True,0.024435559527079268,2,256;8,vae|CIFAR10|m256|s31337|e300|es1|b4;vae|CIFAR10|m8|s31337|e300|es1|b4,114.85573649406433,340.50561332702637,455.3613498210907,128.4759610271454,False,0.02374441146850586,0.024121893988715275,False
